Workbook

Sheet 1. Overview
B2: TR5 — Where does the PV energy go?
B3: Prosumers vs. pure customers — every kWh traced from the raw model inputs
B5: Purpose
B6: This workbook accounts for every kWh of PV generated on transformer TR5 over one representative day, and it is fully auditable: nothing is hand-typed except the raw model outputs. Follow the data chain below — each step is a live formula, so changing any raw number updates everything.
B10: The data chain (how each number is built)
B11: Sheet 3 · Raw PV per load | C11: The PV profile of every connection, 48 half-hours. Copied verbatim from TR5_load_PV_48periods.xlsx (sheet PV_generation_kW). Customers = 0.
B12: Sheet 4 · Raw load per load | C12: The load profile of every connection, 48 half-hours, tagged prosumer / customer. Copied from TR5_load_PV_48periods.xlsx (sheet Load_P_kW).
B13: Sheet 5 · Raw batt charge | C13: Charging power of every battery, 48 half-hours. Copied from the rolling dispatch TR5_analysis_data.xlsx (sheet Charge_kW).
B14: Sheet 6 · Raw batt discharge | C14: Discharging power of every battery. Copied from the same run (Discharge_kW).
B15: Sheet 7 · PV allocation | C15: Per half-hour: the five blue inputs are AGGREGATED from sheets 3–6 by SUM / SUMIF; the amber columns then split the PV by the priority rule.
B16: Sheets 1 & 8 · Results | C16: Daily totals (Σ×0.5 h) and shares. Every headline cell links to sheet 7.
B18: The aggregation formulas (sheet 7, per half-hour)
B19: PV (all)
B20: prosumer load
B21: customer load
B22: battery charge
B23: battery discharge
B25: Headline results (all linked live to sheet 7)
B26: Quantity | C26: Value | D26: Unit
B27: Prosumers (PV + battery) | C27: 214 | D27: connections
B28: Pure customers (load only) | C28: 203 | D28: connections
B29: PV generated | C29: ='7. PV allocation (per period)'!C53 -> 5100.2134 | D29: kWh/day
B30: PV → prosumers' own load (direct) | C30: ='7. PV allocation (per period)'!I53 -> 1049.137 | D30: kWh/day
B31: PV → battery storage | C31: ='7. PV allocation (per period)'!J53 -> 709.867 | D31: kWh/day
B32: PV → customers | C32: ='7. PV allocation (per period)'!K53 -> 725.16655 | D32: kWh/day
B33: PV → export to grid | C33: ='7. PV allocation (per period)'!L53 -> 2616.0428 | D33: kWh/day
B34: PV share reaching customers | C34: ='7. PV allocation (per period)'!K53/'7. PV allocation (per period)'!C53 -> 0.14218357 | D34: % of PV
B35: Customer load covered by PV | C35: ='7. PV allocation (per period)'!K53/'7. PV allocation (per period)'!E53 -> 0.50366927 | D35: % of customer load
B36: Customer load covered by grid | C36: ='7. PV allocation (per period)'!M53/'7. PV allocation (per period)'!E53 -> 0.49633073 | D36: % of customer load
B39: Colour key & provenance
B40: • LIGHT-BLUE cell = data belonging to a prosumer (its rooftop PV, load, or battery). WHITE = a pure customer (load only). On sheet 7: VIOLET = value aggregated live from the raw sheets (SUM/SUMIF); AMBER = allocation formula; GREEN = daily total (Σ × 0.5 h).
B41: • Per-load PV & load profiles: results/tables/TR5_load_PV_48periods.xlsx (built from OpData.xls).
B42: • Per-battery charge/discharge: TR5_analysis/01_DAILY_ROLLING_DISPATCH/TR5_analysis_data.xlsx (exact-QCP rolling dispatch, RunFOR_Rolling, CPLEX).
B43: • Load classification (PV size > 0 = prosumer): sheet 'Customers' of the load/PV workbook.
B44: • Method note: priority energy allocation per half-hour; downstream network + battery round-trip losses (~3–4% of PV) are not separated out in the per-period disposition.

Sheet 2. Load classification
A1: TR5 load classification — 417 connections
A2: 214 prosumers (PV + battery) · 203 pure customers (load only)
A4: ID | B4: Load name | C4: Bus | D4: Phase | E4: PV size (kW) | F4: Type
A5: 459 | B5: Load_TR5_F1_11 | C5: TR5_one223 | D5: 2 | E5: 0 | F5: customer
A6: 460 | B6: Load_TR5_F1_11_dup | C6: TR5_one223_dup | D6: 2 | E6: 0 | F6: customer
A7: 463 | B7: Load_TR5_F1_13 | C7: TR5_one242 | D7: 2 | E7: 0 | F7: customer
A8: 467 | B8: Load_TR5_F1_15 | C8: TR5_one260 | D8: 3 | E8: 0 | F8: customer
A9: 470 | B9: Load_TR5_F1_16_dup | C9: TR5_one280_dup | D9: 1 | E9: 0 | F9: customer
A10: 472 | B10: Load_TR5_F1_17_dup | C10: TR5_one287_dup | D10: 2 | E10: 0 | F10: customer
A11: 456 | B11: Load_TR5_F1_1_dup | C11: TR5_one38_dup | D11: 2 | E11: 0 | F11: customer
A12: 480 | B12: Load_TR5_F1_20_dup | C12: TR5_one320_dup | D12: 2 | E12: 0 | F12: customer
A13: 482 | B13: Load_TR5_F1_21_dup | C13: TR5_one321_dup | D13: 3 | E13: 0 | F13: customer
A14: 484 | B14: Load_TR5_F1_22_dup | C14: TR5_one328_dup | D14: 1 | E14: 0 | F14: customer
A15: 485 | B15: Load_TR5_F1_23 | C15: TR5_one345 | D15: 1 | E15: 0 | F15: customer
A16: 488 | B16: Load_TR5_F1_24_dup | C16: TR5_one346_dup | D16: 3 | E16: 0 | F16: customer
... A421: 867 | B421: Load_TR5_F6_80 | C421: TR5_six1006 | D421: 3 | E421: 3 | F421: prosumer

Sheet 3. Raw PV per load
A1: Raw PV per load
A2: Verbatim copy of PV_generation_kW (TR5_load_PV_48periods.xlsx). One row per connection, 48 half-hours (kW).
A4: Load name | B4: Type | C4: p1 | D4: p2 | E4: p3 | F4: p4 | G4: p5 | H4: p6 | I4: p7 | J4: p8 | K4: p9 | L4: p10 | M4: p11 | N4: p12 | O4: p13 | P4: p14 | Q4: p15 | R4: p16 | S4: p17 | T4: p18 | U4: p19 | V4: p20 | W4: p21 | X4: p22 | Y4: p23 | Z4: p24 | AA4: p25 | AB4: p26 | AC4: p27 | AD4: p28 | AE4: p29 | AF4: p30 | AG4: p31 | AH4: p32 | AI4: p33 | AJ4: p34 | AK4: p35 | AL4: p36 | AM4: p37 | AN4: p38 | AO4: p39 | AP4: p40 | AQ4: p41 | AR4: p42 | AS4: p43 | AT4: p44 | AU4: p45 | AV4: p46 | AW4: p47 | AX4: p48
A5: Load_TR5_F1_1 | B5: prosumer | C5: 0 | D5: 0 | E5: 0 | F5: 0 | G5: 0 | H5: 0 | I5: 0 | J5: 0.0022 | K5: 0.0311 | L5: 0.1454 | M5: 0.2883 | N5: 0.4637 | O5: 0.6549 | P5: 0.8486 | Q5: 1.0412 | R5: 1.2341 | S5: 1.4152 | T5: 1.5854 | U5: 1.7304 | V5: 1.854 | W5: 1.9625 | X5: 2.0521 | Y5: 2.1156 | Z5: 2.1435 | AA5: 2.1516 | AB5: 2.1365 | AC5: 2.0857 | AD5: 2.0083 | AE5: 1.9159 | AF5: 1.7989 | AG5: 1.6745 | AH5: 1.5247 | AI5: 1.3561 | AJ5: 1.1525 | AK5: 0.962 | AL5: 0.7662 | AM5: 0.5768 | AN5: 0.3942 | AO5: 0.2302 | AP5: 0.067 | AQ5: 0.0124 | AR5: 0 | AS5: 0 | AT5: 0 | AU5: 0 | AV5: 0 | AW5: 0 | AX5: 0
A6: Load_TR5_F1_10 | B6: prosumer | C6: 0 | D6: 0 | E6: 0 | F6: 0 | G6: 0 | H6: 0 | I6: 0 | J6: 0.0034 | K6: 0.0497 | L6: 0.2326 | M6: 0.4613 | N6: 0.7419 | O6: 1.0479 | P6: 1.3577 | Q6: 1.666 | R6: 1.9746 | S6: 2.2643 | T6: 2.5367 | U6: 2.7686 | V6: 2.9664 | W6: 3.14 | X6: 3.2833 | Y6: 3.385 | Z6: 3.4296 | AA6: 3.4425 | AB6: 3.4183 | AC6: 3.3372 | AD6: 3.2133 | AE6: 3.0655 | AF6: 2.8782 | AG6: 2.6791 | AH6: 2.4396 | AI6: 2.1698 | AJ6: 1.8441 | AK6: 1.5392 | AL6: 1.2259 | AM6: 0.9229 | AN6: 0.6308 | AO6: 0.3683 | AP6: 0.1072 | AQ6: 0.0198 | AR6: 0 | AS6: 0 | AT6: 0 | AU6: 0 | AV6: 0 | AW6: 0 | AX6: 0
A7: Load_TR5_F1_10_dup | B7: prosumer | C7: 0 | D7: 0 | E7: 0 | F7: 0 | G7: 0 | H7: 0 | I7: 0 | J7: 0.0034 | K7: 0.0497 | L7: 0.2326 | M7: 0.4613 | N7: 0.7419 | O7: 1.0479 | P7: 1.3577 | Q7: 1.666 | R7: 1.9746 | S7: 2.2643 | T7: 2.5367 | U7: 2.7686 | V7: 2.9664 | W7: 3.14 | X7: 3.2833 | Y7: 3.385 | Z7: 3.4296 | AA7: 3.4425 | AB7: 3.4183 | AC7: 3.3372 | AD7: 3.2133 | AE7: 3.0655 | AF7: 2.8782 | AG7: 2.6791 | AH7: 2.4396 | AI7: 2.1698 | AJ7: 1.8441 | AK7: 1.5392 | AL7: 1.2259 | AM7: 0.9229 | AN7: 0.6308 | AO7: 0.3683 | AP7: 0.1072 | AQ7: 0.0198 | AR7: 0 | AS7: 0 | AT7: 0 | AU7: 0 | AV7: 0 | AW7: 0 | AX7: 0
A8: Load_TR5_F1_11 | B8: customer | C8: 0 | D8: 0 | E8: 0 | F8: 0 | G8: 0 | H8: 0 | I8: 0 | J8: 0 | K8: 0 | L8: 0 | M8: 0 | N8: 0 | O8: 0 | P8: 0 | Q8: 0 | R8: 0 | S8: 0 | T8: 0 | U8: 0 | V8: 0 | W8: 0 | X8: 0 | Y8: 0 | Z8: 0 | AA8: 0 | AB8: 0 | AC8: 0 | AD8: 0 | AE8: 0 | AF8: 0 | AG8: 0 | AH8: 0 | AI8: 0 | AJ8: 0 | AK8: 0 | AL8: 0 | AM8: 0 | AN8: 0 | AO8: 0 | AP8: 0 | AQ8: 0 | AR8: 0 | AS8: 0 | AT8: 0 | AU8: 0 | AV8: 0 | AW8: 0 | AX8: 0
A9: Load_TR5_F1_11_dup | B9: customer | C9: 0 | D9: 0 | E9: 0 | F9: 0 | G9: 0 | H9: 0 | I9: 0 | J9: 0 | K9: 0 | L9: 0 | M9: 0 | N9: 0 | O9: 0 | P9: 0 | Q9: 0 | R9: 0 | S9: 0 | T9: 0 | U9: 0 | V9: 0 | W9: 0 | X9: 0 | Y9: 0 | Z9: 0 | AA9: 0 | AB9: 0 | AC9: 0 | AD9: 0 | AE9: 0 | AF9: 0 | AG9: 0 | AH9: 0 | AI9: 0 | AJ9: 0 | AK9: 0 | AL9: 0 | AM9: 0 | AN9: 0 | AO9: 0 | AP9: 0 | AQ9: 0 | AR9: 0 | AS9: 0 | AT9: 0 | AU9: 0 | AV9: 0 | AW9: 0 | AX9: 0
A10: Load_TR5_F1_12 | B10: prosumer | C10: 0 | D10: 0 | E10: 0 | F10: 0 | G10: 0 | H10: 0 | I10: 0 | J10: 0.0022 | K10: 0.0311 | L10: 0.1454 | M10: 0.2883 | N10: 0.4637 | O10: 0.6549 | P10: 0.8486 | Q10: 1.0412 | R10: 1.2341 | S10: 1.4152 | T10: 1.5854 | U10: 1.7304 | V10: 1.854 | W10: 1.9625 | X10: 2.0521 | Y10: 2.1156 | Z10: 2.1435 | AA10: 2.1516 | AB10: 2.1365 | AC10: 2.0857 | AD10: 2.0083 | AE10: 1.9159 | AF10: 1.7989 | AG10: 1.6745 | AH10: 1.5247 | AI10: 1.3561 | AJ10: 1.1525 | AK10: 0.962 | AL10: 0.7662 | AM10: 0.5768 | AN10: 0.3942 | AO10: 0.2302 | AP10: 0.067 | AQ10: 0.0124 | AR10: 0 | AS10: 0 | AT10: 0 | AU10: 0 | AV10: 0 | AW10: 0 | AX10: 0
A11: Load_TR5_F1_12_dup | B11: prosumer | C11: 0 | D11: 0 | E11: 0 | F11: 0 | G11: 0 | H11: 0 | I11: 0 | J11: 0.0017 | K11: 0.0249 | L11: 0.1163 | M11: 0.2307 | N11: 0.3709 | O11: 0.524 | P11: 0.6789 | Q11: 0.833 | R11: 0.9873 | S11: 1.1322 | T11: 1.2683 | U11: 1.3843 | V11: 1.4832 | W11: 1.57 | X11: 1.6417 | Y11: 1.6925 | Z11: 1.7148 | AA11: 1.7212 | AB11: 1.7092 | AC11: 1.6686 | AD11: 1.6067 | AE11: 1.5328 | AF11: 1.4391 | AG11: 1.3396 | AH11: 1.2198 | AI11: 1.0849 | AJ11: 0.922 | AK11: 0.7696 | AL11: 0.613 | AM11: 0.4615 | AN11: 0.3154 | AO11: 0.1842 | AP11: 0.0536 | AQ11: 0.0099 | AR11: 0 | AS11: 0 | AT11: 0 | AU11: 0 | AV11: 0 | AW11: 0 | AX11: 0
A12: Load_TR5_F1_13 | B12: customer | C12: 0 | D12: 0 | E12: 0 | F12: 0 | G12: 0 | H12: 0 | I12: 0 | J12: 0 | K12: 0 | L12: 0 | M12: 0 | N12: 0 | O12: 0 | P12: 0 | Q12: 0 | R12: 0 | S12: 0 | T12: 0 | U12: 0 | V12: 0 | W12: 0 | X12: 0 | Y12: 0 | Z12: 0 | AA12: 0 | AB12: 0 | AC12: 0 | AD12: 0 | AE12: 0 | AF12: 0 | AG12: 0 | AH12: 0 | AI12: 0 | AJ12: 0 | AK12: 0 | AL12: 0 | AM12: 0 | AN12: 0 | AO12: 0 | AP12: 0 | AQ12: 0 | AR12: 0 | AS12: 0 | AT12: 0 | AU12: 0 | AV12: 0 | AW12: 0 | AX12: 0
A13: Load_TR5_F1_13_dup | B13: prosumer | C13: 0 | D13: 0 | E13: 0 | F13: 0 | G13: 0 | H13: 0 | I13: 0 | J13: 0.0013 | K13: 0.0187 | L13: 0.0872 | M13: 0.173 | N13: 0.2782 | O13: 0.393 | P13: 0.5092 | Q13: 0.6247 | R13: 0.7405 | S13: 0.8491 | T13: 0.9512 | U13: 1.0382 | V13: 1.1124 | W13: 1.1775 | X13: 1.2312 | Y13: 1.2694 | Z13: 1.2861 | AA13: 1.2909 | AB13: 1.2819 | AC13: 1.2514 | AD13: 1.205 | AE13: 1.1496 | AF13: 1.0793 | AG13: 1.0047 | AH13: 0.9148 | AI13: 0.8137 | AJ13: 0.6915 | AK13: 0.5772 | AL13: 0.4597 | AM13: 0.3461 | AN13: 0.2365 | AO13: 0.1381 | AP13: 0.0402 | AQ13: 0.0074 | AR13: 0 | AS13: 0 | AT13: 0 | AU13: 0 | AV13: 0 | AW13: 0 | AX13: 0
A14: Load_TR5_F1_14 | B14: prosumer | C14: 0 | D14: 0 | E14: 0 | F14: 0 | G14: 0 | H14: 0 | I14: 0 | J14: 0.0026 | K14: 0.0373 | L14: 0.1744 | M14: 0.346 | N14: 0.5564 | O14: 0.7859 | P14: 1.0183 | Q14: 1.2495 | R14: 1.481 | S14: 1.6982 | T14: 1.9025 | U14: 2.0764 | V14: 2.2248 | W14: 2.355 | X14: 2.4625 | Y14: 2.5387 | Z14: 2.5722 | AA14: 2.5819 | AB14: 2.5637 | AC14: 2.5029 | AD14: 2.41 | AE14: 2.2991 | AF14: 2.1586 | AG14: 2.0093 | AH14: 1.8297 | AI14: 1.6274 | AJ14: 1.3831 | AK14: 1.1544 | AL14: 0.9195 | AM14: 0.6922 | AN14: 0.4731 | AO14: 0.2762 | AP14: 0.0804 | AQ14: 0.0148 | AR14: 0 | AS14: 0 | AT14: 0 | AU14: 0 | AV14: 0 | AW14: 0 | AX14: 0
A15: Load_TR5_F1_14_dup | B15: prosumer | C15: 0 | D15: 0 | E15: 0 | F15: 0 | G15: 0 | H15: 0 | I15: 0 | J15: 0.0017 | K15: 0.0249 | L15: 0.1163 | M15: 0.2307 | N15: 0.3709 | O15: 0.524 | P15: 0.6789 | Q15: 0.833 | R15: 0.9873 | S15: 1.1322 | T15: 1.2683 | U15: 1.3843 | V15: 1.4832 | W15: 1.57 | X15: 1.6417 | Y15: 1.6925 | Z15: 1.7148 | AA15: 1.7212 | AB15: 1.7092 | AC15: 1.6686 | AD15: 1.6067 | AE15: 1.5328 | AF15: 1.4391 | AG15: 1.3396 | AH15: 1.2198 | AI15: 1.0849 | AJ15: 0.922 | AK15: 0.7696 | AL15: 0.613 | AM15: 0.4615 | AN15: 0.3154 | AO15: 0.1842 | AP15: 0.0536 | AQ15: 0.0099 | AR15: 0 | AS15: 0 | AT15: 0 | AU15: 0 | AV15: 0 | AW15: 0 | AX15: 0
A16: Load_TR5_F1_15 | B16: customer | C16: 0 | D16: 0 | E16: 0 | F16: 0 | G16: 0 | H16: 0 | I16: 0 | J16: 0 | K16: 0 | L16: 0 | M16: 0 | N16: 0 | O16: 0 | P16: 0 | Q16: 0 | R16: 0 | S16: 0 | T16: 0 | U16: 0 | V16: 0 | W16: 0 | X16: 0 | Y16: 0 | Z16: 0 | AA16: 0 | AB16: 0 | AC16: 0 | AD16: 0 | AE16: 0 | AF16: 0 | AG16: 0 | AH16: 0 | AI16: 0 | AJ16: 0 | AK16: 0 | AL16: 0 | AM16: 0 | AN16: 0 | AO16: 0 | AP16: 0 | AQ16: 0 | AR16: 0 | AS16: 0 | AT16: 0 | AU16: 0 | AV16: 0 | AW16: 0 | AX16: 0
... A421: Load_TR5_F6_9 | B421: customer | C421: 0 | D421: 0 | E421: 0 | F421: 0 | G421: 0 | H421: 0 | I421: 0 | J421: 0 | K421: 0 | L421: 0 | M421: 0 | N421: 0 | O421: 0 | P421: 0 | Q421: 0 | R421: 0 | S421: 0 | T421: 0 | U421: 0 | V421: 0 | W421: 0 | X421: 0 | Y421: 0 | Z421: 0 | AA421: 0 | AB421: 0 | AC421: 0 | AD421: 0 | AE421: 0 | AF421: 0 | AG421: 0 | AH421: 0 | AI421: 0 | AJ421: 0 | AK421: 0 | AL421: 0 | AM421: 0 | AN421: 0 | AO421: 0 | AP421: 0 | AQ421: 0 | AR421: 0 | AS421: 0 | AT421: 0 | AU421: 0 | AV421: 0 | AW421: 0 | AX421: 0

Sheet 4. Raw load per load
A1: Raw load per load
A2: Verbatim copy of Load_P_kW (TR5_load_PV_48periods.xlsx), tagged by type. One row per connection, 48 half-hours (kW).
A4: Load name | B4: Type | C4: p1 | D4: p2 | E4: p3 | F4: p4 | G4: p5 | H4: p6 | I4: p7 | J4: p8 | K4: p9 | L4: p10 | M4: p11 | N4: p12 | O4: p13 | P4: p14 | Q4: p15 | R4: p16 | S4: p17 | T4: p18 | U4: p19 | V4: p20 | W4: p21 | X4: p22 | Y4: p23 | Z4: p24 | AA4: p25 | AB4: p26 | AC4: p27 | AD4: p28 | AE4: p29 | AF4: p30 | AG4: p31 | AH4: p32 | AI4: p33 | AJ4: p34 | AK4: p35 | AL4: p36 | AM4: p37 | AN4: p38 | AO4: p39 | AP4: p40 | AQ4: p41 | AR4: p42 | AS4: p43 | AT4: p44 | AU4: p45 | AV4: p46 | AW4: p47 | AX4: p48
A5: Load_TR5_F1_1 | B5: prosumer | C5: 0.2355 | D5: 0.052 | E5: 0.1604 | F5: 0.1271 | G5: 0.052 | H5: 0.0937 | I5: 0.1938 | J5: 0.052 | K5: 0.052 | L5: 0.2355 | M5: 0.052 | N5: 0.052 | O5: 0.2272 | P5: 0.0603 | Q5: 0.245 | R5: 1.0888 | S5: 0.226 | T5: 0.3653 | U5: 0.3936 | V5: 0.2921 | W5: 0.473 | X5: 0.434 | Y5: 0.2129 | Z5: 0.6047 | AA5: 0.2452 | AB5: 2.0194 | AC5: 0.5818 | AD5: 0.4188 | AE5: 0.3091 | AF5: 0.1 | AG5: 0.3997 | AH5: 0.1665 | AI5: 0.9459 | AJ5: 2.1714 | AK5: 1.8219 | AL5: 0.2806 | AM5: 0.3835 | AN5: 0.5267 | AO5: 0.561 | AP5: 0.3291 | AQ5: 0.0806 | AR5: 0.1354 | AS5: 0.1521 | AT5: 0.052 | AU5: 0.3605 | AV5: 0.5645 | AW5: 0.6776 | AX5: 0.6844
A6: Load_TR5_F1_10 | B6: prosumer | C6: 0.758 | D6: 0.6276 | E6: 0.7769 | F6: 0.2312 | G6: 0.2664 | H6: 0.1746 | I6: 0.1344 | J6: 0.2158 | K6: 0.1482 | L6: 0.2665 | M6: 0.0707 | N6: 0.1503 | O6: 0.1745 | P6: 0.1606 | Q6: 0.2358 | R6: 0.1997 | S6: 0.0908 | T6: 0.1713 | U6: 1.6537 | V6: 0.3993 | W6: 0.2852 | X6: 0.2294 | Y6: 0.4271 | Z6: 0.3119 | AA6: 1.5015 | AB6: 0.266 | AC6: 1.319 | AD6: 0.4272 | AE6: 0.1881 | AF6: 0.2232 | AG6: 0.2116 | AH6: 0.103 | AI6: 0.1951 | AJ6: 0.235 | AK6: 0.1281 | AL6: 0.1745 | AM6: 0.2287 | AN6: 0.355 | AO6: 0.2729 | AP6: 0.474 | AQ6: 0.2731 | AR6: 0.3914 | AS6: 0.1678 | AT6: 0.052 | AU6: 0.6142 | AV6: 0.1519 | AW6: 0.1658 | AX6: 0.2155
A7: Load_TR5_F1_10_dup | B7: prosumer | C7: 0.1706 | D7: 0.1882 | E7: 0.1154 | F7: 0.1154 | G7: 0.1759 | H7: 0.048 | I7: 0.3108 | J7: 0.048 | K7: 0.048 | L7: 0.3108 | M7: 0.048 | N7: 0.1631 | O7: 0.1956 | P7: 0.048 | Q7: 0.048 | R7: 0.048 | S7: 0.1399 | T7: 0.0909 | U7: 1.7715 | V7: 0.7763 | W7: 0.1759 | X7: 0.1461 | Y7: 0.1551 | Z7: 1.0046 | AA7: 0.7356 | AB7: 1.2214 | AC7: 0.1972 | AD7: 0.5909 | AE7: 1.2306 | AF7: 0.4185 | AG7: 0.2622 | AH7: 0.3783 | AI7: 0.1215 | AJ7: 0.048 | AK7: 0.1706 | AL7: 0.1882 | AM7: 0.1928 | AN7: 0.5361 | AO7: 0.3973 | AP7: 0.4698 | AQ7: 0.4529 | AR7: 0.5694 | AS7: 0.1338 | AT7: 0.2249 | AU7: 0.048 | AV7: 0.1828 | AW7: 0.0672 | AX7: 0.2425
A8: Load_TR5_F1_11 | B8: customer | C8: 0.051 | D8: 0.051 | E8: 0.051 | F8: 0.051 | G8: 0.051 | H8: 0.0641 | I8: 0.2546 | J8: 0.294 | K8: 0.051 | L8: 0.051 | M8: 0.051 | N8: 0.051 | O8: 0.051 | P8: 0.051 | Q8: 0.051 | R8: 0.0561 | S8: 0.0649 | T8: 0.0598 | U8: 0.1873 | V8: 0.2812 | W8: 0.2812 | X8: 0.4227 | Y8: 0.2999 | Z8: 0.3755 | AA8: 0.3572 | AB8: 1.0994 | AC8: 0.3182 | AD8: 0.4934 | AE8: 0.311 | AF8: 0.1325 | AG8: 0.325 | AH8: 0.0544 | AI8: 0.0649 | AJ8: 0.0635 | AK8: 1.2496 | AL8: 1.2152 | AM8: 2.6869 | AN8: 2.8111 | AO8: 0.5266 | AP8: 0.3656 | AQ8: 0.4151 | AR8: 0.051 | AS8: 0.2036 | AT8: 0.3702 | AU8: 0.051 | AV8: 0.051 | AW8: 0.051 | AX8: 0.051
A9: Load_TR5_F1_11_dup | B9: customer | C9: 0.1972 | D9: 0.051 | E9: 0.0975 | F9: 0.1507 | G9: 0.051 | H9: 0.051 | I9: 0.1972 | J9: 0.051 | K9: 0.1706 | L9: 0.0776 | M9: 0.0709 | N9: 0.1773 | O9: 0.051 | P9: 0.1174 | Q9: 0.1307 | R9: 1.4152 | S9: 0.8483 | T9: 0.2132 | U9: 0.0831 | V9: 1.8108 | W9: 0.0644 | X9: 1.1724 | Y9: 0.4082 | Z9: 0.2748 | AA9: 0.2748 | AB9: 0.2515 | AC9: 0.0842 | AD9: 0.1108 | AE9: 0.1374 | AF9: 0.715 | AG9: 0.9264 | AH9: 0.2347 | AI9: 1.4662 | AJ9: 0.9256 | AK9: 0.2762 | AL9: 0.5929 | AM9: 0.9281 | AN9: 2.2632 | AO9: 0.9636 | AP9: 0.815 | AQ9: 0.3145 | AR9: 1.2264 | AS9: 0.7165 | AT9: 0.5151 | AU9: 0.2296 | AV9: 0.1212 | AW9: 0.1144 | AX9: 0.1507
A10: Load_TR5_F1_12 | B10: prosumer | C10: 0.2899 | D10: 0.0602 | E10: 0.3614 | F10: 0.039 | G10: 0.1025 | H10: 0.2661 | I10: 0.092 | J10: 0.289 | K10: 0.1326 | L10: 0.088 | M10: 0.0989 | N10: 0.2737 | O10: 0.039 | P10: 0.0836 | Q10: 0.2585 | R10: 0.1185 | S10: 0.4194 | T10: 0.2456 | U10: 0.7224 | V10: 0.5236 | W10: 0.2177 | X10: 0.3442 | Y10: 0.4102 | Z10: 1.2541 | AA10: 0.8142 | AB10: 0.606 | AC10: 0.3093 | AD10: 0.5979 | AE10: 0.2799 | AF10: 0.4289 | AG10: 0.2918 | AH10: 0.1169 | AI10: 0.5903 | AJ10: 0.2261 | AK10: 0.5713 | AL10: 0.9097 | AM10: 0.1434 | AN10: 0.3561 | AO10: 0.3366 | AP10: 0.4829 | AQ10: 0.4011 | AR10: 0.4444 | AS10: 0.6638 | AT10: 0.4451 | AU10: 0.3604 | AV10: 0.2301 | AW10: 0.1863 | AX10: 0.1364
A11: Load_TR5_F1_12_dup | B11: prosumer | C11: 0.122 | D11: 0.048 | E11: 0.122 | F11: 0.048 | G11: 0.048 | H11: 0.0768 | I11: 0.0932 | J11: 0.048 | K11: 0.122 | L11: 0.048 | M11: 0.048 | N11: 0.048 | O11: 0.048 | P11: 0.048 | Q11: 0.316 | R11: 0.225 | S11: 0.0764 | T11: 0.5118 | U11: 1.306 | V11: 0.3729 | W11: 1.1359 | X11: 0.1101 | Y11: 0.0691 | Z11: 0.1708 | AA11: 0.7349 | AB11: 0.5906 | AC11: 0.2529 | AD11: 0.1075 | AE11: 0.3266 | AF11: 0.1116 | AG11: 0.1028 | AH11: 0.1211 | AI11: 0.5659 | AJ11: 1.3082 | AK11: 0.9414 | AL11: 1.8842 | AM11: 0.9342 | AN11: 1.1448 | AO11: 0.5917 | AP11: 0.5434 | AQ11: 0.58 | AR11: 0.5728 | AS11: 1.1421 | AT11: 0.7017 | AU11: 0.5034 | AV11: 0.4419 | AW11: 0.3884 | AX11: 0.1056
A12: Load_TR5_F1_13 | B12: customer | C12: 0.044 | D12: 0.183 | E12: 0.0749 | F12: 0.044 | G12: 0.1135 | H12: 0.1444 | I12: 0.0594 | J12: 0.1985 | K12: 0.044 | L12: 0.0517 | M12: 0.2062 | N12: 0.044 | O12: 0.044 | P12: 0.2139 | Q12: 0.044 | R12: 0.1095 | S12: 0.1768 | T12: 0.0826 | U12: 0.05 | V12: 0.1847 | W12: 0.0749 | X12: 0.044 | Y12: 0.0517 | Z12: 0.2062 | AA12: 0.044 | AB12: 0.1907 | AC12: 0.1572 | AD12: 0.1404 | AE12: 0.2636 | AF12: 0.1979 | AG12: 0.1494 | AH12: 0.2795 | AI12: 0.044 | AJ12: 0.2139 | AK12: 0.0778 | AL12: 0.2509 | AM12: 0.4005 | AN12: 0.044 | AO12: 0.2279 | AP12: 0.1478 | AQ12: 0.4657 | AR12: 0.4239 | AS12: 0.2572 | AT12: 0.512 | AU12: 0.3218 | AV12: 0.4828 | AW12: 0.044 | AX12: 0.044
A13: Load_TR5_F1_13_dup | B13: prosumer | C13: 0.3803 | D13: 0.037 | E13: 0.037 | F13: 0.037 | G13: 0.037 | H13: 0.037 | I13: 0.037 | J13: 0.037 | K13: 0.037 | L13: 0.037 | M13: 0.037 | N13: 0.037 | O13: 0.037 | P13: 0.037 | Q13: 0.037 | R13: 0.037 | S13: 0.037 | T13: 0.5405 | U13: 2.1166 | V13: 0.1561 | W13: 0.1397 | X13: 0.1464 | Y13: 0.1316 | Z13: 0.1404 | AA13: 0.127 | AB13: 0.097 | AC13: 0.051 | AD13: 0.2688 | AE13: 0.0852 | AF13: 0.2907 | AG13: 0.272 | AH13: 0.0888 | AI13: 0.09 | AJ13: 0.0577 | AK13: 0.161 | AL13: 0.1341 | AM13: 0.0767 | AN13: 0.1529 | AO13: 0.1429 | AP13: 0.2573 | AQ13: 0.547 | AR13: 0.3214 | AS13: 0.3497 | AT13: 0.4519 | AU13: 0.5201 | AV13: 0.5684 | AW13: 0.6572 | AX13: 0.7238
A14: Load_TR5_F1_14 | B14: prosumer | C14: 0.056 | D14: 0.2911 | E14: 0.056 | F14: 0.056 | G14: 0.1711 | H14: 0.0899 | I14: 0.1421 | J14: 0.056 | K14: 0.2289 | L14: 0.1182 | M14: 0.1373 | N14: 0.2098 | O14: 0.056 | P14: 0.1421 | Q14: 0.1237 | R14: 0.4634 | S14: 1.0527 | T14: 1.3246 | U14: 0.207 | V14: 0.1381 | W14: 0.3002 | X14: 0.1881 | Y14: 0.1465 | Z14: 0.2209 | AA14: 0.1485 | AB14: 0.1196 | AC14: 1.5255 | AD14: 0.056 | AE14: 0.1628 | AF14: 0.6044 | AG14: 0.3416 | AH14: 0.298 | AI14: 0.702 | AJ14: 0.5982 | AK14: 0.8035 | AL14: 1.0931 | AM14: 0.056 | AN14: 0.2911 | AO14: 0.9082 | AP14: 0.5387 | AQ14: 0.8105 | AR14: 0.5564 | AS14: 0.8802 | AT14: 0.7122 | AU14: 0.9926 | AV14: 0.8564 | AW14: 1.1063 | AX14: 1.2063
A15: Load_TR5_F1_14_dup | B15: prosumer | C15: 0.1622 | D15: 0.1946 | E15: 0.056 | F15: 0.2618 | G15: 0.095 | H15: 0.1524 | I15: 0.2044 | J15: 0.0863 | K15: 0.2488 | L15: 0.0776 | M15: 0.1394 | N15: 0.2174 | O15: 0.056 | P15: 0.056 | Q15: 0.4011 | R15: 0.0788 | S15: 0.1167 | T15: 0.6113 | U15: 0.105 | V15: 0.5137 | W15: 0.2682 | X15: 0.2322 | Y15: 0.3002 | Z15: 0.3331 | AA15: 0.2001 | AB15: 0.056 | AC15: 0.0776 | AD15: 0.1123 | AE15: 0.2532 | AF15: 0.1036 | AG15: 0.1383 | AH15: 0.2185 | AI15: 0.0776 | AJ15: 0.1123 | AK15: 0.2001 | AL15: 0.2588 | AM15: 0.8421 | AN15: 0.6877 | AO15: 0.5445 | AP15: 0.6727 | AQ15: 1.1172 | AR15: 0.9799 | AS15: 0.1774 | AT15: 0.1795 | AU15: 0.0788 | AV15: 0.2521 | AW15: 0.082 | AX15: 0.2466
A16: Load_TR5_F1_15 | B16: customer | C16: 0.0638 | D16: 0.1059 | E16: 0.047 | F16: 0.068 | G16: 0.1017 | H16: 0.047 | I16: 0.047 | J16: 0.1143 | K16: 0.0554 | L16: 0.1227 | M16: 0.047 | N16: 0.047 | O16: 0.047 | P16: 0.2145 | Q16: 1.3606 | R16: 0.9558 | S16: 0.0998 | T16: 0.0731 | U16: 0.1271 | V16: 0.2825 | W16: 0.1962 | X16: 0.047 | Y16: 0.1143 | Z16: 0.0554 | AA16: 0.0652 | AB16: 0.0874 | AC16: 0.2563 | AD16: 0.0701 | AE16: 0.247 | AF16: 0.3139 | AG16: 1.5973 | AH16: 3.0872 | AI16: 1.5225 | AJ16: 0.2828 | AK16: 0.1511 | AL16: 0.2064 | AM16: 0.1545 | AN16: 0.2216 | AO16: 0.1766 | AP16: 0.4659 | AQ16: 0.3416 | AR16: 0.3703 | AS16: 0.4644 | AT16: 0.4696 | AU16: 0.047 | AV16: 0.0849 | AW16: 0.1873 | AX16: 0.1099
... A421: Load_TR5_F6_9 | B421: customer | C421: 0.355 | D421: 0.047 | E421: 0.0522 | F421: 0.3033 | G421: 0.1144 | H421: 0.047 | I421: 0.3651 | J421: 0.0579 | K421: 0.2334 | L421: 0.1896 | M421: 0.0522 | N421: 0.3137 | O421: 0.104 | P421: 0.0545 | Q421: 0.2615 | R421: 0.1539 | S421: 0.1308 | T421: 0.4246 | U421: 0.2639 | V421: 0.3151 | W421: 0.5501 | X421: 0.1765 | Y421: 0.4663 | Z421: 0.2602 | AA421: 0.162 | AB421: 0.2752 | AC421: 0.047 | AD421: 0.1851 | AE421: 0.2379 | AF421: 0.0582 | AG421: 0.3505 | AH421: 0.0837 | AI421: 0.1711 | AJ421: 0.382 | AK421: 0.3423 | AL421: 0.377 | AM421: 0.3121 | AN421: 0.1502 | AO421: 0.516 | AP421: 0.3792 | AQ421: 0.6393 | AR421: 0.6386 | AS421: 0.8143 | AT421: 0.711 | AU421: 0.7843 | AV421: 0.8469 | AW421: 0.7927 | AX421: 0.2547

Sheet 5. Raw batt charge
A1: Raw batt charge
A2: Verbatim copy of Charge_kW (TR5_analysis_data.xlsx). One row per half-hour, one column per battery (kW).
A4: period | B4: hour | C4: BES_TR5_one38_B | D4: BES_TR5_one195_C | E4: BES_TR5_one195_dup_C | F4: BES_TR5_one235_A | G4: BES_TR5_one235_dup_A | H4: BES_TR5_one242_dup_B | I4: BES_TR5_one252_C | J4: BES_TR5_one252_dup_C | K4: BES_TR5_one260_dup_C | L4: BES_TR5_one280_A | M4: BES_TR5_one287_B | N4: BES_TR5_one299_B | O4: BES_TR5_one299_dup_B | P4: BES_TR5_one313_A | Q4: BES_TR5_one313_dup_A | R4: BES_TR5_one42_B | S4: BES_TR5_one320_B | T4: BES_TR5_one321_C | U4: BES_TR5_one328_A | V4: BES_TR5_one345_dup_A | W4: BES_TR5_one346_C | X4: BES_TR5_one366_dup_B | Y4: BES_TR5_one375_C | Z4: BES_TR5_one375_dup_C | AA4: BES_TR5_one410_B | AB4: BES_TR5_one410_dup_B | AC4: BES_TR5_one50_A | AD4: BES_TR5_one416_C | AE4: BES_TR5_one416_dup_C | AF4: BES_TR5_one423_dup_B | AG4: BES_TR5_one446_dup_B | AH4: BES_TR5_one469_A | AI4: BES_TR5_one477_A | AJ4: BES_TR5_one477_dup_A | AK4: BES_TR5_one480_A | AL4: BES_TR5_one480_dup_A | AM4: BES_TR5_one521_dup_C | AN4: BES_TR5_one528_C | AO4: BES_TR5_one528_dup_C | AP4: BES_TR5_one61_dup_A | AQ4: BES_TR5_one544_A | AR4: BES_TR5_one544_dup_A | AS4: BES_TR5_one559_C | AT4: BES_TR5_one590_A | AU4: BES_TR5_one590_dup_A | AV4: BES_TR5_one605_A | AW4: BES_TR5_one605_dup_A | AX4: BES_TR5_one614_B | AY4: BES_TR5_one617_dup_A | AZ4: BES_TR5_one73_A | BA4: BES_TR5_one73_dup_A | BB4: BES_TR5_one76_A | BC4: BES_TR5_one133_A | BD4: BES_TR5_one137_A | BE4: BES_TR5_one176_A | BF4: BES_TR5_four1252_C | BG4: BES_TR5_four171_A | BH4: BES_TR5_four180_A | BI4: BES_TR5_four184_B | BJ4: BES_TR5_four200_A | BK4: BES_TR5_four239_A | BL4: BES_TR5_four259_B | BM4: BES_TR5_four54_C | BN4: BES_TR5_four279_B | BO4: BES_TR5_four288_B | BP4: BES_TR5_four301_C | BQ4: BES_TR5_four326_A | BR4: BES_TR5_four352_A | BS4: BES_TR5_four354_B | BT4: BES_TR5_four358_C | BU4: BES_TR5_four381_A | BV4: BES_TR5_four385_A | BW4: BES_TR5_four396_B | BX4: BES_TR5_four423_C | BY4: BES_TR5_four446_B | BZ4: BES_TR5_four451_C | CA4: BES_TR5_four532_A | CB4: BES_TR5_four548_B | CC4: BES_TR5_four553_B | CD4: BES_TR5_four562_C | CE4: BES_TR5_four70_B | CF4: BES_TR5_four659_B | CG4: BES_TR5_four675_C | CH4: BES_TR5_four704_B | CI4: BES_TR5_four710_C | CJ4: BES_TR5_four734_A | CK4: BES_TR5_four763_A | CL4: BES_TR5_four797_C | CM4: BES_TR5_four840_A | CN4: BES_TR5_four854_A | CO4: BES_TR5_four926_B | CP4: BES_TR5_four958_C | CQ4: BES_TR5_four1027_A | CR4: BES_TR5_four1063_C | CS4: BES_TR5_four1091_B | CT4: BES_TR5_four1103_C | CU4: BES_TR5_four1132_C | CV4: BES_TR5_four1140_A | CW4: BES_TR5_four126_A | CX4: BES_TR5_four1187_A | CY4: BES_TR5_four1207_B | CZ4: BES_TR5_four1216_C | DA4: BES_TR5_four1220_C | DB4: BES_TR5_four1226_A | DC4: BES_TR5_four1244_B | DD4: BES_TR5_five58_dup_C | DE4: BES_TR5_five147_dup_C | DF4: BES_TR5_five149_A | DG4: BES_TR5_five149_dup_A | DH4: BES_TR5_five160_C | DI4: BES_TR5_five160_dup_C | DJ4: BES_TR5_five168_A | DK4: BES_TR5_five170_A | DL4: BES_TR5_five177_A | DM4: BES_TR5_five194_C | DN4: BES_TR5_five194_dup_C | DO4: BES_TR5_five220_C | DP4: BES_TR5_five220_dup_C | DQ4: BES_TR5_five223_dup_A | DR4: BES_TR5_five242_dup_A | DS4: BES_TR5_five243_dup_B | DT4: BES_TR5_five284_C | DU4: BES_TR5_five284_dup_C | DV4: BES_TR5_five285_B | DW4: BES_TR5_five309_C | DX4: BES_TR5_five324_B | DY4: BES_TR5_five345_A | DZ4: BES_TR5_five355_A | EA4: BES_TR5_five78_dup_A | EB4: BES_TR5_five394_C | EC4: BES_TR5_five421_A | ED4: BES_TR5_five421_dup_A | EE4: BES_TR5_five457_B | EF4: BES_TR5_five457_dup_B | EG4: BES_TR5_five466_A | EH4: BES_TR5_five472_dup_A | EI4: BES_TR5_five488_B | EJ4: BES_TR5_five488_dup_B | EK4: BES_TR5_five494_dup_B | EL4: BES_TR5_five512_A | EM4: BES_TR5_five513_dup_B | EN4: BES_TR5_five537_C | EO4: BES_TR5_five537_dup_C | EP4: BES_TR5_five540_A | EQ4: BES_TR5_five545_dup_B | ER4: BES_TR5_five585_dup_A | ES4: BES_TR5_five588_dup_A | ET4: BES_TR5_five108_B | EU4: BES_TR5_five108_dup_B | EV4: BES_TR5_five663_C | EW4: BES_TR5_five663_dup_C | EX4: BES_TR5_five670_C | EY4: BES_TR5_five670_dup_C | EZ4: BES_TR5_five685_dup_B | FA4: BES_TR5_five695_dup_A | FB4: BES_TR5_five704_dup_A | FC4: BES_TR5_five719_A | FD4: BES_TR5_five719_dup_A | FE4: BES_TR5_five735_A | FF4: BES_TR5_five748_dup_B | FG4: BES_TR5_five117_dup_B | FH4: BES_TR5_five750_B | FI4: BES_TR5_five750_dup_B | FJ4: BES_TR5_five778_dup_B | FK4: BES_TR5_five793_A | FL4: BES_TR5_five793_dup_A | FM4: BES_TR5_five799_dup_C | FN4: BES_TR5_five801_dup_C | FO4: BES_TR5_five118_B | FP4: BES_TR5_six64_A | FQ4: BES_TR5_six173_C | FR4: BES_TR5_six186_A | FS4: BES_TR5_six203_A | FT4: BES_TR5_six238_A | FU4: BES_TR5_six249_B | FV4: BES_TR5_six254_B | FW4: BES_TR5_six68_C | FX4: BES_TR5_six317_C | FY4: BES_TR5_six326_A | FZ4: BES_TR5_six342_A | GA4: BES_TR5_six350_B | GB4: BES_TR5_six75_A | GC4: BES_TR5_six385_B | GD4: BES_TR5_six387_A | GE4: BES_TR5_six392_C | GF4: BES_TR5_six431_C | GG4: BES_TR5_six441_A | GH4: BES_TR5_six512_B | GI4: BES_TR5_six518_B | GJ4: BES_TR5_six523_C | GK4: BES_TR5_six534_B | GL4: BES_TR5_six591_C | GM4: BES_TR5_six595_B | GN4: BES_TR5_six643_A | GO4: BES_TR5_six646_B | GP4: BES_TR5_six651_C | GQ4: BES_TR5_six87_A | GR4: BES_TR5_six665_B | GS4: BES_TR5_six718_C | GT4: BES_TR5_six721_A | GU4: BES_TR5_six723_B | GV4: BES_TR5_six740_A | GW4: BES_TR5_six799_B | GX4: BES_TR5_six807_A | GY4: BES_TR5_six852_B | GZ4: BES_TR5_six860_C | HA4: BES_TR5_six885_A | HB4: BES_TR5_six909_C | HC4: BES_TR5_six921_B | HD4: BES_TR5_six929_A | HE4: BES_TR5_six952_A | HF4: BES_TR5_six967_B | HG4: BES_TR5_six111_C | HH4: BES_TR5_six1006_C
A5: 1 | B5: 0 | C5: 0 | D5: 0 | E5: 0 | F5: 0 | G5: 0 | H5: 0 | I5: 0 | J5: 0 | K5: 0 | L5: 0 | M5: 0 | N5: 0 | O5: 0 | P5: 0 | Q5: 0 | R5: 0 | S5: 0 | T5: 0 | U5: 0 | V5: 0 | W5: 0 | X5: 0 | Y5: 0 | Z5: 0 | AA5: 0 | AB5: 0 | AC5: 0 | AD5: 0 | AE5: 0 | AF5: 0 | AG5: 0 | AH5: 0 | AI5: 0 | AJ5: 0 | AK5: 0 | AL5: 0 | AM5: 0 | AN5: 0 | AO5: 0 | AP5: 0 | AQ5: 0 | AR5: 0 | AS5: 0 | AT5: 0 | AU5: 0 | AV5: 0 | AW5: 0 | AX5: 0 | AY5: 0 | AZ5: 0 | BA5: 0 | BB5: 0 | BC5: 0 | BD5: 0 | BE5: 0 | BF5: 0 | BG5: 0 | BH5: 0 | BI5: 0 | BJ5: 0 | BK5: 0 | BL5: 0 | BM5: 0 | BN5: 0 | BO5: 0 | BP5: 0 | BQ5: 0 | BR5: 0 | BS5: 0 | BT5: 0 | BU5: 0 | BV5: 0 | BW5: 0 | BX5: 0 | BY5: 0 | BZ5: 0 | CA5: 0 | CB5: 0 | CC5: 0 | CD5: 0 | CE5: 0 | CF5: 0 | CG5: 0 | CH5: 0 | CI5: 0 | CJ5: 0 | CK5: 0 | CL5: 0 | CM5: 0 | CN5: 0 | CO5: 0 | CP5: 0 | CQ5: 0 | CR5: 0 | CS5: 0 | CT5: 0 | CU5: 0 | CV5: 0 | CW5: 0 | CX5: 0 | CY5: 0 | CZ5: 0 | DA5: 0 | DB5: 0 | DC5: 0 | DD5: 0 | DE5: 0 | DF5: 0 | DG5: 0 | DH5: 0 | DI5: 0 | DJ5: 0 | DK5: 0 | DL5: 0 | DM5: 0 | DN5: 0 | DO5: 0 | DP5: 0 | DQ5: 0 | DR5: 0 | DS5: 0 | DT5: 0 | DU5: 0 | DV5: 0 | DW5: 0 | DX5: 0 | DY5: 0 | DZ5: 0 | EA5: 0 | EB5: 0 | EC5: 0 | ED5: 0 | EE5: 0 | EF5: 0 | EG5: 0 | EH5: 0 | EI5: 0 | EJ5: 0 | EK5: 0 | EL5: 0 | EM5: 0 | EN5: 0 | EO5: 0 | EP5: 0 | EQ5: 0 | ER5: 0 | ES5: 0 | ET5: 0 | EU5: 0 | EV5: 0 | EW5: 0 | EX5: 0 | EY5: 0 | EZ5: 0 | FA5: 0 | FB5: 0 | FC5: 0 | FD5: 0 | FE5: 0 | FF5: 0 | FG5: 0 | FH5: 0 | FI5: 0 | FJ5: 0 | FK5: 0 | FL5: 0 | FM5: 0 | FN5: 0 | FO5: 0 | FP5: 0 | FQ5: 0 | FR5: 0 | FS5: 0 | FT5: 0 | FU5: 0 | FV5: 0 | FW5: 0 | FX5: 0 | FY5: 0 | FZ5: 0 | GA5: 0 | GB5: 0 | GC5: 0 | GD5: 0 | GE5: 0 | GF5: 0 | GG5: 0 | GH5: 0 | GI5: 0 | GJ5: 0 | GK5: 0 | GL5: 0 | GM5: 0 | GN5: 0 | GO5: 0 | GP5: 0 | GQ5: 0 | GR5: 0 | GS5: 0 | GT5: 0 | GU5: 0 | GV5: 0 | GW5: 0 | GX5: 0 | GY5: 0 | GZ5: 0 | HA5: 0 | HB5: 0 | HC5: 0 | HD5: 0 | HE5: 0 | HF5: 0 | HG5: 0 | HH5: 0
A6: 2 | B6: 0.5 | C6: 0 | D6: 0 | E6: 0 | F6: 0 | G6: 0 | H6: 0 | I6: 0 | J6: 0 | K6: 0 | L6: 0 | M6: 0 | N6: 0 | O6: 0 | P6: 0 | Q6: 0 | R6: 0 | S6: 0 | T6: 0 | U6: 0 | V6: 0 | W6: 0 | X6: 0 | Y6: 0 | Z6: 0 | AA6: 0 | AB6: 0 | AC6: 0 | AD6: 0 | AE6: 0 | AF6: 0 | AG6: 0 | AH6: 0 | AI6: 0 | AJ6: 0 | AK6: 0 | AL6: 0 | AM6: 0 | AN6: 0 | AO6: 0 | AP6: 0 | AQ6: 0 | AR6: 0 | AS6: 0 | AT6: 0 | AU6: 0 | AV6: 0 | AW6: 0 | AX6: 0 | AY6: 0 | AZ6: 0 | BA6: 0 | BB6: 0 | BC6: 0 | BD6: 0 | BE6: 0 | BF6: 0 | BG6: 0 | BH6: 0 | BI6: 0 | BJ6: 0 | BK6: 0 | BL6: 0 | BM6: 0 | BN6: 0 | BO6: 0 | BP6: 0 | BQ6: 0 | BR6: 0 | BS6: 0 | BT6: 0 | BU6: 0 | BV6: 0 | BW6: 0 | BX6: 0 | BY6: 0 | BZ6: 0 | CA6: 0 | CB6: 0 | CC6: 0 | CD6: 0 | CE6: 0 | CF6: 0 | CG6: 0 | CH6: 0 | CI6: 0 | CJ6: 0 | CK6: 0 | CL6: 0 | CM6: 0 | CN6: 0 | CO6: 0 | CP6: 0 | CQ6: 0 | CR6: 0 | CS6: 0 | CT6: 0 | CU6: 0 | CV6: 0 | CW6: 0 | CX6: 0 | CY6: 0 | CZ6: 0 | DA6: 0 | DB6: 0 | DC6: 0 | DD6: 0 | DE6: 0 | DF6: 0 | DG6: 0 | DH6: 0 | DI6: 0 | DJ6: 0 | DK6: 0 | DL6: 0 | DM6: 0 | DN6: 0 | DO6: 0 | DP6: 0 | DQ6: 0 | DR6: 0 | DS6: 0 | DT6: 0 | DU6: 0 | DV6: 0 | DW6: 0 | DX6: 0 | DY6: 0 | DZ6: 0 | EA6: 0 | EB6: 0 | EC6: 0 | ED6: 0 | EE6: 0 | EF6: 0 | EG6: 0 | EH6: 0 | EI6: 0 | EJ6: 0 | EK6: 0 | EL6: 0 | EM6: 0 | EN6: 0 | EO6: 0 | EP6: 0 | EQ6: 0 | ER6: 0 | ES6: 0 | ET6: 0 | EU6: 0 | EV6: 0 | EW6: 0 | EX6: 0 | EY6: 0 | EZ6: 0 | FA6: 0 | FB6: 0 | FC6: 0 | FD6: 0 | FE6: 0 | FF6: 0 | FG6: 0 | FH6: 0 | FI6: 0 | FJ6: 0 | FK6: 0 | FL6: 0 | FM6: 0 | FN6: 0 | FO6: 0 | FP6: 0 | FQ6: 0 | FR6: 0 | FS6: 0 | FT6: 0 | FU6: 0 | FV6: 0 | FW6: 0 | FX6: 0 | FY6: 0 | FZ6: 0 | GA6: 0 | GB6: 0 | GC6: 0 | GD6: 0 | GE6: 0 | GF6: 0 | GG6: 0 | GH6: 0 | GI6: 0 | GJ6: 0 | GK6: 0 | GL6: 0 | GM6: 0 | GN6: 0 | GO6: 0 | GP6: 0 | GQ6: 0 | GR6: 0 | GS6: 0 | GT6: 0 | GU6: 0 | GV6: 0 | GW6: 0 | GX6: 0 | GY6: 0 | GZ6: 0 | HA6: 0 | HB6: 0 | HC6: 0 | HD6: 0 | HE6: 0 | HF6: 0 | HG6: 0 | HH6: 0
A7: 3 | B7: 1 | C7: 0 | D7: 0 | E7: 0 | F7: 0 | G7: 0 | H7: 0 | I7: 0 | J7: 0 | K7: 0 | L7: 0 | M7: 0 | N7: 0 | O7: 0 | P7: 0 | Q7: 0 | R7: 0 | S7: 0 | T7: 0 | U7: 0 | V7: 0 | W7: 0 | X7: 0 | Y7: 0 | Z7: 0 | AA7: 0 | AB7: 0 | AC7: 0 | AD7: 0 | AE7: 0 | AF7: 0 | AG7: 0 | AH7: 0 | AI7: 0 | AJ7: 0 | AK7: 0 | AL7: 0 | AM7: 0 | AN7: 0 | AO7: 0 | AP7: 0 | AQ7: 0 | AR7: 0 | AS7: 0 | AT7: 0 | AU7: 0 | AV7: 0 | AW7: 0 | AX7: 0 | AY7: 0 | AZ7: 0 | BA7: 0 | BB7: 0 | BC7: 0 | BD7: 0 | BE7: 0 | BF7: 0 | BG7: 0 | BH7: 0 | BI7: 0 | BJ7: 0 | BK7: 0 | BL7: 0 | BM7: 0 | BN7: 0 | BO7: 0 | BP7: 0 | BQ7: 0 | BR7: 0 | BS7: 0 | BT7: 0 | BU7: 0 | BV7: 0 | BW7: 0 | BX7: 0 | BY7: 0 | BZ7: 0 | CA7: 0 | CB7: 0 | CC7: 0 | CD7: 0 | CE7: 0 | CF7: 0 | CG7: 0 | CH7: 0 | CI7: 0 | CJ7: 0 | CK7: 0 | CL7: 0 | CM7: 0 | CN7: 0 | CO7: 0 | CP7: 0 | CQ7: 0 | CR7: 0 | CS7: 0 | CT7: 0 | CU7: 0 | CV7: 0 | CW7: 0 | CX7: 0 | CY7: 0 | CZ7: 0 | DA7: 0 | DB7: 0 | DC7: 0 | DD7: 0 | DE7: 0 | DF7: 0 | DG7: 0 | DH7: 0 | DI7: 0 | DJ7: 0 | DK7: 0 | DL7: 0 | DM7: 0 | DN7: 0 | DO7: 0 | DP7: 0 | DQ7: 0 | DR7: 0 | DS7: 0 | DT7: 0 | DU7: 0 | DV7: 0 | DW7: 0 | DX7: 0 | DY7: 0 | DZ7: 0 | EA7: 0 | EB7: 0 | EC7: 0 | ED7: 0 | EE7: 0 | EF7: 0 | EG7: 0 | EH7: 0 | EI7: 0 | EJ7: 0 | EK7: 0 | EL7: 0 | EM7: 0 | EN7: 0 | EO7: 0 | EP7: 0 | EQ7: 0 | ER7: 0 | ES7: 0 | ET7: 0 | EU7: 0 | EV7: 0 | EW7: 0 | EX7: 0 | EY7: 0 | EZ7: 0 | FA7: 0 | FB7: 0 | FC7: 0 | FD7: 0 | FE7: 0 | FF7: 0 | FG7: 0 | FH7: 0 | FI7: 0 | FJ7: 0 | FK7: 0 | FL7: 0 | FM7: 0 | FN7: 0 | FO7: 0 | FP7: 0 | FQ7: 0 | FR7: 0 | FS7: 0 | FT7: 0 | FU7: 0 | FV7: 0 | FW7: 0 | FX7: 0 | FY7: 0 | FZ7: 0 | GA7: 0 | GB7: 0 | GC7: 0 | GD7: 0 | GE7: 0 | GF7: 0 | GG7: 0 | GH7: 0 | GI7: 0 | GJ7: 0 | GK7: 0 | GL7: 0 | GM7: 0 | GN7: 0 | GO7: 0 | GP7: 0 | GQ7: 0 | GR7: 0 | GS7: 0 | GT7: 0 | GU7: 0 | GV7: 0 | GW7: 0 | GX7: 0 | GY7: 0 | GZ7: 0 | HA7: 0 | HB7: 0 | HC7: 0 | HD7: 0 | HE7: 0 | HF7: 0 | HG7: 0 | HH7: 0
A8: 4 | B8: 1.5 | C8: 0 | D8: 0 | E8: 0 | F8: 0 | G8: 0 | H8: 0 | I8: 0 | J8: 0 | K8: 0 | L8: 0 | M8: 0 | N8: 0 | O8: 0 | P8: 0 | Q8: 0 | R8: 0 | S8: 0 | T8: 0 | U8: 0 | V8: 0 | W8: 0 | X8: 0 | Y8: 0 | Z8: 0 | AA8: 0 | AB8: 0 | AC8: 0 | AD8: 0 | AE8: 0 | AF8: 0 | AG8: 0 | AH8: 0 | AI8: 0 | AJ8: 0 | AK8: 0 | AL8: 0 | AM8: 0 | AN8: 0 | AO8: 0 | AP8: 0 | AQ8: 0 | AR8: 0 | AS8: 0 | AT8: 0 | AU8: 0 | AV8: 0 | AW8: 0 | AX8: 0 | AY8: 0 | AZ8: 0 | BA8: 0 | BB8: 0 | BC8: 0 | BD8: 0 | BE8: 0 | BF8: 0 | BG8: 0 | BH8: 0 | BI8: 0 | BJ8: 0 | BK8: 0 | BL8: 0 | BM8: 0 | BN8: 0 | BO8: 0 | BP8: 0 | BQ8: 0 | BR8: 0 | BS8: 0 | BT8: 0 | BU8: 0 | BV8: 0 | BW8: 0 | BX8: 0 | BY8: 0 | BZ8: 0 | CA8: 0 | CB8: 0 | CC8: 0 | CD8: 0 | CE8: 0 | CF8: 0 | CG8: 0 | CH8: 0 | CI8: 0 | CJ8: 0 | CK8: 0 | CL8: 0 | CM8: 0 | CN8: 0 | CO8: 0 | CP8: 0 | CQ8: 0 | CR8: 0 | CS8: 0 | CT8: 0 | CU8: 0 | CV8: 0 | CW8: 0 | CX8: 0 | CY8: 0 | CZ8: 0 | DA8: 0 | DB8: 0 | DC8: 0 | DD8: 0 | DE8: 0 | DF8: 0 | DG8: 0 | DH8: 0 | DI8: 0 | DJ8: 0 | DK8: 0 | DL8: 0 | DM8: 0 | DN8: 0 | DO8: 0 | DP8: 0 | DQ8: 0 | DR8: 0 | DS8: 0 | DT8: 0 | DU8: 0 | DV8: 0 | DW8: 0 | DX8: 0 | DY8: 0 | DZ8: 0 | EA8: 0 | EB8: 0 | EC8: 0 | ED8: 0 | EE8: 0 | EF8: 0 | EG8: 0 | EH8: 0 | EI8: 0 | EJ8: 0 | EK8: 0 | EL8: 0 | EM8: 0 | EN8: 0 | EO8: 0 | EP8: 0 | EQ8: 0 | ER8: 0 | ES8: 0 | ET8: 0 | EU8: 0 | EV8: 0 | EW8: 0 | EX8: 0 | EY8: 0 | EZ8: 0 | FA8: 0 | FB8: 0 | FC8: 0 | FD8: 0 | FE8: 0 | FF8: 0 | FG8: 0 | FH8: 0 | FI8: 0 | FJ8: 0 | FK8: 0 | FL8: 0 | FM8: 0 | FN8: 0 | FO8: 0 | FP8: 0 | FQ8: 0 | FR8: 0 | FS8: 0 | FT8: 0 | FU8: 0 | FV8: 0 | FW8: 0 | FX8: 0 | FY8: 0 | FZ8: 0 | GA8: 0 | GB8: 0 | GC8: 0 | GD8: 0 | GE8: 0 | GF8: 0 | GG8: 0 | GH8: 0 | GI8: 0 | GJ8: 0 | GK8: 0 | GL8: 0 | GM8: 0 | GN8: 0 | GO8: 0 | GP8: 0 | GQ8: 0 | GR8: 0 | GS8: 0 | GT8: 0 | GU8: 0 | GV8: 0 | GW8: 0 | GX8: 0 | GY8: 0 | GZ8: 0 | HA8: 0 | HB8: 0 | HC8: 0 | HD8: 0 | HE8: 0 | HF8: 0 | HG8: 0 | HH8: 0
A9: 5 | B9: 2 | C9: 0 | D9: 0 | E9: 0 | F9: 0 | G9: 0 | H9: 0 | I9: 0 | J9: 0 | K9: 0 | L9: 0 | M9: 0 | N9: 0 | O9: 0 | P9: 0 | Q9: 0 | R9: 0 | S9: 0 | T9: 0 | U9: 0 | V9: 0 | W9: 0 | X9: 0 | Y9: 0 | Z9: 0 | AA9: 0 | AB9: 0 | AC9: 0 | AD9: 0 | AE9: 0 | AF9: 0 | AG9: 0 | AH9: 0 | AI9: 0 | AJ9: 0 | AK9: 0 | AL9: 0 | AM9: 0 | AN9: 0 | AO9: 0 | AP9: 0 | AQ9: 0 | AR9: 0 | AS9: 0 | AT9: 0 | AU9: 0 | AV9: 0 | AW9: 0 | AX9: 0 | AY9: 0 | AZ9: 0 | BA9: 0 | BB9: 0 | BC9: 0 | BD9: 0 | BE9: 0 | BF9: 0 | BG9: 0 | BH9: 0 | BI9: 0 | BJ9: 0 | BK9: 0 | BL9: 0 | BM9: 0 | BN9: 0 | BO9: 0 | BP9: 0 | BQ9: 0 | BR9: 0 | BS9: 0 | BT9: 0 | BU9: 0 | BV9: 0 | BW9: 0 | BX9: 0 | BY9: 0 | BZ9: 0 | CA9: 0 | CB9: 0 | CC9: 0 | CD9: 0 | CE9: 0 | CF9: 0 | CG9: 0 | CH9: 0 | CI9: 0 | CJ9: 0 | CK9: 0 | CL9: 0 | CM9: 0 | CN9: 0 | CO9: 0 | CP9: 0 | CQ9: 0 | CR9: 0 | CS9: 0 | CT9: 0 | CU9: 0 | CV9: 0 | CW9: 0 | CX9: 0 | CY9: 0 | CZ9: 0 | DA9: 0 | DB9: 0 | DC9: 0 | DD9: 0 | DE9: 0 | DF9: 0 | DG9: 0 | DH9: 0 | DI9: 0 | DJ9: 0 | DK9: 0 | DL9: 0 | DM9: 0 | DN9: 0 | DO9: 0 | DP9: 0 | DQ9: 0 | DR9: 0 | DS9: 0 | DT9: 0 | DU9: 0 | DV9: 0 | DW9: 0 | DX9: 0 | DY9: 0 | DZ9: 0 | EA9: 0 | EB9: 0 | EC9: 0 | ED9: 0 | EE9: 0 | EF9: 0 | EG9: 0 | EH9: 0 | EI9: 0 | EJ9: 0 | EK9: 0 | EL9: 0 | EM9: 0 | EN9: 0 | EO9: 0 | EP9: 0 | EQ9: 0 | ER9: 0 | ES9: 0 | ET9: 0 | EU9: 0 | EV9: 0 | EW9: 0 | EX9: 0 | EY9: 0 | EZ9: 0 | FA9: 0 | FB9: 0 | FC9: 0 | FD9: 0 | FE9: 0 | FF9: 0 | FG9: 0 | FH9: 0 | FI9: 0 | FJ9: 0 | FK9: 0 | FL9: 0 | FM9: 0 | FN9: 0 | FO9: 0 | FP9: 0 | FQ9: 0 | FR9: 0 | FS9: 0 | FT9: 0 | FU9: 0 | FV9: 0 | FW9: 0 | FX9: 0 | FY9: 0 | FZ9: 0 | GA9: 0 | GB9: 0 | GC9: 0 | GD9: 0 | GE9: 0 | GF9: 0 | GG9: 0 | GH9: 0 | GI9: 0 | GJ9: 0 | GK9: 0 | GL9: 0 | GM9: 0 | GN9: 0 | GO9: 0 | GP9: 0 | GQ9: 0 | GR9: 0 | GS9: 0 | GT9: 0 | GU9: 0 | GV9: 0 | GW9: 0 | GX9: 0 | GY9: 0 | GZ9: 0 | HA9: 0 | HB9: 0 | HC9: 0 | HD9: 0 | HE9: 0 | HF9: 0 | HG9: 0 | HH9: 0
A10: 6 | B10: 2.5 | C10: 0 | D10: 0 | E10: 0 | F10: 0 | G10: 0 | H10: 0 | I10: 0 | J10: 0 | K10: 0 | L10: 0 | M10: 0 | N10: 0 | O10: 0 | P10: 0 | Q10: 0 | R10: 0 | S10: 0 | T10: 0 | U10: 0 | V10: 0 | W10: 0 | X10: 0 | Y10: 0 | Z10: 0 | AA10: 0 | AB10: 0 | AC10: 0 | AD10: 0 | AE10: 0 | AF10: 0 | AG10: 0 | AH10: 0 | AI10: 0 | AJ10: 0 | AK10: 0 | AL10: 0 | AM10: 0 | AN10: 0 | AO10: 0 | AP10: 0 | AQ10: 0 | AR10: 0 | AS10: 0 | AT10: 0 | AU10: 0 | AV10: 0 | AW10: 0 | AX10: 0 | AY10: 0 | AZ10: 0 | BA10: 0 | BB10: 0 | BC10: 0 | BD10: 0 | BE10: 0 | BF10: 0 | BG10: 0 | BH10: 0 | BI10: 0 | BJ10: 0 | BK10: 0 | BL10: 0 | BM10: 0 | BN10: 0 | BO10: 0 | BP10: 0 | BQ10: 0 | BR10: 0 | BS10: 0 | BT10: 0 | BU10: 0 | BV10: 0 | BW10: 0 | BX10: 0 | BY10: 0 | BZ10: 0 | CA10: 0 | CB10: 0 | CC10: 0 | CD10: 0 | CE10: 0 | CF10: 0 | CG10: 0 | CH10: 0 | CI10: 0 | CJ10: 0 | CK10: 0 | CL10: 0 | CM10: 0 | CN10: 0 | CO10: 0 | CP10: 0 | CQ10: 0 | CR10: 0 | CS10: 0 | CT10: 0 | CU10: 0 | CV10: 0 | CW10: 0 | CX10: 0 | CY10: 0 | CZ10: 0 | DA10: 0 | DB10: 0 | DC10: 0 | DD10: 0 | DE10: 0 | DF10: 0 | DG10: 0 | DH10: 0 | DI10: 0 | DJ10: 0 | DK10: 0 | DL10: 0 | DM10: 0 | DN10: 0 | DO10: 0 | DP10: 0 | DQ10: 0 | DR10: 0 | DS10: 0 | DT10: 0 | DU10: 0 | DV10: 0 | DW10: 0 | DX10: 0 | DY10: 0 | DZ10: 0 | EA10: 0 | EB10: 0 | EC10: 0 | ED10: 0 | EE10: 0 | EF10: 0 | EG10: 0 | EH10: 0 | EI10: 0 | EJ10: 0 | EK10: 0 | EL10: 0 | EM10: 0 | EN10: 0 | EO10: 0 | EP10: 0 | EQ10: 0 | ER10: 0 | ES10: 0 | ET10: 0 | EU10: 0 | EV10: 0 | EW10: 0 | EX10: 0 | EY10: 0 | EZ10: 0 | FA10: 0 | FB10: 0 | FC10: 0 | FD10: 0 | FE10: 0 | FF10: 0 | FG10: 0 | FH10: 0 | FI10: 0 | FJ10: 0 | FK10: 0 | FL10: 0 | FM10: 0 | FN10: 0 | FO10: 0 | FP10: 0 | FQ10: 0 | FR10: 0 | FS10: 0 | FT10: 0 | FU10: 0 | FV10: 0 | FW10: 0 | FX10: 0 | FY10: 0 | FZ10: 0 | GA10: 0 | GB10: 0 | GC10: 0 | GD10: 0 | GE10: 0 | GF10: 0 | GG10: 0 | GH10: 0 | GI10: 0 | GJ10: 0 | GK10: 0 | GL10: 0 | GM10: 0 | GN10: 0 | GO10: 0 | GP10: 0 | GQ10: 0 | GR10: 0 | GS10: 0 | GT10: 0 | GU10: 0 | GV10: 0 | GW10: 0 | GX10: 0 | GY10: 0 | GZ10: 0 | HA10: 0 | HB10: 0 | HC10: 0 | HD10: 0 | HE10: 0 | HF10: 0 | HG10: 0 | HH10: 0
A11: 7 | B11: 3 | C11: 0 | D11: 0 | E11: 0 | F11: 0 | G11: 0 | H11: 0 | I11: 0 | J11: 0 | K11: 0 | L11: 0 | M11: 0 | N11: 0 | O11: 0 | P11: 0 | Q11: 0 | R11: 0 | S11: 0 | T11: 0 | U11: 0 | V11: 0 | W11: 0 | X11: 0 | Y11: 0 | Z11: 0 | AA11: 0 | AB11: 0 | AC11: 0 | AD11: 0 | AE11: 0 | AF11: 0 | AG11: 0 | AH11: 0 | AI11: 0 | AJ11: 0 | AK11: 0 | AL11: 0 | AM11: 0 | AN11: 0 | AO11: 0 | AP11: 0 | AQ11: 0 | AR11: 0 | AS11: 0 | AT11: 0 | AU11: 0 | AV11: 0 | AW11: 0 | AX11: 0 | AY11: 0 | AZ11: 0 | BA11: 0 | BB11: 0 | BC11: 0 | BD11: 0 | BE11: 0 | BF11: 0 | BG11: 0 | BH11: 0 | BI11: 0 | BJ11: 0 | BK11: 0 | BL11: 0 | BM11: 0 | BN11: 0 | BO11: 0 | BP11: 0 | BQ11: 0 | BR11: 0 | BS11: 0 | BT11: 0 | BU11: 0 | BV11: 0 | BW11: 0 | BX11: 0 | BY11: 0 | BZ11: 0 | CA11: 0 | CB11: 0 | CC11: 0 | CD11: 0 | CE11: 0 | CF11: 0 | CG11: 0 | CH11: 0 | CI11: 0 | CJ11: 0 | CK11: 0 | CL11: 0 | CM11: 0 | CN11: 0 | CO11: 0 | CP11: 0 | CQ11: 0 | CR11: 0 | CS11: 0 | CT11: 0 | CU11: 0 | CV11: 0 | CW11: 0 | CX11: 0 | CY11: 0 | CZ11: 0 | DA11: 0 | DB11: 0 | DC11: 0 | DD11: 0 | DE11: 0 | DF11: 0 | DG11: 0 | DH11: 0 | DI11: 0 | DJ11: 0 | DK11: 0 | DL11: 0 | DM11: 0 | DN11: 0 | DO11: 0 | DP11: 0 | DQ11: 0 | DR11: 0 | DS11: 0 | DT11: 0 | DU11: 0 | DV11: 0 | DW11: 0 | DX11: 0 | DY11: 0 | DZ11: 0 | EA11: 0 | EB11: 0 | EC11: 0 | ED11: 0 | EE11: 0 | EF11: 0 | EG11: 0 | EH11: 0 | EI11: 0 | EJ11: 0 | EK11: 0 | EL11: 0 | EM11: 0 | EN11: 0 | EO11: 0 | EP11: 0 | EQ11: 0 | ER11: 0 | ES11: 0 | ET11: 0 | EU11: 0 | EV11: 0 | EW11: 0 | EX11: 0 | EY11: 0 | EZ11: 0 | FA11: 0 | FB11: 0 | FC11: 0 | FD11: 0 | FE11: 0 | FF11: 0 | FG11: 0 | FH11: 0 | FI11: 0 | FJ11: 0 | FK11: 0 | FL11: 0 | FM11: 0 | FN11: 0 | FO11: 0 | FP11: 0 | FQ11: 0 | FR11: 0 | FS11: 0 | FT11: 0 | FU11: 0 | FV11: 0 | FW11: 0 | FX11: 0 | FY11: 0 | FZ11: 0 | GA11: 0 | GB11: 0 | GC11: 0 | GD11: 0 | GE11: 0 | GF11: 0 | GG11: 0 | GH11: 0 | GI11: 0 | GJ11: 0 | GK11: 0 | GL11: 0 | GM11: 0 | GN11: 0 | GO11: 0 | GP11: 0 | GQ11: 0 | GR11: 0 | GS11: 0 | GT11: 0 | GU11: 0 | GV11: 0 | GW11: 0 | GX11: 0 | GY11: 0 | GZ11: 0 | HA11: 0 | HB11: 0 | HC11: 0 | HD11: 0 | HE11: 0 | HF11: 0 | HG11: 0 | HH11: 0
A12: 8 | B12: 3.5 | C12: 0 | D12: 0 | E12: 0 | F12: 0 | G12: 0 | H12: 0 | I12: 0 | J12: 0 | K12: 0 | L12: 0 | M12: 0 | N12: 0 | O12: 0 | P12: 0 | Q12: 0 | R12: 0 | S12: 0 | T12: 0 | U12: 0 | V12: 0 | W12: 0 | X12: 0 | Y12: 0 | Z12: 0 | AA12: 0 | AB12: 0 | AC12: 0 | AD12: 0 | AE12: 0 | AF12: 0 | AG12: 0 | AH12: 0 | AI12: 0 | AJ12: 0 | AK12: 0 | AL12: 0 | AM12: 0 | AN12: 0 | AO12: 0 | AP12: 0 | AQ12: 0 | AR12: 0 | AS12: 0 | AT12: 0 | AU12: 0 | AV12: 0 | AW12: 0 | AX12: 0 | AY12: 0 | AZ12: 0 | BA12: 0 | BB12: 0 | BC12: 0 | BD12: 0 | BE12: 0 | BF12: 0 | BG12: 0 | BH12: 0 | BI12: 0 | BJ12: 0 | BK12: 0 | BL12: 0 | BM12: 0 | BN12: 0 | BO12: 0 | BP12: 0 | BQ12: 0 | BR12: 0 | BS12: 0 | BT12: 0 | BU12: 0 | BV12: 0 | BW12: 0 | BX12: 0 | BY12: 0 | BZ12: 0 | CA12: 0 | CB12: 0 | CC12: 0 | CD12: 0 | CE12: 0 | CF12: 0 | CG12: 0 | CH12: 0 | CI12: 0 | CJ12: 0 | CK12: 0 | CL12: 0 | CM12: 0 | CN12: 0 | CO12: 0 | CP12: 0 | CQ12: 0 | CR12: 0 | CS12: 0 | CT12: 0 | CU12: 0 | CV12: 0 | CW12: 0 | CX12: 0 | CY12: 0 | CZ12: 0 | DA12: 0 | DB12: 0 | DC12: 0 | DD12: 0 | DE12: 0 | DF12: 0 | DG12: 0 | DH12: 0 | DI12: 0 | DJ12: 0 | DK12: 0 | DL12: 0 | DM12: 0 | DN12: 0 | DO12: 0 | DP12: 0 | DQ12: 0 | DR12: 0 | DS12: 0 | DT12: 0 | DU12: 0 | DV12: 0 | DW12: 0 | DX12: 0 | DY12: 0 | DZ12: 0 | EA12: 0 | EB12: 0 | EC12: 0 | ED12: 0 | EE12: 0 | EF12: 0 | EG12: 0 | EH12: 0 | EI12: 0 | EJ12: 0 | EK12: 0 | EL12: 0 | EM12: 0 | EN12: 0 | EO12: 0 | EP12: 0 | EQ12: 0 | ER12: 0 | ES12: 0 | ET12: 0 | EU12: 0 | EV12: 0 | EW12: 0 | EX12: 0 | EY12: 0 | EZ12: 0 | FA12: 0 | FB12: 0 | FC12: 0 | FD12: 0 | FE12: 0 | FF12: 0 | FG12: 0 | FH12: 0 | FI12: 0 | FJ12: 0 | FK12: 0 | FL12: 0 | FM12: 0 | FN12: 0 | FO12: 0 | FP12: 0 | FQ12: 0 | FR12: 0 | FS12: 0 | FT12: 0 | FU12: 0 | FV12: 0 | FW12: 0 | FX12: 0 | FY12: 0 | FZ12: 0 | GA12: 0 | GB12: 0 | GC12: 0 | GD12: 0 | GE12: 0 | GF12: 0 | GG12: 0 | GH12: 0 | GI12: 0 | GJ12: 0 | GK12: 0 | GL12: 0 | GM12: 0 | GN12: 0 | GO12: 0 | GP12: 0 | GQ12: 0 | GR12: 0 | GS12: 0 | GT12: 0 | GU12: 0 | GV12: 0 | GW12: 0 | GX12: 0 | GY12: 0 | GZ12: 0 | HA12: 0 | HB12: 0 | HC12: 0 | HD12: 0 | HE12: 0 | HF12: 0 | HG12: 0 | HH12: 0
A13: 9 | B13: 4 | C13: 0 | D13: 0 | E13: 0.002 | F13: 0 | G13: 0 | H13: 0 | I13: 0 | J13: 0 | K13: 0 | L13: 0 | M13: 0 | N13: 0 | O13: 0 | P13: 0 | Q13: 0 | R13: 0.014 | S13: 0 | T13: 0 | U13: 0 | V13: 0 | W13: 0 | X13: 0 | Y13: 0 | Z13: 0 | AA13: 0 | AB13: 0 | AC13: 0 | AD13: 0 | AE13: 0 | AF13: 0 | AG13: 0.006 | AH13: 0 | AI13: 0 | AJ13: 0 | AK13: 0 | AL13: 0 | AM13: 0.001 | AN13: 0.008 | AO13: 0 | AP13: 0 | AQ13: 0 | AR13: 0 | AS13: 0 | AT13: 0 | AU13: 0 | AV13: 0 | AW13: 0 | AX13: 0 | AY13: 0 | AZ13: 0 | BA13: 0 | BB13: 0 | BC13: 0 | BD13: 0 | BE13: 0 | BF13: 0 | BG13: 0 | BH13: 0 | BI13: 0 | BJ13: 0 | BK13: 0 | BL13: 0 | BM13: 0 | BN13: 0 | BO13: 0 | BP13: 0 | BQ13: 0 | BR13: 0 | BS13: 0 | BT13: 0 | BU13: 0 | BV13: 0.006 | BW13: 0 | BX13: 0 | BY13: 0 | BZ13: 0 | CA13: 0 | CB13: 0 | CC13: 0 | CD13: 0 | CE13: 0 | CF13: 0 | CG13: 0 | CH13: 0 | CI13: 0 | CJ13: 0 | CK13: 0 | CL13: 0 | CM13: 0 | CN13: 0 | CO13: 0 | CP13: 0 | CQ13: 0 | CR13: 0 | CS13: 0 | CT13: 0 | CU13: 0.002 | CV13: 0 | CW13: 0 | CX13: 0 | CY13: 0 | CZ13: 0 | DA13: 0 | DB13: 0 | DC13: 0 | DD13: 0 | DE13: 0 | DF13: 0 | DG13: 0 | DH13: 0 | DI13: 0 | DJ13: 0 | DK13: 0 | DL13: 0 | DM13: 0 | DN13: 0 | DO13: 0 | DP13: 0 | DQ13: 0 | DR13: 0 | DS13: 0 | DT13: 0 | DU13: 0 | DV13: 0 | DW13: 0 | DX13: 0 | DY13: 0 | DZ13: 0 | EA13: 0 | EB13: 0.004 | EC13: 0 | ED13: 0 | EE13: 0 | EF13: 0 | EG13: 0 | EH13: 0 | EI13: 0 | EJ13: 0 | EK13: 0 | EL13: 0 | EM13: 0 | EN13: 0 | EO13: 0.014 | EP13: 0 | EQ13: 0 | ER13: 0 | ES13: 0 | ET13: 0 | EU13: 0 | EV13: 0 | EW13: 0 | EX13: 0 | EY13: 0 | EZ13: 0 | FA13: 0 | FB13: 0 | FC13: 0 | FD13: 0 | FE13: 0 | FF13: 0 | FG13: 0 | FH13: 0 | FI13: 0 | FJ13: 0 | FK13: 0 | FL13: 0 | FM13: 0 | FN13: 0 | FO13: 0 | FP13: 0 | FQ13: 0 | FR13: 0 | FS13: 0 | FT13: 0 | FU13: 0 | FV13: 0 | FW13: 0 | FX13: 0 | FY13: 0 | FZ13: 0 | GA13: 0 | GB13: 0 | GC13: 0 | GD13: 0 | GE13: 0 | GF13: 0 | GG13: 0 | GH13: 0 | GI13: 0 | GJ13: 0 | GK13: 0 | GL13: 0 | GM13: 0 | GN13: 0 | GO13: 0 | GP13: 0 | GQ13: 0 | GR13: 0 | GS13: 0 | GT13: 0 | GU13: 0 | GV13: 0 | GW13: 0 | GX13: 0 | GY13: 0 | GZ13: 0.009 | HA13: 0 | HB13: 0 | HC13: 0 | HD13: 0 | HE13: 0 | HF13: 0 | HG13: 0.008 | HH13: 0
A14: 10 | B14: 4.5 | C14: 0 | D14: 0 | E14: 0 | F14: 0.057 | G14: 0.068 | H14: 0.05 | I14: 0.056 | J14: 0.039 | K14: 0 | L14: 0.04 | M14: 0.023 | N14: 0.127 | O14: 0.036 | P14: 0.182 | Q14: 0 | R14: 0.016 | S14: 0.143 | T14: 0.017 | U14: 0.093 | V14: 0 | W14: 0.093 | X14: 0.073 | Y14: 0.123 | Z14: 0.052 | AA14: 0.158 | AB14: 0.038 | AC14: 0.09 | AD14: 0.063 | AE14: 0 | AF14: 0.074 | AG14: 0.189 | AH14: 0.118 | AI14: 0.123 | AJ14: 0.035 | AK14: 0 | AL14: 0.182 | AM14: 0.184 | AN14: 0.145 | AO14: 0.09 | AP14: 0 | AQ14: 0.181 | AR14: 0.067 | AS14: 0.039 | AT14: 0 | AU14: 0.149 | AV14: 0.068 | AW14: 0.027 | AX14: 0.044 | AY14: 0 | AZ14: 0 | BA14: 0.087 | BB14: 0 | BC14: 0 | BD14: 0.153 | BE14: 0.185 | BF14: 0.028 | BG14: 0.007 | BH14: 0.027 | BI14: 0.049 | BJ14: 0.088 | BK14: 0.068 | BL14: 0 | BM14: 0 | BN14: 0.026 | BO14: 0 | BP14: 0.008 | BQ14: 0.011 | BR14: 0.176 | BS14: 0 | BT14: 0.088 | BU14: 0.032 | BV14: 0.189 | BW14: 0.01 | BX14: 0.086 | BY14: 0 | BZ14: 0.183 | CA14: 0.032 | CB14: 0.12 | CC14: 0.181 | CD14: 0.066 | CE14: 0.051 | CF14: 0.003 | CG14: 0.156 | CH14: 0.046 | CI14: 0.127 | CJ14: 0 | CK14: 0.002 | CL14: 0.12 | CM14: 0 | CN14: 0.091 | CO14: 0 | CP14: 0.121 | CQ14: 0 | CR14: 0.016 | CS14: 0.156 | CT14: 0.181 | CU14: 0.185 | CV14: 0 | CW14: 0 | CX14: 0.177 | CY14: 0.102 | CZ14: 0 | DA14: 0.005 | DB14: 0.02 | DC14: 0.069 | DD14: 0.044 | DE14: 0.086 | DF14: 0 | DG14: 0 | DH14: 0.003 | DI14: 0.073 | DJ14: 0.091 | DK14: 0.003 | DL14: 0 | DM14: 0 | DN14: 0.001 | DO14: 0 | DP14: 0.041 | DQ14: 0.157 | DR14: 0 | DS14: 0 | DT14: 0.004 | DU14: 0 | DV14: 0.023 | DW14: 0.03 | DX14: 0.104 | DY14: 0.085 | DZ14: 0 | EA14: 0.053 | EB14: 0.187 | EC14: 0 | ED14: 0.109 | EE14: 0 | EF14: 0.088 | EG14: 0.088 | EH14: 0.112 | EI14: 0 | EJ14: 0.156 | EK14: 0 | EL14: 0.034 | EM14: 0.014 | EN14: 0 | EO14: 0.054 | EP14: 0.066 | EQ14: 0.046 | ER14: 0.192 | ES14: 0.061 | ET14: 0.119 | EU14: 0 | EV14: 0 | EW14: 0.175 | EX14: 0.083 | EY14: 0.069 | EZ14: 0.102 | FA14: 0.02 | FB14: 0 | FC14: 0 | FD14: 0.124 | FE14: 0.177 | FF14: 0.064 | FG14: 0.176 | FH14: 0.079 | FI14: 0.183 | FJ14: 0.082 | FK14: 0 | FL14: 0.007 | FM14: 0 | FN14: 0.123 | FO14: 0.069 | FP14: 0.109 | FQ14: 0.008 | FR14: 0.089 | FS14: 0.064 | FT14: 0.086 | FU14: 0.022 | FV14: 0 | FW14: 0.116 | FX14: 0.09 | FY14: 0.038 | FZ14: 0.075 | GA14: 0.013 | GB14: 0.039 | GC14: 0.147 | GD14: 0.105 | GE14: 0.173 | GF14: 0 | GG14: 0 | GH14: 0.08 | GI14: 0.181 | GJ14: 0.07 | GK14: 0.015 | GL14: 0 | GM14: 0 | GN14: 0.185 | GO14: 0.058 | GP14: 0.116 | GQ14: 0.025 | GR14: 0.18 | GS14: 0 | GT14: 0.092 | GU14: 0.041 | GV14: 0.041 | GW14: 0.156 | GX14: 0.087 | GY14: 0.018 | GZ14: 0.032 | HA14: 0.081 | HB14: 0 | HC14: 0 | HD14: 0 | HE14: 0.012 | HF14: 0.084 | HG14: 0.161 | HH14: 0.125
A15: 11 | B15: 5 | C15: 0.236 | D15: 0.391 | E15: 0.413 | F15: 0.189 | G15: 0.183 | H15: 0.136 | I15: 0.209 | J15: 0.091 | K15: 0 | L15: 0.332 | M15: 0.288 | N15: 0.164 | O15: 0.122 | P15: 0.41 | Q15: 0.128 | R15: 0.43 | S15: 0.308 | T15: 0 | U15: 0.236 | V15: 0.27 | W15: 0.183 | X15: 0.023 | Y15: 0.295 | Z15: 0.291 | AA15: 0.358 | AB15: 0.124 | AC15: 0.233 | AD15: 0.034 | AE15: 0.369 | AF15: 0.344 | AG15: 0.417 | AH15: 0.29 | AI15: 0.168 | AJ15: 0.343 | AK15: 0 | AL15: 0.278 | AM15: 0.412 | AN15: 0.297 | AO15: 0.233 | AP15: 0.074 | AQ15: 0.257 | AR15: 0.184 | AS15: 0.087 | AT15: 0.408 | AU15: 0.349 | AV15: 0.37 | AW15: 0.199 | AX15: 0.158 | AY15: 0.156 | AZ15: 0.127 | BA15: 0.356 | BB15: 0.067 | BC15: 0 | BD15: 0.319 | BE15: 0.203 | BF15: 0.406 | BG15: 0.399 | BH15: 0.343 | BI15: 0.287 | BJ15: 0.231 | BK15: 0.183 | BL15: 0.12 | BM15: 0.216 | BN15: 0.082 | BO15: 0.118 | BP15: 0 | BQ15: 0.389 | BR15: 0.404 | BS15: 0.061 | BT15: 0.231 | BU15: 0.018 | BV15: 0.417 | BW15: 0.135 | BX15: 0.411 | BY15: 0.061 | BZ15: 0.411 | CA15: 0.09 | CB15: 0.252 | CC15: 0.409 | CD15: 0.181 | CE15: 0.218 | CF15: 0.18 | CG15: 0.281 | CH15: 0.29 | CI15: 0.192 | CJ15: 0.125 | CK15: 0.29 | CL15: 0.209 | CM15: 0.101 | CN15: 0.306 | CO15: 0 | CP15: 0.19 | CQ15: 0.352 | CR15: 0 | CS15: 0.349 | CT15: 0.261 | CU15: 0.413 | CV15: 0.417 | CW15: 0.124 | CX15: 0.405 | CY15: 0.148 | CZ15: 0.268 | DA15: 0.295 | DB15: 0.239 | DC15: 0.316 | DD15: 0 | DE15: 0.353 | DF15: 0 | DG15: 0.235 | DH15: 0.387 | DI15: 0.355 | DJ15: 0.115 | DK15: 0.226 | DL15: 0.177 | DM15: 0.41 | DN15: 0.209 | DO15: 0.057 | DP15: 0.296 | DQ15: 0.287 | DR15: 0.176 | DS15: 0.296 | DT15: 0.385 | DU15: 0 | DV15: 0 | DW15: 0.412 | DX15: 0.144 | DY15: 0.256 | DZ15: 0 | EA15: 0.18 | EB15: 0.415 | EC15: 0.256 | ED15: 0.241 | EE15: 0.346 | EF15: 0.303 | EG15: 0.421 | EH15: 0.409 | EI15: 0.226 | EJ15: 0.356 | EK15: 0.086 | EL15: 0.353 | EM15: 0.006 | EN15: 0.111 | EO15: 0.419 | EP15: 0.162 | EQ15: 0.132 | ER15: 0.307 | ES15: 0.176 | ET15: 0.298 | EU15: 0.281 | EV15: 0.152 | EW15: 0.261 | EX15: 0.23 | EY15: 0.178 | EZ15: 0.29 | FA15: 0.061 | FB15: 0.082 | FC15: 0.342 | FD15: 0.081 | FE15: 0.405 | FF15: 0.179 | FG15: 0.257 | FH15: 0.194 | FI15: 0.368 | FJ15: 0.297 | FK15: 0.29 | FL15: 0.21 | FM15: 0.149 | FN15: 0.173 | FO15: 0 | FP15: 0.252 | FQ15: 0.296 | FR15: 0.232 | FS15: 0 | FT15: 0.229 | FU15: 0.061 | FV15: 0 | FW15: 0.288 | FX15: 0.356 | FY15: 0.044 | FZ15: 0.351 | GA15: 0.169 | GB15: 0.414 | GC15: 0.241 | GD15: 0.189 | GE15: 0.401 | GF15: 0.018 | GG15: 0.086 | GH15: 0.237 | GI15: 0.409 | GJ15: 0.017 | GK15: 0.086 | GL15: 0.16 | GM15: 0.054 | GN15: 0.413 | GO15: 0.403 | GP15: 0.23 | GQ15: 0.31 | GR15: 0.408 | GS15: 0.182 | GT15: 0.235 | GU15: 0.195 | GV15: 0.241 | GW15: 0.154 | GX15: 0.258 | GY15: 0.22 | GZ15: 0.42 | HA15: 0.242 | HB15: 0.158 | HC15: 0.156 | HD15: 0.393 | HE15: 0.189 | HF15: 0.356 | HG15: 0.218 | HH15: 0.297
A16: 12 | B16: 5.5 | C16: 0.412 | D16: 0.592 | E16: 0.579 | F16: 0.19 | G16: 0.323 | H16: 0.241 | I16: 0.347 | J16: 0.154 | K16: 0 | L16: 0.687 | M16: 0.503 | N16: 0.509 | O16: 0.227 | P16: 0.691 | Q16: 0 | R16: 0.595 | S16: 0.562 | T16: 0.231 | U16: 0.272 | V16: 0.501 | W16: 0.332 | X16: 0.232 | Y16: 0.362 | Z16: 0.476 | AA16: 0.603 | AB16: 0.229 | AC16: 0.409 | AD16: 0.311 | AE16: 0.596 | AF16: 0.554 | AG16: 0.698 | AH16: 0.5 | AI16: 0.572 | AJ16: 0.634 | AK16: 0.106 | AL16: 0.691 | AM16: 0.693 | AN16: 0.7 | AO16: 0.409 | AP16: 0.229 | AQ16: 0.589 | AR16: 0.19 | AS16: 0.153 | AT16: 0.511 | AU16: 0.594 | AV16: 0.573 | AW16: 0.497 | AX16: 0.17 | AY16: 0.192 | AZ16: 0.351 | BA16: 0.601 | BB16: 0.327 | BC16: 0.124 | BD16: 0.556 | BE16: 0.62 | BF16: 0.687 | BG16: 0.639 | BH16: 0.639 | BI16: 0.497 | BJ16: 0.407 | BK16: 0.323 | BL16: 0.23 | BM16: 0.693 | BN16: 0.042 | BO16: 0.122 | BP16: 0.226 | BQ16: 0.565 | BR16: 0.685 | BS16: 0.252 | BT16: 0.407 | BU16: 0.223 | BV16: 0.582 | BW16: 0.321 | BX16: 0.671 | BY16: 0.129 | BZ16: 0.611 | CA16: 0.291 | CB16: 0.453 | CC16: 0.69 | CD16: 0.172 | CE16: 0.406 | CF16: 0.07 | CG16: 0.662 | CH16: 0.605 | CI16: 0.322 | CJ16: 0.073 | CK16: 0.492 | CL16: 0.458 | CM16: 0.216 | CN16: 0.597 | CO16: 0.077 | CP16: 0.444 | CQ16: 0.597 | CR16: 0.029 | CS16: 0.6 | CT16: 0.69 | CU16: 0.694 | CV16: 0.585 | CW16: 0.04 | CX16: 0.686 | CY16: 0.489 | CZ16: 0.549 | DA16: 0.353 | DB16: 0.415 | DC16: 0.51 | DD16: 0.149 | DE16: 0.692 | DF16: 0.148 | DG16: 0.503 | DH16: 0.393 | DI16: 0.6 | DJ16: 0.505 | DK16: 0.257 | DL16: 0.27 | DM16: 0.659 | DN16: 0.372 | DO16: 0.414 | DP16: 0.442 | DQ16: 0.422 | DR16: 0.138 | DS16: 0.448 | DT16: 0.52 | DU16: 0.23 | DV16: 0.227 | DW16: 0.597 | DX16: 0.375 | DY16: 0.597 | DZ16: 0.143 | EA16: 0.448 | EB16: 0.696 | EC16: 0.511 | ED16: 0.596 | EE16: 0.584 | EF16: 0.593 | EG16: 0.499 | EH16: 0.587 | EI16: 0.496 | EJ16: 0.439 | EK16: 0.14 | EL16: 0.52 | EM16: 0.375 | EN16: 0.326 | EO16: 0.611 | EP16: 0.205 | EQ16: 0.237 | ER16: 0.676 | ES16: 0.068 | ET16: 0.632 | EU16: 0.266 | EV16: 0.506 | EW16: 0.613 | EX16: 0.406 | EY16: 0.326 | EZ16: 0.46 | FA16: 0.228 | FB16: 0.299 | FC16: 0.505 | FD16: 0.506 | FE16: 0.686 | FF16: 0.319 | FG16: 0.684 | FH16: 0.334 | FI16: 0.566 | FJ16: 0.42 | FK16: 0.264 | FL16: 0.145 | FM16: 0.411 | FN16: 0.448 | FO16: 0 | FP16: 0.428 | FQ16: 0.372 | FR16: 0.356 | FS16: 0.344 | FT16: 0.405 | FU16: 0.244 | FV16: 0.133 | FW16: 0.498 | FX16: 0.355 | FY16: 0.195 | FZ16: 0.526 | GA16: 0.397 | GB16: 0.6 | GC16: 0.587 | GD16: 0.4 | GE16: 0.574 | GF16: 0.039 | GG16: 0.321 | GH16: 0.413 | GI16: 0.69 | GJ16: 0.316 | GK16: 0.32 | GL16: 0.137 | GM16: 0.235 | GN16: 0.525 | GO16: 0.616 | GP16: 0.605 | GQ16: 0.343 | GR16: 0.566 | GS16: 0.602 | GT16: 0.411 | GU16: 0.322 | GV16: 0.365 | GW16: 0.693 | GX16: 0.499 | GY16: 0.5 | GZ16: 0.607 | HA16: 0.509 | HB16: 0.455 | HC16: 0.241 | HD16: 0.44 | HE16: 0.364 | HF16: 0.528 | HG16: 0.7 | HH16: 0.507
... A52: 48 | B52: 23.5 | C52: 0 | D52: 0 | E52: 0 | F52: 0 | G52: 0 | H52: 0 | I52: 0 | J52: 0 | K52: 0 | L52: 0 | M52: 0 | N52: 0 | O52: 0 | P52: 0 | Q52: 0 | R52: 0 | S52: 0 | T52: 0 | U52: 0 | V52: 0 | W52: 0 | X52: 0 | Y52: 0 | Z52: 0 | AA52: 0 | AB52: 0 | AC52: 0 | AD52: 0 | AE52: 0 | AF52: 0 | AG52: 0 | AH52: 0 | AI52: 0 | AJ52: 0 | AK52: 0 | AL52: 0 | AM52: 0 | AN52: 0 | AO52: 0 | AP52: 0 | AQ52: 0 | AR52: 0 | AS52: 0 | AT52: 0 | AU52: 0 | AV52: 0 | AW52: 0 | AX52: 0 | AY52: 0 | AZ52: 0 | BA52: 0 | BB52: 0 | BC52: 0 | BD52: 0 | BE52: 0 | BF52: 0 | BG52: 0 | BH52: 0 | BI52: 0 | BJ52: 0 | BK52: 0 | BL52: 0 | BM52: 0 | BN52: 0 | BO52: 0 | BP52: 0 | BQ52: 0 | BR52: 0 | BS52: 0 | BT52: 0 | BU52: 0 | BV52: 0 | BW52: 0 | BX52: 0 | BY52: 0 | BZ52: 0 | CA52: 0 | CB52: 0 | CC52: 0 | CD52: 0 | CE52: 0 | CF52: 0 | CG52: 0 | CH52: 0 | CI52: 0 | CJ52: 0 | CK52: 0 | CL52: 0 | CM52: 0 | CN52: 0 | CO52: 0 | CP52: 0 | CQ52: 0 | CR52: 0 | CS52: 0 | CT52: 0 | CU52: 0 | CV52: 0 | CW52: 0 | CX52: 0 | CY52: 0 | CZ52: 0 | DA52: 0 | DB52: 0 | DC52: 0 | DD52: 0 | DE52: 0 | DF52: 0 | DG52: 0 | DH52: 0 | DI52: 0 | DJ52: 0 | DK52: 0 | DL52: 0 | DM52: 0 | DN52: 0 | DO52: 0 | DP52: 0 | DQ52: 0 | DR52: 0 | DS52: 0 | DT52: 0 | DU52: 0 | DV52: 0 | DW52: 0 | DX52: 0 | DY52: 0 | DZ52: 0 | EA52: 0 | EB52: 0 | EC52: 0 | ED52: 0 | EE52: 0 | EF52: 0 | EG52: 0 | EH52: 0 | EI52: 0 | EJ52: 0 | EK52: 0 | EL52: 0 | EM52: 0 | EN52: 0 | EO52: 0 | EP52: 0 | EQ52: 0 | ER52: 0 | ES52: 0 | ET52: 0 | EU52: 0 | EV52: 0 | EW52: 0 | EX52: 0 | EY52: 0 | EZ52: 0 | FA52: 0 | FB52: 0 | FC52: 0 | FD52: 0 | FE52: 0 | FF52: 0 | FG52: 0 | FH52: 0 | FI52: 0 | FJ52: 0 | FK52: 0 | FL52: 0 | FM52: 0 | FN52: 0 | FO52: 0 | FP52: 0 | FQ52: 0 | FR52: 0 | FS52: 0 | FT52: 0 | FU52: 0 | FV52: 0 | FW52: 0 | FX52: 0 | FY52: 0 | FZ52: 0 | GA52: 0 | GB52: 0 | GC52: 0 | GD52: 0 | GE52: 0 | GF52: 0 | GG52: 0 | GH52: 0 | GI52: 0 | GJ52: 0 | GK52: 0 | GL52: 0 | GM52: 0 | GN52: 0 | GO52: 0 | GP52: 0 | GQ52: 0 | GR52: 0 | GS52: 0 | GT52: 0 | GU52: 0 | GV52: 0 | GW52: 0 | GX52: 0 | GY52: 0 | GZ52: 0 | HA52: 0 | HB52: 0 | HC52: 0 | HD52: 0 | HE52: 0 | HF52: 0 | HG52: 0 | HH52: 0

Sheet 6. Raw batt discharge
A1: Raw batt discharge
A2: Verbatim copy of Discharge_kW (TR5_analysis_data.xlsx). One row per half-hour, one column per battery (kW).
A4: period | B4: hour | C4: BES_TR5_one38_B | D4: BES_TR5_one195_C | E4: BES_TR5_one195_dup_C | F4: BES_TR5_one235_A | G4: BES_TR5_one235_dup_A | H4: BES_TR5_one242_dup_B | I4: BES_TR5_one252_C | J4: BES_TR5_one252_dup_C | K4: BES_TR5_one260_dup_C | L4: BES_TR5_one280_A | M4: BES_TR5_one287_B | N4: BES_TR5_one299_B | O4: BES_TR5_one299_dup_B | P4: BES_TR5_one313_A | Q4: BES_TR5_one313_dup_A | R4: BES_TR5_one42_B | S4: BES_TR5_one320_B | T4: BES_TR5_one321_C | U4: BES_TR5_one328_A | V4: BES_TR5_one345_dup_A | W4: BES_TR5_one346_C | X4: BES_TR5_one366_dup_B | Y4: BES_TR5_one375_C | Z4: BES_TR5_one375_dup_C | AA4: BES_TR5_one410_B | AB4: BES_TR5_one410_dup_B | AC4: BES_TR5_one50_A | AD4: BES_TR5_one416_C | AE4: BES_TR5_one416_dup_C | AF4: BES_TR5_one423_dup_B | AG4: BES_TR5_one446_dup_B | AH4: BES_TR5_one469_A | AI4: BES_TR5_one477_A | AJ4: BES_TR5_one477_dup_A | AK4: BES_TR5_one480_A | AL4: BES_TR5_one480_dup_A | AM4: BES_TR5_one521_dup_C | AN4: BES_TR5_one528_C | AO4: BES_TR5_one528_dup_C | AP4: BES_TR5_one61_dup_A | AQ4: BES_TR5_one544_A | AR4: BES_TR5_one544_dup_A | AS4: BES_TR5_one559_C | AT4: BES_TR5_one590_A | AU4: BES_TR5_one590_dup_A | AV4: BES_TR5_one605_A | AW4: BES_TR5_one605_dup_A | AX4: BES_TR5_one614_B | AY4: BES_TR5_one617_dup_A | AZ4: BES_TR5_one73_A | BA4: BES_TR5_one73_dup_A | BB4: BES_TR5_one76_A | BC4: BES_TR5_one133_A | BD4: BES_TR5_one137_A | BE4: BES_TR5_one176_A | BF4: BES_TR5_four1252_C | BG4: BES_TR5_four171_A | BH4: BES_TR5_four180_A | BI4: BES_TR5_four184_B | BJ4: BES_TR5_four200_A | BK4: BES_TR5_four239_A | BL4: BES_TR5_four259_B | BM4: BES_TR5_four54_C | BN4: BES_TR5_four279_B | BO4: BES_TR5_four288_B | BP4: BES_TR5_four301_C | BQ4: BES_TR5_four326_A | BR4: BES_TR5_four352_A | BS4: BES_TR5_four354_B | BT4: BES_TR5_four358_C | BU4: BES_TR5_four381_A | BV4: BES_TR5_four385_A | BW4: BES_TR5_four396_B | BX4: BES_TR5_four423_C | BY4: BES_TR5_four446_B | BZ4: BES_TR5_four451_C | CA4: BES_TR5_four532_A | CB4: BES_TR5_four548_B | CC4: BES_TR5_four553_B | CD4: BES_TR5_four562_C | CE4: BES_TR5_four70_B | CF4: BES_TR5_four659_B | CG4: BES_TR5_four675_C | CH4: BES_TR5_four704_B | CI4: BES_TR5_four710_C | CJ4: BES_TR5_four734_A | CK4: BES_TR5_four763_A | CL4: BES_TR5_four797_C | CM4: BES_TR5_four840_A | CN4: BES_TR5_four854_A | CO4: BES_TR5_four926_B | CP4: BES_TR5_four958_C | CQ4: BES_TR5_four1027_A | CR4: BES_TR5_four1063_C | CS4: BES_TR5_four1091_B | CT4: BES_TR5_four1103_C | CU4: BES_TR5_four1132_C | CV4: BES_TR5_four1140_A | CW4: BES_TR5_four126_A | CX4: BES_TR5_four1187_A | CY4: BES_TR5_four1207_B | CZ4: BES_TR5_four1216_C | DA4: BES_TR5_four1220_C | DB4: BES_TR5_four1226_A | DC4: BES_TR5_four1244_B | DD4: BES_TR5_five58_dup_C | DE4: BES_TR5_five147_dup_C | DF4: BES_TR5_five149_A | DG4: BES_TR5_five149_dup_A | DH4: BES_TR5_five160_C | DI4: BES_TR5_five160_dup_C | DJ4: BES_TR5_five168_A | DK4: BES_TR5_five170_A | DL4: BES_TR5_five177_A | DM4: BES_TR5_five194_C | DN4: BES_TR5_five194_dup_C | DO4: BES_TR5_five220_C | DP4: BES_TR5_five220_dup_C | DQ4: BES_TR5_five223_dup_A | DR4: BES_TR5_five242_dup_A | DS4: BES_TR5_five243_dup_B | DT4: BES_TR5_five284_C | DU4: BES_TR5_five284_dup_C | DV4: BES_TR5_five285_B | DW4: BES_TR5_five309_C | DX4: BES_TR5_five324_B | DY4: BES_TR5_five345_A | DZ4: BES_TR5_five355_A | EA4: BES_TR5_five78_dup_A | EB4: BES_TR5_five394_C | EC4: BES_TR5_five421_A | ED4: BES_TR5_five421_dup_A | EE4: BES_TR5_five457_B | EF4: BES_TR5_five457_dup_B | EG4: BES_TR5_five466_A | EH4: BES_TR5_five472_dup_A | EI4: BES_TR5_five488_B | EJ4: BES_TR5_five488_dup_B | EK4: BES_TR5_five494_dup_B | EL4: BES_TR5_five512_A | EM4: BES_TR5_five513_dup_B | EN4: BES_TR5_five537_C | EO4: BES_TR5_five537_dup_C | EP4: BES_TR5_five540_A | EQ4: BES_TR5_five545_dup_B | ER4: BES_TR5_five585_dup_A | ES4: BES_TR5_five588_dup_A | ET4: BES_TR5_five108_B | EU4: BES_TR5_five108_dup_B | EV4: BES_TR5_five663_C | EW4: BES_TR5_five663_dup_C | EX4: BES_TR5_five670_C | EY4: BES_TR5_five670_dup_C | EZ4: BES_TR5_five685_dup_B | FA4: BES_TR5_five695_dup_A | FB4: BES_TR5_five704_dup_A | FC4: BES_TR5_five719_A | FD4: BES_TR5_five719_dup_A | FE4: BES_TR5_five735_A | FF4: BES_TR5_five748_dup_B | FG4: BES_TR5_five117_dup_B | FH4: BES_TR5_five750_B | FI4: BES_TR5_five750_dup_B | FJ4: BES_TR5_five778_dup_B | FK4: BES_TR5_five793_A | FL4: BES_TR5_five793_dup_A | FM4: BES_TR5_five799_dup_C | FN4: BES_TR5_five801_dup_C | FO4: BES_TR5_five118_B | FP4: BES_TR5_six64_A | FQ4: BES_TR5_six173_C | FR4: BES_TR5_six186_A | FS4: BES_TR5_six203_A | FT4: BES_TR5_six238_A | FU4: BES_TR5_six249_B | FV4: BES_TR5_six254_B | FW4: BES_TR5_six68_C | FX4: BES_TR5_six317_C | FY4: BES_TR5_six326_A | FZ4: BES_TR5_six342_A | GA4: BES_TR5_six350_B | GB4: BES_TR5_six75_A | GC4: BES_TR5_six385_B | GD4: BES_TR5_six387_A | GE4: BES_TR5_six392_C | GF4: BES_TR5_six431_C | GG4: BES_TR5_six441_A | GH4: BES_TR5_six512_B | GI4: BES_TR5_six518_B | GJ4: BES_TR5_six523_C | GK4: BES_TR5_six534_B | GL4: BES_TR5_six591_C | GM4: BES_TR5_six595_B | GN4: BES_TR5_six643_A | GO4: BES_TR5_six646_B | GP4: BES_TR5_six651_C | GQ4: BES_TR5_six87_A | GR4: BES_TR5_six665_B | GS4: BES_TR5_six718_C | GT4: BES_TR5_six721_A | GU4: BES_TR5_six723_B | GV4: BES_TR5_six740_A | GW4: BES_TR5_six799_B | GX4: BES_TR5_six807_A | GY4: BES_TR5_six852_B | GZ4: BES_TR5_six860_C | HA4: BES_TR5_six885_A | HB4: BES_TR5_six909_C | HC4: BES_TR5_six921_B | HD4: BES_TR5_six929_A | HE4: BES_TR5_six952_A | HF4: BES_TR5_six967_B | HG4: BES_TR5_six111_C | HH4: BES_TR5_six1006_C
A5: 1 | B5: 0 | C5: 0.236 | D5: 0.758 | E5: 0.171 | F5: 0.29 | G5: 0.122 | H5: 0.38 | I5: 0.056 | J5: 0.162 | K5: 0.049 | L5: 0.279 | M5: 0.7 | N5: 0.162 | O5: 0.156 | P5: 0.051 | Q5: 0.193 | R5: 0.045 | S5: 0.145 | T5: 0.167 | U5: 0.096 | V5: 0.733 | W5: 0.185 | X5: 0.389 | Y5: 0.051 | Z5: 0.083 | AA5: 0.046 | AB5: 0.142 | AC5: 0.604 | AD5: 0.114 | AE5: 0.084 | AF5: 2.027 | AG5: 0.347 | AH5: 0.51 | AI5: 0.153 | AJ5: 0.13 | AK5: 0.592 | AL5: 0.051 | AM5: 0.049 | AN5: 0.684 | AO5: 0.133 | AP5: 0.049 | AQ5: 0.261 | AR5: 0.13 | AS5: 0.122 | AT5: 0.083 | AU5: 0.139 | AV5: 0.191 | AW5: 0.059 | AX5: 0.397 | AY5: 0.065 | AZ5: 0.799 | BA5: 0.048 | BB5: 0.258 | BC5: 0.051 | BD5: 0.102 | BE5: 0.148 | BF5: 0.055 | BG5: 0.939 | BH5: 0.533 | BI5: 0.059 | BJ5: 0.794 | BK5: 0.048 | BL5: 0.233 | BM5: 2.391 | BN5: 0.249 | BO5: 0.462 | BP5: 0.3 | BQ5: 0.246 | BR5: 0.057 | BS5: 0.151 | BT5: 0.057 | BU5: 0.155 | BV5: 0.105 | BW5: 0.05 | BX5: 0.05 | BY5: 0.05 | BZ5: 0.05 | CA5: 0.11 | CB5: 1.059 | CC5: 0.052 | CD5: 0.231 | CE5: 0.145 | CF5: 0.051 | CG5: 0.864 | CH5: 0.333 | CI5: 0.041 | CJ5: 0.048 | CK5: 0.589 | CL5: 0.054 | CM5: 0.155 | CN5: 1.341 | CO5: 0.166 | CP5: 0.376 | CQ5: 0.209 | CR5: 0.25 | CS5: 0.048 | CT5: 0.174 | CU5: 0.048 | CV5: 0.044 | CW5: 0.238 | CX5: 0.056 | CY5: 0.146 | CZ5: 0.134 | DA5: 0.051 | DB5: 0.049 | DC5: 0.244 | DD5: 0.198 | DE5: 0.202 | DF5: 0.275 | DG5: 0.441 | DH5: 0.201 | DI5: 0.049 | DJ5: 0.083 | DK5: 0.257 | DL5: 0.112 | DM5: 0.178 | DN5: 0.06 | DO5: 0.098 | DP5: 0.059 | DQ5: 0.055 | DR5: 0.15 | DS5: 0.193 | DT5: 0.106 | DU5: 0.168 | DV5: 0.2 | DW5: 0.115 | DX5: 0.041 | DY5: 0.41 | DZ5: 0.212 | EA5: 0.146 | EB5: 0.046 | EC5: 0.074 | ED5: 0.101 | EE5: 0.104 | EF5: 0.056 | EG5: 0.236 | EH5: 0.965 | EI5: 0.325 | EJ5: 0.048 | EK5: 0.061 | EL5: 0.179 | EM5: 0.048 | EN5: 0.209 | EO5: 0.036 | EP5: 0.05 | EQ5: 0.113 | ER5: 0.179 | ES5: 0.055 | ET5: 0.687 | EU5: 0.234 | EV5: 0.075 | EW5: 0.121 | EX5: 0.741 | EY5: 0.165 | EZ5: 0.098 | FA5: 0.163 | FB5: 0.839 | FC5: 0.187 | FD5: 0.338 | FE5: 0.109 | FF5: 0.052 | FG5: 0.057 | FH5: 0.295 | FI5: 0.644 | FJ5: 0.126 | FK5: 0.234 | FL5: 0.325 | FM5: 0.082 | FN5: 0.051 | FO5: 0.047 | FP5: 0.045 | FQ5: 0.221 | FR5: 0.192 | FS5: 0.153 | FT5: 0.059 | FU5: 0.239 | FV5: 0.332 | FW5: 0.058 | FX5: 0.088 | FY5: 0.453 | FZ5: 0.058 | GA5: 0.153 | GB5: 0.047 | GC5: 0.504 | GD5: 0.04 | GE5: 0.06 | GF5: 0.243 | GG5: 0.489 | GH5: 0.268 | GI5: 0.052 | GJ5: 0.122 | GK5: 0.188 | GL5: 0.169 | GM5: 0.043 | GN5: 0.102 | GO5: 0.198 | GP5: 0.108 | GQ5: 0.036 | GR5: 0.053 | GS5: 0.156 | GT5: 0.053 | GU5: 0.047 | GV5: 0.136 | GW5: 0.13 | GX5: 0.124 | GY5: 0.056 | GZ5: 0.041 | HA5: 0.119 | HB5: 0.254 | HC5: 0.158 | HD5: 0.15 | HE5: 0.966 | HF5: 0.058 | HG5: 0.09 | HH5: 0.049
A6: 2 | B6: 0.5 | C6: 0.052 | D6: 0.628 | E6: 0.188 | F6: 0.06 | G6: 0.048 | H6: 0.037 | I6: 0.291 | J6: 0.195 | K6: 0.4 | L6: 0.12 | M6: 0.598 | N6: 0.067 | O6: 0.102 | P6: 0.051 | Q6: 0.137 | R6: 0.085 | S6: 0.041 | T6: 0.29 | U6: 0.169 | V6: 0.055 | W6: 0.052 | X6: 0.036 | Y6: 0.426 | Z6: 0.3 | AA6: 0.046 | AB6: 0.049 | AC6: 0.478 | AD6: 0.053 | AE6: 0.198 | AF6: 0.364 | AG6: 0.273 | AH6: 0.056 | AI6: 0.19 | AJ6: 0.096 | AK6: 0.374 | AL6: 0.183 | AM6: 0.049 | AN6: 0.042 | AO6: 0.055 | AP6: 0.124 | AQ6: 0.089 | AR6: 0.235 | AS6: 0.343 | AT6: 0.245 | AU6: 0.07 | AV6: 0.157 | AW6: 0.059 | AX6: 0.048 | AY6: 0.092 | AZ6: 0.318 | BA6: 0.098 | BB6: 0.058 | BC6: 0.107 | BD6: 0.077 | BE6: 0.102 | BF6: 0.17 | BG6: 0.803 | BH6: 0.463 | BI6: 0.114 | BJ6: 0.057 | BK6: 0.048 | BL6: 0.314 | BM6: 0 | BN6: 0.076 | BO6: 0.533 | BP6: 0.052 | BQ6: 0.143 | BR6: 0.057 | BS6: 0.236 | BT6: 0.057 | BU6: 0.055 | BV6: 0.105 | BW6: 0.132 | BX6: 0.133 | BY6: 0.222 | BZ6: 0.141 | CA6: 0.189 | CB6: 0.818 | CC6: 0.052 | CD6: 0.05 | CE6: 0.046 | CF6: 0.126 | CG6: 0.103 | CH6: 0.11 | CI6: 0.213 | CJ6: 0.127 | CK6: 0.579 | CL6: 0.054 | CM6: 0.158 | CN6: 1.05 | CO6: 0.151 | CP6: 0.91 | CQ6: 0.052 | CR6: 0.081 | CS6: 0.048 | CT6: 0.079 | CU6: 0.048 | CV6: 0.044 | CW6: 0.165 | CX6: 0.056 | CY6: 0.14 | CZ6: 0.194 | DA6: 0.1 | DB6: 0.049 | DC6: 0.34 | DD6: 0.23 | DE6: 0.064 | DF6: 0.058 | DG6: 0.643 | DH6: 0.209 | DI6: 0.13 | DJ6: 0.076 | DK6: 0.134 | DL6: 0.195 | DM6: 0.201 | DN6: 0.04 | DO6: 0.043 | DP6: 0.124 | DQ6: 0.115 | DR6: 0.177 | DS6: 0.05 | DT6: 0.169 | DU6: 0.153 | DV6: 0.051 | DW6: 0.444 | DX6: 0.192 | DY6: 0.177 | DZ6: 0.105 | EA6: 0.125 | EB6: 0.046 | EC6: 0.267 | ED6: 0.156 | EE6: 0.165 | EF6: 0.214 | EG6: 0.179 | EH6: 0.917 | EI6: 0.481 | EJ6: 0.063 | EK6: 0.134 | EL6: 0.12 | EM6: 0.048 | EN6: 0.076 | EO6: 0.186 | EP6: 0.184 | EQ6: 0.041 | ER6: 0.041 | ES6: 0.168 | ET6: 0.076 | EU6: 0.052 | EV6: 0.15 | EW6: 0.051 | EX6: 0.12 | EY6: 0.049 | EZ6: 0.505 | FA6: 0.081 | FB6: 0.965 | FC6: 0.172 | FD6: 0.225 | FE6: 0.056 | FF6: 0.052 | FG6: 0.057 | FH6: 0.037 | FI6: 0.55 | FJ6: 0.059 | FK6: 0.11 | FL6: 0.051 | FM6: 0.183 | FN6: 0.165 | FO6: 0.063 | FP6: 0.547 | FQ6: 0.353 | FR6: 0.123 | FS6: 0.268 | FT6: 0.059 | FU6: 0.286 | FV6: 0.181 | FW6: 0.154 | FX6: 0.248 | FY6: 0.721 | FZ6: 0.215 | GA6: 0.1 | GB6: 0.113 | GC6: 0.255 | GD6: 0.04 | GE6: 0.06 | GF6: 0.166 | GG6: 0.562 | GH6: 0.051 | GI6: 0.052 | GJ6: 0.099 | GK6: 0.093 | GL6: 0.058 | GM6: 0.2 | GN6: 0.048 | GO6: 0.104 | GP6: 0.218 | GQ6: 0.157 | GR6: 0.176 | GS6: 0.269 | GT6: 0.053 | GU6: 0.101 | GV6: 0.118 | GW6: 0.249 | GX6: 0.111 | GY6: 0.226 | GZ6: 0.201 | HA6: 0.047 | HB6: 0.057 | HC6: 0.121 | HD6: 0.252 | HE6: 0.709 | HF6: 0.15 | HG6: 0.225 | HH6: 0.049
A7: 3 | B7: 1 | C7: 0.16 | D7: 0.777 | E7: 0.115 | F7: 0.361 | G7: 0.122 | H7: 0.037 | I7: 0.056 | J7: 0.056 | K7: 0.098 | L7: 0.166 | M7: 0.702 | N7: 0.122 | O7: 0.078 | P7: 0.051 | Q7: 0.045 | R7: 0.168 | S7: 0.216 | T7: 0.126 | U7: 0.052 | V7: 0.055 | W7: 0.138 | X7: 0.066 | Y7: 0.402 | Z7: 0.12 | AA7: 0.046 | AB7: 0.049 | AC7: 0.055 | AD7: 0.155 | AE7: 0.129 | AF7: 0 | AG7: 0.044 | AH7: 0.056 | AI7: 0.051 | AJ7: 0.166 | AK7: 0.448 | AL7: 0.051 | AM7: 0.049 | AN7: 0.175 | AO7: 0.072 | AP7: 0.09 | AQ7: 0.084 | AR7: 0.111 | AS7: 0.049 | AT7: 0.198 | AU7: 0.055 | AV7: 0.041 | AW7: 0.236 | AX7: 0.225 | AY7: 0.274 | AZ7: 0.263 | BA7: 0.135 | BB7: 0.236 | BC7: 0.097 | BD7: 0.051 | BE7: 0.235 | BF7: 0.089 | BG7: 0.649 | BH7: 0.093 | BI7: 0.27 | BJ7: 0.057 | BK7: 0.048 | BL7: 0.06 | BM7: 0 | BN7: 0.214 | BO7: 0.216 | BP7: 0.052 | BQ7: 0.056 | BR7: 0.057 | BS7: 0.069 | BT7: 0.057 | BU7: 0.055 | BV7: 0.044 | BW7: 0.07 | BX7: 0.092 | BY7: 0.172 | BZ7: 0.05 | CA7: 0.055 | CB7: 0.054 | CC7: 0.052 | CD7: 0.05 | CE7: 0.046 | CF7: 0.219 | CG7: 0.177 | CH7: 0.13 | CI7: 0.175 | CJ7: 0.127 | CK7: 0.751 | CL7: 0.06 | CM7: 0.16 | CN7: 0 | CO7: 0.064 | CP7: 1.104 | CQ7: 0.052 | CR7: 0.057 | CS7: 0.199 | CT7: 0.072 | CU7: 0.048 | CV7: 0.044 | CW7: 0.133 | CX7: 0.056 | CY7: 0.146 | CZ7: 0.079 | DA7: 0.155 | DB7: 0.125 | DC7: 0.335 | DD7: 0.252 | DE7: 0.189 | DF7: 0.324 | DG7: 0.665 | DH7: 0.05 | DI7: 0.049 | DJ7: 0.09 | DK7: 0.227 | DL7: 0.059 | DM7: 0.091 | DN7: 0.04 | DO7: 0.292 | DP7: 0.05 | DQ7: 0.196 | DR7: 0.213 | DS7: 0.05 | DT7: 0.134 | DU7: 0.258 | DV7: 0.105 | DW7: 0.358 | DX7: 0.041 | DY7: 0.089 | DZ7: 0.344 | EA7: 0.145 | EB7: 0.046 | EC7: 0.06 | ED7: 0.053 | EE7: 0.05 | EF7: 0.071 | EG7: 0.28 | EH7: 0.408 | EI7: 0.113 | EJ7: 0.196 | EK7: 0.226 | EL7: 0.087 | EM7: 0.299 | EN7: 0.077 | EO7: 0.036 | EP7: 0.05 | EQ7: 0.041 | ER7: 0.148 | ES7: 0.061 | ET7: 0.086 | EU7: 0.248 | EV7: 0.05 | EW7: 0.184 | EX7: 0.058 | EY7: 0.186 | EZ7: 0.35 | FA7: 0.275 | FB7: 0.297 | FC7: 0.141 | FD7: 0.05 | FE7: 0.056 | FF7: 0.052 | FG7: 0.163 | FH7: 0.037 | FI7: 0.125 | FJ7: 0.093 | FK7: 0.176 | FL7: 0.073 | FM7: 0.053 | FN7: 0.116 | FO7: 0.103 | FP7: 0.036 | FQ7: 0.05 | FR7: 0.056 | FS7: 0.084 | FT7: 0.247 | FU7: 0.362 | FV7: 0.116 | FW7: 0.058 | FX7: 0.216 | FY7: 0.049 | FZ7: 0.14 | GA7: 0.054 | GB7: 0.223 | GC7: 0.074 | GD7: 0.28 | GE7: 0.076 | GF7: 0.118 | GG7: 0.221 | GH7: 0.065 | GI7: 0.052 | GJ7: 0.072 | GK7: 0.079 | GL7: 0.425 | GM7: 0.181 | GN7: 0.048 | GO7: 0.108 | GP7: 0.151 | GQ7: 0.093 | GR7: 0.053 | GS7: 0.047 | GT7: 0.053 | GU7: 0.143 | GV7: 0.1 | GW7: 0.049 | GX7: 0.228 | GY7: 0.056 | GZ7: 0.041 | HA7: 0.15 | HB7: 0.229 | HC7: 0.084 | HD7: 0.13 | HE7: 0.716 | HF7: 0.169 | HG7: 0.042 | HH7: 0.049
A8: 4 | B8: 1.5 | C8: 0.127 | D8: 0.228 | E8: 0.115 | F8: 0.039 | G8: 0.048 | H8: 0.037 | I8: 0.056 | J8: 0.262 | K8: 0.162 | L8: 0.219 | M8: 0.351 | N8: 0.108 | O8: 0.051 | P8: 0.051 | Q8: 0.195 | R8: 0.031 | S8: 0.118 | T8: 0.175 | U8: 0.052 | V8: 0.21 | W8: 0.098 | X8: 0.28 | Y8: 0.347 | Z8: 0.186 | AA8: 0.046 | AB8: 0.049 | AC8: 0.055 | AD8: 0.101 | AE8: 0.062 | AF8: 0 | AG8: 0.044 | AH8: 0.056 | AI8: 0.248 | AJ8: 0.081 | AK8: 0.207 | AL8: 0.051 | AM8: 0.049 | AN8: 1.147 | AO8: 0.116 | AP8: 0.049 | AQ8: 0.103 | AR8: 0.15 | AS8: 0.086 | AT8: 0.237 | AU8: 0.129 | AV8: 0.257 | AW8: 0.059 | AX8: 0.048 | AY8: 0.045 | AZ8: 0.201 | BA8: 0.06 | BB8: 0.08 | BC8: 0.077 | BD8: 0.051 | BE8: 0.095 | BF8: 0.13 | BG8: 0 | BH8: 0.235 | BI8: 0.075 | BJ8: 0.057 | BK8: 0.048 | BL8: 0.256 | BM8: 0 | BN8: 0.117 | BO8: 0.176 | BP8: 0.192 | BQ8: 0.371 | BR8: 0.057 | BS8: 0.167 | BT8: 0.057 | BU8: 0.155 | BV8: 0.138 | BW8: 0.05 | BX8: 0.1 | BY8: 0.05 | BZ8: 0.05 | CA8: 0.169 | CB8: 0.069 | CC8: 0.052 | CD8: 0.231 | CE8: 0.046 | CF8: 0.051 | CG8: 0.057 | CH8: 0.208 | CI8: 0.112 | CJ8: 0.055 | CK8: 0.472 | CL8: 0.175 | CM8: 0.096 | CN8: 0 | CO8: 0.103 | CP8: 0 | CQ8: 0.145 | CR8: 0.38 | CS8: 0.055 | CT8: 0.18 | CU8: 0.048 | CV8: 0.17 | CW8: 0.16 | CX8: 0.056 | CY8: 0.125 | CZ8: 0.192 | DA8: 0.051 | DB8: 0.049 | DC8: 0.211 | DD8: 0.242 | DE8: 0.05 | DF8: 0.135 | DG8: 0.642 | DH8: 0.251 | DI8: 0.049 | DJ8: 0.085 | DK8: 0.232 | DL8: 0.089 | DM8: 0.362 | DN8: 0.04 | DO8: 0.06 | DP8: 0.05 | DQ8: 0.075 | DR8: 0.184 | DS8: 0.05 | DT8: 0.051 | DU8: 0.048 | DV8: 0.146 | DW8: 0.087 | DX8: 0.096 | DY8: 0.052 | DZ8: 0.161 | EA8: 0.056 | EB8: 0.046 | EC8: 0.052 | ED8: 0.053 | EE8: 0.104 | EF8: 0.056 | EG8: 0.128 | EH8: 0.092 | EI8: 0.138 | EJ8: 0.048 | EK8: 0.134 | EL8: 0.161 | EM8: 0.149 | EN8: 0.112 | EO8: 0.036 | EP8: 0.05 | EQ8: 0.061 | ER8: 0.072 | ES8: 0.055 | ET8: 0.191 | EU8: 0.189 | EV8: 0.175 | EW8: 0.152 | EX8: 0.101 | EY8: 0.063 | EZ8: 0.691 | FA8: 0.052 | FB8: 0.279 | FC8: 0.179 | FD8: 0.05 | FE8: 0.056 | FF8: 0.052 | FG8: 0.057 | FH8: 0.037 | FI8: 0.145 | FJ8: 0.093 | FK8: 0.14 | FL8: 0.304 | FM8: 0.082 | FN8: 0.051 | FO8: 0.047 | FP8: 0.036 | FQ8: 0.168 | FR8: 0.056 | FS8: 0.117 | FT8: 0.495 | FU8: 0.346 | FV8: 0.349 | FW8: 0.079 | FX8: 0.213 | FY8: 0.117 | FZ8: 0.149 | GA8: 0.179 | GB8: 0.047 | GC8: 0.152 | GD8: 0.06 | GE8: 0.152 | GF8: 0.298 | GG8: 0.081 | GH8: 0.195 | GI8: 0.052 | GJ8: 0.112 | GK8: 0.242 | GL8: 0.058 | GM8: 0.091 | GN8: 0.217 | GO8: 0.184 | GP8: 0.135 | GQ8: 0.068 | GR8: 0.053 | GS8: 0.296 | GT8: 0.053 | GU8: 0.064 | GV8: 0.219 | GW8: 0.169 | GX8: 0.06 | GY8: 0.087 | GZ8: 0.135 | HA8: 0.047 | HB8: 0.123 | HC8: 0.155 | HD8: 0.319 | HE8: 0 | HF8: 0.058 | HG8: 0.161 | HH8: 0.049
A9: 5 | B9: 2 | C9: 0.052 | D9: 0 | E9: 0.176 | F9: 0.103 | G9: 0.048 | H9: 0.037 | I9: 0.171 | J9: 0.095 | K9: 0.226 | L9: 0.055 | M9: 0.04 | N9: 0.047 | O9: 0.051 | P9: 0.051 | Q9: 0.241 | R9: 0.222 | S9: 0.118 | T9: 0.218 | U9: 0.214 | V9: 0.055 | W9: 0.112 | X9: 0.036 | Y9: 0.051 | Z9: 0.264 | AA9: 0.046 | AB9: 0.049 | AC9: 0.055 | AD9: 0.073 | AE9: 0.071 | AF9: 0 | AG9: 0.044 | AH9: 0.056 | AI9: 0.095 | AJ9: 0.201 | AK9: 0.17 | AL9: 0.117 | AM9: 0.049 | AN9: 0.057 | AO9: 0.055 | AP9: 0.165 | AQ9: 0.075 | AR9: 0.098 | AS9: 0.277 | AT9: 0.235 | AU9: 0.08 | AV9: 0.041 | AW9: 0.195 | AX9: 0.177 | AY9: 0.285 | AZ9: 0.089 | BA9: 0.172 | BB9: 0.076 | BC9: 0.128 | BD9: 0.051 | BE9: 0.209 | BF9: 0.13 | BG9: 0 | BH9: 0.048 | BI9: 0.059 | BJ9: 0.057 | BK9: 0.048 | BL9: 0.143 | BM9: 0 | BN9: 0.196 | BO9: 0.119 | BP9: 0.16 | BQ9: 0.094 | BR9: 0.057 | BS9: 0.237 | BT9: 0.057 | BU9: 0.055 | BV9: 0.072 | BW9: 0.05 | BX9: 0.147 | BY9: 0.214 | BZ9: 0.05 | CA9: 0.202 | CB9: 0.128 | CC9: 0.052 | CD9: 0.05 | CE9: 0.118 | CF9: 0.076 | CG9: 0.091 | CH9: 0.094 | CI9: 0.143 | CJ9: 0.198 | CK9: 0 | CL9: 0.054 | CM9: 0.13 | CN9: 0 | CO9: 0.16 | CP9: 0 | CQ9: 0.116 | CR9: 0.057 | CS9: 0.192 | CT9: 0.052 | CU9: 0.048 | CV9: 0.178 | CW9: 0.082 | CX9: 0.056 | CY9: 0.101 | CZ9: 0.165 | DA9: 0.204 | DB9: 0.049 | DC9: 0.702 | DD9: 0.283 | DE9: 0.161 | DF9: 0.125 | DG9: 0 | DH9: 0.295 | DI9: 0.13 | DJ9: 0.204 | DK9: 0.22 | DL9: 0.242 | DM9: 0.167 | DN9: 0.151 | DO9: 0.105 | DP9: 0.173 | DQ9: 0.117 | DR9: 0.145 | DS9: 0.102 | DT9: 0.134 | DU9: 0.288 | DV9: 0.051 | DW9: 0.21 | DX9: 0.137 | DY9: 0.177 | DZ9: 0.25 | EA9: 0.213 | EB9: 0.046 | EC9: 0.304 | ED9: 0.053 | EE9: 0.165 | EF9: 0.063 | EG9: 0.223 | EH9: 0.009 | EI9: 0.169 | EJ9: 0.048 | EK9: 0.126 | EL9: 0.067 | EM9: 0.048 | EN9: 0.142 | EO9: 0.07 | EP9: 0.05 | EQ9: 0.093 | ER9: 0.041 | ES9: 0.233 | ET9: 0.052 | EU9: 0.105 | EV9: 0.05 | EW9: 0.051 | EX9: 0.101 | EY9: 0.049 | EZ9: 0.055 | FA9: 0.206 | FB9: 0.011 | FC9: 0.056 | FD9: 0.05 | FE9: 0.056 | FF9: 0.052 | FG9: 0.14 | FH9: 0.037 | FI9: 0.05 | FJ9: 0.049 | FK9: 0.099 | FL9: 0.071 | FM9: 0.183 | FN9: 0.23 | FO9: 0.107 | FP9: 0.036 | FQ9: 0.173 | FR9: 0.056 | FS9: 0.057 | FT9: 0.059 | FU9: 0.287 | FV9: 0.097 | FW9: 0.133 | FX9: 0.107 | FY9: 0.177 | FZ9: 0.15 | GA9: 0.074 | GB9: 0.202 | GC9: 0.074 | GD9: 0.04 | GE9: 0.06 | GF9: 0.066 | GG9: 0.195 | GH9: 0.051 | GI9: 0.052 | GJ9: 0.157 | GK9: 0.075 | GL9: 0.345 | GM9: 0.202 | GN9: 0.048 | GO9: 0.14 | GP9: 0.114 | GQ9: 0.182 | GR9: 0.176 | GS9: 0.128 | GT9: 0.053 | GU9: 0.138 | GV9: 0.088 | GW9: 0.28 | GX9: 0.137 | GY9: 0.195 | GZ9: 0.106 | HA9: 0.047 | HB9: 0.057 | HC9: 0.127 | HD9: 0.205 | HE9: 0 | HF9: 0.261 | HG9: 0.154 | HH9: 0.049
A10: 6 | B10: 2.5 | C10: 0.094 | D10: 0 | E10: 0.048 | F10: 0.266 | G10: 0.077 | H10: 0.037 | I10: 0.09 | J10: 0.152 | K10: 0.175 | L10: 0.097 | M10: 0 | N10: 0.047 | O10: 0.051 | P10: 0.051 | Q10: 0.062 | R10: 0.031 | S10: 0.215 | T10: 0.155 | U10: 0.052 | V10: 0.076 | W10: 0.125 | X10: 0.251 | Y10: 0.108 | Z10: 0.053 | AA10: 0.046 | AB10: 0.049 | AC10: 0.055 | AD10: 0.183 | AE10: 0.119 | AF10: 0 | AG10: 0.044 | AH10: 0.056 | AI10: 0.051 | AJ10: 0.138 | AK10: 0.064 | AL10: 0.117 | AM10: 0.049 | AN10: 0.195 | AO10: 0.133 | AP10: 0.049 | AQ10: 0.2 | AR10: 0.078 | AS10: 0.049 | AT10: 0.142 | AU10: 0.124 | AV10: 0.041 | AW10: 0.099 | AX10: 0.096 | AY10: 0.08 | AZ10: 0.265 | BA10: 0.048 | BB10: 0.24 | BC10: 0.051 | BD10: 0.119 | BE10: 0.171 | BF10: 0.055 | BG10: 0 | BH10: 0.12 | BI10: 0.059 | BJ10: 0.057 | BK10: 0.048 | BL10: 0.175 | BM10: 0 | BN10: 0.124 | BO10: 0.096 | BP10: 0.109 | BQ10: 0.201 | BR10: 0.057 | BS10: 0.052 | BT10: 0.057 | BU10: 0.155 | BV10: 0.044 | BW10: 0.152 | BX10: 0.05 | BY10: 0.143 | BZ10: 0.05 | CA10: 0.093 | CB10: 0.054 | CC10: 0.052 | CD10: 0.083 | CE10: 0.046 | CF10: 0.116 | CG10: 0.151 | CH10: 0.249 | CI10: 0.148 | CJ10: 0.048 | CK10: 0 | CL10: 0.182 | CM10: 0.232 | CN10: 0 | CO10: 0.172 | CP10: 0 | CQ10: 0.081 | CR10: 0.181 | CS10: 0.274 | CT10: 0.18 | CU10: 0.048 | CV10: 0.077 | CW10: 0.116 | CX10: 0.056 | CY10: 0.113 | CZ10: 0.07 | DA10: 0.051 | DB10: 0.049 | DC10: 0.096 | DD10: 0.178 | DE10: 0.092 | DF10: 0.223 | DG10: 0 | DH10: 0.066 | DI10: 0.049 | DJ10: 0.076 | DK10: 0.067 | DL10: 0.073 | DM10: 0.051 | DN10: 0.073 | DO10: 0.214 | DP10: 0.179 | DQ10: 0.15 | DR10: 0.13 | DS10: 0.141 | DT10: 0.138 | DU10: 0.048 | DV10: 0.2 | DW10: 0.109 | DX10: 0.041 | DY10: 0.089 | DZ10: 0.206 | EA10: 0.04 | EB10: 0.046 | EC10: 0.045 | ED10: 0.115 | EE10: 0.05 | EF10: 0.221 | EG10: 0.045 | EH10: 0 | EI10: 0.065 | EJ10: 0.21 | EK10: 0.202 | EL10: 0.152 | EM10: 0.323 | EN10: 0.045 | EO10: 0.152 | EP10: 0.05 | EQ10: 0.041 | ER10: 0.179 | ES10: 0.126 | ET10: 0.225 | EU10: 0.196 | EV10: 0.175 | EW10: 0.281 | EX10: 0.058 | EY10: 0.063 | EZ10: 0.04 | FA10: 0.079 | FB10: 0 | FC10: 0.056 | FD10: 0.05 | FE10: 0.056 | FF10: 0.085 | FG10: 0.08 | FH10: 0.037 | FI10: 0.11 | FJ10: 0.049 | FK10: 0.181 | FL10: 0.153 | FM10: 0.053 | FN10: 0.051 | FO10: 0.059 | FP10: 0.036 | FQ10: 0.061 | FR10: 0.127 | FS10: 0.279 | FT10: 0.059 | FU10: 0.184 | FV10: 0.187 | FW10: 0.058 | FX10: 0.232 | FY10: 0.049 | FZ10: 0.045 | GA10: 0.054 | GB10: 0.133 | GC10: 0.057 | GD10: 0.267 | GE10: 0.168 | GF10: 0.199 | GG10: 0.136 | GH10: 0.21 | GI10: 0.052 | GJ10: 0.125 | GK10: 0.099 | GL10: 0.147 | GM10: 0.224 | GN10: 0.148 | GO10: 0.058 | GP10: 0.256 | GQ10: 0.036 | GR10: 0.053 | GS10: 0.047 | GT10: 0.053 | GU10: 0.047 | GV10: 0.205 | GW10: 0.121 | GX10: 0.199 | GY10: 0.056 | GZ10: 0.041 | HA10: 0.15 | HB10: 0.057 | HC10: 0.103 | HD10: 0.114 | HE10: 0 | HF10: 0.058 | HG10: 0.042 | HH10: 0.049
A11: 7 | B11: 3 | C11: 0.194 | D11: 0 | E11: 0.311 | F11: 0.092 | G11: 0.093 | H11: 0.037 | I11: 0.142 | J11: 0.204 | K11: 0.242 | L11: 0.249 | M11: 0 | N11: 0.122 | O11: 0.051 | P11: 0.051 | Q11: 0.253 | R11: 0.121 | S11: 0.041 | T11: 0.064 | U11: 0.052 | V11: 0.189 | W11: 0.052 | X11: 0.095 | Y11: 0.151 | Z11: 0.397 | AA11: 0.046 | AB11: 0.049 | AC11: 0.055 | AD11: 0.053 | AE11: 0.081 | AF11: 0 | AG11: 0.044 | AH11: 0.056 | AI11: 0.219 | AJ11: 0.089 | AK11: 0.354 | AL11: 0.075 | AM11: 0.049 | AN11: 0.042 | AO11: 0.055 | AP11: 0.066 | AQ11: 0.135 | AR11: 0.3 | AS11: 0.237 | AT11: 0.238 | AU11: 0.085 | AV11: 0.257 | AW11: 0.131 | AX11: 0.048 | AY11: 0.123 | AZ11: 0.16 | BA11: 0.154 | BB11: 0.044 | BC11: 0.051 | BD11: 0.06 | BE11: 0.048 | BF11: 0.116 | BG11: 0 | BH11: 0.208 | BI11: 0.291 | BJ11: 0.057 | BK11: 0.048 | BL11: 0.295 | BM11: 0 | BN11: 0.072 | BO11: 0.177 | BP11: 0.095 | BQ11: 0.264 | BR11: 0.057 | BS11: 0.234 | BT11: 0.057 | BU11: 0.055 | BV11: 0.127 | BW11: 0.05 | BX11: 0.091 | BY11: 0.094 | BZ11: 0.05 | CA11: 0.278 | CB11: 0.143 | CC11: 0.052 | CD11: 0.198 | CE11: 0.046 | CF11: 0.204 | CG11: 0.129 | CH11: 0.393 | CI11: 0.24 | CJ11: 0.191 | CK11: 0 | CL11: 0.054 | CM11: 0.052 | CN11: 0 | CO11: 0.107 | CP11: 0 | CQ11: 0.181 | CR11: 0.242 | CS11: 0.221 | CT11: 0.072 | CU11: 0.048 | CV11: 0.272 | CW11: 0.16 | CX11: 0.056 | CY11: 0.053 | CZ11: 0.165 | DA11: 0.169 | DB11: 0.096 | DC11: 0.202 | DD11: 0.171 | DE11: 0.05 | DF11: 0.091 | DG11: 0 | DH11: 0.341 | DI11: 0.049 | DJ11: 0.076 | DK11: 0.158 | DL11: 0.12 | DM11: 0.294 | DN11: 0.079 | DO11: 0.2 | DP11: 0.05 | DQ11: 0.119 | DR11: 0.177 | DS11: 0.056 | DT11: 0.221 | DU11: 0.048 | DV11: 0.051 | DW11: 0.084 | DX11: 0.041 | DY11: 0.052 | DZ11: 0.14 | EA11: 0.114 | EB11: 0.046 | EC11: 0.045 | ED11: 0.142 | EE11: 0.219 | EF11: 0.056 | EG11: 0.205 | EH11: 0 | EI11: 0.14 | EJ11: 0.048 | EK11: 0.108 | EL11: 0.143 | EM11: 0.074 | EN11: 0.209 | EO11: 0.036 | EP11: 0.05 | EQ11: 0.041 | ER11: 0.041 | ES11: 0.055 | ET11: 0.055 | EU11: 0.189 | EV11: 0.05 | EW11: 0.054 | EX11: 0.144 | EY11: 0.186 | EZ11: 0.233 | FA11: 0.233 | FB11: 0 | FC11: 0.326 | FD11: 0.05 | FE11: 0.056 | FF11: 0.052 | FG11: 0.057 | FH11: 0.037 | FI11: 0.159 | FJ11: 0.136 | FK11: 0.168 | FL11: 0.217 | FM11: 0.169 | FN11: 0.051 | FO11: 0.047 | FP11: 0.116 | FQ11: 0.238 | FR11: 0.056 | FS11: 0.087 | FT11: 0.059 | FU11: 0.21 | FV11: 0.326 | FW11: 0.127 | FX11: 0.142 | FY11: 0.106 | FZ11: 0.251 | GA11: 0.093 | GB11: 0.128 | GC11: 0.057 | GD11: 0.072 | GE11: 0.06 | GF11: 0.264 | GG11: 0.099 | GH11: 0.051 | GI11: 0.052 | GJ11: 0.046 | GK11: 0.218 | GL11: 0.162 | GM11: 0.34 | GN11: 0.117 | GO11: 0.23 | GP11: 0.117 | GQ11: 0.173 | GR11: 0.053 | GS11: 0.212 | GT11: 0.053 | GU11: 0.047 | GV11: 0.103 | GW11: 0.232 | GX11: 0.057 | GY11: 0.219 | GZ11: 0.201 | HA11: 0.047 | HB11: 0.189 | HC11: 0.353 | HD11: 0.359 | HE11: 0 | HF11: 0.209 | HG11: 0.258 | HH11: 0.049
A12: 8 | B12: 3.5 | C12: 0.05 | D12: 0 | E12: 0.045 | F12: 0.287 | G12: 0.046 | H12: 0.036 | I12: 0.053 | J12: 0.085 | K12: 0.239 | L12: 0.119 | M12: 0 | N12: 0.105 | O12: 0.05 | P12: 0.048 | Q12: 0.164 | R12: 0.043 | S12: 0.038 | T12: 0.178 | U12: 0.123 | V12: 0.052 | W12: 0.156 | X12: 0.143 | Y12: 0.056 | Z12: 0.05 | AA12: 0.043 | AB12: 0.048 | AC12: 0.053 | AD12: 0.181 | AE12: 1.102 | AF12: 0 | AG12: 0.041 | AH12: 0.053 | AI12: 0.121 | AJ12: 0.205 | AK12: 0.181 | AL12: 0.156 | AM12: 0.046 | AN12: 0.049 | AO12: 0.053 | AP12: 0.147 | AQ12: 0.049 | AR12: 0.05 | AS12: 0.123 | AT12: 0.141 | AU12: 0.072 | AV12: 0.038 | AW12: 0.161 | AX12: 0.046 | AY12: 0.077 | AZ12: 0.191 | BA12: 0.076 | BB12: 0.196 | BC12: 0.049 | BD12: 0.048 | BE12: 0.061 | BF12: 0.14 | BG12: 0 | BH12: 0.045 | BI12: 0.106 | BJ12: 0.055 | BK12: 0.046 | BL12: 0.096 | BM12: 0 | BN12: 0.096 | BO12: 0.101 | BP12: 0.139 | BQ12: 0.053 | BR12: 0.054 | BS12: 0.168 | BT12: 0.055 | BU12: 0.064 | BV12: 0.079 | BW12: 0.13 | BX12: 0.102 | BY12: 0.212 | BZ12: 0.138 | CA12: 0.053 | CB12: 0.051 | CC12: 0.049 | CD12: 0.048 | CE12: 0.116 | CF12: 0.14 | CG12: 0.117 | CH12: 0.337 | CI12: 0.038 | CJ12: 0.061 | CK12: 0 | CL12: 0.077 | CM12: 0.257 | CN12: 0 | CO12: 0.047 | CP12: 0 | CQ12: 0.049 | CR12: 0.124 | CS12: 0.045 | CT12: 0.076 | CU12: 0.045 | CV12: 0.041 | CW12: 0.127 | CX12: 0.053 | CY12: 0.158 | CZ12: 0.169 | DA12: 0.083 | DB12: 0.077 | DC12: 0.192 | DD12: 0.18 | DE12: 0.199 | DF12: 0.367 | DG12: 0 | DH12: 0.186 | DI12: 0.046 | DJ12: 0.188 | DK12: 0.131 | DL12: 0.149 | DM12: 0.114 | DN12: 0.142 | DO12: 0.048 | DP12: 0.131 | DQ12: 0.222 | DR12: 0.218 | DS12: 0.184 | DT12: 0.048 | DU12: 0.115 | DV12: 0.179 | DW12: 0.164 | DX12: 0.039 | DY12: 0.159 | DZ12: 0.27 | EA12: 0.124 | EB12: 0.043 | EC12: 0.309 | ED12: 0.05 | EE12: 0.047 | EF12: 0.053 | EG12: 0.073 | EH12: 0 | EI12: 0.176 | EJ12: 0.178 | EK12: 0.043 | EL12: 0.163 | EM12: 0.097 | EN12: 0.043 | EO12: 0.3 | EP12: 0.048 | EQ12: 0.052 | ER12: 0.094 | ES12: 0.171 | ET12: 0.146 | EU12: 0.102 | EV12: 0.173 | EW12: 0.221 | EX12: 0.056 | EY12: 0.047 | EZ12: 0.067 | FA12: 0.102 | FB12: 0 | FC12: 0.076 | FD12: 0.047 | FE12: 0.053 | FF12: 0.05 | FG12: 0.076 | FH12: 0.035 | FI12: 0.097 | FJ12: 0.046 | FK12: 0.053 | FL12: 0.076 | FM12: 0.094 | FN12: 0.228 | FO12: 0.118 | FP12: 0.034 | FQ12: 0.09 | FR12: 0.125 | FS12: 0.307 | FT12: 0.057 | FU12: 0.047 | FV12: 0.047 | FW12: 0.082 | FX12: 0.266 | FY12: 0.248 | FZ12: 0.079 | GA12: 0.157 | GB12: 0.109 | GC12: 0.054 | GD12: 0.174 | GE12: 0.084 | GF12: 0.164 | GG12: 0.048 | GH12: 0.049 | GI12: 0.049 | GJ12: 0.221 | GK12: 0.073 | GL12: 0.31 | GM12: 0.359 | GN12: 0.052 | GO12: 0.105 | GP12: 0.173 | GQ12: 0.074 | GR12: 0.172 | GS12: 0.209 | GT12: 0.051 | GU12: 0.193 | GV12: 0.061 | GW12: 0.256 | GX12: 0.116 | GY12: 0.061 | GZ12: 0.038 | HA12: 0.148 | HB12: 0.16 | HC12: 0.472 | HD12: 0.101 | HE12: 0 | HF12: 0.106 | HG12: 0.053 | HH12: 0.046
A13: 9 | B13: 4 | C13: 0.021 | D13: 0 | E13: 0 | F13: 0.102 | G13: 0.097 | H13: 0.018 | I13: 0.192 | J13: 0.224 | K13: 0.174 | L13: 0.095 | M13: 0 | N13: 0.01 | O13: 0.032 | P13: 0.001 | Q13: 0.026 | R13: 0 | S13: 0.194 | T13: 0.143 | U13: 0.109 | V13: 0.018 | W13: 0.047 | X13: 0.169 | Y13: 0.164 | Z13: 0.255 | AA13: 0.002 | AB13: 0.03 | AC13: 0.024 | AD13: 0.049 | AE13: 0.002 | AF13: 0 | AG13: 0 | AH13: 0.019 | AI13: 0.007 | AJ13: 0.035 | AK13: 0 | AL13: 0.001 | AM13: 0 | AN13: 0 | AO13: 0.102 | AP13: 0.03 | AQ13: 0.173 | AR13: 0.269 | AS13: 0.069 | AT13: 0.152 | AU13: 0.091 | AV13: 0.034 | AW13: 0.022 | AX13: 0.176 | AY13: 0.189 | AZ13: 0.019 | BA13: 0.073 | BB13: 0.094 | BC13: 0.394 | BD13: 0.084 | BE13: 0.265 | BF13: 0.005 | BG13: 0 | BH13: 0.188 | BI13: 0.066 | BJ13: 0.026 | BK13: 0.023 | BL13: 0.2 | BM13: 0 | BN13: 0.211 | BO13: 0.096 | BP13: 0.094 | BQ13: 0.177 | BR13: 0.007 | BS13: 0.068 | BT13: 0.026 | BU13: 0.126 | BV13: 0 | BW13: 0.046 | BX13: 0.0003 | BY13: 0.135 | BZ13: 0.0003 | CA13: 0.226 | CB13: 0.014 | CC13: 0.002 | CD13: 0.207 | CE13: 0.015 | CF13: 0.116 | CG13: 0.007 | CH13: 0.298 | CI13: 0.303 | CJ13: 0.087 | CK13: 0 | CL13: 0.119 | CM13: 0.078 | CN13: 0 | CO13: 0.368 | CP13: 0 | CQ13: 0.008 | CR13: 0.349 | CS13: 0.128 | CT13: 0.124 | CU13: 0 | CV13: 0.033 | CW13: 0.189 | CX13: 0.006 | CY13: 0.088 | CZ13: 0.006 | DA13: 0.048 | DB13: 0.018 | DC13: 0.037 | DD13: 0.258 | DE13: 0.0003 | DF13: 0.039 | DG13: 0 | DH13: 0.266 | DI13: 0.005 | DJ13: 0.061 | DK13: 0.251 | DL13: 0.102 | DM13: 0.087 | DN13: 0.009 | DO13: 0.217 | DP13: 0.013 | DQ13: 0.072 | DR13: 0.116 | DS13: 0.013 | DT13: 0.08 | DU13: 0.128 | DV13: 0.053 | DW13: 0.067 | DX13: 0.01 | DY13: 0.06 | DZ13: 0.211 | EA13: 0.06 | EB13: 0 | EC13: 0.008 | ED13: 0.009 | EE13: 0.013 | EF13: 0.081 | EG13: 0.096 | EH13: 0 | EI13: 0.017 | EJ13: 0.034 | EK13: 0.119 | EL13: 0.061 | EM13: 0.285 | EN13: 0.02 | EO13: 0 | EP13: 0.159 | EQ13: 0.082 | ER13: 0.073 | ES13: 0.161 | ET13: 0.074 | EU13: 0.196 | EV13: 0.013 | EW13: 0.062 | EX13: 0.108 | EY13: 0.141 | EZ13: 0.158 | FA13: 0.118 | FB13: 0 | FC13: 0.167 | FD13: 0.013 | FE13: 0.006 | FF13: 0.027 | FG13: 0.09 | FH13: 0.012 | FI13: 0.119 | FJ13: 0.055 | FK13: 0.377 | FL13: 0.228 | FM13: 0.137 | FN13: 0.014 | FO13: 0.022 | FP13: 0.005 | FQ13: 0.031 | FR13: 0.025 | FS13: 0.11 | FT13: 0.028 | FU13: 0.126 | FV13: 0.078 | FW13: 0.021 | FX13: 0.3 | FY13: 0.47 | FZ13: 0.126 | GA13: 0.023 | GB13: 0.093 | GC13: 0.013 | GD13: 0.133 | GE13: 0.091 | GF13: 0.191 | GG13: 0.332 | GH13: 0.164 | GI13: 0.002 | GJ13: 0.021 | GK13: 0.058 | GL13: 0.033 | GM13: 0.042 | GN13: 0.159 | GO13: 0.114 | GP13: 0.179 | GQ13: 0.063 | GR13: 0.003 | GS13: 0.077 | GT13: 0.022 | GU13: 0.143 | GV13: 0.156 | GW13: 0.113 | GX13: 0.184 | GY13: 0.019 | GZ13: 0 | HA13: 0.01 | HB13: 0.02 | HC13: 0.026 | HD13: 0.179 | HE13: 0 | HF13: 0.06 | HG13: 0 | HH13: 0.012
A14: 10 | B14: 4.5 | C14: 0.09 | D14: 0 | E14: 0.078 | F14: 0 | G14: 0 | H14: 0 | I14: 0 | J14: 0 | K14: 0.149 | L14: 0 | M14: 0 | N14: 0 | O14: 0 | P14: 0 | Q14: 0.063 | R14: 0 | S14: 0 | T14: 0 | U14: 0 | V14: 0.015 | W14: 0 | X14: 0 | Y14: 0 | Z14: 0 | AA14: 0 | AB14: 0 | AC14: 0 | AD14: 0 | AE14: 0.044 | AF14: 0 | AG14: 0 | AH14: 0 | AI14: 0 | AJ14: 0 | AK14: 0 | AL14: 0 | AM14: 0 | AN14: 0 | AO14: 0 | AP14: 0.028 | AQ14: 0 | AR14: 0 | AS14: 0 | AT14: 0.038 | AU14: 0 | AV14: 0 | AW14: 0 | AX14: 0 | AY14: 0.035 | AZ14: 0.085 | BA14: 0 | BB14: 0.037 | BC14: 0.313 | BD14: 0 | BE14: 0 | BF14: 0 | BG14: 0 | BH14: 0 | BI14: 0 | BJ14: 0 | BK14: 0 | BL14: 0.131 | BM14: 0 | BN14: 0 | BO14: 0.119 | BP14: 0 | BQ14: 0 | BR14: 0 | BS14: 0.01 | BT14: 0 | BU14: 0 | BV14: 0 | BW14: 0 | BX14: 0 | BY14: 0.121 | BZ14: 0 | CA14: 0 | CB14: 0 | CC14: 0 | CD14: 0 | CE14: 0 | CF14: 0 | CG14: 0 | CH14: 0 | CI14: 0 | CJ14: 0.061 | CK14: 0 | CL14: 0 | CM14: 0.013 | CN14: 0 | CO14: 0.156 | CP14: 0 | CQ14: 0.006 | CR14: 0 | CS14: 0 | CT14: 0 | CU14: 0 | CV14: 0.034 | CW14: 0.077 | CX14: 0 | CY14: 0 | CZ14: 0.018 | DA14: 0 | DB14: 0 | DC14: 0 | DD14: 0 | DE14: 0 | DF14: 0.089 | DG14: 0 | DH14: 0 | DI14: 0 | DJ14: 0 | DK14: 0 | DL14: 0.063 | DM14: 0.042 | DN14: 0 | DO14: 0.031 | DP14: 0 | DQ14: 0 | DR14: 0.06 | DS14: 0.018 | DT14: 0 | DU14: 0.043 | DV14: 0 | DW14: 0 | DX14: 0 | DY14: 0 | DZ14: 0.074 | EA14: 0 | EB14: 0 | EC14: 0.093 | ED14: 0 | EE14: 0.217 | EF14: 0 | EG14: 0 | EH14: 0 | EI14: 0.024 | EJ14: 0 | EK14: 0.011 | EL14: 0 | EM14: 0 | EN14: 0.018 | EO14: 0 | EP14: 0 | EQ14: 0 | ER14: 0 | ES14: 0 | ET14: 0 | EU14: 0.038 | EV14: 0.151 | EW14: 0 | EX14: 0 | EY14: 0 | EZ14: 0 | FA14: 0 | FB14: 0 | FC14: 0.026 | FD14: 0 | FE14: 0 | FF14: 0 | FG14: 0 | FH14: 0 | FI14: 0 | FJ14: 0 | FK14: 0.053 | FL14: 0 | FM14: 0.049 | FN14: 0 | FO14: 0 | FP14: 0 | FQ14: 0 | FR14: 0 | FS14: 0 | FT14: 0 | FU14: 0 | FV14: 0.181 | FW14: 0 | FX14: 0 | FY14: 0 | FZ14: 0 | GA14: 0 | GB14: 0 | GC14: 0 | GD14: 0 | GE14: 0 | GF14: 0.064 | GG14: 0.122 | GH14: 0 | GI14: 0 | GJ14: 0 | GK14: 0 | GL14: 0.212 | GM14: 0.174 | GN14: 0 | GO14: 0 | GP14: 0 | GQ14: 0 | GR14: 0 | GS14: 0.1 | GT14: 0 | GU14: 0 | GV14: 0 | GW14: 0 | GX14: 0 | GY14: 0 | GZ14: 0 | HA14: 0 | HB14: 0.056 | HC14: 0.123 | HD14: 0.002 | HE14: 0 | HF14: 0 | HG14: 0 | HH14: 0
A15: 11 | B15: 5 | C15: 0 | D15: 0 | E15: 0 | F15: 0 | G15: 0 | H15: 0 | I15: 0 | J15: 0 | K15: 0.038 | L15: 0 | M15: 0 | N15: 0 | O15: 0 | P15: 0 | Q15: 0 | R15: 0 | S15: 0 | T15: 0.044 | U15: 0 | V15: 0 | W15: 0 | X15: 0 | Y15: 0 | Z15: 0 | AA15: 0 | AB15: 0 | AC15: 0 | AD15: 0 | AE15: 0 | AF15: 0 | AG15: 0 | AH15: 0 | AI15: 0 | AJ15: 0 | AK15: 0 | AL15: 0 | AM15: 0 | AN15: 0 | AO15: 0 | AP15: 0 | AQ15: 0 | AR15: 0 | AS15: 0 | AT15: 0 | AU15: 0 | AV15: 0 | AW15: 0 | AX15: 0 | AY15: 0 | AZ15: 0 | BA15: 0 | BB15: 0 | BC15: 0.153 | BD15: 0 | BE15: 0 | BF15: 0 | BG15: 0 | BH15: 0 | BI15: 0 | BJ15: 0 | BK15: 0 | BL15: 0 | BM15: 0 | BN15: 0 | BO15: 0 | BP15: 0.1 | BQ15: 0 | BR15: 0 | BS15: 0 | BT15: 0 | BU15: 0 | BV15: 0 | BW15: 0 | BX15: 0 | BY15: 0 | BZ15: 0 | CA15: 0 | CB15: 0 | CC15: 0 | CD15: 0 | CE15: 0 | CF15: 0 | CG15: 0 | CH15: 0 | CI15: 0 | CJ15: 0 | CK15: 0 | CL15: 0 | CM15: 0 | CN15: 0 | CO15: 0.093 | CP15: 0 | CQ15: 0 | CR15: 0.016 | CS15: 0 | CT15: 0 | CU15: 0 | CV15: 0 | CW15: 0 | CX15: 0 | CY15: 0 | CZ15: 0 | DA15: 0 | DB15: 0 | DC15: 0 | DD15: 0.089 | DE15: 0 | DF15: 0.038 | DG15: 0 | DH15: 0 | DI15: 0 | DJ15: 0 | DK15: 0 | DL15: 0 | DM15: 0 | DN15: 0 | DO15: 0 | DP15: 0 | DQ15: 0 | DR15: 0 | DS15: 0 | DT15: 0 | DU15: 0.358 | DV15: 0.014 | DW15: 0 | DX15: 0 | DY15: 0 | DZ15: 0.192 | EA15: 0 | EB15: 0 | EC15: 0 | ED15: 0 | EE15: 0 | EF15: 0 | EG15: 0 | EH15: 0 | EI15: 0 | EJ15: 0 | EK15: 0 | EL15: 0 | EM15: 0 | EN15: 0 | EO15: 0 | EP15: 0 | EQ15: 0 | ER15: 0 | ES15: 0 | ET15: 0 | EU15: 0 | EV15: 0 | EW15: 0 | EX15: 0 | EY15: 0 | EZ15: 0 | FA15: 0 | FB15: 0 | FC15: 0 | FD15: 0 | FE15: 0 | FF15: 0 | FG15: 0 | FH15: 0 | FI15: 0 | FJ15: 0 | FK15: 0 | FL15: 0 | FM15: 0 | FN15: 0 | FO15: 0.138 | FP15: 0 | FQ15: 0 | FR15: 0 | FS15: 0.092 | FT15: 0 | FU15: 0 | FV15: 0.065 | FW15: 0 | FX15: 0 | FY15: 0 | FZ15: 0 | GA15: 0 | GB15: 0 | GC15: 0 | GD15: 0 | GE15: 0 | GF15: 0 | GG15: 0 | GH15: 0 | GI15: 0 | GJ15: 0 | GK15: 0 | GL15: 0 | GM15: 0 | GN15: 0 | GO15: 0 | GP15: 0 | GQ15: 0 | GR15: 0 | GS15: 0 | GT15: 0 | GU15: 0 | GV15: 0 | GW15: 0 | GX15: 0 | GY15: 0 | GZ15: 0 | HA15: 0 | HB15: 0 | HC15: 0 | HD15: 0 | HE15: 0 | HF15: 0 | HG15: 0 | HH15: 0
A16: 12 | B16: 5.5 | C16: 0 | D16: 0 | E16: 0 | F16: 0 | G16: 0 | H16: 0 | I16: 0 | J16: 0 | K16: 0.153 | L16: 0 | M16: 0 | N16: 0 | O16: 0 | P16: 0 | Q16: 0.008 | R16: 0 | S16: 0 | T16: 0 | U16: 0 | V16: 0 | W16: 0 | X16: 0 | Y16: 0 | Z16: 0 | AA16: 0 | AB16: 0 | AC16: 0 | AD16: 0 | AE16: 0 | AF16: 0 | AG16: 0 | AH16: 0 | AI16: 0 | AJ16: 0 | AK16: 0 | AL16: 0 | AM16: 0 | AN16: 0 | AO16: 0 | AP16: 0 | AQ16: 0 | AR16: 0 | AS16: 0 | AT16: 0 | AU16: 0 | AV16: 0 | AW16: 0 | AX16: 0 | AY16: 0 | AZ16: 0 | BA16: 0 | BB16: 0 | BC16: 0 | BD16: 0 | BE16: 0 | BF16: 0 | BG16: 0 | BH16: 0 | BI16: 0 | BJ16: 0 | BK16: 0 | BL16: 0 | BM16: 0 | BN16: 0 | BO16: 0 | BP16: 0 | BQ16: 0 | BR16: 0 | BS16: 0 | BT16: 0 | BU16: 0 | BV16: 0 | BW16: 0 | BX16: 0 | BY16: 0 | BZ16: 0 | CA16: 0 | CB16: 0 | CC16: 0 | CD16: 0 | CE16: 0 | CF16: 0 | CG16: 0 | CH16: 0 | CI16: 0 | CJ16: 0 | CK16: 0 | CL16: 0 | CM16: 0 | CN16: 0 | CO16: 0 | CP16: 0 | CQ16: 0 | CR16: 0 | CS16: 0 | CT16: 0 | CU16: 0 | CV16: 0 | CW16: 0 | CX16: 0 | CY16: 0 | CZ16: 0 | DA16: 0 | DB16: 0 | DC16: 0 | DD16: 0 | DE16: 0 | DF16: 0 | DG16: 0 | DH16: 0 | DI16: 0 | DJ16: 0 | DK16: 0 | DL16: 0 | DM16: 0 | DN16: 0 | DO16: 0 | DP16: 0 | DQ16: 0 | DR16: 0 | DS16: 0 | DT16: 0 | DU16: 0 | DV16: 0 | DW16: 0 | DX16: 0 | DY16: 0 | DZ16: 0 | EA16: 0 | EB16: 0 | EC16: 0 | ED16: 0 | EE16: 0 | EF16: 0 | EG16: 0 | EH16: 0 | EI16: 0 | EJ16: 0 | EK16: 0 | EL16: 0 | EM16: 0 | EN16: 0 | EO16: 0 | EP16: 0 | EQ16: 0 | ER16: 0 | ES16: 0 | ET16: 0 | EU16: 0 | EV16: 0 | EW16: 0 | EX16: 0 | EY16: 0 | EZ16: 0 | FA16: 0 | FB16: 0 | FC16: 0 | FD16: 0 | FE16: 0 | FF16: 0 | FG16: 0 | FH16: 0 | FI16: 0 | FJ16: 0 | FK16: 0 | FL16: 0 | FM16: 0 | FN16: 0 | FO16: 0.156 | FP16: 0 | FQ16: 0 | FR16: 0 | FS16: 0 | FT16: 0 | FU16: 0 | FV16: 0 | FW16: 0 | FX16: 0 | FY16: 0 | FZ16: 0 | GA16: 0 | GB16: 0 | GC16: 0 | GD16: 0 | GE16: 0 | GF16: 0 | GG16: 0 | GH16: 0 | GI16: 0 | GJ16: 0 | GK16: 0 | GL16: 0 | GM16: 0 | GN16: 0 | GO16: 0 | GP16: 0 | GQ16: 0 | GR16: 0 | GS16: 0 | GT16: 0 | GU16: 0 | GV16: 0 | GW16: 0 | GX16: 0 | GY16: 0 | GZ16: 0 | HA16: 0 | HB16: 0 | HC16: 0 | HD16: 0 | HE16: 0 | HF16: 0 | HG16: 0 | HH16: 0
... A52: 48 | B52: 23.5 | C52: 0.684 | D52: 0.216 | E52: 0.243 | F52: 0.136 | G52: 0 | H52: 0.724 | I52: 0.182 | J52: 0.247 | K52: 0.132 | L52: 0.328 | M52: 0.057 | N52: 0.047 | O52: 0.051 | P52: 0.294 | Q52: 0.127 | R52: 0.053 | S52: 0.132 | T52: 0.144 | U52: 0.052 | V52: 0 | W52: 0.105 | X52: 0.494 | Y52: 0.051 | Z52: 0 | AA52: 0.272 | AB52: 0.049 | AC52: 1.022 | AD52: 0.053 | AE52: 0.273 | AF52: 0 | AG52: 0.586 | AH52: 0.398 | AI52: 0.174 | AJ52: 0.171 | AK52: 0.452 | AL52: 0.051 | AM52: 0.049 | AN52: 0.141 | AO52: 0.055 | AP52: 0.157 | AQ52: 0.215 | AR52: 0.182 | AS52: 0.11 | AT52: 0.053 | AU52: 0.07 | AV52: 0.849 | AW52: 0.067 | AX52: 1.286 | AY52: 0.186 | AZ52: 0.194 | BA52: 0.37 | BB52: 0.272 | BC52: 0 | BD52: 0.341 | BE52: 0.208 | BF52: 0.285 | BG52: 0.185 | BH52: 0.227 | BI52: 0 | BJ52: 0.057 | BK52: 0.601 | BL52: 0.229 | BM52: 0.216 | BN52: 0.313 | BO52: 0.103 | BP52: 0.662 | BQ52: 0.148 | BR52: 0.057 | BS52: 0.052 | BT52: 0.057 | BU52: 0.256 | BV52: 0.132 | BW52: 0.447 | BX52: 0.147 | BY52: 0.317 | BZ52: 0.05 | CA52: 0 | CB52: 0.059 | CC52: 0.052 | CD52: 0.426 | CE52: 0.526 | CF52: 0.065 | CG52: 0.475 | CH52: 0.623 | CI52: 0.175 | CJ52: 0.156 | CK52: 0.186 | CL52: 0.371 | CM52: 0.052 | CN52: 0.052 | CO52: 0.119 | CP52: 0.472 | CQ52: 0.138 | CR52: 0.59 | CS52: 0.048 | CT52: 0.201 | CU52: 0.453 | CV52: 0.649 | CW52: 0.15 | CX52: 0.443 | CY52: 0.551 | CZ52: 0 | DA52: 0.197 | DB52: 0.125 | DC52: 0.047 | DD52: 0 | DE52: 0.05 | DF52: 0 | DG52: 0.159 | DH52: 0.098 | DI52: 0.172 | DJ52: 0.231 | DK52: 0 | DL52: 0 | DM52: 0.07 | DN52: 0.177 | DO52: 0.584 | DP52: 0.584 | DQ52: 0.389 | DR52: 0.055 | DS52: 0.193 | DT52: 0.051 | DU52: 0.215 | DV52: 0.058 | DW52: 0.219 | DX52: 0.172 | DY52: 0.757 | DZ52: 0 | EA52: 0.04 | EB52: 0.046 | EC52: 0.861 | ED52: 0.053 | EE52: 0 | EF52: 0.209 | EG52: 0 | EH52: 0.131 | EI52: 0.342 | EJ52: 0.196 | EK52: 0.067 | EL52: 0.144 | EM52: 0.288 | EN52: 0 | EO52: 0.036 | EP52: 0.05 | EQ52: 0.49 | ER52: 0.179 | ES52: 0.228 | ET52: 0.113 | EU52: 0.238 | EV52: 0.176 | EW52: 0.222 | EX52: 0.144 | EY52: 0.839 | EZ52: 0.103 | FA52: 0.302 | FB52: 0 | FC52: 0.377 | FD52: 0.105 | FE52: 0.056 | FF52: 0 | FG52: 0.682 | FH52: 0.493 | FI52: 0.736 | FJ52: 0.136 | FK52: 0.434 | FL52: 0 | FM52: 0.053 | FN52: 0.051 | FO52: 0.119 | FP52: 0.225 | FQ52: 0.119 | FR52: 0.153 | FS52: 0.073 | FT52: 0.575 | FU52: 0.498 | FV52: 0.233 | FW52: 0 | FX52: 0.349 | FY52: 0.251 | FZ52: 0.729 | GA52: 0.054 | GB52: 0.812 | GC52: 0 | GD52: 1.119 | GE52: 0.06 | GF52: 0.388 | GG52: 0.204 | GH52: 0.087 | GI52: 0.052 | GJ52: 0.297 | GK52: 0.102 | GL52: 0.183 | GM52: 0.326 | GN52: 0.048 | GO52: 0 | GP52: 0.218 | GQ52: 0.133 | GR52: 0.053 | GS52: 0.149 | GT52: 0.178 | GU52: 0.134 | GV52: 0.047 | GW52: 0.395 | GX52: 0.486 | GY52: 0.203 | GZ52: 0.128 | HA52: 0.299 | HB52: 0.147 | HC52: 0.145 | HD52: 0.059 | HE52: 0 | HF52: 0 | HG52: 0.042 | HH52: 0

Sheet 7. PV allocation (per period)
A1: TR5 PV allocation — per half-hour
A2: VIOLET = aggregated live from the raw sheets 3–6 (SUM / SUMIF). AMBER = priority split (MIN formulas): PV → prosumer load → battery → customer load → export.
A4: period | B4: hour (h) | C4: PV (kW) | D4: prosumer load (kW) | E4: customer load (kW) | F4: batt charge (kW) | G4: batt discharge (kW) | H4: batt net =chg−dis | I4: PV→ prosumer | J4: PV→ battery | K4: PV→ customer | L4: PV→ export | M4: customer ←grid
A5: 1 | B5: 0 | C5: =SUM('3. Raw PV per load'!C5:C421) -> 0 | D5: =SUMIF('4. Raw load per load'!$B$5:$B$421,"prosumer",'4. Raw load per load'!C5:C421) -> 49.0309 | E5: =SUMIF('4. Raw load per load'!$B$5:$B$421,"customer",'4. Raw load per load'!C5:C421) -> 38.4642 | F5: =SUM('5. Raw batt charge'!C5:HH5) -> 0 | G5: =SUM('6. Raw batt discharge'!C5:HH5) -> 48.491 | H5: =F5-G5 -> -48.491 | I5: =MIN(C5,D5) -> 0 | J5: =MIN(C5-I5,MAX(0,H5)) -> 0 | K5: =MIN(C5-I5-J5,E5) -> 0 | L5: =C5-I5-J5-K5 -> 0 | M5: =E5-K5 -> 38.4642
A6: 2 | B6: 0.5 | C6: =SUM('3. Raw PV per load'!D5:D421) -> 0 | D6: =SUMIF('4. Raw load per load'!$B$5:$B$421,"prosumer",'4. Raw load per load'!D5:D421) -> 41.7251 | E6: =SUMIF('4. Raw load per load'!$B$5:$B$421,"customer",'4. Raw load per load'!D5:D421) -> 34.2905 | F6: =SUM('5. Raw batt charge'!C6:HH6) -> 0 | G6: =SUM('6. Raw batt discharge'!C6:HH6) -> 39.064 | H6: =F6-G6 -> -39.064 | I6: =MIN(C6,D6) -> 0 | J6: =MIN(C6-I6,MAX(0,H6)) -> 0 | K6: =MIN(C6-I6-J6,E6) -> 0 | L6: =C6-I6-J6-K6 -> 0 | M6: =E6-K6 -> 34.2905
A7: 3 | B7: 1 | C7: =SUM('3. Raw PV per load'!E5:E421) -> 0 | D7: =SUMIF('4. Raw load per load'!$B$5:$B$421,"prosumer",'4. Raw load per load'!E5:E421) -> 34.2645 | E7: =SUMIF('4. Raw load per load'!$B$5:$B$421,"customer",'4. Raw load per load'!E5:E421) -> 29.3959 | F7: =SUM('5. Raw batt charge'!C7:HH7) -> 0 | G7: =SUM('6. Raw batt discharge'!C7:HH7) -> 31.068 | H7: =F7-G7 -> -31.068 | I7: =MIN(C7,D7) -> 0 | J7: =MIN(C7-I7,MAX(0,H7)) -> 0 | K7: =MIN(C7-I7-J7,E7) -> 0 | L7: =C7-I7-J7-K7 -> 0 | M7: =E7-K7 -> 29.3959
A8: 4 | B8: 1.5 | C8: =SUM('3. Raw PV per load'!F5:F421) -> 0 | D8: =SUMIF('4. Raw load per load'!$B$5:$B$421,"prosumer",'4. Raw load per load'!F5:F421) -> 32.8201 | E8: =SUMIF('4. Raw load per load'!$B$5:$B$421,"customer",'4. Raw load per load'!F5:F421) -> 27.8328 | F8: =SUM('5. Raw batt charge'!C8:HH8) -> 0 | G8: =SUM('6. Raw batt discharge'!C8:HH8) -> 28.306 | H8: =F8-G8 -> -28.306 | I8: =MIN(C8,D8) -> 0 | J8: =MIN(C8-I8,MAX(0,H8)) -> 0 | K8: =MIN(C8-I8-J8,E8) -> 0 | L8: =C8-I8-J8-K8 -> 0 | M8: =E8-K8 -> 27.8328
A9: 5 | B9: 2 | C9: =SUM('3. Raw PV per load'!G5:G421) -> 0 | D9: =SUMIF('4. Raw load per load'!$B$5:$B$421,"prosumer",'4. Raw load per load'!G5:G421) -> 28.1255 | E9: =SUMIF('4. Raw load per load'!$B$5:$B$421,"customer",'4. Raw load per load'!G5:G421) -> 25.6442 | F9: =SUM('5. Raw batt charge'!C9:HH9) -> 0 | G9: =SUM('6. Raw batt discharge'!C9:HH9) -> 25.165 | H9: =F9-G9 -> -25.165 | I9: =MIN(C9,D9) -> 0 | J9: =MIN(C9-I9,MAX(0,H9)) -> 0 | K9: =MIN(C9-I9-J9,E9) -> 0 | L9: =C9-I9-J9-K9 -> 0 | M9: =E9-K9 -> 25.6442
A10: 6 | B10: 2.5 | C10: =SUM('3. Raw PV per load'!H5:H421) -> 0 | D10: =SUMIF('4. Raw load per load'!$B$5:$B$421,"prosumer",'4. Raw load per load'!H5:H421) -> 24.2629 | E10: =SUMIF('4. Raw load per load'!$B$5:$B$421,"customer",'4. Raw load per load'!H5:H421) -> 26.2106 | F10: =SUM('5. Raw batt charge'!C10:HH10) -> 0 | G10: =SUM('6. Raw batt discharge'!C10:HH10) -> 22.204 | H10: =F10-G10 -> -22.204 | I10: =MIN(C10,D10) -> 0 | J10: =MIN(C10-I10,MAX(0,H10)) -> 0 | K10: =MIN(C10-I10-J10,E10) -> 0 | L10: =C10-I10-J10-K10 -> 0 | M10: =E10-K10 -> 26.2106
A11: 7 | B11: 3 | C11: =SUM('3. Raw PV per load'!I5:I421) -> 0 | D11: =SUMIF('4. Raw load per load'!$B$5:$B$421,"prosumer",'4. Raw load per load'!I5:I421) -> 28.3195 | E11: =SUMIF('4. Raw load per load'!$B$5:$B$421,"customer",'4. Raw load per load'!I5:I421) -> 25.9671 | F11: =SUM('5. Raw batt charge'!C11:HH11) -> 0 | G11: =SUM('6. Raw batt discharge'!C11:HH11) -> 26.816 | H11: =F11-G11 -> -26.816 | I11: =MIN(C11,D11) -> 0 | J11: =MIN(C11-I11,MAX(0,H11)) -> 0 | K11: =MIN(C11-I11-J11,E11) -> 0 | L11: =C11-I11-J11-K11 -> 0 | M11: =E11-K11 -> 25.9671
A12: 8 | B12: 3.5 | C12: =SUM('3. Raw PV per load'!J5:J421) -> 0.5423 | D12: =SUMIF('4. Raw load per load'!$B$5:$B$421,"prosumer",'4. Raw load per load'!J5:J421) -> 26.7174 | E12: =SUMIF('4. Raw load per load'!$B$5:$B$421,"customer",'4. Raw load per load'!J5:J421) -> 27.0733 | F12: =SUM('5. Raw batt charge'!C12:HH12) -> 0 | G12: =SUM('6. Raw batt discharge'!C12:HH12) -> 23.918 | H12: =F12-G12 -> -23.918 | I12: =MIN(C12,D12) -> 0.5423 | J12: =MIN(C12-I12,MAX(0,H12)) -> 0 | K12: =MIN(C12-I12-J12,E12) -> 0 | L12: =C12-I12-J12-K12 -> 0 | M12: =E12-K12 -> 27.0733
A13: 9 | B13: 4 | C13: =SUM('3. Raw PV per load'!K5:K421) -> 7.8519 | D13: =SUMIF('4. Raw load per load'!$B$5:$B$421,"prosumer",'4. Raw load per load'!K5:K421) -> 28.6731 | E13: =SUMIF('4. Raw load per load'!$B$5:$B$421,"customer",'4. Raw load per load'!K5:K421) -> 23.5818 | F13: =SUM('5. Raw batt charge'!C13:HH13) -> 0.074 | G13: =SUM('6. Raw batt discharge'!C13:HH13) -> 18.4529 | H13: =F13-G13 -> -18.3789 | I13: =MIN(C13,D13) -> 7.8519 | J13: =MIN(C13-I13,MAX(0,H13)) -> 0 | K13: =MIN(C13-I13-J13,E13) -> 0 | L13: =C13-I13-J13-K13 -> 0 | M13: =E13-K13 -> 23.5818
A14: 10 | B14: 4.5 | C14: =SUM('3. Raw PV per load'!L5:L421) -> 36.7197 | D14: =SUMIF('4. Raw load per load'!$B$5:$B$421,"prosumer",'4. Raw load per load'!L5:L421) -> 27.6939 | E14: =SUMIF('4. Raw load per load'!$B$5:$B$421,"customer",'4. Raw load per load'!L5:L421) -> 25.3155 | F14: =SUM('5. Raw batt charge'!C14:HH14) -> 13.551 | G14: =SUM('6. Raw batt discharge'!C14:HH14) -> 3.855 | H14: =F14-G14 -> 9.696 | I14: =MIN(C14,D14) -> 27.6939 | J14: =MIN(C14-I14,MAX(0,H14)) -> 9.0258 | K14: =MIN(C14-I14-J14,E14) -> 0 | L14: =C14-I14-J14-K14 -> 0 | M14: =E14-K14 -> 25.3155
A15: 11 | B15: 5 | C15: =SUM('3. Raw PV per load'!M5:M421) -> 72.8314 | D15: =SUMIF('4. Raw load per load'!$B$5:$B$421,"prosumer",'4. Raw load per load'!M5:M421) -> 25.1948 | E15: =SUMIF('4. Raw load per load'!$B$5:$B$421,"customer",'4. Raw load per load'!M5:M421) -> 24.3968 | F15: =SUM('5. Raw batt charge'!C15:HH15) -> 49.093 | G15: =SUM('6. Raw batt discharge'!C15:HH15) -> 1.43 | H15: =F15-G15 -> 47.663 | I15: =MIN(C15,D15) -> 25.1948 | J15: =MIN(C15-I15,MAX(0,H15)) -> 47.6366 | K15: =MIN(C15-I15-J15,E15) -> 0 | L15: =C15-I15-J15-K15 -> 0 | M15: =E15-K15 -> 24.3968
A16: 12 | B16: 5.5 | C16: =SUM('3. Raw PV per load'!N5:N421) -> 117.1238 | D16: =SUMIF('4. Raw load per load'!$B$5:$B$421,"prosumer",'4. Raw load per load'!N5:N421) -> 27.2143 | E16: =SUMIF('4. Raw load per load'!$B$5:$B$421,"customer",'4. Raw load per load'!N5:N421) -> 28.0436 | F16: =SUM('5. Raw batt charge'!C16:HH16) -> 90.231 | G16: =SUM('6. Raw batt discharge'!C16:HH16) -> 0.317 | H16: =F16-G16 -> 89.914 | I16: =MIN(C16,D16) -> 27.2143 | J16: =MIN(C16-I16,MAX(0,H16)) -> 89.9095 | K16: =MIN(C16-I16-J16,E16) -> 0 | L16: =C16-I16-J16-K16 -> 0 | M16: =E16-K16 -> 28.0436
A17: 13 | B17: 6 | C17: =SUM('3. Raw PV per load'!O5:O421) -> 165.4373 | D17: =SUMIF('4. Raw load per load'!$B$5:$B$421,"prosumer",'4. Raw load per load'!O5:O421) -> 29.7664 | E17: =SUMIF('4. Raw load per load'!$B$5:$B$421,"customer",'4. Raw load per load'!O5:O421) -> 27.146 | F17: =SUM('5. Raw batt charge'!C17:HH17) -> 136.528 | G17: =SUM('6. Raw batt discharge'!C17:HH17) -> 0.846 | H17: =F17-G17 -> 135.682 | I17: =MIN(C17,D17) -> 29.7664 | J17: =MIN(C17-I17,MAX(0,H17)) -> 135.6709 | K17: =MIN(C17-I17-J17,E17) -> 0 | L17: =C17-I17-J17-K17 -> 0 | M17: =E17-K17 -> 27.146
A18: 14 | B18: 6.5 | C18: =SUM('3. Raw PV per load'!P5:P421) -> 214.3524 | D18: =SUMIF('4. Raw load per load'!$B$5:$B$421,"prosumer",'4. Raw load per load'!P5:P421) -> 31.9989 | E18: =SUMIF('4. Raw load per load'!$B$5:$B$421,"customer",'4. Raw load per load'!P5:P421) -> 27.1402 | F18: =SUM('5. Raw batt charge'!C18:HH18) -> 183.498 | G18: =SUM('6. Raw batt discharge'!C18:HH18) -> 1.144 | H18: =F18-G18 -> 182.354 | I18: =MIN(C18,D18) -> 31.9989 | J18: =MIN(C18-I18,MAX(0,H18)) -> 182.3535 | K18: =MIN(C18-I18-J18,E18) -> 0 | L18: =C18-I18-J18-K18 -> 0 | M18: =E18-K18 -> 27.1402
A19: 15 | B19: 7 | C19: =SUM('3. Raw PV per load'!Q5:Q421) -> 263.0158 | D19: =SUMIF('4. Raw load per load'!$B$5:$B$421,"prosumer",'4. Raw load per load'!Q5:Q421) -> 39.4021 | E19: =SUMIF('4. Raw load per load'!$B$5:$B$421,"customer",'4. Raw load per load'!Q5:Q421) -> 43.7893 | F19: =SUM('5. Raw batt charge'!C19:HH19) -> 224.606 | G19: =SUM('6. Raw batt discharge'!C19:HH19) -> 0.99 | H19: =F19-G19 -> 223.616 | I19: =MIN(C19,D19) -> 39.4021 | J19: =MIN(C19-I19,MAX(0,H19)) -> 223.6137 | K19: =MIN(C19-I19-J19,E19) -> 0 | L19: =C19-I19-J19-K19 -> 0 | M19: =E19-K19 -> 43.7893
A20: 16 | B20: 7.5 | C20: =SUM('3. Raw PV per load'!R5:R421) -> 311.742 | D20: =SUMIF('4. Raw load per load'!$B$5:$B$421,"prosumer",'4. Raw load per load'!R5:R421) -> 49.4352 | E20: =SUMIF('4. Raw load per load'!$B$5:$B$421,"customer",'4. Raw load per load'!R5:R421) -> 44.6622 | F20: =SUM('5. Raw batt charge'!C20:HH20) -> 245.82 | G20: =SUM('6. Raw batt discharge'!C20:HH20) -> 1.801 | H20: =F20-G20 -> 244.019 | I20: =MIN(C20,D20) -> 49.4352 | J20: =MIN(C20-I20,MAX(0,H20)) -> 244.019 | K20: =MIN(C20-I20-J20,E20) -> 18.2878 | L20: =C20-I20-J20-K20 -> 0 | M20: =E20-K20 -> 26.3744
A21: 17 | B21: 8 | C21: =SUM('3. Raw PV per load'!S5:S421) -> 357.4781 | D21: =SUMIF('4. Raw load per load'!$B$5:$B$421,"prosumer",'4. Raw load per load'!S5:S421) -> 71.4731 | E21: =SUMIF('4. Raw load per load'!$B$5:$B$421,"customer",'4. Raw load per load'!S5:S421) -> 56.1988 | F21: =SUM('5. Raw batt charge'!C21:HH21) -> 178.158 | G21: =SUM('6. Raw batt discharge'!C21:HH21) -> 6.284 | H21: =F21-G21 -> 171.874 | I21: =MIN(C21,D21) -> 71.4731 | J21: =MIN(C21-I21,MAX(0,H21)) -> 171.874 | K21: =MIN(C21-I21-J21,E21) -> 56.1988 | L21: =C21-I21-J21-K21 -> 57.9322 | M21: =E21-K21 -> 0
A22: 18 | B22: 8.5 | C22: =SUM('3. Raw PV per load'!T5:T421) -> 400.476 | D22: =SUMIF('4. Raw load per load'!$B$5:$B$421,"prosumer",'4. Raw load per load'!T5:T421) -> 89.5682 | E22: =SUMIF('4. Raw load per load'!$B$5:$B$421,"customer",'4. Raw load per load'!T5:T421) -> 56.6794 | F22: =SUM('5. Raw batt charge'!C22:HH22) -> 101.927 | G22: =SUM('6. Raw batt discharge'!C22:HH22) -> 7.948 | H22: =F22-G22 -> 93.979 | I22: =MIN(C22,D22) -> 89.5682 | J22: =MIN(C22-I22,MAX(0,H22)) -> 93.979 | K22: =MIN(C22-I22-J22,E22) -> 56.6794 | L22: =C22-I22-J22-K22 -> 160.2494 | M22: =E22-K22 -> 0
A23: 19 | B23: 9 | C23: =SUM('3. Raw PV per load'!U5:U421) -> 437.0907 | D23: =SUMIF('4. Raw load per load'!$B$5:$B$421,"prosumer",'4. Raw load per load'!U5:U421) -> 88.0418 | E23: =SUMIF('4. Raw load per load'!$B$5:$B$421,"customer",'4. Raw load per load'!U5:U421) -> 62.8276 | F23: =SUM('5. Raw batt charge'!C23:HH23) -> 68.425 | G23: =SUM('6. Raw batt discharge'!C23:HH23) -> 4.544 | H23: =F23-G23 -> 63.881 | I23: =MIN(C23,D23) -> 88.0418 | J23: =MIN(C23-I23,MAX(0,H23)) -> 63.881 | K23: =MIN(C23-I23-J23,E23) -> 62.8276 | L23: =C23-I23-J23-K23 -> 222.3403 | M23: =E23-K23 -> 0
A24: 20 | B24: 9.5 | C24: =SUM('3. Raw PV per load'!V5:V421) -> 468.3204 | D24: =SUMIF('4. Raw load per load'!$B$5:$B$421,"prosumer",'4. Raw load per load'!V5:V421) -> 88.3828 | E24: =SUMIF('4. Raw load per load'!$B$5:$B$421,"customer",'4. Raw load per load'!V5:V421) -> 72.5772 | F24: =SUM('5. Raw batt charge'!C24:HH24) -> 50.508 | G24: =SUM('6. Raw batt discharge'!C24:HH24) -> 5.909 | H24: =F24-G24 -> 44.599 | I24: =MIN(C24,D24) -> 88.3828 | J24: =MIN(C24-I24,MAX(0,H24)) -> 44.599 | K24: =MIN(C24-I24-J24,E24) -> 72.5772 | L24: =C24-I24-J24-K24 -> 262.7614 | M24: =E24-K24 -> 0
A25: 21 | B25: 10 | C25: =SUM('3. Raw PV per load'!W5:W421) -> 495.7275 | D25: =SUMIF('4. Raw load per load'!$B$5:$B$421,"prosumer",'4. Raw load per load'!W5:W421) -> 87.6033 | E25: =SUMIF('4. Raw load per load'!$B$5:$B$421,"customer",'4. Raw load per load'!W5:W421) -> 67.1486 | F25: =SUM('5. Raw batt charge'!C25:HH25) -> 29.587 | G25: =SUM('6. Raw batt discharge'!C25:HH25) -> 6.888 | H25: =F25-G25 -> 22.699 | I25: =MIN(C25,D25) -> 87.6033 | J25: =MIN(C25-I25,MAX(0,H25)) -> 22.699 | K25: =MIN(C25-I25-J25,E25) -> 67.1486 | L25: =C25-I25-J25-K25 -> 318.2766 | M25: =E25-K25 -> 0
A26: 22 | B26: 10.5 | C26: =SUM('3. Raw PV per load'!X5:X421) -> 518.3542 | D26: =SUMIF('4. Raw load per load'!$B$5:$B$421,"prosumer",'4. Raw load per load'!X5:X421) -> 74.0468 | E26: =SUMIF('4. Raw load per load'!$B$5:$B$421,"customer",'4. Raw load per load'!X5:X421) -> 73.8219 | F26: =SUM('5. Raw batt charge'!C26:HH26) -> 29.148 | G26: =SUM('6. Raw batt discharge'!C26:HH26) -> 4.955 | H26: =F26-G26 -> 24.193 | I26: =MIN(C26,D26) -> 74.0468 | J26: =MIN(C26-I26,MAX(0,H26)) -> 24.193 | K26: =MIN(C26-I26-J26,E26) -> 73.8219 | L26: =C26-I26-J26-K26 -> 346.2925 | M26: =E26-K26 -> 0
A27: 23 | B27: 11 | C27: =SUM('3. Raw PV per load'!Y5:Y421) -> 534.4053 | D27: =SUMIF('4. Raw load per load'!$B$5:$B$421,"prosumer",'4. Raw load per load'!Y5:Y421) -> 75.0566 | E27: =SUMIF('4. Raw load per load'!$B$5:$B$421,"customer",'4. Raw load per load'!Y5:Y421) -> 80.7739 | F27: =SUM('5. Raw batt charge'!C27:HH27) -> 24.151 | G27: =SUM('6. Raw batt discharge'!C27:HH27) -> 1.22 | H27: =F27-G27 -> 22.931 | I27: =MIN(C27,D27) -> 75.0566 | J27: =MIN(C27-I27,MAX(0,H27)) -> 22.931 | K27: =MIN(C27-I27-J27,E27) -> 80.7739 | L27: =C27-I27-J27-K27 -> 355.6438 | M27: =E27-K27 -> 0
A28: 24 | B28: 11.5 | C28: =SUM('3. Raw PV per load'!Z5:Z421) -> 541.4481 | D28: =SUMIF('4. Raw load per load'!$B$5:$B$421,"prosumer",'4. Raw load per load'!Z5:Z421) -> 71.2602 | E28: =SUMIF('4. Raw load per load'!$B$5:$B$421,"customer",'4. Raw load per load'!Z5:Z421) -> 81.9383 | F28: =SUM('5. Raw batt charge'!C28:HH28) -> 17.691 | G28: =SUM('6. Raw batt discharge'!C28:HH28) -> 1.87 | H28: =F28-G28 -> 15.821 | I28: =MIN(C28,D28) -> 71.2602 | J28: =MIN(C28-I28,MAX(0,H28)) -> 15.821 | K28: =MIN(C28-I28-J28,E28) -> 81.9383 | L28: =C28-I28-J28-K28 -> 372.4286 | M28: =E28-K28 -> 0
A29: 25 | B29: 12 | C29: =SUM('3. Raw PV per load'!AA5:AA421) -> 543.4846 | D29: =SUMIF('4. Raw load per load'!$B$5:$B$421,"prosumer",'4. Raw load per load'!AA5:AA421) -> 90.7108 | E29: =SUMIF('4. Raw load per load'!$B$5:$B$421,"customer",'4. Raw load per load'!AA5:AA421) -> 72.5805 | F29: =SUM('5. Raw batt charge'!C29:HH29) -> 7.879 | G29: =SUM('6. Raw batt discharge'!C29:HH29) -> 0.83 | H29: =F29-G29 -> 7.049 | I29: =MIN(C29,D29) -> 90.7108 | J29: =MIN(C29-I29,MAX(0,H29)) -> 7.049 | K29: =MIN(C29-I29-J29,E29) -> 72.5805 | L29: =C29-I29-J29-K29 -> 373.1443 | M29: =E29-K29 -> 0
A30: 26 | B30: 12.5 | C30: =SUM('3. Raw PV per load'!AB5:AB421) -> 539.6677 | D30: =SUMIF('4. Raw load per load'!$B$5:$B$421,"prosumer",'4. Raw load per load'!AB5:AB421) -> 88.3963 | E30: =SUMIF('4. Raw load per load'!$B$5:$B$421,"customer",'4. Raw load per load'!AB5:AB421) -> 59.0206 | F30: =SUM('5. Raw batt charge'!C30:HH30) -> 5.95 | G30: =SUM('6. Raw batt discharge'!C30:HH30) -> 2.772 | H30: =F30-G30 -> 3.178 | I30: =MIN(C30,D30) -> 88.3963 | J30: =MIN(C30-I30,MAX(0,H30)) -> 3.178 | K30: =MIN(C30-I30-J30,E30) -> 59.0206 | L30: =C30-I30-J30-K30 -> 389.0728 | M30: =E30-K30 -> 0
A31: 27 | B31: 13 | C31: =SUM('3. Raw PV per load'!AC5:AC421) -> 526.8565 | D31: =SUMIF('4. Raw load per load'!$B$5:$B$421,"prosumer",'4. Raw load per load'!AC5:AC421) -> 97.7962 | E31: =SUMIF('4. Raw load per load'!$B$5:$B$421,"customer",'4. Raw load per load'!AC5:AC421) -> 62.9153 | F31: =SUM('5. Raw batt charge'!C31:HH31) -> 5.405 | G31: =SUM('6. Raw batt discharge'!C31:HH31) -> 2.811 | H31: =F31-G31 -> 2.594 | I31: =MIN(C31,D31) -> 97.7962 | J31: =MIN(C31-I31,MAX(0,H31)) -> 2.594 | K31: =MIN(C31-I31-J31,E31) -> 62.9153 | L31: =C31-I31-J31-K31 -> 363.551 | M31: =E31-K31 -> 0
A32: 28 | B32: 13.5 | C32: =SUM('3. Raw PV per load'!AD5:AD421) -> 507.3034 | D32: =SUMIF('4. Raw load per load'!$B$5:$B$421,"prosumer",'4. Raw load per load'!AD5:AD421) -> 82.0746 | E32: =SUMIF('4. Raw load per load'!$B$5:$B$421,"customer",'4. Raw load per load'!AD5:AD421) -> 64.3104 | F32: =SUM('5. Raw batt charge'!C32:HH32) -> 5.686 | G32: =SUM('6. Raw batt discharge'!C32:HH32) -> 2.937 | H32: =F32-G32 -> 2.749 | I32: =MIN(C32,D32) -> 82.0746 | J32: =MIN(C32-I32,MAX(0,H32)) -> 2.749 | K32: =MIN(C32-I32-J32,E32) -> 64.3104 | L32: =C32-I32-J32-K32 -> 358.1694 | M32: =E32-K32 -> 0
A33: 29 | B33: 14 | C33: =SUM('3. Raw PV per load'!AE5:AE421) -> 483.9659 | D33: =SUMIF('4. Raw load per load'!$B$5:$B$421,"prosumer",'4. Raw load per load'!AE5:AE421) -> 74.2282 | E33: =SUMIF('4. Raw load per load'!$B$5:$B$421,"customer",'4. Raw load per load'!AE5:AE421) -> 66.0108 | F33: =SUM('5. Raw batt charge'!C33:HH33) -> 5.227 | G33: =SUM('6. Raw batt discharge'!C33:HH33) -> 4.84 | H33: =F33-G33 -> 0.387 | I33: =MIN(C33,D33) -> 74.2282 | J33: =MIN(C33-I33,MAX(0,H33)) -> 0.387 | K33: =MIN(C33-I33-J33,E33) -> 66.0108 | L33: =C33-I33-J33-K33 -> 343.3399 | M33: =E33-K33 -> 0
A34: 30 | B34: 14.5 | C34: =SUM('3. Raw PV per load'!AF5:AF421) -> 454.3938 | D34: =SUMIF('4. Raw load per load'!$B$5:$B$421,"prosumer",'4. Raw load per load'!AF5:AF421) -> 64.0548 | E34: =SUMIF('4. Raw load per load'!$B$5:$B$421,"customer",'4. Raw load per load'!AF5:AF421) -> 60.8718 | F34: =SUM('5. Raw batt charge'!C34:HH34) -> 4.149 | G34: =SUM('6. Raw batt discharge'!C34:HH34) -> 0.578 | H34: =F34-G34 -> 3.571 | I34: =MIN(C34,D34) -> 64.0548 | J34: =MIN(C34-I34,MAX(0,H34)) -> 3.571 | K34: =MIN(C34-I34-J34,E34) -> 60.8718 | L34: =C34-I34-J34-K34 -> 325.8962 | M34: =E34-K34 -> 0
A35: 31 | B35: 15 | C35: =SUM('3. Raw PV per load'!AG5:AG421) -> 422.9665 | D35: =SUMIF('4. Raw load per load'!$B$5:$B$421,"prosumer",'4. Raw load per load'!AG5:AG421) -> 57.1949 | E35: =SUMIF('4. Raw load per load'!$B$5:$B$421,"customer",'4. Raw load per load'!AG5:AG421) -> 61.7916 | F35: =SUM('5. Raw batt charge'!C35:HH35) -> 5.315 | G35: =SUM('6. Raw batt discharge'!C35:HH35) -> 0.728 | H35: =F35-G35 -> 4.587 | I35: =MIN(C35,D35) -> 57.1949 | J35: =MIN(C35-I35,MAX(0,H35)) -> 4.587 | K35: =MIN(C35-I35-J35,E35) -> 61.7916 | L35: =C35-I35-J35-K35 -> 299.393 | M35: =E35-K35 -> 0
A36: 32 | B36: 15.5 | C36: =SUM('3. Raw PV per load'!AH5:AH421) -> 385.1479 | D36: =SUMIF('4. Raw load per load'!$B$5:$B$421,"prosumer",'4. Raw load per load'!AH5:AH421) -> 60.0611 | E36: =SUMIF('4. Raw load per load'!$B$5:$B$421,"customer",'4. Raw load per load'!AH5:AH421) -> 62.2149 | F36: =SUM('5. Raw batt charge'!C36:HH36) -> 3.886 | G36: =SUM('6. Raw batt discharge'!C36:HH36) -> 0.473 | H36: =F36-G36 -> 3.413 | I36: =MIN(C36,D36) -> 60.0611 | J36: =MIN(C36-I36,MAX(0,H36)) -> 3.413 | K36: =MIN(C36-I36-J36,E36) -> 62.2149 | L36: =C36-I36-J36-K36 -> 259.4589 | M36: =E36-K36 -> 0
A37: 33 | B37: 16 | C37: =SUM('3. Raw PV per load'!AI5:AI421) -> 342.5592 | D37: =SUMIF('4. Raw load per load'!$B$5:$B$421,"prosumer",'4. Raw load per load'!AI5:AI421) -> 77.4095 | E37: =SUMIF('4. Raw load per load'!$B$5:$B$421,"customer",'4. Raw load per load'!AI5:AI421) -> 61.3645 | F37: =SUM('5. Raw batt charge'!C37:HH37) -> 3.541 | G37: =SUM('6. Raw batt discharge'!C37:HH37) -> 5.35 | H37: =F37-G37 -> -1.809 | I37: =MIN(C37,D37) -> 77.4095 | J37: =MIN(C37-I37,MAX(0,H37)) -> 0 | K37: =MIN(C37-I37-J37,E37) -> 61.3645 | L37: =C37-I37-J37-K37 -> 203.7852 | M37: =E37-K37 -> 0
A38: 34 | B38: 16.5 | C38: =SUM('3. Raw PV per load'!AJ5:AJ421) -> 291.1337 | D38: =SUMIF('4. Raw load per load'!$B$5:$B$421,"prosumer",'4. Raw load per load'!AJ5:AJ421) -> 83.3525 | E38: =SUMIF('4. Raw load per load'!$B$5:$B$421,"customer",'4. Raw load per load'!AJ5:AJ421) -> 72.1707 | F38: =SUM('5. Raw batt charge'!C38:HH38) -> 4.997 | G38: =SUM('6. Raw batt discharge'!C38:HH38) -> 8.61 | H38: =F38-G38 -> -3.613 | I38: =MIN(C38,D38) -> 83.3525 | J38: =MIN(C38-I38,MAX(0,H38)) -> 0 | K38: =MIN(C38-I38-J38,E38) -> 72.1707 | L38: =C38-I38-J38-K38 -> 135.6105 | M38: =E38-K38 -> 0
A39: 35 | B39: 17 | C39: =SUM('3. Raw PV per load'!AK5:AK421) -> 243.0012 | D39: =SUMIF('4. Raw load per load'!$B$5:$B$421,"prosumer",'4. Raw load per load'!AK5:AK421) -> 85.1087 | E39: =SUMIF('4. Raw load per load'!$B$5:$B$421,"customer",'4. Raw load per load'!AK5:AK421) -> 74.8727 | F39: =SUM('5. Raw batt charge'!C39:HH39) -> 4.959 | G39: =SUM('6. Raw batt discharge'!C39:HH39) -> 13.158 | H39: =F39-G39 -> -8.199 | I39: =MIN(C39,D39) -> 85.1087 | J39: =MIN(C39-I39,MAX(0,H39)) -> 0 | K39: =MIN(C39-I39-J39,E39) -> 74.8727 | L39: =C39-I39-J39-K39 -> 83.0198 | M39: =E39-K39 -> 0
A40: 36 | B40: 17.5 | C40: =SUM('3. Raw PV per load'!AL5:AL421) -> 193.5442 | D40: =SUMIF('4. Raw load per load'!$B$5:$B$421,"prosumer",'4. Raw load per load'!AL5:AL421) -> 105.4768 | E40: =SUMIF('4. Raw load per load'!$B$5:$B$421,"customer",'4. Raw load per load'!AL5:AL421) -> 86.3476 | F40: =SUM('5. Raw batt charge'!C40:HH40) -> 3.349 | G40: =SUM('6. Raw batt discharge'!C40:HH40) -> 32.402 | H40: =F40-G40 -> -29.053 | I40: =MIN(C40,D40) -> 105.4768 | J40: =MIN(C40-I40,MAX(0,H40)) -> 0 | K40: =MIN(C40-I40-J40,E40) -> 86.3476 | L40: =C40-I40-J40-K40 -> 1.7198 | M40: =E40-K40 -> 0
A41: 37 | B41: 18 | C41: =SUM('3. Raw PV per load'!AM5:AM421) -> 145.7065 | D41: =SUMIF('4. Raw load per load'!$B$5:$B$421,"prosumer",'4. Raw load per load'!AM5:AM421) -> 86.1861 | E41: =SUMIF('4. Raw load per load'!$B$5:$B$421,"customer",'4. Raw load per load'!AM5:AM421) -> 87.7474 | F41: =SUM('5. Raw batt charge'!C41:HH41) -> 7.806 | G41: =SUM('6. Raw batt discharge'!C41:HH41) -> 25.63 | H41: =F41-G41 -> -17.824 | I41: =MIN(C41,D41) -> 86.1861 | J41: =MIN(C41-I41,MAX(0,H41)) -> 0 | K41: =MIN(C41-I41-J41,E41) -> 59.5204 | L41: =C41-I41-J41-K41 -> 0 | M41: =E41-K41 -> 28.227
A42: 38 | B42: 18.5 | C42: =SUM('3. Raw PV per load'!AN5:AN421) -> 99.5836 | D42: =SUMIF('4. Raw load per load'!$B$5:$B$421,"prosumer",'4. Raw load per load'!AN5:AN421) -> 83.4958 | E42: =SUMIF('4. Raw load per load'!$B$5:$B$421,"customer",'4. Raw load per load'!AN5:AN421) -> 79.6544 | F42: =SUM('5. Raw batt charge'!C42:HH42) -> 5.13 | G42: =SUM('6. Raw batt discharge'!C42:HH42) -> 28.65 | H42: =F42-G42 -> -23.52 | I42: =MIN(C42,D42) -> 83.4958 | J42: =MIN(C42-I42,MAX(0,H42)) -> 0 | K42: =MIN(C42-I42-J42,E42) -> 16.0878 | L42: =C42-I42-J42-K42 -> 0 | M42: =E42-K42 -> 63.5666
A43: 39 | B43: 19 | C43: =SUM('3. Raw PV per load'!AO5:AO421) -> 58.1471 | D43: =SUMIF('4. Raw load per load'!$B$5:$B$421,"prosumer",'4. Raw load per load'!AO5:AO421) -> 84.2011 | E43: =SUMIF('4. Raw load per load'!$B$5:$B$421,"customer",'4. Raw load per load'!AO5:AO421) -> 80.0919 | F43: =SUM('5. Raw batt charge'!C43:HH43) -> 1.913 | G43: =SUM('6. Raw batt discharge'!C43:HH43) -> 40.004 | H43: =F43-G43 -> -38.091 | I43: =MIN(C43,D43) -> 58.1471 | J43: =MIN(C43-I43,MAX(0,H43)) -> 0 | K43: =MIN(C43-I43-J43,E43) -> 0 | L43: =C43-I43-J43-K43 -> 0 | M43: =E43-K43 -> 80.0919
A44: 40 | B44: 19.5 | C44: =SUM('3. Raw PV per load'!AP5:AP421) -> 16.9242 | D44: =SUMIF('4. Raw load per load'!$B$5:$B$421,"prosumer",'4. Raw load per load'!AP5:AP421) -> 94.7603 | E44: =SUMIF('4. Raw load per load'!$B$5:$B$421,"customer",'4. Raw load per load'!AP5:AP421) -> 90.9889 | F44: =SUM('5. Raw batt charge'!C44:HH44) -> 0.01 | G44: =SUM('6. Raw batt discharge'!C44:HH44) -> 78.361 | H44: =F44-G44 -> -78.351 | I44: =MIN(C44,D44) -> 16.9242 | J44: =MIN(C44-I44,MAX(0,H44)) -> 0 | K44: =MIN(C44-I44-J44,E44) -> 0 | L44: =C44-I44-J44-K44 -> 0 | M44: =E44-K44 -> 90.9889
A45: 41 | B45: 20 | C45: =SUM('3. Raw PV per load'!AQ5:AQ421) -> 3.1239 | D45: =SUMIF('4. Raw load per load'!$B$5:$B$421,"prosumer",'4. Raw load per load'!AQ5:AQ421) -> 97.7223 | E45: =SUMIF('4. Raw load per load'!$B$5:$B$421,"customer",'4. Raw load per load'!AQ5:AQ421) -> 96.8479 | F45: =SUM('5. Raw batt charge'!C45:HH45) -> 0 | G45: =SUM('6. Raw batt discharge'!C45:HH45) -> 94.604 | H45: =F45-G45 -> -94.604 | I45: =MIN(C45,D45) -> 3.1239 | J45: =MIN(C45-I45,MAX(0,H45)) -> 0 | K45: =MIN(C45-I45-J45,E45) -> 0 | L45: =C45-I45-J45-K45 -> 0 | M45: =E45-K45 -> 96.8479
A46: 42 | B46: 20.5 | C46: =SUM('3. Raw PV per load'!AR5:AR421) -> 0 | D46: =SUMIF('4. Raw load per load'!$B$5:$B$421,"prosumer",'4. Raw load per load'!AR5:AR421) -> 107.6506 | E46: =SUMIF('4. Raw load per load'!$B$5:$B$421,"customer",'4. Raw load per load'!AR5:AR421) -> 104.0495 | F46: =SUM('5. Raw batt charge'!C46:HH46) -> 0 | G46: =SUM('6. Raw batt discharge'!C46:HH46) -> 106.876 | H46: =F46-G46 -> -106.876 | I46: =MIN(C46,D46) -> 0 | J46: =MIN(C46-I46,MAX(0,H46)) -> 0 | K46: =MIN(C46-I46-J46,E46) -> 0 | L46: =C46-I46-J46-K46 -> 0 | M46: =E46-K46 -> 104.0495
A47: 43 | B47: 21 | C47: =SUM('3. Raw PV per load'!AS5:AS421) -> 0 | D47: =SUMIF('4. Raw load per load'!$B$5:$B$421,"prosumer",'4. Raw load per load'!AS5:AS421) -> 105.7056 | E47: =SUMIF('4. Raw load per load'!$B$5:$B$421,"customer",'4. Raw load per load'!AS5:AS421) -> 102.6549 | F47: =SUM('5. Raw batt charge'!C47:HH47) -> 0 | G47: =SUM('6. Raw batt discharge'!C47:HH47) -> 101.094 | H47: =F47-G47 -> -101.094 | I47: =MIN(C47,D47) -> 0 | J47: =MIN(C47-I47,MAX(0,H47)) -> 0 | K47: =MIN(C47-I47-J47,E47) -> 0 | L47: =C47-I47-J47-K47 -> 0 | M47: =E47-K47 -> 102.6549
A48: 44 | B48: 21.5 | C48: =SUM('3. Raw PV per load'!AT5:AT421) -> 0 | D48: =SUMIF('4. Raw load per load'!$B$5:$B$421,"prosumer",'4. Raw load per load'!AT5:AT421) -> 111.7599 | E48: =SUMIF('4. Raw load per load'!$B$5:$B$421,"customer",'4. Raw load per load'!AT5:AT421) -> 102.5327 | F48: =SUM('5. Raw batt charge'!C48:HH48) -> 0 | G48: =SUM('6. Raw batt discharge'!C48:HH48) -> 104.6 | H48: =F48-G48 -> -104.6 | I48: =MIN(C48,D48) -> 0 | J48: =MIN(C48-I48,MAX(0,H48)) -> 0 | K48: =MIN(C48-I48-J48,E48) -> 0 | L48: =C48-I48-J48-K48 -> 0 | M48: =E48-K48 -> 102.5327
A49: 45 | B49: 22 | C49: =SUM('3. Raw PV per load'!AU5:AU421) -> 0 | D49: =SUMIF('4. Raw load per load'!$B$5:$B$421,"prosumer",'4. Raw load per load'!AU5:AU421) -> 99.2192 | E49: =SUMIF('4. Raw load per load'!$B$5:$B$421,"customer",'4. Raw load per load'!AU5:AU421) -> 95.3542 | F49: =SUM('5. Raw batt charge'!C49:HH49) -> 0 | G49: =SUM('6. Raw batt discharge'!C49:HH49) -> 88.26 | H49: =F49-G49 -> -88.26 | I49: =MIN(C49,D49) -> 0 | J49: =MIN(C49-I49,MAX(0,H49)) -> 0 | K49: =MIN(C49-I49-J49,E49) -> 0 | L49: =C49-I49-J49-K49 -> 0 | M49: =E49-K49 -> 95.3542
A50: 46 | B50: 22.5 | C50: =SUM('3. Raw PV per load'!AV5:AV421) -> 0 | D50: =SUMIF('4. Raw load per load'!$B$5:$B$421,"prosumer",'4. Raw load per load'!AV5:AV421) -> 86.6616 | E50: =SUMIF('4. Raw load per load'!$B$5:$B$421,"customer",'4. Raw load per load'!AV5:AV421) -> 80.6818 | F50: =SUM('5. Raw batt charge'!C50:HH50) -> 0 | G50: =SUM('6. Raw batt discharge'!C50:HH50) -> 77.262 | H50: =F50-G50 -> -77.262 | I50: =MIN(C50,D50) -> 0 | J50: =MIN(C50-I50,MAX(0,H50)) -> 0 | K50: =MIN(C50-I50-J50,E50) -> 0 | L50: =C50-I50-J50-K50 -> 0 | M50: =E50-K50 -> 80.6818
A51: 47 | B51: 23 | C51: =SUM('3. Raw PV per load'!AW5:AW421) -> 0 | D51: =SUMIF('4. Raw load per load'!$B$5:$B$421,"prosumer",'4. Raw load per load'!AW5:AW421) -> 77.5417 | E51: =SUMIF('4. Raw load per load'!$B$5:$B$421,"customer",'4. Raw load per load'!AW5:AW421) -> 69.4409 | F51: =SUM('5. Raw batt charge'!C51:HH51) -> 0 | G51: =SUM('6. Raw batt discharge'!C51:HH51) -> 67.538 | H51: =F51-G51 -> -67.538 | I51: =MIN(C51,D51) -> 0 | J51: =MIN(C51-I51,MAX(0,H51)) -> 0 | K51: =MIN(C51-I51-J51,E51) -> 0 | L51: =C51-I51-J51-K51 -> 0 | M51: =E51-K51 -> 69.4409
A52: 48 | B52: 23.5 | C52: =SUM('3. Raw PV per load'!AX5:AX421) -> 0 | D52: =SUMIF('4. Raw load per load'!$B$5:$B$421,"prosumer",'4. Raw load per load'!AX5:AX421) -> 59.3887 | E52: =SUMIF('4. Raw load per load'!$B$5:$B$421,"customer",'4. Raw load per load'!AX5:AX421) -> 54.099 | F52: =SUM('5. Raw batt charge'!C52:HH52) -> 0 | G52: =SUM('6. Raw batt discharge'!C52:HH52) -> 47.473 | H52: =F52-G52 -> -47.473 | I52: =MIN(C52,D52) -> 0 | J52: =MIN(C52-I52,MAX(0,H52)) -> 0 | K52: =MIN(C52-I52-J52,E52) -> 0 | L52: =C52-I52-J52-K52 -> 0 | M52: =E52-K52 -> 54.099
A53: TOTAL | B53: kWh/day | C53: =SUM(C5:C52)*0.5 -> 5100.2134 | D53: =SUM(D5:D52)*0.5 -> 1615.1173 | E53: =SUM(E5:E52)*0.5 -> 1439.7673 | F53: =SUM(F5:F52)*0.5 -> 759.099 | G53: =SUM(G5:G52)*0.5 -> 624.66345 | H53: =SUM(H5:H52)*0.5 -> 134.43555 | I53: =SUM(I5:I52)*0.5 -> 1049.137 | J53: =SUM(J5:J52)*0.5 -> 709.867 | ... M53: =SUM(M5:M52)*0.5 -> 714.60075
A55: Each half-hour is 0.5 h, so daily energy (kWh) = Σ(power in kW) × 0.5.
A56: Trace any input: e.g. cell C5 = SUM of column C on sheet 3 (PV of all 417 connections at 00:00). Click it to see the formula.

Sheet 8. Results & charts
A1: TR5 PV allocation — results
A3: Where the day's PV goes | E3: How the customers (203) are supplied
A4: Destination | B4: kWh/day | C4: % of PV | E4: Source | F4: kWh/day | G4: % of cust. load
A5: PV → prosumers' own load | B5: ='7. PV allocation (per period)'!I53 -> 1049.137 | C5: ='7. PV allocation (per period)'!I53/'7. PV allocation (per period)'!C53 -> 0.20570454 | E5: From prosumer PV (day) | F5: ='7. PV allocation (per period)'!K53 -> 725.16655 | G5: ='7. PV allocation (per period)'!K53/'7. PV allocation (per period)'!E53 -> 0.50366927
A6: PV → battery storage | B6: ='7. PV allocation (per period)'!J53 -> 709.867 | C6: ='7. PV allocation (per period)'!J53/'7. PV allocation (per period)'!C53 -> 0.13918378 | E6: From grid import (night) | F6: ='7. PV allocation (per period)'!M53 -> 714.60075 | G6: ='7. PV allocation (per period)'!M53/'7. PV allocation (per period)'!E53 -> 0.49633073
A7: PV → customers | B7: ='7. PV allocation (per period)'!K53 -> 725.16655 | C7: ='7. PV allocation (per period)'!K53/'7. PV allocation (per period)'!C53 -> 0.14218357 | E7: TOTAL customer load | F7: ='7. PV allocation (per period)'!E53 -> 1439.7673 | G7: 1
A8: PV → export to grid | B8: ='7. PV allocation (per period)'!L53 -> 2616.0428 | C8: ='7. PV allocation (per period)'!L53/'7. PV allocation (per period)'!C53 -> 0.51292811
A9: TOTAL (= PV) | B9: ='7. PV allocation (per period)'!C53 -> 5100.2134 | C9: 1
A55: Charts read live from sheet 7, which reads live from raw sheets 3–6.
