Workbook

Sheet ReadMe
A1: README
A2: Data behind the TR1 rolling-dispatch figures (SOC, demand/PV/dispatch, net, self-consumption, metrics histogram).
A3: Each quantity sheet: rows = 48 half-hour periods (with hour of day), columns = prosumers, plus fleet_average / fleet_total.
A4: Dispatch is the committed slot-1 execution of the rolling horizon (self-consumption baseline, Term 2 + Term 3).
A5: SOC is the realised state at the START of each step (fraction of capacity).
A6: net_kW = (demand - PV) + (charge - discharge); positive = import, negative = export.
A7: Regenerate: python build_workbook.py --force (see README.md for other transformers).

Sheet Summary
A1: quantity | B1: value
A2: run | B2: TR1 exact-QCP rolling (FOR_PolyS=0, FOR_LinearizeVmax=0), 48 steps, all Optimal
A3: source dispatch | B3: FOR_rolling_soc_TR1.csv
A4: source load/PV | B4: TR1_load_PV_48periods.xlsx
A5: prosumers | B5: 77
A6: PV generated kWh/day | B6: 1797
A7: demand kWh/day | B7: 572.8
A8: exported kWh/day | B8: 1201.3
A9: imported kWh/day | B9: 22.6
A10: SCR % (PV used locally) | B10: 33.1
A11: SSR % (demand met locally) | B11: 96
A12: prosumer-periods |net|<50W % | B12: 58.2
A13: SOC min/max over day | B13: 0.10 / 1.00
A14: simultaneous chg+dis rows | B14: 0

Sheet FleetAverage
A1: period | B1: hour | C1: demand_avg_kW | D1: PV_avg_kW | E1: charge_avg_kW | F1: discharge_avg_kW | G1: net_avg_kW | H1: SOC_avg_pct | I1: demand_total_kW | J1: PV_total_kW | K1: net_total_kW
A2: =Demand_kW!A2 -> 1 | B2: =Demand_kW!B2 -> 0 | C2: =AVERAGE(Demand_kW!$C2:$CA2) -> 0.27365084 | D2: =AVERAGE(PV_kW!$C2:$CA2) -> 0 | E2: =AVERAGE(Charge_kW!$C2:$CA2) -> 0 | F2: =AVERAGE(Discharge_kW!$C2:$CA2) -> 0.27302597 | G2: =C2-D2+E2-F2 -> 0.00062486364 | H2: =AVERAGE(SOC_pct!$C2:$CA2) -> 40 | I2: =SUM(Demand_kW!$C2:$CA2) -> 21.071115 | J2: =SUM(PV_kW!$C2:$CA2) -> 0 | K2: =I2-J2+SUM(Charge_kW!$C2:$CA2)-SUM(Discharge_kW!$C2:$CA2) -> 0.0481145
A3: =Demand_kW!A3 -> 2 | B3: =Demand_kW!B3 -> 0.5 | C3: =AVERAGE(Demand_kW!$C3:$CA3) -> 0.17791698 | D3: =AVERAGE(PV_kW!$C3:$CA3) -> 0 | E3: =AVERAGE(Charge_kW!$C3:$CA3) -> 0 | F3: =AVERAGE(Discharge_kW!$C3:$CA3) -> 0.176 | G3: =C3-D3+E3-F3 -> 0.0019169775 | H3: =AVERAGE(SOC_pct!$C3:$CA3) -> 36.573881 | I3: =SUM(Demand_kW!$C3:$CA3) -> 13.699607 | J3: =SUM(PV_kW!$C3:$CA3) -> 0 | K3: =I3-J3+SUM(Charge_kW!$C3:$CA3)-SUM(Discharge_kW!$C3:$CA3) -> 0.14760727
A4: =Demand_kW!A4 -> 3 | B4: =Demand_kW!B4 -> 1 | C4: =AVERAGE(Demand_kW!$C4:$CA4) -> 0.1257483 | D4: =AVERAGE(PV_kW!$C4:$CA4) -> 0 | E4: =AVERAGE(Charge_kW!$C4:$CA4) -> 0 | F4: =AVERAGE(Discharge_kW!$C4:$CA4) -> 0.12401299 | G4: =C4-D4+E4-F4 -> 0.0017353117 | H4: =AVERAGE(SOC_pct!$C4:$CA4) -> 34.364817 | I4: =SUM(Demand_kW!$C4:$CA4) -> 9.682619 | J4: =SUM(PV_kW!$C4:$CA4) -> 0 | K4: =I4-J4+SUM(Charge_kW!$C4:$CA4)-SUM(Discharge_kW!$C4:$CA4) -> 0.133619
A5: =Demand_kW!A5 -> 4 | B5: =Demand_kW!B5 -> 1.5 | C5: =AVERAGE(Demand_kW!$C5:$CA5) -> 0.14186491 | D5: =AVERAGE(PV_kW!$C5:$CA5) -> 0 | E5: =AVERAGE(Charge_kW!$C5:$CA5) -> 0 | F5: =AVERAGE(Discharge_kW!$C5:$CA5) -> 0.13924675 | G5: =C5-D5+E5-F5 -> 0.002618155 | H5: =AVERAGE(SOC_pct!$C5:$CA5) -> 32.808425 | I5: =SUM(Demand_kW!$C5:$CA5) -> 10.923598 | J5: =SUM(PV_kW!$C5:$CA5) -> 0 | K5: =I5-J5+SUM(Charge_kW!$C5:$CA5)-SUM(Discharge_kW!$C5:$CA5) -> 0.20159793
A6: =Demand_kW!A6 -> 5 | B6: =Demand_kW!B6 -> 2 | C6: =AVERAGE(Demand_kW!$C6:$CA6) -> 0.10638473 | D6: =AVERAGE(PV_kW!$C6:$CA6) -> 0 | E6: =AVERAGE(Charge_kW!$C6:$CA6) -> 0 | F6: =AVERAGE(Discharge_kW!$C6:$CA6) -> 0.10158442 | G6: =C6-D6+E6-F6 -> 0.004800316 | H6: =AVERAGE(SOC_pct!$C6:$CA6) -> 31.061217 | I6: =SUM(Demand_kW!$C6:$CA6) -> 8.1916243 | J6: =SUM(PV_kW!$C6:$CA6) -> 0 | K6: =I6-J6+SUM(Charge_kW!$C6:$CA6)-SUM(Discharge_kW!$C6:$CA6) -> 0.36962433
A7: =Demand_kW!A7 -> 6 | B7: =Demand_kW!B7 -> 2.5 | C7: =AVERAGE(Demand_kW!$C7:$CA7) -> 0.12450446 | D7: =AVERAGE(PV_kW!$C7:$CA7) -> 0 | E7: =AVERAGE(Charge_kW!$C7:$CA7) -> 0 | F7: =AVERAGE(Discharge_kW!$C7:$CA7) -> 0.12122078 | G7: =C7-D7+E7-F7 -> 0.0032836788 | H7: =AVERAGE(SOC_pct!$C7:$CA7) -> 29.786691 | I7: =SUM(Demand_kW!$C7:$CA7) -> 9.5868433 | J7: =SUM(PV_kW!$C7:$CA7) -> 0 | K7: =I7-J7+SUM(Charge_kW!$C7:$CA7)-SUM(Discharge_kW!$C7:$CA7) -> 0.25284327
A8: =Demand_kW!A8 -> 7 | B8: =Demand_kW!B8 -> 3 | C8: =AVERAGE(Demand_kW!$C8:$CA8) -> 0.1320434 | D8: =AVERAGE(PV_kW!$C8:$CA8) -> 0 | E8: =AVERAGE(Charge_kW!$C8:$CA8) -> 0 | F8: =AVERAGE(Discharge_kW!$C8:$CA8) -> 0.12644156 | G8: =C8-D8+E8-F8 -> 0.0056018442 | H8: =AVERAGE(SOC_pct!$C8:$CA8) -> 28.265666 | I8: =SUM(Demand_kW!$C8:$CA8) -> 10.167342 | J8: =SUM(PV_kW!$C8:$CA8) -> 0 | K8: =I8-J8+SUM(Charge_kW!$C8:$CA8)-SUM(Discharge_kW!$C8:$CA8) -> 0.431342
A9: =Demand_kW!A9 -> 8 | B9: =Demand_kW!B9 -> 3.5 | C9: =AVERAGE(Demand_kW!$C9:$CA9) -> 0.10227013 | D9: =AVERAGE(PV_kW!$C9:$CA9) -> 0.0024856454 | E9: =AVERAGE(Charge_kW!$C9:$CA9) -> 0 | F9: =AVERAGE(Discharge_kW!$C9:$CA9) -> 0.094415584 | G9: =C9-D9+E9-F9 -> 0.0053688958 | H9: =AVERAGE(SOC_pct!$C9:$CA9) -> 26.679017 | I9: =SUM(Demand_kW!$C9:$CA9) -> 7.8747997 | J9: =SUM(PV_kW!$C9:$CA9) -> 0.19139469 | K9: =I9-J9+SUM(Charge_kW!$C9:$CA9)-SUM(Discharge_kW!$C9:$CA9) -> 0.41340497
A10: =Demand_kW!A10 -> 9 | B10: =Demand_kW!B10 -> 4 | C10: =AVERAGE(Demand_kW!$C10:$CA10) -> 0.12989528 | D10: =AVERAGE(PV_kW!$C10:$CA10) -> 0.035928327 | E10: =AVERAGE(Charge_kW!$C10:$CA10) -> 5.1948052e-05 | F10: =AVERAGE(Discharge_kW!$C10:$CA10) -> 0.08756189 | G10: =C10-D10+E10-F10 -> 0.0064570078 | H10: =AVERAGE(SOC_pct!$C10:$CA10) -> 25.494478 | I10: =SUM(Demand_kW!$C10:$CA10) -> 10.001936 | J10: =SUM(PV_kW!$C10:$CA10) -> 2.7664811 | K10: =I10-J10+SUM(Charge_kW!$C10:$CA10)-SUM(Discharge_kW!$C10:$CA10) -> 0.4971896
A11: =Demand_kW!A11 -> 10 | B11: =Demand_kW!B11 -> 4.5 | C11: =AVERAGE(Demand_kW!$C11:$CA11) -> 0.11673562 | D11: =AVERAGE(PV_kW!$C11:$CA11) -> 0.16801174 | E11: =AVERAGE(Charge_kW!$C11:$CA11) -> 0.074155844 | F11: =AVERAGE(Discharge_kW!$C11:$CA11) -> 0.022909091 | G11: =C11-D11+E11-F11 -> -2.9369514e-05 | H11: =AVERAGE(SOC_pct!$C11:$CA11) -> 24.39647 | I11: =SUM(Demand_kW!$C11:$CA11) -> 8.9886427 | J11: =SUM(PV_kW!$C11:$CA11) -> 12.936904 | K11: =I11-J11+SUM(Charge_kW!$C11:$CA11)-SUM(Discharge_kW!$C11:$CA11) -> -0.0022614526
A12: =Demand_kW!A12 -> 11 | B12: =Demand_kW!B12 -> 5 | C12: =AVERAGE(Demand_kW!$C12:$CA12) -> 0.10857823 | D12: =AVERAGE(PV_kW!$C12:$CA12) -> 0.33327342 | E12: =AVERAGE(Charge_kW!$C12:$CA12) -> 0.22951948 | F12: =AVERAGE(Discharge_kW!$C12:$CA12) -> 0.0041558442 | G12: =C12-D12+E12-F12 -> 0.00066844847 | H12: =AVERAGE(SOC_pct!$C12:$CA12) -> 24.946829 | I12: =SUM(Demand_kW!$C12:$CA12) -> 8.3605241 | J12: =SUM(PV_kW!$C12:$CA12) -> 25.662054 | K12: =I12-J12+SUM(Charge_kW!$C12:$CA12)-SUM(Discharge_kW!$C12:$CA12) -> 0.051470532
A13: =Demand_kW!A13 -> 12 | B13: =Demand_kW!B13 -> 5.5 | C13: =AVERAGE(Demand_kW!$C13:$CA13) -> 0.12560554 | D13: =AVERAGE(PV_kW!$C13:$CA13) -> 0.53592013 | E13: =AVERAGE(Charge_kW!$C13:$CA13) -> 0.4107013 | F13: =AVERAGE(Discharge_kW!$C13:$CA13) -> 0.00035064935 | G13: =C13-D13+E13-F13 -> 3.6063922e-05 | H13: =AVERAGE(SOC_pct!$C13:$CA13) -> 27.486579 | I13: =SUM(Demand_kW!$C13:$CA13) -> 9.6716269 | J13: =SUM(PV_kW!$C13:$CA13) -> 41.26585 | K13: =I13-J13+SUM(Charge_kW!$C13:$CA13)-SUM(Discharge_kW!$C13:$CA13) -> 0.002776922
... A49: =Demand_kW!A49 -> 48 | B49: =Demand_kW!B49 -> 23.5 | C49: =AVERAGE(Demand_kW!$C49:$CA49) -> 0.28430934 | D49: =AVERAGE(PV_kW!$C49:$CA49) -> 0 | E49: =AVERAGE(Charge_kW!$C49:$CA49) -> 0 | F49: =AVERAGE(Discharge_kW!$C49:$CA49) -> 0.21720779 | G49: =C49-D49+E49-F49 -> 0.067101552 | H49: =AVERAGE(SOC_pct!$C49:$CA49) -> 48.559494 | I49: =SUM(Demand_kW!$C49:$CA49) -> 21.891819 | J49: =SUM(PV_kW!$C49:$CA49) -> 0 | K49: =I49-J49+SUM(Charge_kW!$C49:$CA49)-SUM(Discharge_kW!$C49:$CA49) -> 5.1668195

Sheet SOC_pct
A1: period | B1: hour | C1: BES_TR1_one223_B | D1: BES_TR1_one313_A | E1: BES_TR1_one320_B | F1: BES_TR1_one321_C | G1: BES_TR1_one346_C | H1: BES_TR1_one366_B | I1: BES_TR1_one375_C | J1: BES_TR1_one410_B | K1: BES_TR1_one50_A | L1: BES_TR1_one423_B | M1: BES_TR1_one469_A | N1: BES_TR1_one480_A | O1: BES_TR1_one482_B | P1: BES_TR1_one521_C | Q1: BES_TR1_one528_C | R1: BES_TR1_one537_A | S1: BES_TR1_one61_A | T1: BES_TR1_one544_A | U1: BES_TR1_one552_B | V1: BES_TR1_one559_C | W1: BES_TR1_one560_C | X1: BES_TR1_one605_A | Y1: BES_TR1_one617_A | Z1: BES_TR1_one73_A | AA1: BES_TR1_one76_A | AB1: BES_TR1_six64_A | AC1: BES_TR1_six154_C | AD1: BES_TR1_six173_C | AE1: BES_TR1_six186_A | AF1: BES_TR1_six191_B | AG1: BES_TR1_six249_B | AH1: BES_TR1_six254_B | AI1: BES_TR1_six269_C | AJ1: BES_TR1_six68_C | AK1: BES_TR1_six289_C | AL1: BES_TR1_six317_C | AM1: BES_TR1_six326_A | AN1: BES_TR1_six329_A | AO1: BES_TR1_six342_A | AP1: BES_TR1_six349_A | AQ1: BES_TR1_six350_B | AR1: BES_TR1_six378_A | AS1: BES_TR1_six75_A | AT1: BES_TR1_six385_B | AU1: BES_TR1_six387_A | AV1: BES_TR1_six410_A | AW1: BES_TR1_six431_C | AX1: BES_TR1_six441_A | AY1: BES_TR1_six484_B | AZ1: BES_TR1_six501_A | BA1: BES_TR1_six512_B | BB1: BES_TR1_six518_B | BC1: BES_TR1_six595_B | BD1: BES_TR1_six646_B | BE1: BES_TR1_six699_C | BF1: BES_TR1_six718_C | BG1: BES_TR1_six721_A | BH1: BES_TR1_six723_B | BI1: BES_TR1_six784_B | BJ1: BES_TR1_six90_B | BK1: BES_TR1_six807_A | BL1: BES_TR1_six852_B | BM1: BES_TR1_six860_C | BN1: BES_TR1_six869_C | BO1: BES_TR1_six885_A | BP1: BES_TR1_six909_C | BQ1: BES_TR1_six105_A | BR1: BES_TR1_six914_A | BS1: BES_TR1_six945_C | BT1: BES_TR1_six952_A | BU1: BES_TR1_six967_B | BV1: BES_TR1_six990_B | BW1: BES_TR1_six1006_C | BX1: BES_TR1_six1020_A | BY1: BES_TR1_six1025_B | BZ1: BES_TR1_six1064_C | CA1: BES_TR1_six128_B | CB1: fleet_average | CC1: fleet_total
A2: 1 | B2: 0 | C2: 40 | D2: 40 | E2: 40 | F2: 40 | G2: 40 | H2: 40 | I2: 40 | J2: 40 | K2: 40 | L2: 40 | M2: 40 | N2: 40 | O2: 40 | P2: 40 | Q2: 40 | R2: 40 | S2: 40 | T2: 40 | U2: 40 | V2: 40 | W2: 40 | X2: 40 | Y2: 40 | Z2: 40 | AA2: 40 | AB2: 40 | AC2: 40 | AD2: 40 | AE2: 40 | AF2: 40 | AG2: 40 | AH2: 40 | AI2: 40 | AJ2: 40 | AK2: 40 | AL2: 40 | AM2: 40 | AN2: 40 | AO2: 40 | AP2: 40 | AQ2: 40 | AR2: 40 | AS2: 40 | AT2: 40 | AU2: 40 | AV2: 40 | AW2: 40 | AX2: 40 | AY2: 40 | AZ2: 40 | BA2: 40 | BB2: 40 | BC2: 40 | BD2: 40 | BE2: 40 | BF2: 40 | BG2: 40 | BH2: 40 | BI2: 40 | BJ2: 40 | BK2: 40 | BL2: 40 | BM2: 40 | BN2: 40 | BO2: 40 | BP2: 40 | BQ2: 40 | BR2: 40 | BS2: 40 | BT2: 40 | BU2: 40 | BV2: 40 | BW2: 40 | BX2: 40 | BY2: 40 | BZ2: 40 | CA2: 40 | CB2: 40 | CC2: 3080
A3: 2 | B3: 0.5 | C3: 37.6999 | D3: 38.8151 | E3: 39.3726 | F3: 39.2847 | G3: 39.3098 | H3: 37.5954 | I3: 37.1264 | J3: 36.7855 | K3: 32.9732 | L3: 35.253 | M3: 33.9218 | N3: 35.5687 | O3: 37.7004 | P3: 37.1295 | Q3: 38.3716 | R3: 39.4353 | S3: 39.0108 | T3: 35.2519 | U3: 38.6564 | V3: 37.2409 | W3: 38.7427 | X3: 39.36 | Y3: 39.3726 | Z3: 10 | AA3: 38.8061 | AB3: 33.4458 | AC3: 38.3303 | AD3: 37.5324 | AE3: 31.7818 | AF3: 36.924 | AG3: 39.2596 | AH3: 38.155 | AI3: 37.8981 | AJ3: 39.1243 | AK3: 39.0792 | AL3: 36.6217 | AM3: 38.6002 | AN3: 39.2596 | AO3: 35.0878 | AP3: 33.399 | AQ3: 39.3349 | AR3: 38.2194 | AS3: 39.473 | AT3: 37.534 | AU3: 38.5488 | AV3: 37.266 | AW3: 36.069 | AX3: 39.6235 | AY3: 37.9875 | AZ3: 36.3203 | BA3: 38.4427 | BB3: 38.803 | BC3: 38.8886 | BD3: 34.9732 | BE3: 39.2722 | BF3: 38.0791 | BG3: 37.6538 | BH3: 37.6874 | BI3: 35.4943 | BJ3: 30.9777 | BK3: 37.2519 | BL3: 36.4255 | BM3: 17.5159 | BN3: 15.5794 | BO3: 37.8865 | BP3: 39.3726 | BQ3: 35.4453 | BR3: 39.3977 | BS3: 38.7262 | BT3: 39.3098 | BU3: 37.318 | BV3: 38.1631 | BW3: 37.8954 | BX3: 30.4645 | BY3: 38.6599 | BZ3: 39.4479 | CA3: 39.3977 | CB3: 36.573881 | CC3: 2816.1888
A4: 3 | B4: 1 | C4: 34.6832 | D4: 38.3131 | E4: 37.7009 | F4: 38.5695 | G4: 38.6197 | H4: 34.8614 | I4: 35.7733 | J4: 35.5979 | K4: 26.278 | L4: 30.4581 | M4: 27.5684 | N4: 29.254 | O4: 37.0604 | P4: 36.0748 | Q4: 36.7432 | R4: 38.8706 | S4: 35.4005 | T4: 32.5399 | U4: 38.0666 | V4: 35.9362 | W4: 34.5887 | X4: 37.255 | Y4: 38.7451 | Z4: 10 | AA4: 37.4957 | AB4: 32.2339 | AC4: 37.7029 | AD4: 36.8423 | AE4: 23.0833 | AF4: 32.0516 | AG4: 37.0908 | AH4: 35.6731 | AI4: 36.4353 | AJ4: 34.455 | AK4: 35.3366 | AL4: 33.7936 | AM4: 37.5684 | AN4: 35.5823 | AO4: 34.4981 | AP4: 27.794 | AQ4: 37.6874 | AR4: 37.6421 | AS4: 37.8818 | AT4: 37.0697 | AU4: 35.4373 | AV4: 36.2472 | AW4: 35.0494 | AX4: 37.5977 | AY4: 34.9472 | AZ4: 35.2104 | BA4: 36.6855 | BB4: 37.606 | BC4: 37.8812 | BD4: 33.8306 | BE4: 38.5444 | BF4: 35.9654 | BG4: 35.5686 | BH4: 36.8313 | BI4: 23.5964 | BJ4: 29.8036 | BK4: 36.5618 | BL4: 33.4545 | BM4: 12.8768 | BN4: 10 | BO4: 36.8302 | BP4: 38.7451 | BQ4: 34.981 | BR4: 38.7953 | BS4: 36.7136 | BT4: 36.9083 | BU4: 36.6278 | BV4: 35.8874 | BW4: 37.1927 | BX4: 29.812 | BY4: 35.3348 | BZ4: 38.8957 | CA4: 38.7953 | CB4: 34.364817 | CC4: 2646.0909
A5: 4 | B5: 1.5 | C5: 32.7801 | D5: 37.8112 | E5: 37.0734 | F5: 37.8542 | G5: 35.931 | H5: 33.8558 | I5: 34.3809 | J5: 34.9579 | K5: 25.5878 | L5: 29.6926 | M5: 22.7464 | N5: 20.3386 | O5: 36.2252 | P5: 32.0696 | Q5: 35.3348 | R5: 38.116 | S5: 34.773 | T5: 31.8623 | U5: 36.0634 | V5: 32.3051 | W5: 33.8652 | X5: 35.8963 | Y5: 38.1177 | Z5: 10 | AA5: 36.7679 | AB5: 30.5964 | AC5: 36.6194 | AD5: 31.9703 | AE5: 17.067 | AF5: 28.6746 | AG5: 35.0087 | AH5: 34.4746 | AI5: 34.4128 | AJ5: 32.4341 | AK5: 33.4523 | AL5: 31.5268 | AM5: 36.9661 | AN5: 34.8419 | AO5: 33.9083 | AP5: 27.1415 | AQ5: 37.0223 | AR5: 37.0649 | AS5: 36.1327 | AT5: 36.6054 | AU5: 34.9354 | AV5: 34.6442 | AW5: 31.7857 | AX5: 37.2213 | AY5: 33.1018 | AZ5: 32.7277 | BA5: 34.429 | BB5: 36.8782 | BC5: 36.8738 | BD5: 30.6442 | BE5: 37.8166 | BF5: 34.9007 | BG5: 34.4636 | BH5: 33.772 | BI5: 23.0443 | BJ5: 29.0474 | BK5: 35.8716 | BL5: 30.9728 | BM5: 11.4012 | BN5: 10 | BO5: 34.8612 | BP5: 38.1177 | BQ5: 34.5167 | BR5: 38.193 | BS5: 36.0861 | BT5: 35.5919 | BU5: 35.9377 | BV5: 34.2262 | BW5: 36.49 | BX5: 27.8437 | BY5: 33.7587 | BZ5: 37.5748 | CA5: 38.193 | CB5: 32.808425 | CC5: 2526.2487
A6: 5 | B6: 2 | C6: 29.9816 | D6: 36.6263 | E6: 35.4017 | F6: 35.6525 | G6: 35.2409 | H6: 30.021 | I6: 31.5925 | J6: 31.1958 | K6: 24.8976 | L6: 26.8705 | M6: 20.6526 | N6: 15.7113 | O6: 33.6326 | P6: 31.4171 | Q6: 33.9863 | R6: 35.6518 | S6: 34.1456 | T6: 31.1847 | U6: 34.8141 | V6: 31.3767 | W6: 31.0283 | X6: 35.2564 | Y6: 37.4903 | Z6: 10 | AA6: 35.108 | AB6: 29.8811 | AC6: 35.1451 | AD6: 31.0933 | AE6: 15.9211 | AF6: 27.9969 | AG6: 32.8398 | AH6: 33.276 | AI6: 32.3973 | AJ6: 31.8067 | AK6: 31.3737 | AL6: 29.8772 | AM6: 35.4711 | AN6: 32.237 | AO6: 33.3185 | AP6: 26.489 | AQ6: 36.3572 | AR6: 36.4877 | AS6: 31.7325 | AT6: 34.0341 | AU6: 32.6419 | AV6: 32.4559 | AW6: 31.0949 | AX6: 35.1954 | AY6: 30.7551 | AZ6: 31.9974 | BA6: 32.6718 | BB6: 35.212 | BC6: 35.6065 | BD6: 30.1925 | BE6: 36.2607 | BF6: 31.1947 | BG6: 31.0415 | BH6: 33.0818 | BI6: 21.6231 | BJ6: 25.5518 | BK6: 33.1235 | BL6: 28.0846 | BM6: 10.0207 | BN6: 10 | BO6: 33.8049 | BP6: 37.4903 | BQ6: 31.9158 | BR6: 37.5907 | BS6: 34.5353 | BT6: 34.54 | BU6: 33.2557 | BV6: 31.9618 | BW6: 34.3854 | BX6: 26.2803 | BY6: 28.2007 | BZ6: 35.6848 | CA6: 37.5907 | CB6: 31.061217 | CC6: 2391.7137
A7: 6 | B7: 2.5 | C7: 28.2135 | D7: 34.9292 | E7: 34.7743 | F7: 34.9373 | G7: 33.1881 | H7: 28.1281 | I7: 30.6523 | J7: 30.5558 | K7: 24.2075 | L7: 26.1051 | M7: 20.0753 | N7: 12.7654 | O7: 32.9927 | P7: 30.6103 | Q7: 32.078 | R7: 35.0871 | S7: 30.4448 | T7: 30.507 | U7: 34.168 | V7: 29.7244 | W7: 29.0832 | X7: 32.9517 | Y7: 36.8629 | Z7: 10 | AA7: 34.2636 | AB7: 29.1658 | AC7: 34.5177 | AD7: 29.7469 | AE7: 13.911 | AF7: 27.3193 | AG7: 32.0994 | AH7: 32.7239 | AI7: 30.6978 | AJ7: 29.1915 | AK7: 28.1651 | AL7: 27.5743 | AM7: 34.8687 | AN7: 30.4242 | AO7: 31.7185 | AP7: 25.8365 | AQ7: 34.7097 | AR7: 35.9104 | AS7: 25.9205 | AT7: 33.3591 | AU7: 30.3727 | AV7: 31.6034 | AW7: 28.8312 | AX7: 34.819 | AY7: 28.7594 | AZ7: 30.8512 | BA7: 30.4153 | BB7: 34.4842 | BC7: 34.859 | BD7: 27.0983 | BE7: 35.5329 | BF7: 30.3834 | BG7: 30.414 | BH7: 30.9351 | BI7: 20.9623 | BJ7: 24.8867 | BK7: 32.4334 | BL7: 26.2189 | BM7: 10 | BN7: 10 | BO7: 33.182 | BP7: 36.8629 | BQ7: 31.4515 | BR7: 36.9884 | BS7: 32.7997 | BT7: 33.1264 | BU7: 32.5655 | BV7: 29.2633 | BW7: 33.6827 | BX7: 25.4254 | BY7: 27.08 | BZ7: 35.1327 | CA7: 36.9884 | CB7: 29.786691 | CC7: 2293.5752
A8: 7 | B8: 3 | C8: 26.3518 | D8: 34.4272 | E8: 33.9728 | F8: 32.7356 | G8: 31.8621 | H8: 26.2622 | I8: 28.8076 | J8: 29.2771 | K8: 23.5173 | L8: 25.3396 | M8: 19.4981 | N8: 11.0219 | O8: 30.4001 | P8: 26.4578 | Q8: 31.4757 | R8: 34.1425 | S8: 29.5461 | T8: 28.9972 | U8: 31.736 | V8: 26.9298 | W8: 26.904 | X8: 31.7927 | Y8: 36.2354 | Z8: 10 | AA8: 33.0115 | AB8: 28.3087 | AC8: 32.5874 | AD8: 26.8144 | AE8: 13.2835 | AF8: 26.6417 | AG8: 28.7317 | AH8: 30.528 | AI8: 28.596 | AJ8: 28.5641 | AK8: 26.9046 | AL8: 24.3478 | AM8: 33.3737 | AN8: 29.6838 | AO8: 31.1287 | AP8: 25.1839 | AQ8: 34.0446 | AR8: 35.3332 | AS8: 19.1183 | AT8: 32.7894 | AU8: 29.8708 | AV8: 30.1255 | AW8: 26.8625 | AX8: 33.3704 | AY8: 27.0028 | AZ8: 26.6012 | BA8: 29.0096 | BB8: 32.8181 | BC8: 34.3194 | BD8: 26.291 | BE8: 34.8051 | BF8: 28.1606 | BG8: 29.7866 | BH8: 29.1664 | BI8: 20.4102 | BJ8: 22.5809 | BK8: 29.7788 | BL8: 24.2747 | BM8: 10 | BN8: 10 | BO8: 31.1408 | BP8: 36.2354 | BQ8: 29.8218 | BR8: 36.386 | BS8: 32.1723 | BT8: 31.0633 | BU8: 31.3321 | BV8: 28.6234 | BW8: 31.5781 | BX8: 22.7487 | BY8: 22.4876 | BZ8: 34.5806 | CA8: 36.386 | CB8: 28.265666 | CC8: 2176.4563
A9: 8 | B9: 3.5 | C9: 22.8525 | D9: 32.0471 | E9: 32.4752 | F9: 32.0203 | G9: 30.8994 | H9: 22.3155 | I9: 26.3339 | J9: 26.1537 | K9: 22.8271 | L9: 22.7045 | M9: 18.9209 | N9: 10.4195 | O9: 29.5649 | P9: 25.7047 | Q9: 30.6868 | R9: 31.8683 | S9: 27.9507 | T9: 25.6283 | U9: 29.7328 | V9: 25.5751 | W9: 24.2776 | X9: 31.1527 | Y9: 35.608 | Z9: 10 | AA9: 31.7593 | AB9: 26.3164 | AC9: 31.96 | AD9: 25.5617 | AE9: 10.6736 | AF9: 25.9641 | AG9: 27.8485 | AH9: 28.397 | AI9: 26.581 | AJ9: 25.949 | AK9: 22.9067 | AL9: 21.5447 | AM9: 31.5444 | AN9: 27.3591 | AO9: 30.5389 | AP9: 24.5314 | AQ9: 32.7246 | AR9: 34.756 | AS9: 16.4799 | AT9: 30.1127 | AU9: 27.4702 | AV9: 28.1634 | AW9: 25.2123 | AX9: 32.4167 | AY9: 24.3292 | AZ9: 26.0868 | BA9: 27.9553 | BB9: 32.0903 | BC9: 33.7798 | BD9: 24.4346 | BE9: 33.2492 | BF9: 25.5042 | BG9: 27.8701 | BH9: 27.7664 | BI9: 19.5865 | BJ9: 21.5512 | BK9: 28.9951 | BL9: 21.859 | BM9: 10 | BN9: 10 | BO9: 30.1567 | BP9: 35.608 | BQ9: 28.3863 | BR9: 35.7837 | BS9: 29.5133 | BT9: 29.4085 | BU9: 29.1934 | BV9: 24.215 | BW9: 30.8754 | BX9: 22.0962 | BY9: 19.6869 | BZ9: 34.0284 | CA9: 35.7837 | CB9: 26.679017 | CC9: 2054.2843
A10: 9 | B10: 4 | C10: 22.3184 | D10: 31.5883 | E10: 31.8693 | F10: 30.0105 | G10: 28.5157 | H10: 21.1502 | I10: 25.6958 | J10: 24.9802 | K10: 22.1585 | L10: 21.7737 | M10: 18.376 | N10: 10 | O10: 28.9681 | P10: 23.5363 | Q10: 28.2458 | R10: 31.3306 | S10: 25.1706 | T10: 24.9938 | U10: 29.1808 | V10: 22.0684 | W10: 21.2101 | X10: 30.1804 | Y10: 35.013 | Z10: 10 | AA10: 31.0693 | AB10: 25.6281 | AC10: 31.3757 | AD10: 23.5127 | AE10: 10 | AF10: 25.3296 | AG10: 26.8656 | AH10: 27.7741 | AI10: 25.0567 | AJ10: 25.3378 | AK10: 21.1064 | AL10: 19.6406 | AM10: 30.9195 | AN10: 26.6458 | AO10: 29.9815 | AP10: 23.9059 | AQ10: 31.7752 | AR10: 34.2219 | AS10: 14.7574 | AT10: 29.6646 | AU10: 26.7946 | AV10: 26.9572 | AW10: 22.6063 | AX10: 31.4237 | AY10: 21.5384 | AZ10: 23.3437 | BA10: 26.2805 | BB10: 31.4056 | BC10: 32.3316 | BD10: 22.4165 | BE10: 32.5592 | BF10: 24.516 | BG10: 26.1846 | BH10: 25.8749 | BI10: 18.3606 | BJ10: 19.9915 | BK10: 26.6867 | BL10: 18.9449 | BM10: 10 | BN10: 10 | BO10: 29.3754 | BP10: 35.0076 | BQ10: 27.949 | BR10: 35.2192 | BS10: 28.929 | BT10: 27.4875 | BU10: 28.514 | BV10: 23.6182 | BW10: 30.2105 | BX10: 20.1712 | BY10: 16.7729 | BZ10: 33.4871 | CA10: 35.2138 | CB10: 25.494478 | CC10: 1963.0748
A11: 10 | B11: 4.5 | C11: 21.1295 | D11: 30.686 | E11: 31.554 | F11: 29.7707 | G11: 28.2936 | H11: 18.8603 | I11: 23.848 | J11: 22.4815 | K11: 21.7804 | L11: 21.3203 | M11: 18.2668 | N11: 10 | O11: 26.8044 | P11: 23.2739 | Q11: 28.0335 | R11: 29.0665 | S11: 24.9864 | T11: 22.3415 | U11: 27.0641 | V11: 20.2973 | W11: 19.5344 | X11: 28.1793 | Y11: 34.8536 | Z11: 10 | AA11: 29.8389 | AB11: 23.884 | AC11: 31.3724 | AD11: 21.8095 | AE11: 10 | AF11: 25.2761 | AG11: 25.6065 | AH11: 24.7546 | AI11: 22.9646 | AJ11: 23.4988 | AK11: 19.3398 | AL11: 18.4603 | AM11: 28.6372 | AN11: 24.8696 | AO11: 29.8598 | AP11: 23.6434 | AQ11: 31.7342 | AR11: 34.2641 | AS11: 14.2892 | AT11: 27.1166 | AU11: 25.1977 | AV11: 26.0694 | AW11: 21.441 | AX11: 30.6817 | AY11: 20.9764 | AZ11: 21.451 | BA11: 25.58 | BB11: 30.5199 | BC11: 32.1821 | BD11: 22.0036 | BE11: 32.3774 | BF11: 23.263 | BG11: 25.1937 | BH11: 25.2281 | BI11: 18.2765 | BJ11: 18.3623 | BK11: 25.0926 | BL11: 16.9142 | BM11: 10 | BN11: 10 | BO11: 28.1153 | BP11: 34.7702 | BQ11: 25.7382 | BR11: 34.8184 | BS11: 27.6326 | BT11: 26.0242 | BU11: 25.988 | BV11: 20.4889 | BW11: 30.0538 | BX11: 19.2319 | BY11: 13.04 | BZ11: 33.091 | CA11: 35.0795 | CB11: 24.39647 | CC11: 1878.5282
A12: 11 | B12: 5 | C12: 21.352 | D12: 32.0926 | E12: 32.3026 | F12: 30.5496 | G12: 29.6424 | H12: 17.6182 | I12: 23.5915 | J12: 22.7611 | K12: 22.4726 | L12: 19.9574 | M12: 19.7173 | N12: 10.6685 | O12: 28.8551 | P12: 22.3834 | Q12: 27.3896 | R12: 30.2 | S12: 25.8288 | T12: 23.5261 | U12: 28.8317 | V12: 20.446 | W12: 19.9219 | X12: 28.676 | Y12: 36.2589 | Z12: 11.3489 | AA12: 31.4822 | AB12: 24.8819 | AC12: 33.4344 | AD12: 23.6884 | AE12: 10.0856 | AF12: 27.2929 | AG12: 27.5668 | AH12: 25.2553 | AI12: 24.257 | AJ12: 23.4237 | AK12: 19.9981 | AL12: 17.4813 | AM12: 29.7368 | AN12: 24.4421 | AO12: 31.299 | AP12: 24.6978 | AQ12: 33.5167 | AR12: 36.3713 | AS12: 14.9745 | AT12: 27.6837 | AU12: 23.7074 | AV12: 25.6637 | AW12: 20.7269 | AX12: 21.2067 | AY12: 19.9417 | AZ12: 22.724 | BA12: 25.5976 | BB12: 32.3508 | BC12: 33.3381 | BD12: 21.2031 | BE12: 33.2755 | BF12: 23.6156 | BG12: 23.0338 | BH12: 26.5615 | BI12: 19.5051 | BJ12: 18.4207 | BK12: 25.7847 | BL12: 18.0796 | BM12: 11.4697 | BN12: 10.9623 | BO12: 28.9656 | BP12: 35.8472 | BQ12: 26.962 | BR12: 36.5746 | BS12: 28.9466 | BT12: 26.7164 | BU12: 26.0235 | BV12: 21.9501 | BW12: 30.458 | BX12: 20.7247 | BY12: 12.8488 | BZ12: 33.2507 | CA12: 36.5074 | CB12: 24.946829 | CC12: 1920.9058
A13: 12 | B13: 5.5 | C13: 25.7798 | D13: 36.7744 | E13: 34.3431 | F13: 34.9824 | G13: 32.9291 | H13: 19.6135 | I13: 25.7185 | J13: 24.333 | K13: 24.4566 | L13: 21.8737 | M13: 23.1056 | N13: 10 | O13: 32.0837 | P13: 23.2096 | Q13: 29.9361 | R13: 32.9482 | S13: 28.6838 | T13: 27.7104 | U13: 32.3511 | V13: 19.1344 | W13: 23.3163 | X13: 31.2128 | Y13: 39.602 | Z13: 14.6355 | AA13: 35.3863 | AB13: 26.6646 | AC13: 37.9042 | AD13: 27.5183 | AE13: 11.2482 | AF13: 31.8934 | AG13: 30.9033 | AH13: 27.0311 | AI13: 27.4871 | AJ13: 23.9997 | AK13: 20.1237 | AL13: 18.3643 | AM13: 31.3469 | AN13: 26.8184 | AO13: 34.3224 | AP13: 27.367 | AQ13: 37.4899 | AR13: 41.0621 | AS13: 17.7449 | AT13: 27.6619 | AU13: 24.7355 | AV13: 26.7135 | AW13: 22.7789 | AX13: 23.6639 | AY13: 22.1886 | AZ13: 25.1863 | BA13: 28.825 | BB13: 36.9062 | BC13: 35.2669 | BD13: 23.6264 | BE13: 37.1795 | BF13: 21.61 | BG13: 24.423 | BH13: 29.5412 | BI13: 22.2805 | BJ13: 19.6027 | BK13: 27.7688 | BL13: 21.8641 | BM13: 14.6678 | BN13: 15.4755 | BO13: 29.311 | BP13: 38.539 | BQ13: 29.7132 | BR13: 40.5916 | BS13: 33.5923 | BT13: 28.7004 | BU13: 26.7049 | BV13: 26.5845 | BW13: 34.3846 | BX13: 23.8904 | BY13: 15.1496 | BZ13: 34.0564 | CA13: 39.8731 | CB13: 27.486579 | CC13: 2116.4666
... A49: 48 | B49: 23.5 | C49: 17.3325 | D49: 91.9536 | E49: 43.3267 | F49: 91.4113 | G49: 89.9503 | H49: 10 | I49: 11.6036 | J49: 84.5332 | K49: 33.9026 | L49: 10 | M49: 59.1603 | N49: 10.3772 | O49: 52.3853 | P49: 82.2766 | Q49: 10 | R49: 10 | S49: 22.2173 | T49: 36.614 | U49: 76.6006 | V49: 51.3277 | W49: 68.282 | X49: 67.303 | Y49: 62.6764 | Z49: 85.7666 | AA49: 31.7518 | AB49: 25.3453 | AC49: 91.7885 | AD49: 10 | AE49: 10 | AF49: 67.439 | AG49: 49.3021 | AH49: 54.0161 | AI49: 65.6195 | AJ49: 31.852 | AK49: 10 | AL49: 62.8967 | AM49: 10 | AN49: 87.8458 | AO49: 69.5688 | AP49: 10 | AQ49: 59.3471 | AR49: 45.4377 | AS49: 49.515 | AT49: 56.4191 | AU49: 42.7072 | AV49: 66.0032 | AW49: 56.5508 | AX49: 80.1825 | AY49: 20.2123 | AZ49: 41.4402 | BA49: 51.7651 | BB49: 36.5554 | BC49: 56.8065 | BD49: 57.0425 | BE49: 93.4662 | BF49: 28.9825 | BG49: 39.6203 | BH49: 67.6373 | BI49: 53.9867 | BJ49: 87.1689 | BK49: 10 | BL49: 12.7945 | BM49: 61.57 | BN49: 40.3985 | BO49: 60.7474 | BP49: 10 | BQ49: 73.6531 | BR49: 42.4525 | BS49: 31.6657 | BT49: 77.5075 | BU49: 10 | BV49: 69.1267 | BW49: 72.8023 | BX49: 63.3629 | BY49: 33.8092 | BZ49: 66.7763 | CA49: 45.1415 | CB49: 48.559494 | CC49: 3739.081

Sheet Demand_kW
A1: period | B1: hour | C1: BES_TR1_one223_B | D1: BES_TR1_one313_A | E1: BES_TR1_one320_B | F1: BES_TR1_one321_C | G1: BES_TR1_one346_C | H1: BES_TR1_one366_B | I1: BES_TR1_one375_C | J1: BES_TR1_one410_B | K1: BES_TR1_one50_A | L1: BES_TR1_one423_B | M1: BES_TR1_one469_A | N1: BES_TR1_one480_A | O1: BES_TR1_one482_B | P1: BES_TR1_one521_C | Q1: BES_TR1_one528_C | R1: BES_TR1_one537_A | S1: BES_TR1_one61_A | T1: BES_TR1_one544_A | U1: BES_TR1_one552_B | V1: BES_TR1_one559_C | W1: BES_TR1_one560_C | X1: BES_TR1_one605_A | Y1: BES_TR1_one617_A | Z1: BES_TR1_one73_A | AA1: BES_TR1_one76_A | AB1: BES_TR1_six64_A | AC1: BES_TR1_six154_C | AD1: BES_TR1_six173_C | AE1: BES_TR1_six186_A | AF1: BES_TR1_six191_B | AG1: BES_TR1_six249_B | AH1: BES_TR1_six254_B | AI1: BES_TR1_six269_C | AJ1: BES_TR1_six68_C | AK1: BES_TR1_six289_C | AL1: BES_TR1_six317_C | AM1: BES_TR1_six326_A | AN1: BES_TR1_six329_A | AO1: BES_TR1_six342_A | AP1: BES_TR1_six349_A | AQ1: BES_TR1_six350_B | AR1: BES_TR1_six378_A | AS1: BES_TR1_six75_A | AT1: BES_TR1_six385_B | AU1: BES_TR1_six387_A | AV1: BES_TR1_six410_A | AW1: BES_TR1_six431_C | AX1: BES_TR1_six441_A | AY1: BES_TR1_six484_B | AZ1: BES_TR1_six501_A | BA1: BES_TR1_six512_B | BB1: BES_TR1_six518_B | BC1: BES_TR1_six595_B | BD1: BES_TR1_six646_B | BE1: BES_TR1_six699_C | BF1: BES_TR1_six718_C | BG1: BES_TR1_six721_A | BH1: BES_TR1_six723_B | BI1: BES_TR1_six784_B | BJ1: BES_TR1_six90_B | BK1: BES_TR1_six807_A | BL1: BES_TR1_six852_B | BM1: BES_TR1_six860_C | BN1: BES_TR1_six869_C | BO1: BES_TR1_six885_A | BP1: BES_TR1_six909_C | BQ1: BES_TR1_six105_A | BR1: BES_TR1_six914_A | BS1: BES_TR1_six945_C | BT1: BES_TR1_six952_A | BU1: BES_TR1_six967_B | BV1: BES_TR1_six990_B | BW1: BES_TR1_six1006_C | BX1: BES_TR1_six1020_A | BY1: BES_TR1_six1025_B | BZ1: BES_TR1_six1064_C | CA1: BES_TR1_six128_B | CB1: fleet_average | CC1: fleet_total
A2: 1 | B2: 0 | C2: 0.18330067 | D2: 0.094426667 | E2: 0.05 | F2: 0.057 | G2: 0.055 | H2: 0.19162733 | I2: 0.228996 | J2: 0.25616833 | K2: 0.55997167 | L2: 0.37828833 | M2: 0.484378 | N2: 0.353135 | O2: 0.18326 | P2: 0.22875467 | Q2: 0.12977033 | R2: 0.045 | S2: 0.078828 | T2: 0.378376 | U2: 0.107072 | V2: 0.21987567 | W2: 0.10019833 | X2: 0.051 | Y2: 0.05 | Z2: 2.4385167 | AA2: 0.095141333 | AB2: 0.52231033 | AC2: 0.13306133 | AD2: 0.196642 | AE2: 0.65491333 | AF2: 0.24512833 | AG2: 0.059 | AH2: 0.14703067 | AI2: 0.1675 | AJ2: 0.069782167 | AK2: 0.073378 | AL2: 0.26922133 | AM2: 0.11155267 | AN2: 0.059 | AO2: 0.39145467 | AP2: 0.52604 | AQ2: 0.053 | AR2: 0.1419 | AS2: 0.042 | AT2: 0.19651767 | AU2: 0.11565 | AV2: 0.21787367 | AW2: 0.313266 | AX2: 0.03 | AY2: 0.16038067 | AZ2: 0.29324033 | BA2: 0.124101 | BB2: 0.095389 | BC2: 0.088565667 | BD2: 0.40058767 | BE2: 0.058 | BF2: 0.15307767 | BG2: 0.18697067 | BH2: 0.18429467 | BI2: 0.359062 | BJ2: 0.71899433 | BK2: 0.21899533 | BL2: 0.28485467 | BM2: 1.791776 | BN2: 1.9461 | BO2: 0.16842333 | BP2: 0.05 | BQ2: 0.36297033 | BR2: 0.048 | BS2: 0.101513 | BT2: 0.055 | BU2: 0.21373 | BV2: 0.146382 | BW2: 0.16771533 | BX2: 0.75989333 | BY2: 0.10679033 | BZ2: 0.044 | CA2: 0.048 | CB2: 0.27365084 | CC2: 21.071115
A3: 2 | B3: 0.5 | C3: 0.240402 | D3: 0.04 | E3: 0.13322 | F3: 0.057 | G3: 0.055 | H3: 0.21787233 | I3: 0.10783 | J3: 0.094640333 | K3: 0.53354867 | L3: 0.382116 | M3: 0.506309 | N3: 0.50322467 | O3: 0.051 | P3: 0.084050667 | Q3: 0.12977033 | R3: 0.045 | S3: 0.28771267 | T3: 0.21612533 | U3: 0.047 | V3: 0.10397433 | W3: 0.33103167 | X3: 0.16775333 | Y3: 0.05 | Z3: 0.055 | AA3: 0.10442667 | AB3: 0.096575667 | AC3: 0.05 | AD3: 0.055 | AE3: 0.69319167 | AF3: 0.388283 | AG3: 0.17284 | AH3: 0.19778 | AI3: 0.116574 | AJ3: 0.3721036 | AK3: 0.298254 | AL3: 0.22536867 | AM3: 0.082220667 | AN3: 0.29305333 | AO3: 0.047 | AP3: 0.44666333 | AQ3: 0.131294 | AR3: 0.046 | AS3: 0.126799 | AT3: 0.037 | AU3: 0.24795333 | AV3: 0.081188667 | AW3: 0.081253333 | AX3: 0.16144 | AY3: 0.24227733 | AZ3: 0.08845 | BA3: 0.140036 | BB3: 0.095389 | BC3: 0.080281 | BD3: 0.091054667 | BE3: 0.058 | BF3: 0.16844567 | BG3: 0.16617367 | BH3: 0.068223333 | BI3: 0.94815067 | BJ3: 0.093563333 | BK3: 0.055 | BL3: 0.23675967 | BM3: 0.36969467 | BN3: 0.53397667 | BO3: 0.08418 | BP3: 0.05 | BQ3: 0.037 | BR3: 0.048 | BS3: 0.160385 | BT3: 0.191381 | BU3: 0.055 | BV3: 0.181358 | BW3: 0.056 | BX3: 0.052 | BY3: 0.26498333 | BZ3: 0.044 | CA3: 0.048 | CB3: 0.17791698 | CC3: 13.699607
A4: 3 | B4: 1 | C4: 0.151653 | D4: 0.04 | E4: 0.05 | F4: 0.057 | G4: 0.214258 | H4: 0.080133333 | I4: 0.110968 | J4: 0.051 | K4: 0.055 | L4: 0.061 | M4: 0.38427 | N4: 0.71047133 | O4: 0.06656 | P4: 0.31917467 | Q4: 0.11222933 | R4: 0.060137333 | S4: 0.05 | T4: 0.054 | U4: 0.159635 | V4: 0.28936133 | W4: 0.057654667 | X4: 0.10827 | Y4: 0.05 | Z4: 0.055 | AA4: 0.058 | AB4: 0.13049767 | AC4: 0.086339333 | AD4: 0.388255 | AE4: 0.47944433 | AF4: 0.26912267 | AG4: 0.16592267 | AH4: 0.095515333 | AI4: 0.16117333 | AJ4: 0.16104867 | AK4: 0.150158 | AL4: 0.180644 | AM4: 0.048 | AN4: 0.059 | AO4: 0.047 | AP4: 0.052 | AQ4: 0.053 | AR4: 0.046 | AS4: 0.139391 | AT4: 0.037 | AU4: 0.04 | AV4: 0.12774933 | AW4: 0.260082 | AX4: 0.03 | AY4: 0.147064 | AZ4: 0.197847 | BA4: 0.17982 | BB4: 0.058 | BC4: 0.080281 | BD4: 0.253926 | BE4: 0.058 | BF4: 0.084846 | BG4: 0.088055 | BH4: 0.24379633 | BI4: 0.044 | BJ4: 0.060264333 | BK4: 0.055 | BL4: 0.19776667 | BM4: 0.11758667 | BN4: 0.077342667 | BO4: 0.15690867 | BP4: 0.05 | BQ4: 0.037 | BR4: 0.048 | BS4: 0.05 | BT4: 0.104903 | BU4: 0.055 | BV4: 0.13237967 | BW4: 0.056 | BX4: 0.15684933 | BY4: 0.12559667 | BZ4: 0.10526667 | CA4: 0.048 | CB4: 0.1257483 | CC4: 9.682619
A5: 4 | B5: 1.5 | C5: 0.22301567 | D5: 0.094426667 | E5: 0.13322 | F5: 0.17545333 | G5: 0.055 | H5: 0.30560067 | I5: 0.22220267 | J5: 0.29980867 | K5: 0.055 | L5: 0.22489267 | M5: 0.16685667 | N5: 0.368758 | O5: 0.2066 | P5: 0.052 | Q5: 0.10746933 | R5: 0.19637333 | S5: 0.05 | T5: 0.054 | U5: 0.099563 | V5: 0.073988333 | W5: 0.226074 | X5: 0.051 | Y5: 0.05 | Z5: 0.055 | AA5: 0.13228267 | AB5: 0.057 | AC5: 0.11748733 | AD5: 0.069886667 | AE5: 0.09132 | AF5: 0.054 | AG5: 0.17284 | AH5: 0.095515333 | AI5: 0.16061667 | AJ5: 0.05 | AK5: 0.165646 | AL5: 0.13146133 | AM5: 0.119142 | AN5: 0.20759 | AO5: 0.047 | AP5: 0.052 | AQ5: 0.053 | AR5: 0.046 | AS5: 0.35065667 | AT5: 0.20491333 | AU5: 0.18276833 | AV5: 0.17438093 | AW5: 0.055052333 | AX5: 0.16144 | AY5: 0.18700967 | AZ5: 0.058193333 | BA5: 0.140036 | BB5: 0.132778 | BC5: 0.10099267 | BD5: 0.036 | BE5: 0.123988 | BF5: 0.295335 | BG5: 0.272714 | BH5: 0.055 | BI5: 0.11325867 | BJ5: 0.278565 | BK5: 0.21899533 | BL5: 0.230163 | BM5: 0.11001333 | BN5: 0.14737067 | BO5: 0.08418 | BP5: 0.05 | BQ5: 0.20726533 | BR5: 0.048 | BS5: 0.12359 | BT5: 0.083826 | BU5: 0.21373 | BV5: 0.180447 | BW5: 0.16771533 | BX5: 0.124588 | BY5: 0.44292767 | BZ5: 0.15061333 | CA5: 0.048 | CB5: 0.14186491 | CC5: 10.923598
A6: 5 | B6: 2 | C6: 0.140902 | D6: 0.13524667 | E6: 0.05 | F6: 0.057 | G6: 0.163585 | H6: 0.150845 | I6: 0.074932 | J6: 0.051 | K6: 0.055 | L6: 0.061 | M6: 0.046 | N6: 0.23475733 | O6: 0.051 | P6: 0.064294667 | Q6: 0.15207133 | R6: 0.045 | S6: 0.29491967 | T6: 0.054 | U6: 0.051489667 | V6: 0.131675 | W6: 0.155007 | X6: 0.18366167 | Y6: 0.05 | Z6: 0.055 | AA6: 0.067285333 | AB6: 0.057 | AC6: 0.05 | AD6: 0.10729467 | AE6: 0.16018667 | AF6: 0.054 | AG6: 0.059 | AH6: 0.044 | AI6: 0.135432 | AJ6: 0.2084 | AK6: 0.255698 | AL6: 0.18351833 | AM6: 0.048 | AN6: 0.14446333 | AO6: 0.127508 | AP6: 0.052 | AQ6: 0.131294 | AR6: 0.046 | AS6: 0.46315667 | AT6: 0.053791333 | AU6: 0.180835 | AV6: 0.067937333 | AW6: 0.18039633 | AX6: 0.03 | AY6: 0.15904033 | AZ6: 0.091342333 | BA6: 0.17982 | BB6: 0.058 | BC6: 0.059569333 | BD6: 0.24658 | BE6: 0.058 | BF6: 0.064649667 | BG6: 0.05 | BH6: 0.171073 | BI6: 0.052657333 | BJ6: 0.053 | BK6: 0.055 | BL6: 0.14868367 | BM6: 0.1706 | BN6: 0.14694267 | BO6: 0.049636 | BP6: 0.05 | BQ6: 0.037 | BR6: 0.048 | BS6: 0.138308 | BT6: 0.112652 | BU6: 0.055 | BV6: 0.21504667 | BW6: 0.056 | BX6: 0.068130667 | BY6: 0.089308667 | BZ6: 0.044 | CA6: 0.048 | CB6: 0.10638473 | CC6: 8.1916243
A7: 6 | B7: 2.5 | C7: 0.14836267 | D7: 0.04 | E7: 0.06387 | F7: 0.17545333 | G7: 0.105673 | H7: 0.14870067 | I7: 0.147004 | J7: 0.10189567 | K7: 0.055 | L7: 0.061 | M7: 0.046 | N7: 0.13894333 | O7: 0.2066 | P7: 0.330918 | Q7: 0.048 | R7: 0.075274667 | S7: 0.071621 | T7: 0.120324 | U7: 0.19380393 | V7: 0.222701 | W7: 0.17366167 | X7: 0.092361667 | Y7: 0.05 | Z7: 0.055 | AA7: 0.099784 | AB7: 0.068307333 | AC7: 0.15382667 | AD7: 0.23369467 | AE7: 0.05 | AF7: 0.054 | AG7: 0.26837867 | AH7: 0.17499067 | AI7: 0.1675 | AJ7: 0.05 | AK7: 0.100446 | AL7: 0.257126 | AM7: 0.119142 | AN7: 0.059 | AO7: 0.047 | AP7: 0.052 | AQ7: 0.053 | AR7: 0.046 | AS7: 0.54207867 | AT7: 0.045395667 | AU7: 0.04 | AV7: 0.11778067 | AW7: 0.15688667 | AX7: 0.115436 | AY7: 0.139988 | AZ7: 0.33868467 | BA7: 0.112024 | BB7: 0.132778 | BC7: 0.043 | BD7: 0.064334 | BE7: 0.058 | BF7: 0.17713667 | BG7: 0.05 | BH7: 0.14095167 | BI7: 0.044 | BJ7: 0.183758 | BK7: 0.211541 | BL7: 0.15493667 | BM7: 0.057 | BN7: 0.141535 | BO7: 0.162666 | BP7: 0.05 | BQ7: 0.129872 | BR7: 0.048 | BS7: 0.05 | BT7: 0.16441467 | BU7: 0.09829 | BV7: 0.051 | BW7: 0.16771533 | BX7: 0.21330667 | BY7: 0.36596867 | BZ7: 0.044 | CA7: 0.048 | CB7: 0.12450446 | CC7: 9.5868433
A8: 7 | B8: 3 | C8: 0.278864 | D8: 0.18967333 | E8: 0.11935 | F8: 0.057 | G8: 0.076717 | H8: 0.31450933 | I8: 0.19713267 | J8: 0.248913 | K8: 0.055 | L8: 0.20999333 | M8: 0.046 | N8: 0.048 | O8: 0.06656 | P8: 0.060012667 | Q8: 0.062867333 | R8: 0.181236 | S8: 0.12713333 | T8: 0.268468 | U8: 0.159635 | V8: 0.107955 | W8: 0.20930133 | X8: 0.051 | Y8: 0.05 | Z8: 0.055 | AA8: 0.099784 | AB8: 0.158766 | AC8: 0.05 | AD8: 0.099824 | AE8: 0.20798433 | AF8: 0.054 | AG8: 0.070384 | AH8: 0.16982 | AI8: 0.160576 | AJ8: 0.2084 | AK8: 0.318598 | AL8: 0.22337667 | AM8: 0.14577333 | AN8: 0.18525333 | AO8: 0.047 | AP8: 0.052 | AQ8: 0.105196 | AR8: 0.046 | AS8: 0.21025333 | AT8: 0.213309 | AU8: 0.1913 | AV8: 0.15636 | AW8: 0.13150533 | AX8: 0.076004 | AY8: 0.21305933 | AZ8: 0.041 | BA8: 0.084012 | BB8: 0.058 | BC8: 0.043 | BD8: 0.147936 | BE8: 0.123988 | BF8: 0.211694 | BG8: 0.152728 | BH8: 0.111568 | BI8: 0.065643333 | BJ8: 0.082057333 | BK8: 0.062454333 | BL8: 0.19250267 | BM8: 0.22361333 | BN8: 0.15277833 | BO8: 0.078422667 | BP8: 0.05 | BQ8: 0.11439333 | BR8: 0.048 | BS8: 0.211898 | BT8: 0.13186933 | BU8: 0.17044 | BV8: 0.35130667 | BW8: 0.056 | BX8: 0.052 | BY8: 0.22318867 | BZ8: 0.044 | CA8: 0.048 | CB8: 0.1320434 | CC8: 10.167342
A9: 8 | B9: 3.5 | C9: 0.046 | D9: 0.04 | E9: 0.05 | F9: 0.163608 | G9: 0.192541 | H9: 0.094586 | I9: 0.053 | J9: 0.095661333 | K9: 0.055 | L9: 0.075899333 | M9: 0.046 | N9: 0.175761 | O9: 0.051 | P9: 0.17494667 | Q9: 0.19667333 | R9: 0.045 | S9: 0.22499333 | T9: 0.054 | U9: 0.047 | V9: 0.28117467 | W9: 0.247892 | X9: 0.079635 | Y9: 0.05 | Z9: 0.055 | AA9: 0.058 | AB9: 0.057 | AC9: 0.05 | AD9: 0.166732 | AE9: 0.17307567 | AF9: 0.054 | AG9: 0.081768 | AH9: 0.051359333 | AI9: 0.12405467 | AJ9: 0.05 | AK9: 0.145192 | AL9: 0.153893 | AM9: 0.051952333 | AN9: 0.059 | AO9: 0.047 | AP9: 0.052 | AQ9: 0.079098 | AR9: 0.046 | AS9: 0.139845 | AT9: 0.037 | AU9: 0.05513 | AV9: 0.097843333 | AW9: 0.20983 | AX9: 0.082576 | AY9: 0.22497867 | AZ9: 0.22117833 | BA9: 0.136483 | BB9: 0.058 | BC9: 0.117562 | BD9: 0.162978 | BE9: 0.058 | BF9: 0.080038333 | BG9: 0.13560667 | BH9: 0.154175 | BI9: 0.10027267 | BJ9: 0.126014 | BK9: 0.18568067 | BL9: 0.235668 | BM9: 0.057 | BN9: 0.054 | BO9: 0.063987 | BP9: 0.05 | BQ9: 0.037 | BR9: 0.048 | BS9: 0.05 | BT9: 0.154806 | BU9: 0.055 | BV9: 0.051 | BW9: 0.056 | BX9: 0.15684933 | BY9: 0.234801 | BZ9: 0.044 | CA9: 0.048 | CB9: 0.10227013 | CC9: 7.8747997
A10: 9 | B10: 4 | C10: 0.14448067 | D10: 0.12164 | E10: 0.05 | F10: 0.068845333 | G10: 0.055 | H10: 0.20735433 | I10: 0.17833867 | J10: 0.23021 | K10: 0.055 | L10: 0.061 | M10: 0.046 | N10: 0.23120767 | O10: 0.22216 | P10: 0.052 | Q10: 0.048 | R10: 0.21151067 | S10: 0.064414 | T10: 0.26109867 | U10: 0.212198 | V10: 0.16600533 | W10: 0.183274 | X10: 0.19055067 | Y10: 0.05 | Z10: 0.055 | AA10: 0.141568 | AB10: 0.17007333 | AC10: 0.05 | AD10: 0.18546333 | AE10: 0.19462 | AF10: 0.054 | AG10: 0.150072 | AH10: 0.26549133 | AI10: 0.20402133 | AJ10: 0.1652 | AK10: 0.165646 | AL10: 0.12513793 | AM10: 0.212963 | AN10: 0.172628 | AO10: 0.047 | AP10: 0.052 | AQ10: 0.053 | AR10: 0.046 | AS10: 0.074615 | AT10: 0.22170467 | AU10: 0.14591 | AV10: 0.095614667 | AW10: 0.123942 | AX10: 0.108864 | AY10: 0.082087667 | AZ10: 0.18813 | BA10: 0.099337 | BB10: 0.120315 | BC10: 0.043 | BD10: 0.063984 | BE10: 0.058 | BF10: 0.11849967 | BG10: 0.09762 | BH10: 0.10128167 | BI10: 0.044 | BJ10: 0.15470067 | BK10: 0.15190633 | BL10: 0.21156633 | BM10: 0.057 | BN10: 0.14694267 | BO10: 0.12528567 | BP10: 0.05 | BQ10: 0.20726533 | BR10: 0.075457667 | BS10: 0.15304567 | BT10: 0.141478 | BU10: 0.21373 | BV10: 0.29911 | BW10: 0.056 | BX10: 0.124588 | BY10: 0.33478233 | BZ10: 0.044 | CA10: 0.048 | CB10: 0.12989528 | CC10: 10.001936
A11: 10 | B11: 4.5 | C11: 0.21287 | D11: 0.10803333 | E11: 0.05 | F11: 0.163608 | G11: 0.055 | H11: 0.21526967 | I11: 0.165798 | J11: 0.12059867 | K11: 0.055 | L11: 0.22489267 | M11: 0.046 | N11: 0.057094333 | O11: 0.051 | P11: 0.216324 | Q11: 0.19667333 | R11: 0.045 | S11: 0.15798667 | T11: 0.12769333 | U11: 0.047 | V11: 0.10312 | W11: 0.19826767 | X11: 0.101381 | Y11: 0.05 | Z11: 0.055 | AA11: 0.058 | AB11: 0.057 | AC11: 0.05 | AD11: 0.066206 | AE11: 0.108708 | AF11: 0.054 | AG11: 0.059 | AH11: 0.07196 | AI11: 0.06 | AJ11: 0.0932 | AK11: 0.058 | AL11: 0.22337667 | AM11: 0.048 | AN11: 0.17942533 | AO11: 0.047 | AP11: 0.052 | AQ11: 0.074748333 | AR11: 0.046 | AS11: 0.113753 | AT11: 0.037 | AU11: 0.205976 | AV11: 0.14862 | AW11: 0.20226667 | AX11: 0.98764333 | AY11: 0.25688633 | AZ11: 0.061715 | BA11: 0.201946 | BB11: 0.070463 | BC11: 0.043 | BD11: 0.20915133 | BE11: 0.123988 | BF11: 0.056 | BG11: 0.25933667 | BH11: 0.114505 | BI11: 0.065643333 | BJ11: 0.11111467 | BK11: 0.055 | BL11: 0.12938567 | BM11: 0.10244 | BN11: 0.14737067 | BO11: 0.041 | BP11: 0.05 | BQ11: 0.037 | BR11: 0.048 | BS11: 0.116231 | BT11: 0.055 | BU11: 0.055 | BV11: 0.10319667 | BW11: 0.16771533 | BX11: 0.100392 | BY11: 0.189668 | BZ11: 0.044 | CA11: 0.048 | CB11: 0.11673562 | CC11: 8.9886427
A12: 11 | B12: 5 | C12: 0.069292 | D12: 0.046803333 | E12: 0.05 | F12: 0.068845333 | G12: 0.055 | H12: 0.054 | I12: 0.100002 | J12: 0.14916367 | K12: 0.055 | L12: 0.061 | M12: 0.046 | N12: 0.33324033 | O12: 0.17548 | P12: 0.21518247 | Q12: 0.062867333 | R12: 0.045 | S12: 0.208554 | T12: 0.090846667 | U12: 0.092054 | V12: 0.33519333 | W12: 0.16078733 | X12: 0.063726667 | Y12: 0.05 | Z12: 0.055 | AA12: 0.058 | AB12: 0.13049767 | AC12: 0.065574 | AD12: 0.122236 | AE12: 0.127732 | AF12: 0.054 | AG12: 0.16592267 | AH12: 0.073437333 | AI12: 0.06 | AJ12: 0.122 | AK12: 0.219544 | AL12: 0.210156 | AM12: 0.14577333 | AN12: 0.077938 | AO12: 0.078308667 | AP12: 0.052 | AQ12: 0.10954567 | AR12: 0.046 | AS12: 0.100707 | AT12: 0.17473927 | AU12: 0.081977333 | AV12: 0.137718 | AW12: 0.10665 | AX12: 0.24377333 | AY12: 0.147064 | AZ12: 0.12799167 | BA12: 0.11791 | BB12: 0.058 | BC12: 0.117562 | BD12: 0.073778667 | BE12: 0.058 | BF12: 0.33283067 | BG12: 0.05 | BH12: 0.19751667 | BI12: 0.10027267 | BJ12: 0.126014 | BK12: 0.055 | BL12: 0.126253 | BM12: 0.17817333 | BN12: 0.061733333 | BO12: 0.20008867 | BP12: 0.05 | BQ12: 0.044739333 | BR12: 0.048 | BS12: 0.05 | BT12: 0.055 | BU12: 0.055 | BV12: 0.051 | BW12: 0.056 | BX12: 0.18104533 | BY12: 0.142282 | BZ12: 0.044 | CA12: 0.048 | CB12: 0.10857823 | CC12: 8.3605241
A13: 12 | B13: 5.5 | C13: 0.28208833 | D13: 0.18287 | E13: 0.13322 | F13: 0.057 | G13: 0.141868 | H13: 0.26039467 | I13: 0.24413467 | J13: 0.15698367 | K13: 0.055 | L13: 0.061 | M13: 0.046 | N13: 0.064634 | O13: 0.09768 | P13: 0.080582867 | Q13: 0.048 | R13: 0.21151067 | S13: 0.09628 | T13: 0.29794533 | U13: 0.167144 | V13: 0.049 | W13: 0.12414433 | X13: 0.10190667 | Y13: 0.05 | Z13: 0.097111 | AA13: 0.058 | AB13: 0.096575667 | AC13: 0.13825267 | AD13: 0.21875333 | AE13: 0.05 | AF13: 0.069966667 | AG13: 0.059 | AH13: 0.27137333 | AI13: 0.268076 | AJ13: 0.1364 | AK13: 0.190718 | AL13: 0.10294167 | AM13: 0.048 | AN13: 0.16631533 | AO13: 0.096199333 | AP13: 0.052 | AQ13: 0.053 | AR13: 0.046 | AS13: 0.042 | AT13: 0.112561 | AU13: 0.17617 | AV13: 0.06348 | AW13: 0.083418667 | AX13: 0.03 | AY13: 0.22815733 | AZ13: 0.30203633 | BA13: 0.140036 | BB13: 0.058 | BC13: 0.043 | BD13: 0.036 | BE13: 0.109324 | BF13: 0.056 | BG13: 0.298396 | BH13: 0.055 | BI13: 0.078629333 | BJ13: 0.21281533 | BK13: 0.19663233 | BL13: 0.157921 | BM13: 0.057 | BN13: 0.234864 | BO13: 0.041 | BP13: 0.05 | BQ13: 0.199526 | BR13: 0.048 | BS13: 0.211898 | BT13: 0.154806 | BU13: 0.192085 | BV13: 0.26826333 | BW13: 0.056 | BX13: 0.052 | BY13: 0.306537 | BZ13: 0.044 | CA13: 0.048 | CB13: 0.12560554 | CC13: 9.6716269
... A49: 48 | B49: 23.5 | C49: 0.53206767 | D49: 0.10803333 | E49: 0.3110496 | F49: 0.13991733 | G49: 0.185302 | H49: 0.21694833 | I49: 0.85625733 | J49: 0.23086167 | K49: 0.055 | L49: 0.16529533 | M49: 0.50397333 | N49: 0.626335 | O49: 0.43429833 | P49: 0.068025333 | Q49: 0.048 | R49: 0.045 | S49: 0.61599767 | T49: 0.647131 | U49: 0.55700967 | V49: 0.186949 | W49: 0.061982 | X49: 0.16664667 | Y49: 0.34082667 | Z49: 0.055 | AA49: 0.058 | AB49: 0.70403333 | AC49: 0.13825267 | AD49: 0.44712333 | AE49: 0.0579092 | AF49: 0.054 | AG49: 0.16534667 | AH49: 0.11759333 | AI49: 0.142356 | AJ49: 0.10203333 | AK49: 0.28571633 | AL49: 0.048 | AM49: 0.54701067 | AN49: 0.059 | AO49: 0.44195533 | AP49: 0.27930767 | AQ49: 0.131294 | AR49: 0.046 | AS49: 0.3368 | AT49: 0.037 | AU49: 0.28540867 | AV49: 0.16162667 | AW49: 0.091523333 | AX49: 0.03 | AY49: 0.926359 | AZ49: 0.19125833 | BA49: 0.070006 | BB49: 1.433289 | BC49: 0.28870267 | BD49: 0.274914 | BE49: 0.123988 | BF49: 0.099269 | BG49: 0.075682 | BH49: 0.11817967 | BI49: 0.044 | BJ49: 0.24932233 | BK49: 0.687666 | BL49: 0.66742733 | BM49: 0.057 | BN49: 0.094849667 | BO49: 0.15115133 | BP49: 0.312858 | BQ49: 0.75672767 | BR49: 0.206104 | BS49: 0.204539 | BT49: 0.42261233 | BU49: 0.192085 | BV49: 0.40739333 | BW49: 0.62400733 | BX49: 0.052 | BY49: 0.67848033 | BZ49: 0.044 | CA49: 0.51275033 | CB49: 0.28430934 | CC49: 21.891819

Sheet PV_kW
A1: period | B1: hour | C1: BES_TR1_one223_B | D1: BES_TR1_one313_A | E1: BES_TR1_one320_B | F1: BES_TR1_one321_C | G1: BES_TR1_one346_C | H1: BES_TR1_one366_B | I1: BES_TR1_one375_C | J1: BES_TR1_one410_B | K1: BES_TR1_one50_A | L1: BES_TR1_one423_B | M1: BES_TR1_one469_A | N1: BES_TR1_one480_A | O1: BES_TR1_one482_B | P1: BES_TR1_one521_C | Q1: BES_TR1_one528_C | R1: BES_TR1_one537_A | S1: BES_TR1_one61_A | T1: BES_TR1_one544_A | U1: BES_TR1_one552_B | V1: BES_TR1_one559_C | W1: BES_TR1_one560_C | X1: BES_TR1_one605_A | Y1: BES_TR1_one617_A | Z1: BES_TR1_one73_A | AA1: BES_TR1_one76_A | AB1: BES_TR1_six64_A | AC1: BES_TR1_six154_C | AD1: BES_TR1_six173_C | AE1: BES_TR1_six186_A | AF1: BES_TR1_six191_B | AG1: BES_TR1_six249_B | AH1: BES_TR1_six254_B | AI1: BES_TR1_six269_C | AJ1: BES_TR1_six68_C | AK1: BES_TR1_six289_C | AL1: BES_TR1_six317_C | AM1: BES_TR1_six326_A | AN1: BES_TR1_six329_A | AO1: BES_TR1_six342_A | AP1: BES_TR1_six349_A | AQ1: BES_TR1_six350_B | AR1: BES_TR1_six378_A | AS1: BES_TR1_six75_A | AT1: BES_TR1_six385_B | AU1: BES_TR1_six387_A | AV1: BES_TR1_six410_A | AW1: BES_TR1_six431_C | AX1: BES_TR1_six441_A | AY1: BES_TR1_six484_B | AZ1: BES_TR1_six501_A | BA1: BES_TR1_six512_B | BB1: BES_TR1_six518_B | BC1: BES_TR1_six595_B | BD1: BES_TR1_six646_B | BE1: BES_TR1_six699_C | BF1: BES_TR1_six718_C | BG1: BES_TR1_six721_A | BH1: BES_TR1_six723_B | BI1: BES_TR1_six784_B | BJ1: BES_TR1_six90_B | BK1: BES_TR1_six807_A | BL1: BES_TR1_six852_B | BM1: BES_TR1_six860_C | BN1: BES_TR1_six869_C | BO1: BES_TR1_six885_A | BP1: BES_TR1_six909_C | BQ1: BES_TR1_six105_A | BR1: BES_TR1_six914_A | BS1: BES_TR1_six945_C | BT1: BES_TR1_six952_A | BU1: BES_TR1_six967_B | BV1: BES_TR1_six990_B | BW1: BES_TR1_six1006_C | BX1: BES_TR1_six1020_A | BY1: BES_TR1_six1025_B | BZ1: BES_TR1_six1064_C | CA1: BES_TR1_six128_B | CB1: fleet_average | CC1: fleet_total
A2: 1 | B2: 0 | C2: 0 | D2: 0 | E2: 0 | F2: 0 | G2: 0 | H2: 0 | I2: 0 | J2: 0 | K2: 0 | L2: 0 | M2: 0 | N2: 0 | O2: 0 | P2: 0 | Q2: 0 | R2: 0 | S2: 0 | T2: 0 | U2: 0 | V2: 0 | W2: 0 | X2: 0 | Y2: 0 | Z2: 0 | AA2: 0 | AB2: 0 | AC2: 0 | AD2: 0 | AE2: 0 | AF2: 0 | AG2: 0 | AH2: 0 | AI2: 0 | AJ2: 0 | AK2: 0 | AL2: 0 | AM2: 0 | AN2: 0 | AO2: 0 | AP2: 0 | AQ2: 0 | AR2: 0 | AS2: 0 | AT2: 0 | AU2: 0 | AV2: 0 | AW2: 0 | AX2: 0 | AY2: 0 | AZ2: 0 | BA2: 0 | BB2: 0 | BC2: 0 | BD2: 0 | BE2: 0 | BF2: 0 | BG2: 0 | BH2: 0 | BI2: 0 | BJ2: 0 | BK2: 0 | BL2: 0 | BM2: 0 | BN2: 0 | BO2: 0 | BP2: 0 | BQ2: 0 | BR2: 0 | BS2: 0 | BT2: 0 | BU2: 0 | BV2: 0 | BW2: 0 | BX2: 0 | BY2: 0 | BZ2: 0 | CA2: 0 | CB2: 0 | CC2: 0
A3: 2 | B3: 0.5 | C3: 0 | D3: 0 | E3: 0 | F3: 0 | G3: 0 | H3: 0 | I3: 0 | J3: 0 | K3: 0 | L3: 0 | M3: 0 | N3: 0 | O3: 0 | P3: 0 | Q3: 0 | R3: 0 | S3: 0 | T3: 0 | U3: 0 | V3: 0 | W3: 0 | X3: 0 | Y3: 0 | Z3: 0 | AA3: 0 | AB3: 0 | AC3: 0 | AD3: 0 | AE3: 0 | AF3: 0 | AG3: 0 | AH3: 0 | AI3: 0 | AJ3: 0 | AK3: 0 | AL3: 0 | AM3: 0 | AN3: 0 | AO3: 0 | AP3: 0 | AQ3: 0 | AR3: 0 | AS3: 0 | AT3: 0 | AU3: 0 | AV3: 0 | AW3: 0 | AX3: 0 | AY3: 0 | AZ3: 0 | BA3: 0 | BB3: 0 | BC3: 0 | BD3: 0 | BE3: 0 | BF3: 0 | BG3: 0 | BH3: 0 | BI3: 0 | BJ3: 0 | BK3: 0 | BL3: 0 | BM3: 0 | BN3: 0 | BO3: 0 | BP3: 0 | BQ3: 0 | BR3: 0 | BS3: 0 | BT3: 0 | BU3: 0 | BV3: 0 | BW3: 0 | BX3: 0 | BY3: 0 | BZ3: 0 | CA3: 0 | CB3: 0 | CC3: 0
A4: 3 | B4: 1 | C4: 0 | D4: 0 | E4: 0 | F4: 0 | G4: 0 | H4: 0 | I4: 0 | J4: 0 | K4: 0 | L4: 0 | M4: 0 | N4: 0 | O4: 0 | P4: 0 | Q4: 0 | R4: 0 | S4: 0 | T4: 0 | U4: 0 | V4: 0 | W4: 0 | X4: 0 | Y4: 0 | Z4: 0 | AA4: 0 | AB4: 0 | AC4: 0 | AD4: 0 | AE4: 0 | AF4: 0 | AG4: 0 | AH4: 0 | AI4: 0 | AJ4: 0 | AK4: 0 | AL4: 0 | AM4: 0 | AN4: 0 | AO4: 0 | AP4: 0 | AQ4: 0 | AR4: 0 | AS4: 0 | AT4: 0 | AU4: 0 | AV4: 0 | AW4: 0 | AX4: 0 | AY4: 0 | AZ4: 0 | BA4: 0 | BB4: 0 | BC4: 0 | BD4: 0 | BE4: 0 | BF4: 0 | BG4: 0 | BH4: 0 | BI4: 0 | BJ4: 0 | BK4: 0 | BL4: 0 | BM4: 0 | BN4: 0 | BO4: 0 | BP4: 0 | BQ4: 0 | BR4: 0 | BS4: 0 | BT4: 0 | BU4: 0 | BV4: 0 | BW4: 0 | BX4: 0 | BY4: 0 | BZ4: 0 | CA4: 0 | CB4: 0 | CC4: 0
A5: 4 | B5: 1.5 | C5: 0 | D5: 0 | E5: 0 | F5: 0 | G5: 0 | H5: 0 | I5: 0 | J5: 0 | K5: 0 | L5: 0 | M5: 0 | N5: 0 | O5: 0 | P5: 0 | Q5: 0 | R5: 0 | S5: 0 | T5: 0 | U5: 0 | V5: 0 | W5: 0 | X5: 0 | Y5: 0 | Z5: 0 | AA5: 0 | AB5: 0 | AC5: 0 | AD5: 0 | AE5: 0 | AF5: 0 | AG5: 0 | AH5: 0 | AI5: 0 | AJ5: 0 | AK5: 0 | AL5: 0 | AM5: 0 | AN5: 0 | AO5: 0 | AP5: 0 | AQ5: 0 | AR5: 0 | AS5: 0 | AT5: 0 | AU5: 0 | AV5: 0 | AW5: 0 | AX5: 0 | AY5: 0 | AZ5: 0 | BA5: 0 | BB5: 0 | BC5: 0 | BD5: 0 | BE5: 0 | BF5: 0 | BG5: 0 | BH5: 0 | BI5: 0 | BJ5: 0 | BK5: 0 | BL5: 0 | BM5: 0 | BN5: 0 | BO5: 0 | BP5: 0 | BQ5: 0 | BR5: 0 | BS5: 0 | BT5: 0 | BU5: 0 | BV5: 0 | BW5: 0 | BX5: 0 | BY5: 0 | BZ5: 0 | CA5: 0 | CB5: 0 | CC5: 0
A6: 5 | B6: 2 | C6: 0 | D6: 0 | E6: 0 | F6: 0 | G6: 0 | H6: 0 | I6: 0 | J6: 0 | K6: 0 | L6: 0 | M6: 0 | N6: 0 | O6: 0 | P6: 0 | Q6: 0 | R6: 0 | S6: 0 | T6: 0 | U6: 0 | V6: 0 | W6: 0 | X6: 0 | Y6: 0 | Z6: 0 | AA6: 0 | AB6: 0 | AC6: 0 | AD6: 0 | AE6: 0 | AF6: 0 | AG6: 0 | AH6: 0 | AI6: 0 | AJ6: 0 | AK6: 0 | AL6: 0 | AM6: 0 | AN6: 0 | AO6: 0 | AP6: 0 | AQ6: 0 | AR6: 0 | AS6: 0 | AT6: 0 | AU6: 0 | AV6: 0 | AW6: 0 | AX6: 0 | AY6: 0 | AZ6: 0 | BA6: 0 | BB6: 0 | BC6: 0 | BD6: 0 | BE6: 0 | BF6: 0 | BG6: 0 | BH6: 0 | BI6: 0 | BJ6: 0 | BK6: 0 | BL6: 0 | BM6: 0 | BN6: 0 | BO6: 0 | BP6: 0 | BQ6: 0 | BR6: 0 | BS6: 0 | BT6: 0 | BU6: 0 | BV6: 0 | BW6: 0 | BX6: 0 | BY6: 0 | BZ6: 0 | CA6: 0 | CB6: 0 | CC6: 0
A7: 6 | B7: 2.5 | C7: 0 | D7: 0 | E7: 0 | F7: 0 | G7: 0 | H7: 0 | I7: 0 | J7: 0 | K7: 0 | L7: 0 | M7: 0 | N7: 0 | O7: 0 | P7: 0 | Q7: 0 | R7: 0 | S7: 0 | T7: 0 | U7: 0 | V7: 0 | W7: 0 | X7: 0 | Y7: 0 | Z7: 0 | AA7: 0 | AB7: 0 | AC7: 0 | AD7: 0 | AE7: 0 | AF7: 0 | AG7: 0 | AH7: 0 | AI7: 0 | AJ7: 0 | AK7: 0 | AL7: 0 | AM7: 0 | AN7: 0 | AO7: 0 | AP7: 0 | AQ7: 0 | AR7: 0 | AS7: 0 | AT7: 0 | AU7: 0 | AV7: 0 | AW7: 0 | AX7: 0 | AY7: 0 | AZ7: 0 | BA7: 0 | BB7: 0 | BC7: 0 | BD7: 0 | BE7: 0 | BF7: 0 | BG7: 0 | BH7: 0 | BI7: 0 | BJ7: 0 | BK7: 0 | BL7: 0 | BM7: 0 | BN7: 0 | BO7: 0 | BP7: 0 | BQ7: 0 | BR7: 0 | BS7: 0 | BT7: 0 | BU7: 0 | BV7: 0 | BW7: 0 | BX7: 0 | BY7: 0 | BZ7: 0 | CA7: 0 | CB7: 0 | CC7: 0
A8: 7 | B8: 3 | C8: 0 | D8: 0 | E8: 0 | F8: 0 | G8: 0 | H8: 0 | I8: 0 | J8: 0 | K8: 0 | L8: 0 | M8: 0 | N8: 0 | O8: 0 | P8: 0 | Q8: 0 | R8: 0 | S8: 0 | T8: 0 | U8: 0 | V8: 0 | W8: 0 | X8: 0 | Y8: 0 | Z8: 0 | AA8: 0 | AB8: 0 | AC8: 0 | AD8: 0 | AE8: 0 | AF8: 0 | AG8: 0 | AH8: 0 | AI8: 0 | AJ8: 0 | AK8: 0 | AL8: 0 | AM8: 0 | AN8: 0 | AO8: 0 | AP8: 0 | AQ8: 0 | AR8: 0 | AS8: 0 | AT8: 0 | AU8: 0 | AV8: 0 | AW8: 0 | AX8: 0 | AY8: 0 | AZ8: 0 | BA8: 0 | BB8: 0 | BC8: 0 | BD8: 0 | BE8: 0 | BF8: 0 | BG8: 0 | BH8: 0 | BI8: 0 | BJ8: 0 | BK8: 0 | BL8: 0 | BM8: 0 | BN8: 0 | BO8: 0 | BP8: 0 | BQ8: 0 | BR8: 0 | BS8: 0 | BT8: 0 | BU8: 0 | BV8: 0 | BW8: 0 | BX8: 0 | BY8: 0 | BZ8: 0 | CA8: 0 | CB8: 0 | CC8: 0
A9: 8 | B9: 3.5 | C9: 0.0034408035 | D9: 0.0034408035 | E9: 0.0017204017 | F9: 0.0034408035 | G9: 0.0025806026 | H9: 0.0017204017 | I9: 0.0021505022 | J9: 0.0021505022 | K9: 0.0017204017 | L9: 0.0017204017 | M9: 0.0025806026 | N9: 0.0017204017 | O9: 0.0034408035 | P9: 0.0021505022 | Q9: 0.0021505022 | R9: 0.0021505022 | S9: 0.0034408035 | T9: 0.0034408035 | U9: 0.003010703 | V9: 0.0017204017 | W9: 0.0034408035 | X9: 0.0021505022 | Y9: 0.0025806026 | Z9: 0.0025806026 | AA9: 0.003010703 | AB9: 0.0021505022 | AC9: 0.0034408035 | AD9: 0.0034408035 | AE9: 0.0017204017 | AF9: 0.0034408035 | AG9: 0.0034408035 | AH9: 0.0017204017 | AI9: 0.0025806026 | AJ9: 0.0012903013 | AK9: 0.0017204017 | AL9: 0.0021505022 | AM9: 0.0021505022 | AN9: 0.0021505022 | AO9: 0.0025806026 | AP9: 0.0021505022 | AQ9: 0.0034408035 | AR9: 0.0034408035 | AS9: 0.0025806026 | AT9: 0.0012903013 | AU9: 0.0012903013 | AV9: 0.0017204017 | AW9: 0.0021505022 | AX9: 0.0034408035 | AY9: 0.0025806026 | AZ9: 0.0025806026 | BA9: 0.003010703 | BB9: 0.0034408035 | BC9: 0.0021505022 | BD9: 0.0021505022 | BE9: 0.003010703 | BF9: 0.0012903013 | BG9: 0.0012903013 | BH9: 0.0034408035 | BI9: 0.0025806026 | BJ9: 0.0017204017 | BK9: 0.0017204017 | BL9: 0.0034408035 | BM9: 0.0034408035 | BN9: 0.0034408035 | BO9: 0.0017204017 | BP9: 0.0021505022 | BQ9: 0.0021505022 | BR9: 0.003010703 | BS9: 0.0034408035 | BT9: 0.0017204017 | BU9: 0.00086020087 | BV9: 0.0034408035 | BW9: 0.003010703 | BX9: 0.0034408035 | BY9: 0.0025806026 | BZ9: 0.00086020087 | CA9: 0.0025806026 | CB9: 0.0024856454 | CC9: 0.19139469
A10: 9 | B10: 4 | C10: 0.049734493 | D10: 0.049734493 | E10: 0.024867246 | F10: 0.049734493 | G10: 0.037300869 | H10: 0.024867246 | I10: 0.031084058 | J10: 0.031084058 | K10: 0.024867246 | L10: 0.024867246 | M10: 0.037300869 | N10: 0.024867246 | O10: 0.049734493 | P10: 0.031084058 | Q10: 0.031084058 | R10: 0.031084058 | S10: 0.049734493 | T10: 0.049734493 | U10: 0.043517681 | V10: 0.024867246 | W10: 0.049734493 | X10: 0.031084058 | Y10: 0.037300869 | Z10: 0.037300869 | AA10: 0.043517681 | AB10: 0.031084058 | AC10: 0.049734493 | AD10: 0.049734493 | AE10: 0.024867246 | AF10: 0.049734493 | AG10: 0.049734493 | AH10: 0.024867246 | AI10: 0.037300869 | AJ10: 0.018650435 | AK10: 0.024867246 | AL10: 0.031084058 | AM10: 0.031084058 | AN10: 0.031084058 | AO10: 0.037300869 | AP10: 0.031084058 | AQ10: 0.049734493 | AR10: 0.049734493 | AS10: 0.037300869 | AT10: 0.018650435 | AU10: 0.018650435 | AV10: 0.024867246 | AW10: 0.031084058 | AX10: 0.049734493 | AY10: 0.037300869 | AZ10: 0.037300869 | BA10: 0.043517681 | BB10: 0.049734493 | BC10: 0.031084058 | BD10: 0.031084058 | BE10: 0.043517681 | BF10: 0.018650435 | BG10: 0.018650435 | BH10: 0.049734493 | BI10: 0.037300869 | BJ10: 0.024867246 | BK10: 0.024867246 | BL10: 0.049734493 | BM10: 0.049734493 | BN10: 0.049734493 | BO10: 0.024867246 | BP10: 0.031084058 | BQ10: 0.031084058 | BR10: 0.043517681 | BS10: 0.049734493 | BT10: 0.024867246 | BU10: 0.012433623 | BV10: 0.049734493 | BW10: 0.043517681 | BX10: 0.049734493 | BY10: 0.037300869 | BZ10: 0.012433623 | CA10: 0.037300869 | CB10: 0.035928327 | CC10: 2.7664811
A11: 10 | B11: 4.5 | C11: 0.23257356 | D11: 0.23257356 | E11: 0.11628678 | F11: 0.23257356 | G11: 0.17443017 | H11: 0.11628678 | I11: 0.14535847 | J11: 0.14535847 | K11: 0.11628678 | L11: 0.11628678 | M11: 0.17443017 | N11: 0.11628678 | O11: 0.23257356 | P11: 0.14535847 | Q11: 0.14535847 | R11: 0.14535847 | S11: 0.23257356 | T11: 0.23257356 | U11: 0.20350186 | V11: 0.11628678 | W11: 0.23257356 | X11: 0.14535847 | Y11: 0.17443017 | Z11: 0.17443017 | AA11: 0.20350186 | AB11: 0.14535847 | AC11: 0.23257356 | AD11: 0.23257356 | AE11: 0.11628678 | AF11: 0.23257356 | AG11: 0.23257356 | AH11: 0.11628678 | AI11: 0.17443017 | AJ11: 0.087215084 | AK11: 0.11628678 | AL11: 0.14535847 | AM11: 0.14535847 | AN11: 0.14535847 | AO11: 0.17443017 | AP11: 0.14535847 | AQ11: 0.23257356 | AR11: 0.23257356 | AS11: 0.17443017 | AT11: 0.087215084 | AU11: 0.087215084 | AV11: 0.11628678 | AW11: 0.14535847 | AX11: 0.23257356 | AY11: 0.17443017 | AZ11: 0.17443017 | BA11: 0.20350186 | BB11: 0.23257356 | BC11: 0.14535847 | BD11: 0.14535847 | BE11: 0.20350186 | BF11: 0.087215084 | BG11: 0.087215084 | BH11: 0.23257356 | BI11: 0.17443017 | BJ11: 0.11628678 | BK11: 0.11628678 | BL11: 0.23257356 | BM11: 0.23257356 | BN11: 0.23257356 | BO11: 0.11628678 | BP11: 0.14535847 | BQ11: 0.14535847 | BR11: 0.20350186 | BS11: 0.23257356 | BT11: 0.11628678 | BU11: 0.058143389 | BV11: 0.23257356 | BW11: 0.20350186 | BX11: 0.23257356 | BY11: 0.17443017 | BZ11: 0.058143389 | CA11: 0.17443017 | CB11: 0.16801174 | CC11: 12.936904
A12: 11 | B12: 5 | C12: 0.46134029 | D12: 0.46134029 | E12: 0.23067014 | F12: 0.46134029 | G12: 0.34600522 | H12: 0.23067014 | I12: 0.28833768 | J12: 0.28833768 | K12: 0.23067014 | L12: 0.23067014 | M12: 0.34600522 | N12: 0.23067014 | O12: 0.46134029 | P12: 0.28833768 | Q12: 0.28833768 | R12: 0.28833768 | S12: 0.46134029 | T12: 0.46134029 | U12: 0.40367275 | V12: 0.23067014 | W12: 0.46134029 | X12: 0.28833768 | Y12: 0.34600522 | Z12: 0.34600522 | AA12: 0.40367275 | AB12: 0.28833768 | AC12: 0.46134029 | AD12: 0.46134029 | AE12: 0.23067014 | AF12: 0.46134029 | AG12: 0.46134029 | AH12: 0.23067014 | AI12: 0.34600522 | AJ12: 0.17300261 | AK12: 0.23067014 | AL12: 0.28833768 | AM12: 0.28833768 | AN12: 0.28833768 | AO12: 0.34600522 | AP12: 0.28833768 | AQ12: 0.46134029 | AR12: 0.46134029 | AS12: 0.34600522 | AT12: 0.17300261 | AU12: 0.17300261 | AV12: 0.23067014 | AW12: 0.28833768 | AX12: 0.46134029 | AY12: 0.34600522 | AZ12: 0.34600522 | BA12: 0.40367275 | BB12: 0.46134029 | BC12: 0.28833768 | BD12: 0.28833768 | BE12: 0.40367275 | BF12: 0.17300261 | BG12: 0.17300261 | BH12: 0.46134029 | BI12: 0.34600522 | BJ12: 0.23067014 | BK12: 0.23067014 | BL12: 0.46134029 | BM12: 0.46134029 | BN12: 0.46134029 | BO12: 0.23067014 | BP12: 0.28833768 | BQ12: 0.28833768 | BR12: 0.40367275 | BS12: 0.46134029 | BT12: 0.23067014 | BU12: 0.11533507 | BV12: 0.46134029 | BW12: 0.40367275 | BX12: 0.46134029 | BY12: 0.34600522 | BZ12: 0.11533507 | CA12: 0.34600522 | CB12: 0.33327342 | CC12: 25.662054
A13: 12 | B13: 5.5 | C13: 0.74185798 | D13: 0.74185798 | E13: 0.37092899 | F13: 0.74185798 | G13: 0.55639348 | H13: 0.37092899 | I13: 0.46366124 | J13: 0.46366124 | K13: 0.37092899 | L13: 0.37092899 | M13: 0.55639348 | N13: 0.37092899 | O13: 0.74185798 | P13: 0.46366124 | Q13: 0.46366124 | R13: 0.46366124 | S13: 0.74185798 | T13: 0.74185798 | U13: 0.64912573 | V13: 0.37092899 | W13: 0.74185798 | X13: 0.46366124 | Y13: 0.55639348 | Z13: 0.55639348 | AA13: 0.64912573 | AB13: 0.46366124 | AC13: 0.74185798 | AD13: 0.74185798 | AE13: 0.37092899 | AF13: 0.74185798 | AG13: 0.74185798 | AH13: 0.37092899 | AI13: 0.55639348 | AJ13: 0.27819674 | AK13: 0.37092899 | AL13: 0.46366124 | AM13: 0.46366124 | AN13: 0.46366124 | AO13: 0.55639348 | AP13: 0.46366124 | AQ13: 0.74185798 | AR13: 0.74185798 | AS13: 0.55639348 | AT13: 0.27819674 | AU13: 0.27819674 | AV13: 0.37092899 | AW13: 0.46366124 | AX13: 0.74185798 | AY13: 0.55639348 | AZ13: 0.55639348 | BA13: 0.64912573 | BB13: 0.74185798 | BC13: 0.46366124 | BD13: 0.46366124 | BE13: 0.64912573 | BF13: 0.27819674 | BG13: 0.27819674 | BH13: 0.74185798 | BI13: 0.55639348 | BJ13: 0.37092899 | BK13: 0.37092899 | BL13: 0.74185798 | BM13: 0.74185798 | BN13: 0.74185798 | BO13: 0.37092899 | BP13: 0.46366124 | BQ13: 0.46366124 | BR13: 0.64912573 | BS13: 0.74185798 | BT13: 0.37092899 | BU13: 0.18546449 | BV13: 0.74185798 | BW13: 0.64912573 | BX13: 0.74185798 | BY13: 0.55639348 | BZ13: 0.18546449 | CA13: 0.55639348 | CB13: 0.53592013 | CC13: 41.26585
... A49: 48 | B49: 23.5 | C49: 0 | D49: 0 | E49: 0 | F49: 0 | G49: 0 | H49: 0 | I49: 0 | J49: 0 | K49: 0 | L49: 0 | M49: 0 | N49: 0 | O49: 0 | P49: 0 | Q49: 0 | R49: 0 | S49: 0 | T49: 0 | U49: 0 | V49: 0 | W49: 0 | X49: 0 | Y49: 0 | Z49: 0 | AA49: 0 | AB49: 0 | AC49: 0 | AD49: 0 | AE49: 0 | AF49: 0 | AG49: 0 | AH49: 0 | AI49: 0 | AJ49: 0 | AK49: 0 | AL49: 0 | AM49: 0 | AN49: 0 | AO49: 0 | AP49: 0 | AQ49: 0 | AR49: 0 | AS49: 0 | AT49: 0 | AU49: 0 | AV49: 0 | AW49: 0 | AX49: 0 | AY49: 0 | AZ49: 0 | BA49: 0 | BB49: 0 | BC49: 0 | BD49: 0 | BE49: 0 | BF49: 0 | BG49: 0 | BH49: 0 | BI49: 0 | BJ49: 0 | BK49: 0 | BL49: 0 | BM49: 0 | BN49: 0 | BO49: 0 | BP49: 0 | BQ49: 0 | BR49: 0 | BS49: 0 | BT49: 0 | BU49: 0 | BV49: 0 | BW49: 0 | BX49: 0 | BY49: 0 | BZ49: 0 | CA49: 0 | CB49: 0 | CC49: 0

Sheet Charge_kW
A1: period | B1: hour | C1: BES_TR1_one223_B | D1: BES_TR1_one313_A | E1: BES_TR1_one320_B | F1: BES_TR1_one321_C | G1: BES_TR1_one346_C | H1: BES_TR1_one366_B | I1: BES_TR1_one375_C | J1: BES_TR1_one410_B | K1: BES_TR1_one50_A | L1: BES_TR1_one423_B | M1: BES_TR1_one469_A | N1: BES_TR1_one480_A | O1: BES_TR1_one482_B | P1: BES_TR1_one521_C | Q1: BES_TR1_one528_C | R1: BES_TR1_one537_A | S1: BES_TR1_one61_A | T1: BES_TR1_one544_A | U1: BES_TR1_one552_B | V1: BES_TR1_one559_C | W1: BES_TR1_one560_C | X1: BES_TR1_one605_A | Y1: BES_TR1_one617_A | Z1: BES_TR1_one73_A | AA1: BES_TR1_one76_A | AB1: BES_TR1_six64_A | AC1: BES_TR1_six154_C | AD1: BES_TR1_six173_C | AE1: BES_TR1_six186_A | AF1: BES_TR1_six191_B | AG1: BES_TR1_six249_B | AH1: BES_TR1_six254_B | AI1: BES_TR1_six269_C | AJ1: BES_TR1_six68_C | AK1: BES_TR1_six289_C | AL1: BES_TR1_six317_C | AM1: BES_TR1_six326_A | AN1: BES_TR1_six329_A | AO1: BES_TR1_six342_A | AP1: BES_TR1_six349_A | AQ1: BES_TR1_six350_B | AR1: BES_TR1_six378_A | AS1: BES_TR1_six75_A | AT1: BES_TR1_six385_B | AU1: BES_TR1_six387_A | AV1: BES_TR1_six410_A | AW1: BES_TR1_six431_C | AX1: BES_TR1_six441_A | AY1: BES_TR1_six484_B | AZ1: BES_TR1_six501_A | BA1: BES_TR1_six512_B | BB1: BES_TR1_six518_B | BC1: BES_TR1_six595_B | BD1: BES_TR1_six646_B | BE1: BES_TR1_six699_C | BF1: BES_TR1_six718_C | BG1: BES_TR1_six721_A | BH1: BES_TR1_six723_B | BI1: BES_TR1_six784_B | BJ1: BES_TR1_six90_B | BK1: BES_TR1_six807_A | BL1: BES_TR1_six852_B | BM1: BES_TR1_six860_C | BN1: BES_TR1_six869_C | BO1: BES_TR1_six885_A | BP1: BES_TR1_six909_C | BQ1: BES_TR1_six105_A | BR1: BES_TR1_six914_A | BS1: BES_TR1_six945_C | BT1: BES_TR1_six952_A | BU1: BES_TR1_six967_B | BV1: BES_TR1_six990_B | BW1: BES_TR1_six1006_C | BX1: BES_TR1_six1020_A | BY1: BES_TR1_six1025_B | BZ1: BES_TR1_six1064_C | CA1: BES_TR1_six128_B | CB1: fleet_average | CC1: fleet_total
A2: 1 | B2: 0 | C2: 0 | D2: 0 | E2: 0 | F2: 0 | G2: 0 | H2: 0 | I2: 0 | J2: 0 | K2: 0 | L2: 0 | M2: 0 | N2: 0 | O2: 0 | P2: 0 | Q2: 0 | R2: 0 | S2: 0 | T2: 0 | U2: 0 | V2: 0 | W2: 0 | X2: 0 | Y2: 0 | Z2: 0 | AA2: 0 | AB2: 0 | AC2: 0 | AD2: 0 | AE2: 0 | AF2: 0 | AG2: 0 | AH2: 0 | AI2: 0 | AJ2: 0 | AK2: 0 | AL2: 0 | AM2: 0 | AN2: 0 | AO2: 0 | AP2: 0 | AQ2: 0 | AR2: 0 | AS2: 0 | AT2: 0 | AU2: 0 | AV2: 0 | AW2: 0 | AX2: 0 | AY2: 0 | AZ2: 0 | BA2: 0 | BB2: 0 | BC2: 0 | BD2: 0 | BE2: 0 | BF2: 0 | BG2: 0 | BH2: 0 | BI2: 0 | BJ2: 0 | BK2: 0 | BL2: 0 | BM2: 0 | BN2: 0 | BO2: 0 | BP2: 0 | BQ2: 0 | BR2: 0 | BS2: 0 | BT2: 0 | BU2: 0 | BV2: 0 | BW2: 0 | BX2: 0 | BY2: 0 | BZ2: 0 | CA2: 0 | CB2: 0 | CC2: 0
A3: 2 | B3: 0.5 | C3: 0 | D3: 0 | E3: 0 | F3: 0 | G3: 0 | H3: 0 | I3: 0 | J3: 0 | K3: 0 | L3: 0 | M3: 0 | N3: 0 | O3: 0 | P3: 0 | Q3: 0 | R3: 0 | S3: 0 | T3: 0 | U3: 0 | V3: 0 | W3: 0 | X3: 0 | Y3: 0 | Z3: 0 | AA3: 0 | AB3: 0 | AC3: 0 | AD3: 0 | AE3: 0 | AF3: 0 | AG3: 0 | AH3: 0 | AI3: 0 | AJ3: 0 | AK3: 0 | AL3: 0 | AM3: 0 | AN3: 0 | AO3: 0 | AP3: 0 | AQ3: 0 | AR3: 0 | AS3: 0 | AT3: 0 | AU3: 0 | AV3: 0 | AW3: 0 | AX3: 0 | AY3: 0 | AZ3: 0 | BA3: 0 | BB3: 0 | BC3: 0 | BD3: 0 | BE3: 0 | BF3: 0 | BG3: 0 | BH3: 0 | BI3: 0 | BJ3: 0 | BK3: 0 | BL3: 0 | BM3: 0 | BN3: 0 | BO3: 0 | BP3: 0 | BQ3: 0 | BR3: 0 | BS3: 0 | BT3: 0 | BU3: 0 | BV3: 0 | BW3: 0 | BX3: 0 | BY3: 0 | BZ3: 0 | CA3: 0 | CB3: 0 | CC3: 0
A4: 3 | B4: 1 | C4: 0 | D4: 0 | E4: 0 | F4: 0 | G4: 0 | H4: 0 | I4: 0 | J4: 0 | K4: 0 | L4: 0 | M4: 0 | N4: 0 | O4: 0 | P4: 0 | Q4: 0 | R4: 0 | S4: 0 | T4: 0 | U4: 0 | V4: 0 | W4: 0 | X4: 0 | Y4: 0 | Z4: 0 | AA4: 0 | AB4: 0 | AC4: 0 | AD4: 0 | AE4: 0 | AF4: 0 | AG4: 0 | AH4: 0 | AI4: 0 | AJ4: 0 | AK4: 0 | AL4: 0 | AM4: 0 | AN4: 0 | AO4: 0 | AP4: 0 | AQ4: 0 | AR4: 0 | AS4: 0 | AT4: 0 | AU4: 0 | AV4: 0 | AW4: 0 | AX4: 0 | AY4: 0 | AZ4: 0 | BA4: 0 | BB4: 0 | BC4: 0 | BD4: 0 | BE4: 0 | BF4: 0 | BG4: 0 | BH4: 0 | BI4: 0 | BJ4: 0 | BK4: 0 | BL4: 0 | BM4: 0 | BN4: 0 | BO4: 0 | BP4: 0 | BQ4: 0 | BR4: 0 | BS4: 0 | BT4: 0 | BU4: 0 | BV4: 0 | BW4: 0 | BX4: 0 | BY4: 0 | BZ4: 0 | CA4: 0 | CB4: 0 | CC4: 0
A5: 4 | B5: 1.5 | C5: 0 | D5: 0 | E5: 0 | F5: 0 | G5: 0 | H5: 0 | I5: 0 | J5: 0 | K5: 0 | L5: 0 | M5: 0 | N5: 0 | O5: 0 | P5: 0 | Q5: 0 | R5: 0 | S5: 0 | T5: 0 | U5: 0 | V5: 0 | W5: 0 | X5: 0 | Y5: 0 | Z5: 0 | AA5: 0 | AB5: 0 | AC5: 0 | AD5: 0 | AE5: 0 | AF5: 0 | AG5: 0 | AH5: 0 | AI5: 0 | AJ5: 0 | AK5: 0 | AL5: 0 | AM5: 0 | AN5: 0 | AO5: 0 | AP5: 0 | AQ5: 0 | AR5: 0 | AS5: 0 | AT5: 0 | AU5: 0 | AV5: 0 | AW5: 0 | AX5: 0 | AY5: 0 | AZ5: 0 | BA5: 0 | BB5: 0 | BC5: 0 | BD5: 0 | BE5: 0 | BF5: 0 | BG5: 0 | BH5: 0 | BI5: 0 | BJ5: 0 | BK5: 0 | BL5: 0 | BM5: 0 | BN5: 0 | BO5: 0 | BP5: 0 | BQ5: 0 | BR5: 0 | BS5: 0 | BT5: 0 | BU5: 0 | BV5: 0 | BW5: 0 | BX5: 0 | BY5: 0 | BZ5: 0 | CA5: 0 | CB5: 0 | CC5: 0
A6: 5 | B6: 2 | C6: 0 | D6: 0 | E6: 0 | F6: 0 | G6: 0 | H6: 0 | I6: 0 | J6: 0 | K6: 0 | L6: 0 | M6: 0 | N6: 0 | O6: 0 | P6: 0 | Q6: 0 | R6: 0 | S6: 0 | T6: 0 | U6: 0 | V6: 0 | W6: 0 | X6: 0 | Y6: 0 | Z6: 0 | AA6: 0 | AB6: 0 | AC6: 0 | AD6: 0 | AE6: 0 | AF6: 0 | AG6: 0 | AH6: 0 | AI6: 0 | AJ6: 0 | AK6: 0 | AL6: 0 | AM6: 0 | AN6: 0 | AO6: 0 | AP6: 0 | AQ6: 0 | AR6: 0 | AS6: 0 | AT6: 0 | AU6: 0 | AV6: 0 | AW6: 0 | AX6: 0 | AY6: 0 | AZ6: 0 | BA6: 0 | BB6: 0 | BC6: 0 | BD6: 0 | BE6: 0 | BF6: 0 | BG6: 0 | BH6: 0 | BI6: 0 | BJ6: 0 | BK6: 0 | BL6: 0 | BM6: 0 | BN6: 0 | BO6: 0 | BP6: 0 | BQ6: 0 | BR6: 0 | BS6: 0 | BT6: 0 | BU6: 0 | BV6: 0 | BW6: 0 | BX6: 0 | BY6: 0 | BZ6: 0 | CA6: 0 | CB6: 0 | CC6: 0
A7: 6 | B7: 2.5 | C7: 0 | D7: 0 | E7: 0 | F7: 0 | G7: 0 | H7: 0 | I7: 0 | J7: 0 | K7: 0 | L7: 0 | M7: 0 | N7: 0 | O7: 0 | P7: 0 | Q7: 0 | R7: 0 | S7: 0 | T7: 0 | U7: 0 | V7: 0 | W7: 0 | X7: 0 | Y7: 0 | Z7: 0 | AA7: 0 | AB7: 0 | AC7: 0 | AD7: 0 | AE7: 0 | AF7: 0 | AG7: 0 | AH7: 0 | AI7: 0 | AJ7: 0 | AK7: 0 | AL7: 0 | AM7: 0 | AN7: 0 | AO7: 0 | AP7: 0 | AQ7: 0 | AR7: 0 | AS7: 0 | AT7: 0 | AU7: 0 | AV7: 0 | AW7: 0 | AX7: 0 | AY7: 0 | AZ7: 0 | BA7: 0 | BB7: 0 | BC7: 0 | BD7: 0 | BE7: 0 | BF7: 0 | BG7: 0 | BH7: 0 | BI7: 0 | BJ7: 0 | BK7: 0 | BL7: 0 | BM7: 0 | BN7: 0 | BO7: 0 | BP7: 0 | BQ7: 0 | BR7: 0 | BS7: 0 | BT7: 0 | BU7: 0 | BV7: 0 | BW7: 0 | BX7: 0 | BY7: 0 | BZ7: 0 | CA7: 0 | CB7: 0 | CC7: 0
A8: 7 | B8: 3 | C8: 0 | D8: 0 | E8: 0 | F8: 0 | G8: 0 | H8: 0 | I8: 0 | J8: 0 | K8: 0 | L8: 0 | M8: 0 | N8: 0 | O8: 0 | P8: 0 | Q8: 0 | R8: 0 | S8: 0 | T8: 0 | U8: 0 | V8: 0 | W8: 0 | X8: 0 | Y8: 0 | Z8: 0 | AA8: 0 | AB8: 0 | AC8: 0 | AD8: 0 | AE8: 0 | AF8: 0 | AG8: 0 | AH8: 0 | AI8: 0 | AJ8: 0 | AK8: 0 | AL8: 0 | AM8: 0 | AN8: 0 | AO8: 0 | AP8: 0 | AQ8: 0 | AR8: 0 | AS8: 0 | AT8: 0 | AU8: 0 | AV8: 0 | AW8: 0 | AX8: 0 | AY8: 0 | AZ8: 0 | BA8: 0 | BB8: 0 | BC8: 0 | BD8: 0 | BE8: 0 | BF8: 0 | BG8: 0 | BH8: 0 | BI8: 0 | BJ8: 0 | BK8: 0 | BL8: 0 | BM8: 0 | BN8: 0 | BO8: 0 | BP8: 0 | BQ8: 0 | BR8: 0 | BS8: 0 | BT8: 0 | BU8: 0 | BV8: 0 | BW8: 0 | BX8: 0 | BY8: 0 | BZ8: 0 | CA8: 0 | CB8: 0 | CC8: 0
A9: 8 | B9: 3.5 | C9: 0 | D9: 0 | E9: 0 | F9: 0 | G9: 0 | H9: 0 | I9: 0 | J9: 0 | K9: 0 | L9: 0 | M9: 0 | N9: 0 | O9: 0 | P9: 0 | Q9: 0 | R9: 0 | S9: 0 | T9: 0 | U9: 0 | V9: 0 | W9: 0 | X9: 0 | Y9: 0 | Z9: 0 | AA9: 0 | AB9: 0 | AC9: 0 | AD9: 0 | AE9: 0 | AF9: 0 | AG9: 0 | AH9: 0 | AI9: 0 | AJ9: 0 | AK9: 0 | AL9: 0 | AM9: 0 | AN9: 0 | AO9: 0 | AP9: 0 | AQ9: 0 | AR9: 0 | AS9: 0 | AT9: 0 | AU9: 0 | AV9: 0 | AW9: 0 | AX9: 0 | AY9: 0 | AZ9: 0 | BA9: 0 | BB9: 0 | BC9: 0 | BD9: 0 | BE9: 0 | BF9: 0 | BG9: 0 | BH9: 0 | BI9: 0 | BJ9: 0 | BK9: 0 | BL9: 0 | BM9: 0 | BN9: 0 | BO9: 0 | BP9: 0 | BQ9: 0 | BR9: 0 | BS9: 0 | BT9: 0 | BU9: 0 | BV9: 0 | BW9: 0 | BX9: 0 | BY9: 0 | BZ9: 0 | CA9: 0 | CB9: 0 | CC9: 0
A10: 9 | B10: 4 | C10: 0 | D10: 0 | E10: 0 | F10: 0 | G10: 0 | H10: 0 | I10: 0 | J10: 0 | K10: 0 | L10: 0 | M10: 0 | N10: 0 | O10: 0 | P10: 0 | Q10: 0 | R10: 0 | S10: 0 | T10: 0 | U10: 0 | V10: 0 | W10: 0 | X10: 0 | Y10: 0 | Z10: 0 | AA10: 0 | AB10: 0 | AC10: 0 | AD10: 0 | AE10: 0 | AF10: 0 | AG10: 0 | AH10: 0 | AI10: 0 | AJ10: 0 | AK10: 0 | AL10: 0 | AM10: 0 | AN10: 0 | AO10: 0 | AP10: 0 | AQ10: 0 | AR10: 0.004 | AS10: 0 | AT10: 0 | AU10: 0 | AV10: 0 | AW10: 0 | AX10: 0 | AY10: 0 | AZ10: 0 | BA10: 0 | BB10: 0 | BC10: 0 | BD10: 0 | BE10: 0 | BF10: 0 | BG10: 0 | BH10: 0 | BI10: 0 | BJ10: 0 | BK10: 0 | BL10: 0 | BM10: 0 | BN10: 0 | BO10: 0 | BP10: 0 | BQ10: 0 | BR10: 0 | BS10: 0 | BT10: 0 | BU10: 0 | BV10: 0 | BW10: 0 | BX10: 0 | BY10: 0 | BZ10: 0 | CA10: 0 | CB10: 5.1948052e-05 | CC10: 0.004
A11: 10 | B11: 4.5 | C11: 0.02 | D11: 0.125 | E11: 0.066 | F11: 0.069 | G11: 0.119 | H11: 0 | I11: 0 | J11: 0.025 | K11: 0.061 | L11: 0 | M11: 0.128 | N11: 0.059 | O11: 0.182 | P11: 0 | Q11: 0 | R11: 0.1 | S11: 0.075 | T11: 0.105 | U11: 0.157 | V11: 0.013 | W11: 0.034 | X11: 0.044 | Y11: 0.124 | Z11: 0.119 | AA11: 0.146 | AB11: 0.088 | AC11: 0.183 | AD11: 0.166 | AE11: 0.008 | AF11: 0.179 | AG11: 0.174 | AH11: 0.044 | AI11: 0.114 | AJ11: 0 | AK11: 0.058 | AL11: 0 | AM11: 0.097 | AN11: 0 | AO11: 0.127 | AP11: 0.093 | AQ11: 0.158 | AR11: 0.187 | AS11: 0.061 | AT11: 0.05 | AU11: 0 | AV11: 0 | AW11: 0 | AX11: 0 | AY11: 0 | AZ11: 0.113 | BA11: 0.002 | BB11: 0.162 | BC11: 0.102 | BD11: 0 | BE11: 0.08 | BF11: 0.031 | BG11: 0 | BH11: 0.118 | BI11: 0.109 | BJ11: 0.005 | BK11: 0.061 | BL11: 0.103 | BM11: 0.13 | BN11: 0.085 | BO11: 0.075 | BP11: 0.095 | BQ11: 0.108 | BR11: 0.156 | BS11: 0.116 | BT11: 0.061 | BU11: 0.003 | BV11: 0.129 | BW11: 0.036 | BX11: 0.132 | BY11: 0 | BZ11: 0.014 | CA11: 0.126 | CB11: 0.074155844 | CC11: 5.71
A12: 11 | B12: 5 | C12: 0.392 | D12: 0.415 | E12: 0.181 | F12: 0.392 | G12: 0.291 | H12: 0.177 | I12: 0.188 | J12: 0.139 | K12: 0.176 | L12: 0.17 | M12: 0.3 | N12: 0 | O12: 0.286 | P12: 0.073 | Q12: 0.225 | R12: 0.243 | S12: 0.253 | T12: 0.37 | U12: 0.312 | V12: 0 | W12: 0.301 | X12: 0.225 | Y12: 0.296 | Z12: 0.291 | AA12: 0.346 | AB12: 0.158 | AC12: 0.396 | AD12: 0.339 | AE12: 0.103 | AF12: 0.407 | AG12: 0.295 | AH12: 0.157 | AI12: 0.286 | AJ12: 0.051 | AK12: 0.011 | AL12: 0.078 | AM12: 0.143 | AN12: 0.21 | AO12: 0.268 | AP12: 0.236 | AQ12: 0.352 | AR12: 0.415 | AS12: 0.245 | AT12: 0 | AU12: 0.091 | AV12: 0.093 | AW12: 0.182 | AX12: 0.218 | AY12: 0.199 | AZ12: 0.218 | BA12: 0.286 | BB12: 0.403 | BC12: 0.171 | BD12: 0.215 | BE12: 0.346 | BF12: 0 | BG12: 0.123 | BH12: 0.264 | BI12: 0.246 | BJ12: 0.105 | BK12: 0.176 | BL12: 0.335 | BM12: 0.283 | BN12: 0.4 | BO12: 0.031 | BP12: 0.238 | BQ12: 0.244 | BR12: 0.356 | BS12: 0.411 | BT12: 0.176 | BU12: 0.06 | BV12: 0.41 | BW12: 0.348 | BX12: 0.28 | BY12: 0.204 | BZ12: 0.071 | CA12: 0.298 | CB12: 0.22951948 | CC12: 17.673
A13: 12 | B13: 5.5 | C13: 0.46 | D13: 0.559 | E13: 0.238 | F13: 0.685 | G13: 0.415 | H13: 0.111 | I13: 0.22 | J13: 0.307 | K13: 0.316 | L13: 0.31 | M13: 0.51 | N13: 0.306 | O13: 0.644 | P13: 0.383 | Q13: 0.416 | R13: 0.252 | S13: 0.646 | T13: 0.444 | U13: 0.482 | V13: 0.322 | W13: 0.618 | X13: 0.362 | Y13: 0.506 | Z13: 0.459 | AA13: 0.591 | AB13: 0.367 | AC13: 0.604 | AD13: 0.523 | AE13: 0.321 | AF13: 0.672 | AG13: 0.683 | AH13: 0.1 | AI13: 0.288 | AJ13: 0.142 | AK13: 0.18 | AL13: 0.361 | AM13: 0.416 | AN13: 0.297 | AO13: 0.46 | AP13: 0.412 | AQ13: 0.689 | AR13: 0.696 | AS13: 0.514 | AT13: 0.166 | AU13: 0.102 | AV13: 0.307 | AW13: 0.38 | AX13: 0.712 | AY13: 0.328 | AZ13: 0.254 | BA13: 0.509 | BB13: 0.684 | BC13: 0.421 | BD13: 0.428 | BE13: 0.54 | BF13: 0.222 | BG13: 0 | BH13: 0.687 | BI13: 0.478 | BJ13: 0.158 | BK13: 0.174 | BL13: 0.584 | BM13: 0.685 | BN13: 0.507 | BO13: 0.33 | BP13: 0.414 | BQ13: 0.264 | BR13: 0.601 | BS13: 0.53 | BT13: 0.216 | BU13: 0 | BV13: 0.474 | BW13: 0.593 | BX13: 0.69 | BY13: 0.25 | BZ13: 0.141 | CA13: 0.508 | CB13: 0.4107013 | CC13: 31.624
... A49: 48 | B49: 23.5 | C49: 0 | D49: 0 | E49: 0 | F49: 0 | G49: 0 | H49: 0 | I49: 0 | J49: 0 | K49: 0 | L49: 0 | M49: 0 | N49: 0 | O49: 0 | P49: 0 | Q49: 0 | R49: 0 | S49: 0 | T49: 0 | U49: 0 | V49: 0 | W49: 0 | X49: 0 | Y49: 0 | Z49: 0 | AA49: 0 | AB49: 0 | AC49: 0 | AD49: 0 | AE49: 0 | AF49: 0 | AG49: 0 | AH49: 0 | AI49: 0 | AJ49: 0 | AK49: 0 | AL49: 0 | AM49: 0 | AN49: 0 | AO49: 0 | AP49: 0 | AQ49: 0 | AR49: 0 | AS49: 0 | AT49: 0 | AU49: 0 | AV49: 0 | AW49: 0 | AX49: 0 | AY49: 0 | AZ49: 0 | BA49: 0 | BB49: 0 | BC49: 0 | BD49: 0 | BE49: 0 | BF49: 0 | BG49: 0 | BH49: 0 | BI49: 0 | BJ49: 0 | BK49: 0 | BL49: 0 | BM49: 0 | BN49: 0 | BO49: 0 | BP49: 0 | BQ49: 0 | BR49: 0 | BS49: 0 | BT49: 0 | BU49: 0 | BV49: 0 | BW49: 0 | BX49: 0 | BY49: 0 | BZ49: 0 | CA49: 0 | CB49: 0 | CC49: 0

Sheet Discharge_kW
A1: period | B1: hour | C1: BES_TR1_one223_B | D1: BES_TR1_one313_A | E1: BES_TR1_one320_B | F1: BES_TR1_one321_C | G1: BES_TR1_one346_C | H1: BES_TR1_one366_B | I1: BES_TR1_one375_C | J1: BES_TR1_one410_B | K1: BES_TR1_one50_A | L1: BES_TR1_one423_B | M1: BES_TR1_one469_A | N1: BES_TR1_one480_A | O1: BES_TR1_one482_B | P1: BES_TR1_one521_C | Q1: BES_TR1_one528_C | R1: BES_TR1_one537_A | S1: BES_TR1_one61_A | T1: BES_TR1_one544_A | U1: BES_TR1_one552_B | V1: BES_TR1_one559_C | W1: BES_TR1_one560_C | X1: BES_TR1_one605_A | Y1: BES_TR1_one617_A | Z1: BES_TR1_one73_A | AA1: BES_TR1_one76_A | AB1: BES_TR1_six64_A | AC1: BES_TR1_six154_C | AD1: BES_TR1_six173_C | AE1: BES_TR1_six186_A | AF1: BES_TR1_six191_B | AG1: BES_TR1_six249_B | AH1: BES_TR1_six254_B | AI1: BES_TR1_six269_C | AJ1: BES_TR1_six68_C | AK1: BES_TR1_six289_C | AL1: BES_TR1_six317_C | AM1: BES_TR1_six326_A | AN1: BES_TR1_six329_A | AO1: BES_TR1_six342_A | AP1: BES_TR1_six349_A | AQ1: BES_TR1_six350_B | AR1: BES_TR1_six378_A | AS1: BES_TR1_six75_A | AT1: BES_TR1_six385_B | AU1: BES_TR1_six387_A | AV1: BES_TR1_six410_A | AW1: BES_TR1_six431_C | AX1: BES_TR1_six441_A | AY1: BES_TR1_six484_B | AZ1: BES_TR1_six501_A | BA1: BES_TR1_six512_B | BB1: BES_TR1_six518_B | BC1: BES_TR1_six595_B | BD1: BES_TR1_six646_B | BE1: BES_TR1_six699_C | BF1: BES_TR1_six718_C | BG1: BES_TR1_six721_A | BH1: BES_TR1_six723_B | BI1: BES_TR1_six784_B | BJ1: BES_TR1_six90_B | BK1: BES_TR1_six807_A | BL1: BES_TR1_six852_B | BM1: BES_TR1_six860_C | BN1: BES_TR1_six869_C | BO1: BES_TR1_six885_A | BP1: BES_TR1_six909_C | BQ1: BES_TR1_six105_A | BR1: BES_TR1_six914_A | BS1: BES_TR1_six945_C | BT1: BES_TR1_six952_A | BU1: BES_TR1_six967_B | BV1: BES_TR1_six990_B | BW1: BES_TR1_six1006_C | BX1: BES_TR1_six1020_A | BY1: BES_TR1_six1025_B | BZ1: BES_TR1_six1064_C | CA1: BES_TR1_six128_B | CB1: fleet_average | CC1: fleet_total
A2: 1 | B2: 0 | C2: 0.183 | D2: 0.094 | E2: 0.05 | F2: 0.057 | G2: 0.055 | H2: 0.192 | I2: 0.229 | J2: 0.256 | K2: 0.56 | L2: 0.378 | M2: 0.484 | N2: 0.353 | O2: 0.183 | P2: 0.229 | Q2: 0.13 | R2: 0.045 | S2: 0.079 | T2: 0.378 | U2: 0.107 | V2: 0.22 | W2: 0.1 | X2: 0.051 | Y2: 0.05 | Z2: 2.391 | AA2: 0.095 | AB2: 0.522 | AC2: 0.133 | AD2: 0.197 | AE2: 0.655 | AF2: 0.245 | AG2: 0.059 | AH2: 0.147 | AI2: 0.168 | AJ2: 0.07 | AK2: 0.073 | AL2: 0.269 | AM2: 0.112 | AN2: 0.059 | AO2: 0.391 | AP2: 0.526 | AQ2: 0.053 | AR2: 0.142 | AS2: 0.042 | AT2: 0.197 | AU2: 0.116 | AV2: 0.218 | AW2: 0.313 | AX2: 0.03 | AY2: 0.16 | AZ2: 0.293 | BA2: 0.124 | BB2: 0.095 | BC2: 0.089 | BD2: 0.401 | BE2: 0.058 | BF2: 0.153 | BG2: 0.187 | BH2: 0.184 | BI2: 0.359 | BJ2: 0.719 | BK2: 0.219 | BL2: 0.285 | BM2: 1.792 | BN2: 1.946 | BO2: 0.168 | BP2: 0.05 | BQ2: 0.363 | BR2: 0.048 | BS2: 0.102 | BT2: 0.055 | BU2: 0.214 | BV2: 0.146 | BW2: 0.168 | BX2: 0.76 | BY2: 0.107 | BZ2: 0.044 | CA2: 0.048 | CB2: 0.27302597 | CC2: 21.023
A3: 2 | B3: 0.5 | C3: 0.24 | D3: 0.04 | E3: 0.133 | F3: 0.057 | G3: 0.055 | H3: 0.218 | I3: 0.108 | J3: 0.095 | K3: 0.534 | L3: 0.382 | M3: 0.506 | N3: 0.503 | O3: 0.051 | P3: 0.084 | Q3: 0.13 | R3: 0.045 | S3: 0.288 | T3: 0.216 | U3: 0.047 | V3: 0.104 | W3: 0.331 | X3: 0.168 | Y3: 0.05 | Z3: 0 | AA3: 0.104 | AB3: 0.097 | AC3: 0.05 | AD3: 0.055 | AE3: 0.693 | AF3: 0.388 | AG3: 0.173 | AH3: 0.198 | AI3: 0.117 | AJ3: 0.372 | AK3: 0.298 | AL3: 0.225 | AM3: 0.082 | AN3: 0.293 | AO3: 0.047 | AP3: 0.447 | AQ3: 0.131 | AR3: 0.046 | AS3: 0.127 | AT3: 0.037 | AU3: 0.248 | AV3: 0.081 | AW3: 0.081 | AX3: 0.161 | AY3: 0.242 | AZ3: 0.088 | BA3: 0.14 | BB3: 0.095 | BC3: 0.08 | BD3: 0.091 | BE3: 0.058 | BF3: 0.168 | BG3: 0.166 | BH3: 0.068 | BI3: 0.948 | BJ3: 0.094 | BK3: 0.055 | BL3: 0.237 | BM3: 0.37 | BN3: 0.445 | BO3: 0.084 | BP3: 0.05 | BQ3: 0.037 | BR3: 0.048 | BS3: 0.16 | BT3: 0.191 | BU3: 0.055 | BV3: 0.181 | BW3: 0.056 | BX3: 0.052 | BY3: 0.265 | BZ3: 0.044 | CA3: 0.048 | CB3: 0.176 | CC3: 13.552
A4: 3 | B4: 1 | C4: 0.152 | D4: 0.04 | E4: 0.05 | F4: 0.057 | G4: 0.214 | H4: 0.08 | I4: 0.111 | J4: 0.051 | K4: 0.055 | L4: 0.061 | M4: 0.384 | N4: 0.71 | O4: 0.067 | P4: 0.319 | Q4: 0.112 | R4: 0.06 | S4: 0.05 | T4: 0.054 | U4: 0.16 | V4: 0.289 | W4: 0.058 | X4: 0.108 | Y4: 0.05 | Z4: 0 | AA4: 0.058 | AB4: 0.13 | AC4: 0.086 | AD4: 0.388 | AE4: 0.479 | AF4: 0.269 | AG4: 0.166 | AH4: 0.096 | AI4: 0.161 | AJ4: 0.161 | AK4: 0.15 | AL4: 0.181 | AM4: 0.048 | AN4: 0.059 | AO4: 0.047 | AP4: 0.052 | AQ4: 0.053 | AR4: 0.046 | AS4: 0.139 | AT4: 0.037 | AU4: 0.04 | AV4: 0.128 | AW4: 0.26 | AX4: 0.03 | AY4: 0.147 | AZ4: 0.198 | BA4: 0.18 | BB4: 0.058 | BC4: 0.08 | BD4: 0.254 | BE4: 0.058 | BF4: 0.085 | BG4: 0.088 | BH4: 0.244 | BI4: 0.044 | BJ4: 0.06 | BK4: 0.055 | BL4: 0.198 | BM4: 0.118 | BN4: 0 | BO4: 0.157 | BP4: 0.05 | BQ4: 0.037 | BR4: 0.048 | BS4: 0.05 | BT4: 0.105 | BU4: 0.055 | BV4: 0.132 | BW4: 0.056 | BX4: 0.157 | BY4: 0.126 | BZ4: 0.105 | CA4: 0.048 | CB4: 0.12401299 | CC4: 9.549
A5: 4 | B5: 1.5 | C5: 0.223 | D5: 0.094 | E5: 0.133 | F5: 0.175 | G5: 0.055 | H5: 0.306 | I5: 0.222 | J5: 0.3 | K5: 0.055 | L5: 0.225 | M5: 0.167 | N5: 0.369 | O5: 0.207 | P5: 0.052 | Q5: 0.107 | R5: 0.196 | S5: 0.05 | T5: 0.054 | U5: 0.1 | V5: 0.074 | W5: 0.226 | X5: 0.051 | Y5: 0.05 | Z5: 0 | AA5: 0.132 | AB5: 0.057 | AC5: 0.117 | AD5: 0.07 | AE5: 0.091 | AF5: 0.054 | AG5: 0.173 | AH5: 0.096 | AI5: 0.161 | AJ5: 0.05 | AK5: 0.166 | AL5: 0.131 | AM5: 0.119 | AN5: 0.208 | AO5: 0.047 | AP5: 0.052 | AQ5: 0.053 | AR5: 0.046 | AS5: 0.351 | AT5: 0.205 | AU5: 0.183 | AV5: 0.174 | AW5: 0.055 | AX5: 0.161 | AY5: 0.187 | AZ5: 0.058 | BA5: 0.14 | BB5: 0.133 | BC5: 0.101 | BD5: 0.036 | BE5: 0.124 | BF5: 0.295 | BG5: 0.273 | BH5: 0.055 | BI5: 0.113 | BJ5: 0.279 | BK5: 0.219 | BL5: 0.23 | BM5: 0.11 | BN5: 0 | BO5: 0.084 | BP5: 0.05 | BQ5: 0.207 | BR5: 0.048 | BS5: 0.124 | BT5: 0.084 | BU5: 0.214 | BV5: 0.18 | BW5: 0.168 | BX5: 0.125 | BY5: 0.443 | BZ5: 0.151 | CA5: 0.048 | CB5: 0.13924675 | CC5: 10.722
A6: 5 | B6: 2 | C6: 0.141 | D6: 0.135 | E6: 0.05 | F6: 0.057 | G6: 0.164 | H6: 0.151 | I6: 0.075 | J6: 0.051 | K6: 0.055 | L6: 0.061 | M6: 0.046 | N6: 0.235 | O6: 0.051 | P6: 0.064 | Q6: 0.152 | R6: 0.045 | S6: 0.295 | T6: 0.054 | U6: 0.051 | V6: 0.132 | W6: 0.155 | X6: 0.184 | Y6: 0.05 | Z6: 0 | AA6: 0.067 | AB6: 0.057 | AC6: 0.05 | AD6: 0.107 | AE6: 0.16 | AF6: 0.054 | AG6: 0.059 | AH6: 0.044 | AI6: 0.135 | AJ6: 0.208 | AK6: 0.256 | AL6: 0.184 | AM6: 0.048 | AN6: 0.144 | AO6: 0.128 | AP6: 0.052 | AQ6: 0.131 | AR6: 0.046 | AS6: 0.463 | AT6: 0.054 | AU6: 0.181 | AV6: 0.068 | AW6: 0.18 | AX6: 0.03 | AY6: 0.159 | AZ6: 0.091 | BA6: 0.18 | BB6: 0.058 | BC6: 0.06 | BD6: 0.247 | BE6: 0.058 | BF6: 0.065 | BG6: 0.05 | BH6: 0.171 | BI6: 0.053 | BJ6: 0.053 | BK6: 0.055 | BL6: 0.149 | BM6: 0.002 | BN6: 0 | BO6: 0.05 | BP6: 0.05 | BQ6: 0.037 | BR6: 0.048 | BS6: 0.138 | BT6: 0.113 | BU6: 0.055 | BV6: 0.215 | BW6: 0.056 | BX6: 0.068 | BY6: 0.089 | BZ6: 0.044 | CA6: 0.048 | CB6: 0.10158442 | CC6: 7.822
A7: 6 | B7: 2.5 | C7: 0.148 | D7: 0.04 | E7: 0.064 | F7: 0.175 | G7: 0.106 | H7: 0.149 | I7: 0.147 | J7: 0.102 | K7: 0.055 | L7: 0.061 | M7: 0.046 | N7: 0.139 | O7: 0.207 | P7: 0.331 | Q7: 0.048 | R7: 0.075 | S7: 0.072 | T7: 0.12 | U7: 0.194 | V7: 0.223 | W7: 0.174 | X7: 0.092 | Y7: 0.05 | Z7: 0 | AA7: 0.1 | AB7: 0.068 | AC7: 0.154 | AD7: 0.234 | AE7: 0.05 | AF7: 0.054 | AG7: 0.268 | AH7: 0.175 | AI7: 0.168 | AJ7: 0.05 | AK7: 0.1 | AL7: 0.257 | AM7: 0.119 | AN7: 0.059 | AO7: 0.047 | AP7: 0.052 | AQ7: 0.053 | AR7: 0.046 | AS7: 0.542 | AT7: 0.045 | AU7: 0.04 | AV7: 0.118 | AW7: 0.157 | AX7: 0.115 | AY7: 0.14 | AZ7: 0.339 | BA7: 0.112 | BB7: 0.133 | BC7: 0.043 | BD7: 0.064 | BE7: 0.058 | BF7: 0.177 | BG7: 0.05 | BH7: 0.141 | BI7: 0.044 | BJ7: 0.184 | BK7: 0.212 | BL7: 0.155 | BM7: 0 | BN7: 0 | BO7: 0.163 | BP7: 0.05 | BQ7: 0.13 | BR7: 0.048 | BS7: 0.05 | BT7: 0.164 | BU7: 0.098 | BV7: 0.051 | BW7: 0.168 | BX7: 0.213 | BY7: 0.366 | BZ7: 0.044 | CA7: 0.048 | CB7: 0.12122078 | CC7: 9.334
A8: 7 | B8: 3 | C8: 0.279 | D8: 0.19 | E8: 0.119 | F8: 0.057 | G8: 0.077 | H8: 0.315 | I8: 0.197 | J8: 0.249 | K8: 0.055 | L8: 0.21 | M8: 0.046 | N8: 0.048 | O8: 0.067 | P8: 0.06 | Q8: 0.063 | R8: 0.181 | S8: 0.127 | T8: 0.268 | U8: 0.16 | V8: 0.108 | W8: 0.209 | X8: 0.051 | Y8: 0.05 | Z8: 0 | AA8: 0.1 | AB8: 0.159 | AC8: 0.05 | AD8: 0.1 | AE8: 0.208 | AF8: 0.054 | AG8: 0.07 | AH8: 0.17 | AI8: 0.161 | AJ8: 0.208 | AK8: 0.319 | AL8: 0.223 | AM8: 0.146 | AN8: 0.185 | AO8: 0.047 | AP8: 0.052 | AQ8: 0.105 | AR8: 0.046 | AS8: 0.21 | AT8: 0.213 | AU8: 0.191 | AV8: 0.156 | AW8: 0.132 | AX8: 0.076 | AY8: 0.213 | AZ8: 0.041 | BA8: 0.084 | BB8: 0.058 | BC8: 0.043 | BD8: 0.148 | BE8: 0.124 | BF8: 0.212 | BG8: 0.153 | BH8: 0.112 | BI8: 0.066 | BJ8: 0.082 | BK8: 0.062 | BL8: 0.193 | BM8: 0 | BN8: 0 | BO8: 0.078 | BP8: 0.05 | BQ8: 0.114 | BR8: 0.048 | BS8: 0.212 | BT8: 0.132 | BU8: 0.17 | BV8: 0.351 | BW8: 0.056 | BX8: 0.052 | BY8: 0.223 | BZ8: 0.044 | CA8: 0.048 | CB8: 0.12644156 | CC8: 9.736
A9: 8 | B9: 3.5 | C9: 0.043 | D9: 0.037 | E9: 0.048 | F9: 0.16 | G9: 0.19 | H9: 0.093 | I9: 0.051 | J9: 0.094 | K9: 0.053 | L9: 0.074 | M9: 0.043 | N9: 0.033 | O9: 0.048 | P9: 0.173 | Q9: 0.195 | R9: 0.043 | S9: 0.222 | T9: 0.051 | U9: 0.044 | V9: 0.279 | W9: 0.244 | X9: 0.077 | Y9: 0.047 | Z9: 0 | AA9: 0.055 | AB9: 0.055 | AC9: 0.047 | AD9: 0.163 | AE9: 0.054 | AF9: 0.051 | AG9: 0.078 | AH9: 0.05 | AI9: 0.121 | AJ9: 0.049 | AK9: 0.143 | AL9: 0.152 | AM9: 0.05 | AN9: 0.057 | AO9: 0.044 | AP9: 0.05 | AQ9: 0.076 | AR9: 0.043 | AS9: 0.137 | AT9: 0.036 | AU9: 0.054 | AV9: 0.096 | AW9: 0.208 | AX9: 0.079 | AY9: 0.222 | AZ9: 0.219 | BA9: 0.133 | BB9: 0.055 | BC9: 0.115 | BD9: 0.161 | BE9: 0.055 | BF9: 0.079 | BG9: 0.134 | BH9: 0.151 | BI9: 0.098 | BJ9: 0.124 | BK9: 0.184 | BL9: 0.232 | BM9: 0 | BN9: 0 | BO9: 0.062 | BP9: 0.048 | BQ9: 0.035 | BR9: 0.045 | BS9: 0.047 | BT9: 0.153 | BU9: 0.054 | BV9: 0.048 | BW9: 0.053 | BX9: 0.153 | BY9: 0.232 | BZ9: 0.043 | CA9: 0.045 | CB9: 0.094415584 | CC9: 7.27
A10: 9 | B10: 4 | C10: 0.095 | D10: 0.072 | E10: 0.025 | F10: 0.019 | G10: 0.018 | H10: 0.182 | I10: 0.147 | J10: 0.199 | K10: 0.03 | L10: 0.036 | M10: 0.009 | N10: 0 | O10: 0.172 | P10: 0.021 | Q10: 0.017 | R10: 0.18 | S10: 0.015 | T10: 0.211 | U10: 0.169 | V10: 0.141 | W10: 0.134 | X10: 0.159 | Y10: 0.013 | Z10: 0 | AA10: 0.098 | AB10: 0.139 | AC10: 0.0002655165 | AD10: 0.136 | AE10: 0 | AF10: 0.004 | AG10: 0.1 | AH10: 0.241 | AI10: 0.167 | AJ10: 0.147 | AK10: 0.141 | AL10: 0.094 | AM10: 0.182 | AN10: 0.142 | AO10: 0.01 | AP10: 0.021 | AQ10: 0.003 | AR10: 0 | AS10: 0.037 | AT10: 0.203 | AU10: 0.127 | AV10: 0.071 | AW10: 0.093 | AX10: 0.059 | AY10: 0.045 | AZ10: 0.151 | BA10: 0.056 | BB10: 0.071 | BC10: 0.012 | BD10: 0.033 | BE10: 0.014 | BF10: 0.1 | BG10: 0.079 | BH10: 0.052 | BI10: 0.007 | BJ10: 0.13 | BK10: 0.127 | BL10: 0.162 | BM10: 0 | BN10: 0 | BO10: 0.1 | BP10: 0.019 | BQ10: 0.176 | BR10: 0.032 | BS10: 0.103 | BT10: 0.117 | BU10: 0.201 | BV10: 0.249 | BW10: 0.012 | BX10: 0.075 | BY10: 0.297 | BZ10: 0.032 | CA10: 0.011 | CB10: 0.08756189 | CC10: 6.7422655
A11: 10 | B11: 4.5 | C11: 0 | D11: 0 | E11: 0 | F11: 0 | G11: 0 | H11: 0.099 | I11: 0.02 | J11: 0 | K11: 0 | L11: 0.109 | M11: 0 | N11: 0 | O11: 0 | P11: 0.071 | Q11: 0.051 | R11: 0 | S11: 0 | T11: 0 | U11: 0 | V11: 0 | W11: 0 | X11: 0 | Y11: 0 | Z11: 0 | AA11: 0 | AB11: 0 | AC11: 0 | AD11: 0 | AE11: 0 | AF11: 0 | AG11: 0 | AH11: 0 | AI11: 0 | AJ11: 0.006 | AK11: 0 | AL11: 0.078 | AM11: 0 | AN11: 0.034 | AO11: 0 | AP11: 0 | AQ11: 0 | AR11: 0 | AS11: 0 | AT11: 0 | AU11: 0.119 | AV11: 0.032 | AW11: 0.057 | AX11: 0.755 | AY11: 0.082 | AZ11: 0 | BA11: 0 | BB11: 0 | BC11: 0 | BD11: 0.064 | BE11: 0 | BF11: 0 | BG11: 0.172 | BH11: 0 | BI11: 0 | BJ11: 0 | BK11: 0 | BL11: 0 | BM11: 0 | BN11: 0 | BO11: 0 | BP11: 0 | BQ11: 0 | BR11: 0 | BS11: 0 | BT11: 0 | BU11: 0 | BV11: 0 | BW11: 0 | BX11: 0 | BY11: 0.015 | BZ11: 0 | CA11: 0 | CB11: 0.022909091 | CC11: 1.764
A12: 11 | B12: 5 | C12: 0 | D12: 0 | E12: 0 | F12: 0 | G12: 0 | H12: 0 | I12: 0 | J12: 0 | K12: 0 | L12: 0 | M12: 0 | N12: 0.053 | O12: 0 | P12: 0 | Q12: 0 | R12: 0 | S12: 0 | T12: 0 | U12: 0 | V12: 0.105 | W12: 0 | X12: 0 | Y12: 0 | Z12: 0 | AA12: 0 | AB12: 0 | AC12: 0 | AD12: 0 | AE12: 0 | AF12: 0 | AG12: 0 | AH12: 0 | AI12: 0 | AJ12: 0 | AK12: 0 | AL12: 0 | AM12: 0 | AN12: 0 | AO12: 0 | AP12: 0 | AQ12: 0 | AR12: 0 | AS12: 0 | AT12: 0.002 | AU12: 0 | AV12: 0 | AW12: 0 | AX12: 0 | AY12: 0 | AZ12: 0 | BA12: 0 | BB12: 0 | BC12: 0 | BD12: 0 | BE12: 0 | BF12: 0.16 | BG12: 0 | BH12: 0 | BI12: 0 | BJ12: 0 | BK12: 0 | BL12: 0 | BM12: 0 | BN12: 0 | BO12: 0 | BP12: 0 | BQ12: 0 | BR12: 0 | BS12: 0 | BT12: 0 | BU12: 0 | BV12: 0 | BW12: 0 | BX12: 0 | BY12: 0 | BZ12: 0 | CA12: 0 | CB12: 0.0041558442 | CC12: 0.32
A13: 12 | B13: 5.5 | C13: 0 | D13: 0 | E13: 0 | F13: 0 | G13: 0 | H13: 0 | I13: 0 | J13: 0 | K13: 0 | L13: 0 | M13: 0 | N13: 0 | O13: 0 | P13: 0 | Q13: 0 | R13: 0 | S13: 0 | T13: 0 | U13: 0 | V13: 0 | W13: 0 | X13: 0 | Y13: 0 | Z13: 0 | AA13: 0 | AB13: 0 | AC13: 0 | AD13: 0 | AE13: 0 | AF13: 0 | AG13: 0 | AH13: 0 | AI13: 0 | AJ13: 0 | AK13: 0 | AL13: 0 | AM13: 0 | AN13: 0 | AO13: 0 | AP13: 0 | AQ13: 0 | AR13: 0 | AS13: 0 | AT13: 0 | AU13: 0 | AV13: 0 | AW13: 0 | AX13: 0 | AY13: 0 | AZ13: 0 | BA13: 0 | BB13: 0 | BC13: 0 | BD13: 0 | BE13: 0 | BF13: 0 | BG13: 0.02 | BH13: 0 | BI13: 0 | BJ13: 0 | BK13: 0 | BL13: 0 | BM13: 0 | BN13: 0 | BO13: 0 | BP13: 0 | BQ13: 0 | BR13: 0 | BS13: 0 | BT13: 0 | BU13: 0.007 | BV13: 0 | BW13: 0 | BX13: 0 | BY13: 0 | BZ13: 0 | CA13: 0 | CB13: 0.00035064935 | CC13: 0.027
... A49: 48 | B49: 23.5 | C49: 0.532 | D49: 0.108 | E49: 0.311 | F49: 0.14 | G49: 0.185 | H49: 0 | I49: 0.128 | J49: 0.231 | K49: 0.055 | L49: 0 | M49: 0.504 | N49: 0.03 | O49: 0.434 | P49: 0.068 | Q49: 0 | R49: 0 | S49: 0.616 | T49: 0.647 | U49: 0.557 | V49: 0.187 | W49: 0.062 | X49: 0.167 | Y49: 0.341 | Z49: 0.055 | AA49: 0.058 | AB49: 0.704 | AC49: 0.138 | AD49: 0 | AE49: 0 | AF49: 0.054 | AG49: 0.165 | AH49: 0.118 | AI49: 0.142 | AJ49: 0.102 | AK49: 0 | AL49: 0.048 | AM49: 0 | AN49: 0.059 | AO49: 0.442 | AP49: 0 | AQ49: 0.131 | AR49: 0.046 | AS49: 0.337 | AT49: 0.037 | AU49: 0.285 | AV49: 0.162 | AW49: 0.092 | AX49: 0.03 | AY49: 0.814 | AZ49: 0.191 | BA49: 0.07 | BB49: 1.433 | BC49: 0.289 | BD49: 0.275 | BE49: 0.124 | BF49: 0.099 | BG49: 0.076 | BH49: 0.118 | BI49: 0.044 | BJ49: 0.249 | BK49: 0 | BL49: 0.223 | BM49: 0.057 | BN49: 0.095 | BO49: 0.151 | BP49: 0 | BQ49: 0.757 | BR49: 0.206 | BS49: 0.205 | BT49: 0.423 | BU49: 0 | BV49: 0.407 | BW49: 0.624 | BX49: 0.052 | BY49: 0.678 | BZ49: 0.044 | CA49: 0.513 | CB49: 0.21720779 | CC49: 16.725

Sheet Net_kW
A1: period | B1: hour | C1: BES_TR1_one223_B | D1: BES_TR1_one313_A | E1: BES_TR1_one320_B | F1: BES_TR1_one321_C | G1: BES_TR1_one346_C | H1: BES_TR1_one366_B | I1: BES_TR1_one375_C | J1: BES_TR1_one410_B | K1: BES_TR1_one50_A | L1: BES_TR1_one423_B | M1: BES_TR1_one469_A | N1: BES_TR1_one480_A | O1: BES_TR1_one482_B | P1: BES_TR1_one521_C | Q1: BES_TR1_one528_C | R1: BES_TR1_one537_A | S1: BES_TR1_one61_A | T1: BES_TR1_one544_A | U1: BES_TR1_one552_B | V1: BES_TR1_one559_C | W1: BES_TR1_one560_C | X1: BES_TR1_one605_A | Y1: BES_TR1_one617_A | Z1: BES_TR1_one73_A | AA1: BES_TR1_one76_A | AB1: BES_TR1_six64_A | AC1: BES_TR1_six154_C | AD1: BES_TR1_six173_C | AE1: BES_TR1_six186_A | AF1: BES_TR1_six191_B | AG1: BES_TR1_six249_B | AH1: BES_TR1_six254_B | AI1: BES_TR1_six269_C | AJ1: BES_TR1_six68_C | AK1: BES_TR1_six289_C | AL1: BES_TR1_six317_C | AM1: BES_TR1_six326_A | AN1: BES_TR1_six329_A | AO1: BES_TR1_six342_A | AP1: BES_TR1_six349_A | AQ1: BES_TR1_six350_B | AR1: BES_TR1_six378_A | AS1: BES_TR1_six75_A | AT1: BES_TR1_six385_B | AU1: BES_TR1_six387_A | AV1: BES_TR1_six410_A | AW1: BES_TR1_six431_C | AX1: BES_TR1_six441_A | AY1: BES_TR1_six484_B | AZ1: BES_TR1_six501_A | BA1: BES_TR1_six512_B | BB1: BES_TR1_six518_B | BC1: BES_TR1_six595_B | BD1: BES_TR1_six646_B | BE1: BES_TR1_six699_C | BF1: BES_TR1_six718_C | BG1: BES_TR1_six721_A | BH1: BES_TR1_six723_B | BI1: BES_TR1_six784_B | BJ1: BES_TR1_six90_B | BK1: BES_TR1_six807_A | BL1: BES_TR1_six852_B | BM1: BES_TR1_six860_C | BN1: BES_TR1_six869_C | BO1: BES_TR1_six885_A | BP1: BES_TR1_six909_C | BQ1: BES_TR1_six105_A | BR1: BES_TR1_six914_A | BS1: BES_TR1_six945_C | BT1: BES_TR1_six952_A | BU1: BES_TR1_six967_B | BV1: BES_TR1_six990_B | BW1: BES_TR1_six1006_C | BX1: BES_TR1_six1020_A | BY1: BES_TR1_six1025_B | BZ1: BES_TR1_six1064_C | CA1: BES_TR1_six128_B | CB1: fleet_average | CC1: fleet_total
A2: 1 | B2: 0 | C2: 0.00030066667 | D2: 0.00042666667 | E2: 0 | F2: 0 | G2: 0 | H2: -0.00037266667 | I2: -4e-06 | J2: 0.00016833333 | K2: -2.8333333e-05 | L2: 0.00028833333 | M2: 0.000378 | N2: 0.000135 | O2: 0.00026 | P2: -0.00024533333 | Q2: -0.00022966667 | R2: -6.9388939e-18 | S2: -0.000172 | T2: 0.000376 | U2: 7.2e-05 | V2: -0.00012433333 | W2: 0.00019833333 | X2: 0 | Y2: 0 | Z2: 0.047516667 | AA2: 0.00014133333 | AB2: 0.00031033333 | AC2: 6.1333333e-05 | AD2: -0.000358 | AE2: -8.6666667e-05 | AF2: 0.00012833333 | AG2: 0 | AH2: 3.0666667e-05 | AI2: -0.0005 | AJ2: -0.00021783333 | AK2: 0.000378 | AL2: 0.00022133333 | AM2: -0.00044733333 | AN2: 0 | AO2: 0.00045466667 | AP2: 4e-05 | AQ2: 0 | AR2: -0.0001 | AS2: 6.9388939e-18 | AT2: -0.00048233333 | AU2: -0.00035 | AV2: -0.00012633333 | AW2: 0.000266 | AX2: -3.469447e-18 | AY2: 0.00038066667 | AZ2: 0.00024033333 | BA2: 0.000101 | BB2: 0.000389 | BC2: -0.00043433333 | BD2: -0.00041233333 | BE2: 0 | BF2: 7.7666667e-05 | BG2: -2.9333333e-05 | BH2: 0.00029466667 | BI2: 6.2e-05 | BJ2: -5.6666667e-06 | BK2: -4.6666667e-06 | BL2: -0.00014533333 | BM2: -0.000224 | BN2: 0.0001 | BO2: 0.00042333333 | BP2: 0 | BQ2: -2.9666667e-05 | BR2: 0 | BS2: -0.000487 | BT2: 0 | BU2: -0.00027 | BV2: 0.000382 | BW2: -0.00028466667 | BX2: -0.00010666667 | BY2: -0.00020966667 | BZ2: 0 | CA2: 0 | CB2: 0.00062486364 | CC2: 0.0481145
A3: 2 | B3: 0.5 | C3: 0.000402 | D3: 0 | E3: 0.00022 | F3: 0 | G3: 0 | H3: -0.00012766667 | I3: -0.00017 | J3: -0.00035966667 | K3: -0.00045133333 | L3: 0.000116 | M3: 0.000309 | N3: 0.00022466667 | O3: 0 | P3: 5.0666667e-05 | Q3: -0.00022966667 | R3: -6.9388939e-18 | S3: -0.00028733333 | T3: 0.00012533333 | U3: 0 | V3: -2.5666667e-05 | W3: 3.1666667e-05 | X3: -0.00024666667 | Y3: 0 | Z3: 0.055 | AA3: 0.00042666667 | AB3: -0.00042433333 | AC3: 0 | AD3: 0 | AE3: 0.00019166667 | AF3: 0.000283 | AG3: -0.00016 | AH3: -0.00022 | AI3: -0.000426 | AJ3: 0.0001036 | AK3: 0.000254 | AL3: 0.00036866667 | AM3: 0.00022066667 | AN3: 5.3333333e-05 | AO3: 0 | AP3: -0.00033666667 | AQ3: 0.000294 | AR3: 0 | AS3: -0.000201 | AT3: 0 | AU3: -4.6666667e-05 | AV3: 0.00018866667 | AW3: 0.00025333333 | AX3: 0.00044 | AY3: 0.00027733333 | AZ3: 0.00045 | BA3: 3.6e-05 | BB3: 0.000389 | BC3: 0.000281 | BD3: 5.4666667e-05 | BE3: 0 | BF3: 0.00044566667 | BG3: 0.00017366667 | BH3: 0.00022333333 | BI3: 0.00015066667 | BJ3: -0.00043666667 | BK3: 0 | BL3: -0.00024033333 | BM3: -0.00030533333 | BN3: 0.088976667 | BO3: 0.00018 | BP3: 0 | BQ3: 0 | BR3: 0 | BS3: 0.000385 | BT3: 0.000381 | BU3: 0 | BV3: 0.000358 | BW3: 0 | BX3: 0 | BY3: -1.6666667e-05 | BZ3: 0 | CA3: 0 | CB3: 0.0019169775 | CC3: 0.14760727
A4: 3 | B4: 1 | C4: -0.000347 | D4: 0 | E4: 0 | F4: 0 | G4: 0.000258 | H4: 0.00013333333 | I4: -3.2e-05 | J4: 0 | K4: 0 | L4: 0 | M4: 0.00027 | N4: 0.00047133333 | O4: -0.00044 | P4: 0.00017466667 | Q4: 0.00022933333 | R4: 0.00013733333 | S4: 0 | T4: 0 | U4: -0.000365 | V4: 0.00036133333 | W4: -0.00034533333 | X4: 0.00027 | Y4: 0 | Z4: 0.055 | AA4: 0 | AB4: 0.00049766667 | AC4: 0.00033933333 | AD4: 0.000255 | AE4: 0.00044433333 | AF4: 0.00012266667 | AG4: -7.7333333e-05 | AH4: -0.00048466667 | AI4: 0.00017333333 | AJ4: 4.8666667e-05 | AK4: 0.000158 | AL4: -0.000356 | AM4: 0 | AN4: 0 | AO4: 0 | AP4: 0 | AQ4: 0 | AR4: 0 | AS4: 0.000391 | AT4: 0 | AU4: 0 | AV4: -0.00025066667 | AW4: 8.2e-05 | AX4: -3.469447e-18 | AY4: 6.4e-05 | AZ4: -0.000153 | BA4: -0.00018 | BB4: 0 | BC4: 0.000281 | BD4: -7.4e-05 | BE4: 0 | BF4: -0.000154 | BG4: 5.5e-05 | BH4: -0.00020366667 | BI4: 0 | BJ4: 0.00026433333 | BK4: 0 | BL4: -0.00023333333 | BM4: -0.00041333333 | BN4: 0.077342667 | BO4: -9.1333333e-05 | BP4: 0 | BQ4: 0 | BR4: 0 | BS4: 0 | BT4: -9.7e-05 | BU4: 0 | BV4: 0.00037966667 | BW4: 0 | BX4: -0.00015066667 | BY4: -0.00040333333 | BZ4: 0.00026666667 | CA4: 0 | CB4: 0.0017353117 | CC4: 0.133619
A5: 4 | B5: 1.5 | C5: 1.5666667e-05 | D5: 0.00042666667 | E5: 0.00022 | F5: 0.00045333333 | G5: 0 | H5: -0.00039933333 | I5: 0.00020266667 | J5: -0.00019133333 | K5: 0 | L5: -0.00010733333 | M5: -0.00014333333 | N5: -0.000242 | O5: -0.0004 | P5: 0 | Q5: 0.00046933333 | R5: 0.00037333333 | S5: 0 | T5: 0 | U5: -0.000437 | V5: -1.1666667e-05 | W5: 7.4e-05 | X5: 0 | Y5: 0 | Z5: 0.055 | AA5: 0.00028266667 | AB5: 0 | AC5: 0.00048733333 | AD5: -0.00011333333 | AE5: 0.00032 | AF5: 0 | AG5: -0.00016 | AH5: -0.00048466667 | AI5: -0.00038333333 | AJ5: 0 | AK5: -0.000354 | AL5: 0.00046133333 | AM5: 0.000142 | AN5: -0.00041 | AO5: 0 | AP5: 0 | AQ5: 0 | AR5: 0 | AS5: -0.00034333333 | AT5: -8.6666667e-05 | AU5: -0.00023166667 | AV5: 0.00038093333 | AW5: 5.2333333e-05 | AX5: 0.00044 | AY5: 9.6666667e-06 | AZ5: 0.00019333333 | BA5: 3.6e-05 | BB5: -0.000222 | BC5: -7.3333333e-06 | BD5: -6.9388939e-18 | BE5: -1.2e-05 | BF5: 0.000335 | BG5: -0.000286 | BH5: 0 | BI5: 0.00025866667 | BJ5: -0.000435 | BK5: -4.6666667e-06 | BL5: 0.000163 | BM5: 1.3333333e-05 | BN5: 0.14737067 | BO5: 0.00018 | BP5: 0 | BQ5: 0.00026533333 | BR5: 0 | BS5: -0.00041 | BT5: -0.000174 | BU5: -0.00027 | BV5: 0.000447 | BW5: -0.00028466667 | BX5: -0.000412 | BY5: -7.2333333e-05 | BZ5: -0.00038666667 | CA5: 0 | CB5: 0.002618155 | CC5: 0.20159793
A6: 5 | B6: 2 | C6: -9.8e-05 | D6: 0.00024666667 | E6: 0 | F6: 0 | G6: -0.000415 | H6: -0.000155 | I6: -6.8e-05 | J6: 0 | K6: 0 | L6: 0 | M6: 0 | N6: -0.00024266667 | O6: 0 | P6: 0.00029466667 | Q6: 7.1333333e-05 | R6: -6.9388939e-18 | S6: -8.0333333e-05 | T6: 0 | U6: 0.00048966667 | V6: -0.000325 | W6: 7e-06 | X6: -0.00033833333 | Y6: 0 | Z6: 0.055 | AA6: 0.00028533333 | AB6: 0 | AC6: 0 | AD6: 0.00029466667 | AE6: 0.00018666667 | AF6: 0 | AG6: 0 | AH6: 0 | AI6: 0.000432 | AJ6: 0.0004 | AK6: -0.000302 | AL6: -0.00048166667 | AM6: 0 | AN6: 0.00046333333 | AO6: -0.000492 | AP6: 0 | AQ6: 0.000294 | AR6: 0 | AS6: 0.00015666667 | AT6: -0.00020866667 | AU6: -0.000165 | AV6: -6.2666667e-05 | AW6: 0.00039633333 | AX6: -3.469447e-18 | AY6: 4.0333333e-05 | AZ6: 0.00034233333 | BA6: -0.00018 | BB6: 0 | BC6: -0.00043066667 | BD6: -0.00042 | BE6: 0 | BF6: -0.00035033333 | BG6: 0 | BH6: 7.3e-05 | BI6: -0.00034266667 | BJ6: 0 | BK6: 0 | BL6: -0.00031633333 | BM6: 0.1686 | BN6: 0.14694267 | BO6: -0.000364 | BP6: 0 | BQ6: 0 | BR6: 0 | BS6: 0.000308 | BT6: -0.000348 | BU6: 0 | BV6: 4.6666667e-05 | BW6: 0 | BX6: 0.00013066667 | BY6: 0.00030866667 | BZ6: 0 | CA6: 0 | CB6: 0.004800316 | CC6: 0.36962433
A7: 6 | B7: 2.5 | C7: 0.00036266667 | D7: 0 | E7: -0.00013 | F7: 0.00045333333 | G7: -0.000327 | H7: -0.00029933333 | I7: 4e-06 | J7: -0.00010433333 | K7: 0 | L7: 0 | M7: 0 | N7: -5.6666667e-05 | O7: -0.0004 | P7: -8.2e-05 | Q7: 0 | R7: 0.00027466667 | S7: -0.000379 | T7: 0.000324 | U7: -0.00019606667 | V7: -0.000299 | W7: -0.00033833333 | X7: 0.00036166667 | Y7: 0 | Z7: 0.055 | AA7: -0.000216 | AB7: 0.00030733333 | AC7: -0.00017333333 | AD7: -0.00030533333 | AE7: 0 | AF7: 0 | AG7: 0.00037866667 | AH7: -9.3333333e-06 | AI7: -0.0005 | AJ7: 0 | AK7: 0.000446 | AL7: 0.000126 | AM7: 0.000142 | AN7: 0 | AO7: 0 | AP7: 0 | AQ7: 0 | AR7: 0 | AS7: 7.8666667e-05 | AT7: 0.00039566667 | AU7: 0 | AV7: -0.00021933333 | AW7: -0.00011333333 | AX7: 0.000436 | AY7: -1.2e-05 | AZ7: -0.00031533333 | BA7: 2.4e-05 | BB7: -0.000222 | BC7: -6.9388939e-18 | BD7: 0.000334 | BE7: 0 | BF7: 0.00013666667 | BG7: 0 | BH7: -4.8333333e-05 | BI7: 0 | BJ7: -0.000242 | BK7: -0.000459 | BL7: -6.3333333e-05 | BM7: 0.057 | BN7: 0.141535 | BO7: -0.000334 | BP7: 0 | BQ7: -0.000128 | BR7: 0 | BS7: 0 | BT7: 0.00041466667 | BU7: 0.00029 | BV7: 0 | BW7: -0.00028466667 | BX7: 0.00030666667 | BY7: -3.1333333e-05 | BZ7: 0 | CA7: 0 | CB7: 0.0032836788 | CC7: 0.25284327
A8: 7 | B8: 3 | C8: -0.000136 | D8: -0.00032666667 | E8: 0.00035 | F8: 0 | G8: -0.000283 | H8: -0.00049066667 | I8: 0.00013266667 | J8: -8.7e-05 | K8: 0 | L8: -6.6666667e-06 | M8: 0 | N8: 0 | O8: -0.00044 | P8: 1.2666667e-05 | Q8: -0.00013266667 | R8: 0.000236 | S8: 0.00013333333 | T8: 0.000468 | U8: -0.000365 | V8: -4.5e-05 | W8: 0.00030133333 | X8: 0 | Y8: 0 | Z8: 0.055 | AA8: -0.000216 | AB8: -0.000234 | AC8: 0 | AD8: -0.000176 | AE8: -1.5666667e-05 | AF8: 0 | AG8: 0.000384 | AH8: -0.00018 | AI8: -0.000424 | AJ8: 0.0004 | AK8: -0.000402 | AL8: 0.00037666667 | AM8: -0.00022666667 | AN8: 0.00025333333 | AO8: 0 | AP8: 0 | AQ8: 0.000196 | AR8: 0 | AS8: 0.00025333333 | AT8: 0.000309 | AU8: 0.0003 | AV8: 0.00036 | AW8: -0.00049466667 | AX8: 4e-06 | AY8: 5.9333333e-05 | AZ8: 0 | BA8: 1.2e-05 | BB8: 0 | BC8: -6.9388939e-18 | BD8: -6.4e-05 | BE8: -1.2e-05 | BF8: -0.000306 | BG8: -0.000272 | BH8: -0.000432 | BI8: -0.00035666667 | BJ8: 5.7333333e-05 | BK8: 0.00045433333 | BL8: -0.00049733333 | BM8: 0.22361333 | BN8: 0.15277833 | BO8: 0.00042266667 | BP8: 0 | BQ8: 0.00039333333 | BR8: 0 | BS8: -0.000102 | BT8: -0.00013066667 | BU8: 0.00044 | BV8: 0.00030666667 | BW8: 0 | BX8: 0 | BY8: 0.00018866667 | BZ8: 0 | CA8: 0 | CB8: 0.0056018442 | CC8: 0.431342
A9: 8 | B9: 3.5 | C9: -0.00044080347 | D9: -0.00044080347 | E9: 0.00027959827 | F9: 0.00016719653 | G9: -3.96026e-05 | H9: -0.00013440173 | I9: -0.00015050217 | J9: -0.00048916883 | K9: 0.00027959827 | L9: 0.0001789316 | M9: 0.0004193974 | N9: 0.1410406 | O9: -0.00044080347 | P9: -0.0002038355 | Q9: -0.00047716883 | R9: -0.00015050217 | S9: -0.00044747013 | T9: -0.00044080347 | U9: -1.0703033e-05 | V9: 0.00045426493 | W9: 0.00045119653 | X9: 0.00048449783 | Y9: 0.0004193974 | Z9: 0.052419397 | AA9: -1.0703033e-05 | AB9: -0.00015050217 | AC9: -0.00044080347 | AD9: 0.00029119653 | AE9: 0.11735526 | AF9: -0.00044080347 | AG9: 0.00032719653 | AH9: -0.0003610684 | AI9: 0.00047406407 | AJ9: -0.0002903013 | AK9: 0.00047159827 | AL9: -0.00025750217 | AM9: -0.00019816883 | AN9: -0.00015050217 | AO9: 0.0004193974 | AP9: -0.00015050217 | AQ9: -0.00034280347 | AR9: -0.00044080347 | AS9: 0.0002643974 | AT9: -0.0002903013 | AU9: -0.0001603013 | AV9: 0.0001229316 | AW9: -0.00032050217 | AX9: 0.00013519653 | AY9: 0.00039806407 | AZ9: -0.00040226927 | BA9: 0.00047229697 | BB9: -0.00044080347 | BC9: 0.00041149783 | BD9: -0.00017250217 | BE9: -1.0703033e-05 | BF9: -0.00025196797 | BG9: 0.00031636537 | BH9: -0.00026580347 | BI9: -0.00030793593 | BJ9: 0.00029359827 | BK9: -3.9735067e-05 | BL9: 0.00022719653 | BM9: 0.053559197 | BN9: 0.050559197 | BO9: 0.00026659827 | BP9: -0.00015050217 | BQ9: -0.00015050217 | BR9: -1.0703033e-05 | BS9: -0.00044080347 | BT9: 8.5598267e-05 | BU9: 0.00013979913 | BV9: -0.00044080347 | BW9: -1.0703033e-05 | BX9: 0.00040852987 | BY9: 0.0002203974 | BZ9: 0.00013979913 | CA9: 0.0004193974 | CB9: 0.0053688958 | CC9: 0.41340497
A10: 9 | B10: 4 | C10: -0.00025382587 | D10: -9.4492533e-05 | E10: 0.00013275373 | F10: 0.0001108408 | G10: -0.0003008694 | H10: 0.00048708707 | I10: 0.00025460883 | J10: 0.00012594217 | K10: 0.00013275373 | L10: 0.00013275373 | M10: -0.0003008694 | N10: 0.20634042 | O10: 0.00042550747 | P10: -8.4057833e-05 | Q10: -8.4057833e-05 | R10: 0.00042660883 | S10: -0.00032049253 | T10: 0.00036417413 | U10: -0.00031968097 | V10: 0.00013808707 | W10: -0.00046049253 | X10: 0.00046660883 | Y10: -0.0003008694 | Z10: 0.017699131 | AA10: 5.0319033e-05 | AB10: -1.07245e-05 | AC10: -9.0333332e-09 | AD10: -0.0002711592 | AE10: 0.16975275 | AF10: 0.00026550747 | AG10: 0.00033750747 | AH10: -0.00037591293 | AI10: -0.00027953607 | AJ10: -0.0004504347 | AK10: -0.00022124627 | AL10: 5.38755e-05 | AM10: -0.00012105783 | AN10: -0.00045605783 | AO10: -0.0003008694 | AP10: -8.4057833e-05 | AQ10: 0.00026550747 | AR10: 0.00026550747 | AS10: 0.0003141306 | AT10: 5.4231967e-05 | AU10: 0.0002595653 | AV10: -0.0002525796 | AW10: -0.00014205783 | AX10: 0.00012950747 | AY10: -0.00021320273 | AZ10: -0.0001708694 | BA10: -0.00018068097 | BB10: -0.00041949253 | BC10: -8.4057833e-05 | BD10: -0.00010005783 | BE10: 0.00048231903 | BF10: -0.00015076803 | BG10: -3.04347e-05 | BH10: -0.00045282587 | BI10: -0.0003008694 | BJ10: -0.0001665796 | BK10: 3.9087067e-05 | BL10: -0.0001681592 | BM10: 0.0072655075 | BN10: 0.097208174 | BO10: 0.0004184204 | BP10: -8.4057833e-05 | BQ10: 0.0001812755 | BR10: -6.00143e-05 | BS10: 0.00031117413 | BT10: -0.00038924627 | BU10: 0.00029637687 | BV10: 0.00037550747 | BW10: 0.00048231903 | BX10: -0.00014649253 | BY10: 0.00048146393 | BZ10: -0.00043362313 | CA10: -0.0003008694 | CB10: 0.0064570078 | CC10: 0.4971896
A11: 10 | B11: 4.5 | C11: 0.0002964428 | D11: 0.00045977613 | E11: -0.0002867786 | F11: 3.44428e-05 | G11: -0.0004301679 | H11: -1.7111933e-05 | I11: 0.00043952675 | J11: 0.00024019342 | K11: -0.0002867786 | L11: -0.00039411193 | M11: -0.0004301679 | N11: -0.00019244527 | O11: 0.0004264428 | P11: -3.447325e-05 | Q11: 0.00031486008 | R11: -0.00035847325 | S11: 0.00041310947 | T11: 0.00011977613 | U11: 0.00049813745 | V11: -0.0001667786 | W11: -0.00030589053 | X11: 2.252675e-05 | Y11: -0.0004301679 | Z11: -0.0004301679 | AA11: 0.00049813745 | AB11: -0.00035847325 | AC11: 0.0004264428 | AD11: -0.0003675572 | AE11: 0.0004212214 | AF11: 0.0004264428 | AG11: 0.0004264428 | AH11: -0.0003267786 | AI11: -0.0004301679 | AJ11: -1.508395e-05 | AK11: -0.0002867786 | AL11: 1.8193417e-05 | AM11: -0.00035847325 | AN11: 6.6860083e-05 | AO11: -0.0004301679 | AP11: -0.00035847325 | AQ11: 0.00017477613 | AR11: 0.0004264428 | AS11: 0.0003228321 | AT11: -0.00021508395 | AU11: -0.00023908395 | AV11: 0.0003332214 | AW11: -9.1806583e-05 | AX11: 6.9776133e-05 | AY11: 0.00045616543 | AZ11: 0.0002848321 | BA11: 0.00044413745 | BB11: -0.0001105572 | BC11: -0.00035847325 | BD11: -0.00020713992 | BE11: 0.00048613745 | BF11: -0.00021508395 | BG11: 0.00012158272 | BH11: -6.85572e-05 | BI11: 0.00021316543 | BJ11: -0.00017211193 | BK11: -0.0002867786 | BL11: -0.00018789053 | BM11: -0.0001335572 | BN11: -0.00020289053 | BO11: -0.0002867786 | BP11: -0.00035847325 | BQ11: -0.00035847325 | BR11: 0.00049813745 | BS11: -0.0003425572 | BT11: -0.0002867786 | BU11: -0.0001433893 | BV11: -0.00037689053 | BW11: 0.00021347078 | BX11: -0.0001815572 | BY11: 0.0002378321 | BZ11: -0.0001433893 | CA11: -0.0004301679 | CB11: -2.9369514e-05 | CC11: -0.0022614526
A12: 11 | B12: 5 | C12: -4.8288267e-05 | D12: 0.00046304507 | E12: 0.00032985587 | F12: -0.00049495493 | G12: -5.2162e-06 | H12: 0.00032985587 | I12: -0.00033568017 | J12: -0.0001740135 | K12: 0.00032985587 | L12: 0.00032985587 | M12: -5.2162e-06 | N12: 0.049570189 | O12: 0.00013971173 | P12: -0.0001552135 | Q12: -0.00047034683 | R12: -0.00033768017 | S12: 0.00021371173 | T12: -0.0004936216 | U12: 0.00038124777 | V12: -0.0004768108 | W12: 0.00044704507 | X12: 0.0003889865 | Y12: -5.2162e-06 | Z12: -5.2162e-06 | AA12: 0.00032724777 | AB12: 0.0001599865 | AC12: 0.00023371173 | AD12: -0.00010428827 | AE12: 6.1855867e-05 | AF12: -0.00034028827 | AG12: -0.0004176216 | AH12: -0.0002328108 | AI12: -5.2162e-06 | AJ12: -2.6081e-06 | AK12: -0.00012614413 | AL12: -0.00018168017 | AM12: 0.00043565317 | AN12: -0.00039968017 | AO12: 0.00030345047 | AP12: -0.00033768017 | AQ12: 0.0002053784 | AR12: -0.00034028827 | AS12: -0.0002982162 | AT12: -0.00026334143 | AU12: -2.5274767e-05 | AV12: 4.7855867e-05 | AW12: 0.00031231983 | AX12: 0.00043304507 | AY12: 5.87838e-05 | AZ12: -1.3549533e-05 | BA12: 0.00023724777 | BB12: -0.00034028827 | BC12: 0.00022431983 | BD12: 0.0004409865 | BE12: 0.00032724777 | BF12: -0.00017194143 | BG12: -2.6081e-06 | BH12: 0.0001763784 | BI12: 0.00026745047 | BJ12: 0.00034385587 | BK12: 0.00032985587 | BL12: -8.7288267e-05 | BM12: -0.00016695493 | BN12: 0.00039304507 | BO12: 0.00041852253 | BP12: -0.00033768017 | BQ12: 0.00040165317 | BR12: 0.00032724777 | BS12: -0.00034028827 | BT12: 0.00032985587 | BU12: -0.00033507207 | BV12: -0.00034028827 | BW12: 0.00032724777 | BX12: -0.00029495493 | BY12: 0.0002767838 | BZ12: -0.00033507207 | CA12: -5.2162e-06 | CB12: 0.00066844847 | CC12: 0.051470532
A13: 12 | B13: 5.5 | C13: 0.0002303568 | D13: 1.2023467e-05 | E13: 0.00029101173 | F13: 0.00014202347 | G13: 0.0004745176 | H13: 0.0004656784 | I13: 0.00047343133 | J13: 0.00032243133 | K13: 7.1011733e-05 | L13: 7.1011733e-05 | M13: -0.0003934824 | N13: -0.00029498827 | O13: -0.00017797653 | P13: -7.8368667e-05 | Q13: 0.00033876467 | R13: -0.00015056867 | S13: 0.00042202347 | T13: 8.73568e-05 | U13: 1.8270533e-05 | V13: 7.1011733e-05 | W13: 0.0002863568 | X13: 0.00024543133 | Y13: -0.0003934824 | Z13: -0.0002824824 | AA13: -0.00012572947 | AB13: -8.5568667e-05 | AC13: 0.00039469013 | AD13: -0.0001046432 | AE13: 7.1011733e-05 | AF13: 0.00010869013 | AG13: 0.00014202347 | AH13: 0.00044434507 | AI13: -0.0003174824 | AJ13: 0.0002032588 | AK13: -0.00021098827 | AL13: 0.00028043133 | AM13: 0.00033876467 | AN13: -0.000345902 | AO13: -0.00019414907 | AP13: 0.00033876467 | AQ13: 0.00014202347 | AR13: 0.00014202347 | AS13: -0.0003934824 | AT13: 0.0003642588 | AU13: -2.67412e-05 | AV13: -0.00044898827 | AW13: -0.00024256867 | AX13: 0.00014202347 | AY13: -0.00023614907 | AZ13: -0.00035714907 | BA13: -8.9729467e-05 | BB13: 0.00014202347 | BC13: 0.00033876467 | BD13: 0.00033876467 | BE13: 0.00019827053 | BF13: -0.0001967412 | BG13: 0.0001992588 | BH13: 0.00014202347 | BI13: 0.00023585093 | BJ13: -0.00011365493 | BK13: -0.00029665493 | BL13: 6.3023467e-05 | BM13: 0.00014202347 | BN13: 6.0234667e-06 | BO13: 7.1011733e-05 | BP13: 0.00033876467 | BQ13: -0.00013523533 | BR13: -0.00012572947 | BS13: 4.0023467e-05 | BT13: -0.00012298827 | BU13: -0.00037949413 | BV13: 0.0004053568 | BW13: -0.00012572947 | BX13: 0.00014202347 | BY13: 0.0001435176 | BZ13: -0.00046449413 | CA13: -0.0003934824 | CB13: 3.6063922e-05 | CC13: 0.002776922
... A49: 48 | B49: 23.5 | C49: 6.7666667e-05 | D49: 3.3333333e-05 | E49: 4.96e-05 | F49: -8.2666667e-05 | G49: 0.000302 | H49: 0.21694833 | I49: 0.72825733 | J49: -0.00013833333 | K49: 0 | L49: 0.16529533 | M49: -2.6666667e-05 | N49: 0.596335 | O49: 0.00029833333 | P49: 2.5333333e-05 | Q49: 0.048 | R49: 0.045 | S49: -2.3333333e-06 | T49: 0.000131 | U49: 9.6666667e-06 | V49: -5.1e-05 | W49: -1.8e-05 | X49: -0.00035333333 | Y49: -0.00017333333 | Z49: 0 | AA49: 0 | AB49: 3.3333333e-05 | AC49: 0.00025266667 | AD49: 0.44712333 | AE49: 0.0579092 | AF49: 0 | AG49: 0.00034666667 | AH49: -0.00040666667 | AI49: 0.000356 | AJ49: 3.3333333e-05 | AK49: 0.28571633 | AL49: 0 | AM49: 0.54701067 | AN49: 0 | AO49: -4.4666667e-05 | AP49: 0.27930767 | AQ49: 0.000294 | AR49: 0 | AS49: -0.0002 | AT49: 0 | AU49: 0.00040866667 | AV49: -0.00037333333 | AW49: -0.00047666667 | AX49: -3.469447e-18 | AY49: 0.112359 | AZ49: 0.00025833333 | BA49: 6e-06 | BB49: 0.000289 | BC49: -0.00029733333 | BD49: -8.6e-05 | BE49: -1.2e-05 | BF49: 0.000269 | BG49: -0.000318 | BH49: 0.00017966667 | BI49: 0 | BJ49: 0.00032233333 | BK49: 0.687666 | BL49: 0.44442733 | BM49: 0 | BN49: -0.00015033333 | BO49: 0.00015133333 | BP49: 0.312858 | BQ49: -0.00027233333 | BR49: 0.000104 | BS49: -0.000461 | BT49: -0.00038766667 | BU49: 0.192085 | BV49: 0.00039333333 | BW49: 7.3333333e-06 | BX49: 0 | BY49: 0.00048033333 | BZ49: 0 | CA49: -0.00024966667 | CB49: 0.067101552 | CC49: 5.1668195

Sheet ProsumerMetrics
A1: battery | B1: bus | C1: phase | D1: BattMaxP_kW | E1: BattEcap_kWh | F1: PV_kWh | G1: demand_kWh | H1: export_kWh | I1: import_kWh | J1: SCR_pct | K1: SSR_pct
A2: BES_TR1_one223_B | B2: TR1_one223 | C2: 2 | D2: 3.6 | E2: 4.2 | F2: 32.31 | G2: 8.85 | H2: 24.27 | I2: 0.002 | J2: 24.9 | K2: 100
A3: BES_TR1_one313_A | B3: TR1_one313 | C3: 1 | D3: 3.6 | E3: 4.2 | F3: 32.31 | G3: 3.05 | H3: 26.93 | I3: 0.002 | J3: 16.6 | K3: 99.9
A4: BES_TR1_one320_B | B4: TR1_one320 | C4: 2 | D4: 3.6 | E4: 4.2 | F4: 16.15 | G4: 5.39 | H4: 10.49 | I4: 0.002 | J4: 35.1 | K4: 100
A5: BES_TR1_one321_C | B5: TR1_one321 | C5: 3 | D5: 3.6 | E5: 4.2 | F5: 32.31 | G5: 4.02 | H5: 26 | I5: 0.001 | J5: 19.5 | K5: 100
A6: BES_TR1_one346_C | B6: TR1_one346 | C6: 3 | D6: 3.6 | E6: 4.2 | F6: 24.23 | G6: 2.6 | H6: 19.41 | I6: 0.001 | J6: 19.9 | K6: 99.9
A7: BES_TR1_one366_B | B7: TR1_one366 | C7: 2 | D7: 3.6 | E7: 4.2 | F7: 16.15 | G7: 12.05 | H7: 7.41 | I7: 2.467 | J7: 54.2 | K7: 79.5
A8: BES_TR1_one375_C | B8: TR1_one375 | C8: 3 | D8: 3.6 | E8: 4.2 | F8: 20.19 | G8: 12.39 | H8: 9 | I8: 0.366 | J8: 55.4 | K8: 97
A9: BES_TR1_one410_B | B9: TR1_one410 | C9: 2 | D9: 3.6 | E9: 4.2 | F9: 20.19 | G9: 5.46 | H9: 12.73 | I9: 0.002 | J9: 37 | K9: 100
A10: BES_TR1_one50_A | B10: TR1_one50 | C10: 1 | D10: 3.6 | E10: 4.2 | F10: 16.15 | G10: 5.97 | H10: 10.08 | I10: 0.002 | J10: 37.6 | K10: 100
A11: BES_TR1_one423_B | B11: TR1_one423 | C11: 2 | D11: 3.6 | E11: 4.2 | F11: 16.15 | G11: 9.19 | H11: 8.26 | I11: 0.454 | J11: 48.9 | K11: 95.1
A12: BES_TR1_one469_A | B12: TR1_one469 | C12: 1 | D12: 3.6 | E12: 4.2 | F12: 24.23 | G12: 5.05 | H12: 18.31 | I12: 0.001 | J12: 24.4 | K12: 100
A13: BES_TR1_one480_A | B13: TR1_one480 | C13: 1 | D13: 3.6 | E13: 4.2 | F13: 16.15 | G13: 10.37 | H13: 7.07 | I13: 0.498 | J13: 56.2 | K13: 95.2
... A78: BES_TR1_six128_B | B78: TR1_six128 | C78: 2 | D78: 3.6 | E78: 4.2 | F78: 24.23 | G78: 4.96 | H78: 19.04 | I78: 0.001 | J78: 21.4 | K78: 100

Sheet Dashboard
A1: TR1 Rolling Dispatch Analysis
A2: Data behind TR1 rolling-dispatch figures: SOC, demand/PV/dispatch, net power, self-consumption, and prosumer metrics.
A4: Prosumers | B4: Prosumers | D4: PV Generated (kWh/day) | E4: PV Generated (kWh/day) | G4: Demand (kWh/day) | H4: Demand (kWh/day) | J4: Imported (kWh/day) | K4: Imported (kWh/day) | M4: SCR (%) | N4: SCR (%) | P4: SSR (%) | Q4: SSR (%)
A5: =Summary!B5 -> 77 | D5: =Summary!B6 -> 1797 | G5: =Summary!B7 -> 572.8 | J5: =Summary!B9 -> 22.6 | M5: =Summary!B10 -> 33.1 | P5: =Summary!B11 -> 96
J43: Notes: positive net power indicates fleet import; negative net power indicates export. SCR and SSR values are stored on a 0-100 percentage scale in the source workbook.

Sheet ChartData
A1: Hour | B1: Demand total kW | C1: PV total kW | D1: Net total kW | F1: Hour | G1: Charge avg kW | H1: Discharge avg kW | I1: SOC avg % | K1: Battery | L1: SCR % | M1: SSR % | O1: Rank | P1: Battery | Q1: Export kWh/day | R1: Chart label | T1: Hour | U1: demand | V1: PV generation | W1: charging | X1: discharging | Y1: net exchange | AA1: Hour | AB1: Net target kW | AC1: Fleet avg net kW | AD1: Import only kW | AE1: Export only kW | AF1: SOC max % | AG1: Fleet avg SOC %
A2: =FleetAverage!B2 -> 0 | B2: =FleetAverage!I2 -> 21.071115 | C2: =FleetAverage!J2 -> 0 | D2: =FleetAverage!K2 -> 0.0481145 | F2: =FleetAverage!B2 -> 0 | G2: =FleetAverage!E2 -> 0 | H2: =FleetAverage!F2 -> 0.27302597 | I2: =FleetAverage!H2 -> 40 | K2: =ProsumerMetrics!A2 -> BES_TR1_one223_B | L2: =ProsumerMetrics!J2 -> 24.9 | M2: =ProsumerMetrics!K2 -> 100 | O2: 1 | P2: =INDEX(ProsumerMetrics!$A$2:$A$78,MATCH(Q2,ProsumerMetrics!$H$2:$H$78,0)) -> BES_TR1_six441_A | Q2: =LARGE(ProsumerMetrics!$H$2:$H$78,O2) -> 27.2 | R2: =MID(P2,9,99) -> six441_A | T2: =FleetAverage!B2 -> 0 | U2: =FleetAverage!C2 -> 0.27365084 | V2: =FleetAverage!D2 -> 0 | W2: =FleetAverage!E2 -> 0 | X2: =FleetAverage!F2 -> 0.27302597 | Y2: =FleetAverage!G2 -> 0.00062486364 | AA2: =FleetAverage!B2 -> 0 | AB2: =0 -> 0 | AC2: =FleetAverage!G2 -> 0.00062486364 | AD2: =MAX(AC2,0) -> 0.00062486364 | AE2: =MIN(AC2,0) -> 0 | AF2: =100 -> 100 | AG2: =FleetAverage!H2 -> 40
A3: =FleetAverage!B3 -> 0.5 | B3: =FleetAverage!I3 -> 13.699607 | C3: =FleetAverage!J3 -> 0 | D3: =FleetAverage!K3 -> 0.14760727 | F3: =FleetAverage!B3 -> 0.5 | G3: =FleetAverage!E3 -> 0 | H3: =FleetAverage!F3 -> 0.176 | I3: =FleetAverage!H3 -> 36.573881 | K3: =ProsumerMetrics!A3 -> BES_TR1_one313_A | L3: =ProsumerMetrics!J3 -> 16.6 | M3: =ProsumerMetrics!K3 -> 99.9 | O3: 2 | P3: =INDEX(ProsumerMetrics!$A$2:$A$78,MATCH(Q3,ProsumerMetrics!$H$2:$H$78,0)) -> BES_TR1_six350_B | Q3: =LARGE(ProsumerMetrics!$H$2:$H$78,O3) -> 27.04 | R3: =MID(P3,9,99) -> six350_B | T3: =FleetAverage!B3 -> 0.5 | U3: =FleetAverage!C3 -> 0.17791698 | V3: =FleetAverage!D3 -> 0 | W3: =FleetAverage!E3 -> 0 | X3: =FleetAverage!F3 -> 0.176 | Y3: =FleetAverage!G3 -> 0.0019169775 | AA3: =FleetAverage!B3 -> 0.5 | AB3: =0 -> 0 | AC3: =FleetAverage!G3 -> 0.0019169775 | AD3: =MAX(AC3,0) -> 0.0019169775 | AE3: =MIN(AC3,0) -> 0 | AF3: =100 -> 100 | AG3: =FleetAverage!H3 -> 36.573881
A4: =FleetAverage!B4 -> 1 | B4: =FleetAverage!I4 -> 9.682619 | C4: =FleetAverage!J4 -> 0 | D4: =FleetAverage!K4 -> 0.133619 | F4: =FleetAverage!B4 -> 1 | G4: =FleetAverage!E4 -> 0 | H4: =FleetAverage!F4 -> 0.12401299 | I4: =FleetAverage!H4 -> 34.364817 | K4: =ProsumerMetrics!A4 -> BES_TR1_one320_B | L4: =ProsumerMetrics!J4 -> 35.1 | M4: =ProsumerMetrics!K4 -> 100 | O4: 3 | P4: =INDEX(ProsumerMetrics!$A$2:$A$78,MATCH(Q4,ProsumerMetrics!$H$2:$H$78,0)) -> BES_TR1_one313_A | Q4: =LARGE(ProsumerMetrics!$H$2:$H$78,O4) -> 26.93 | R4: =MID(P4,9,99) -> one313_A | T4: =FleetAverage!B4 -> 1 | U4: =FleetAverage!C4 -> 0.1257483 | V4: =FleetAverage!D4 -> 0 | W4: =FleetAverage!E4 -> 0 | X4: =FleetAverage!F4 -> 0.12401299 | Y4: =FleetAverage!G4 -> 0.0017353117 | AA4: =FleetAverage!B4 -> 1 | AB4: =0 -> 0 | AC4: =FleetAverage!G4 -> 0.0017353117 | AD4: =MAX(AC4,0) -> 0.0017353117 | AE4: =MIN(AC4,0) -> 0 | AF4: =100 -> 100 | AG4: =FleetAverage!H4 -> 34.364817
A5: =FleetAverage!B5 -> 1.5 | B5: =FleetAverage!I5 -> 10.923598 | C5: =FleetAverage!J5 -> 0 | D5: =FleetAverage!K5 -> 0.20159793 | F5: =FleetAverage!B5 -> 1.5 | G5: =FleetAverage!E5 -> 0 | H5: =FleetAverage!F5 -> 0.13924675 | I5: =FleetAverage!H5 -> 32.808425 | K5: =ProsumerMetrics!A5 -> BES_TR1_one321_C | L5: =ProsumerMetrics!J5 -> 19.5 | M5: =ProsumerMetrics!K5 -> 100 | O5: 4 | P5: =INDEX(ProsumerMetrics!$A$2:$A$78,MATCH(Q5,ProsumerMetrics!$H$2:$H$78,0)) -> BES_TR1_six723_B | Q5: =LARGE(ProsumerMetrics!$H$2:$H$78,O5) -> 26.45 | R5: =MID(P5,9,99) -> six723_B | T5: =FleetAverage!B5 -> 1.5 | U5: =FleetAverage!C5 -> 0.14186491 | V5: =FleetAverage!D5 -> 0 | W5: =FleetAverage!E5 -> 0 | X5: =FleetAverage!F5 -> 0.13924675 | Y5: =FleetAverage!G5 -> 0.002618155 | AA5: =FleetAverage!B5 -> 1.5 | AB5: =0 -> 0 | AC5: =FleetAverage!G5 -> 0.002618155 | AD5: =MAX(AC5,0) -> 0.002618155 | AE5: =MIN(AC5,0) -> 0 | AF5: =100 -> 100 | AG5: =FleetAverage!H5 -> 32.808425
A6: =FleetAverage!B6 -> 2 | B6: =FleetAverage!I6 -> 8.1916243 | C6: =FleetAverage!J6 -> 0 | D6: =FleetAverage!K6 -> 0.36962433 | F6: =FleetAverage!B6 -> 2 | G6: =FleetAverage!E6 -> 0 | H6: =FleetAverage!F6 -> 0.10158442 | I6: =FleetAverage!H6 -> 31.061217 | K6: =ProsumerMetrics!A6 -> BES_TR1_one346_C | L6: =ProsumerMetrics!J6 -> 19.9 | M6: =ProsumerMetrics!K6 -> 99.9 | O6: 5 | P6: =INDEX(ProsumerMetrics!$A$2:$A$78,MATCH(Q6,ProsumerMetrics!$H$2:$H$78,0)) -> BES_TR1_six173_C | Q6: =LARGE(ProsumerMetrics!$H$2:$H$78,O6) -> 26.22 | R6: =MID(P6,9,99) -> six173_C | T6: =FleetAverage!B6 -> 2 | U6: =FleetAverage!C6 -> 0.10638473 | V6: =FleetAverage!D6 -> 0 | W6: =FleetAverage!E6 -> 0 | X6: =FleetAverage!F6 -> 0.10158442 | Y6: =FleetAverage!G6 -> 0.004800316 | AA6: =FleetAverage!B6 -> 2 | AB6: =0 -> 0 | AC6: =FleetAverage!G6 -> 0.004800316 | AD6: =MAX(AC6,0) -> 0.004800316 | AE6: =MIN(AC6,0) -> 0 | AF6: =100 -> 100 | AG6: =FleetAverage!H6 -> 31.061217
A7: =FleetAverage!B7 -> 2.5 | B7: =FleetAverage!I7 -> 9.5868433 | C7: =FleetAverage!J7 -> 0 | D7: =FleetAverage!K7 -> 0.25284327 | F7: =FleetAverage!B7 -> 2.5 | G7: =FleetAverage!E7 -> 0 | H7: =FleetAverage!F7 -> 0.12122078 | I7: =FleetAverage!H7 -> 29.786691 | K7: =ProsumerMetrics!A7 -> BES_TR1_one366_B | L7: =ProsumerMetrics!J7 -> 54.2 | M7: =ProsumerMetrics!K7 -> 79.5 | O7: 6 | P7: =INDEX(ProsumerMetrics!$A$2:$A$78,MATCH(Q7,ProsumerMetrics!$H$2:$H$78,0)) -> BES_TR1_one321_C | Q7: =LARGE(ProsumerMetrics!$H$2:$H$78,O7) -> 26 | R7: =MID(P7,9,99) -> one321_C | T7: =FleetAverage!B7 -> 2.5 | U7: =FleetAverage!C7 -> 0.12450446 | V7: =FleetAverage!D7 -> 0 | W7: =FleetAverage!E7 -> 0 | X7: =FleetAverage!F7 -> 0.12122078 | Y7: =FleetAverage!G7 -> 0.0032836788 | AA7: =FleetAverage!B7 -> 2.5 | AB7: =0 -> 0 | AC7: =FleetAverage!G7 -> 0.0032836788 | AD7: =MAX(AC7,0) -> 0.0032836788 | AE7: =MIN(AC7,0) -> 0 | AF7: =100 -> 100 | AG7: =FleetAverage!H7 -> 29.786691
A8: =FleetAverage!B8 -> 3 | B8: =FleetAverage!I8 -> 10.167342 | C8: =FleetAverage!J8 -> 0 | D8: =FleetAverage!K8 -> 0.431342 | F8: =FleetAverage!B8 -> 3 | G8: =FleetAverage!E8 -> 0 | H8: =FleetAverage!F8 -> 0.12644156 | I8: =FleetAverage!H8 -> 28.265666 | K8: =ProsumerMetrics!A8 -> BES_TR1_one375_C | L8: =ProsumerMetrics!J8 -> 55.4 | M8: =ProsumerMetrics!K8 -> 97 | O8: 7 | P8: =INDEX(ProsumerMetrics!$A$2:$A$78,MATCH(Q8,ProsumerMetrics!$H$2:$H$78,0)) -> BES_TR1_six154_C | Q8: =LARGE(ProsumerMetrics!$H$2:$H$78,O8) -> 25.52 | R8: =MID(P8,9,99) -> six154_C | T8: =FleetAverage!B8 -> 3 | U8: =FleetAverage!C8 -> 0.1320434 | V8: =FleetAverage!D8 -> 0 | W8: =FleetAverage!E8 -> 0 | X8: =FleetAverage!F8 -> 0.12644156 | Y8: =FleetAverage!G8 -> 0.0056018442 | AA8: =FleetAverage!B8 -> 3 | AB8: =0 -> 0 | AC8: =FleetAverage!G8 -> 0.0056018442 | AD8: =MAX(AC8,0) -> 0.0056018442 | AE8: =MIN(AC8,0) -> 0 | AF8: =100 -> 100 | AG8: =FleetAverage!H8 -> 28.265666
A9: =FleetAverage!B9 -> 3.5 | B9: =FleetAverage!I9 -> 7.8747997 | C9: =FleetAverage!J9 -> 0.19139469 | D9: =FleetAverage!K9 -> 0.41340497 | F9: =FleetAverage!B9 -> 3.5 | G9: =FleetAverage!E9 -> 0 | H9: =FleetAverage!F9 -> 0.094415584 | I9: =FleetAverage!H9 -> 26.679017 | K9: =ProsumerMetrics!A9 -> BES_TR1_one410_B | L9: =ProsumerMetrics!J9 -> 37 | M9: =ProsumerMetrics!K9 -> 100 | O9: 8 | P9: =INDEX(ProsumerMetrics!$A$2:$A$78,MATCH(Q9,ProsumerMetrics!$H$2:$H$78,0)) -> BES_TR1_six860_C | Q9: =LARGE(ProsumerMetrics!$H$2:$H$78,O9) -> 25.51 | R9: =MID(P9,9,99) -> six860_C | T9: =FleetAverage!B9 -> 3.5 | U9: =FleetAverage!C9 -> 0.10227013 | V9: =FleetAverage!D9 -> 0.0024856454 | W9: =FleetAverage!E9 -> 0 | X9: =FleetAverage!F9 -> 0.094415584 | Y9: =FleetAverage!G9 -> 0.0053688958 | AA9: =FleetAverage!B9 -> 3.5 | AB9: =0 -> 0 | AC9: =FleetAverage!G9 -> 0.0053688958 | AD9: =MAX(AC9,0) -> 0.0053688958 | AE9: =MIN(AC9,0) -> 0 | AF9: =100 -> 100 | AG9: =FleetAverage!H9 -> 26.679017
A10: =FleetAverage!B10 -> 4 | B10: =FleetAverage!I10 -> 10.001936 | C10: =FleetAverage!J10 -> 2.7664811 | D10: =FleetAverage!K10 -> 0.4971896 | F10: =FleetAverage!B10 -> 4 | G10: =FleetAverage!E10 -> 5.1948052e-05 | H10: =FleetAverage!F10 -> 0.08756189 | I10: =FleetAverage!H10 -> 25.494478 | K10: =ProsumerMetrics!A10 -> BES_TR1_one50_A | L10: =ProsumerMetrics!J10 -> 37.6 | M10: =ProsumerMetrics!K10 -> 100 | O10: 9 | P10: =INDEX(ProsumerMetrics!$A$2:$A$78,MATCH(Q10,ProsumerMetrics!$H$2:$H$78,0)) -> BES_TR1_six191_B | Q10: =LARGE(ProsumerMetrics!$H$2:$H$78,O10) -> 25.39 | R10: =MID(P10,9,99) -> six191_B | T10: =FleetAverage!B10 -> 4 | U10: =FleetAverage!C10 -> 0.12989528 | V10: =FleetAverage!D10 -> 0.035928327 | W10: =FleetAverage!E10 -> 5.1948052e-05 | X10: =FleetAverage!F10 -> 0.08756189 | Y10: =FleetAverage!G10 -> 0.0064570078 | AA10: =FleetAverage!B10 -> 4 | AB10: =0 -> 0 | AC10: =FleetAverage!G10 -> 0.0064570078 | AD10: =MAX(AC10,0) -> 0.0064570078 | AE10: =MIN(AC10,0) -> 0 | AF10: =100 -> 100 | AG10: =FleetAverage!H10 -> 25.494478
A11: =FleetAverage!B11 -> 4.5 | B11: =FleetAverage!I11 -> 8.9886427 | C11: =FleetAverage!J11 -> 12.936904 | D11: =FleetAverage!K11 -> -0.0022614526 | F11: =FleetAverage!B11 -> 4.5 | G11: =FleetAverage!E11 -> 0.074155844 | H11: =FleetAverage!F11 -> 0.022909091 | I11: =FleetAverage!H11 -> 24.39647 | K11: =ProsumerMetrics!A11 -> BES_TR1_one423_B | L11: =ProsumerMetrics!J11 -> 48.9 | M11: =ProsumerMetrics!K11 -> 95.1 | O11: 10 | P11: =INDEX(ProsumerMetrics!$A$2:$A$78,MATCH(Q11,ProsumerMetrics!$H$2:$H$78,0)) -> BES_TR1_six249_B | Q11: =LARGE(ProsumerMetrics!$H$2:$H$78,O11) -> 25.32 | R11: =MID(P11,9,99) -> six249_B | T11: =FleetAverage!B11 -> 4.5 | U11: =FleetAverage!C11 -> 0.11673562 | V11: =FleetAverage!D11 -> 0.16801174 | W11: =FleetAverage!E11 -> 0.074155844 | X11: =FleetAverage!F11 -> 0.022909091 | Y11: =FleetAverage!G11 -> -2.9369514e-05 | AA11: =FleetAverage!B11 -> 4.5 | AB11: =0 -> 0 | AC11: =FleetAverage!G11 -> -2.9369514e-05 | AD11: =MAX(AC11,0) -> 0 | AE11: =MIN(AC11,0) -> -2.9369514e-05 | AF11: =100 -> 100 | AG11: =FleetAverage!H11 -> 24.39647
A12: =FleetAverage!B12 -> 5 | B12: =FleetAverage!I12 -> 8.3605241 | C12: =FleetAverage!J12 -> 25.662054 | D12: =FleetAverage!K12 -> 0.051470532 | F12: =FleetAverage!B12 -> 5 | G12: =FleetAverage!E12 -> 0.22951948 | H12: =FleetAverage!F12 -> 0.0041558442 | I12: =FleetAverage!H12 -> 24.946829 | K12: =ProsumerMetrics!A12 -> BES_TR1_one469_A | L12: =ProsumerMetrics!J12 -> 24.4 | M12: =ProsumerMetrics!K12 -> 100 | T12: =FleetAverage!B12 -> 5 | U12: =FleetAverage!C12 -> 0.10857823 | V12: =FleetAverage!D12 -> 0.33327342 | W12: =FleetAverage!E12 -> 0.22951948 | X12: =FleetAverage!F12 -> 0.0041558442 | Y12: =FleetAverage!G12 -> 0.00066844847 | AA12: =FleetAverage!B12 -> 5 | AB12: =0 -> 0 | AC12: =FleetAverage!G12 -> 0.00066844847 | AD12: =MAX(AC12,0) -> 0.00066844847 | AE12: =MIN(AC12,0) -> 0 | AF12: =100 -> 100 | AG12: =FleetAverage!H12 -> 24.946829
A13: =FleetAverage!B13 -> 5.5 | B13: =FleetAverage!I13 -> 9.6716269 | C13: =FleetAverage!J13 -> 41.26585 | D13: =FleetAverage!K13 -> 0.002776922 | F13: =FleetAverage!B13 -> 5.5 | G13: =FleetAverage!E13 -> 0.4107013 | H13: =FleetAverage!F13 -> 0.00035064935 | I13: =FleetAverage!H13 -> 27.486579 | K13: =ProsumerMetrics!A13 -> BES_TR1_one480_A | L13: =ProsumerMetrics!J13 -> 56.2 | M13: =ProsumerMetrics!K13 -> 95.2 | T13: =FleetAverage!B13 -> 5.5 | U13: =FleetAverage!C13 -> 0.12560554 | V13: =FleetAverage!D13 -> 0.53592013 | W13: =FleetAverage!E13 -> 0.4107013 | X13: =FleetAverage!F13 -> 0.00035064935 | Y13: =FleetAverage!G13 -> 3.6063922e-05 | AA13: =FleetAverage!B13 -> 5.5 | AB13: =0 -> 0 | AC13: =FleetAverage!G13 -> 3.6063922e-05 | AD13: =MAX(AC13,0) -> 3.6063922e-05 | AE13: =MIN(AC13,0) -> 0 | AF13: =100 -> 100 | AG13: =FleetAverage!H13 -> 27.486579
A14: =FleetAverage!B14 -> 6 | B14: =FleetAverage!I14 -> 9.6461933 | C14: =FleetAverage!J14 -> 58.290472 | D14: =FleetAverage!K14 -> 0.0037215496 | F14: =FleetAverage!B14 -> 6 | G14: =FleetAverage!E14 -> 0.63179221 | H14: =FleetAverage!F14 -> 0 | I14: =FleetAverage!H14 -> 32.120255 | K14: =ProsumerMetrics!A14 -> BES_TR1_one482_B | L14: =ProsumerMetrics!J14 -> 21.7 | M14: =ProsumerMetrics!K14 -> 100 | T14: =FleetAverage!B14 -> 6 | U14: =FleetAverage!C14 -> 0.12527524 | V14: =FleetAverage!D14 -> 0.75701911 | W14: =FleetAverage!E14 -> 0.63179221 | X14: =FleetAverage!F14 -> 0 | Y14: =FleetAverage!G14 -> 4.8331813e-05 | AA14: =FleetAverage!B14 -> 6 | AB14: =0 -> 0 | AC14: =FleetAverage!G14 -> 4.8331813e-05 | AD14: =MAX(AC14,0) -> 4.8331813e-05 | AE14: =MIN(AC14,0) -> 0 | AF14: =100 -> 100 | AG14: =FleetAverage!H14 -> 32.120255
A15: =FleetAverage!B15 -> 6.5 | B15: =FleetAverage!I15 -> 13.653675 | C15: =FleetAverage!J15 -> 75.524352 | D15: =FleetAverage!K15 -> 0.0033222115 | F15: =FleetAverage!B15 -> 6.5 | G15: =FleetAverage!E15 -> 0.82016883 | H15: =FleetAverage!F15 -> 0.01661039 | I15: =FleetAverage!H15 -> 39.2552 | K15: =ProsumerMetrics!A15 -> BES_TR1_one521_C | L15: =ProsumerMetrics!J15 -> 37.2 | M15: =ProsumerMetrics!K15 -> 100 | T15: =FleetAverage!B15 -> 6.5 | U15: =FleetAverage!C15 -> 0.17732045 | V15: =FleetAverage!D15 -> 0.98083575 | W15: =FleetAverage!E15 -> 0.82016883 | X15: =FleetAverage!F15 -> 0.01661039 | Y15: =FleetAverage!G15 -> 4.3145604e-05 | AA15: =FleetAverage!B15 -> 6.5 | AB15: =0 -> 0 | AC15: =FleetAverage!G15 -> 4.3145604e-05 | AD15: =MAX(AC15,0) -> 4.3145604e-05 | AE15: =MIN(AC15,0) -> 0 | AF15: =100 -> 100 | AG15: =FleetAverage!H15 -> 39.2552
A16: =FleetAverage!B16 -> 7 | B16: =FleetAverage!I16 -> 11.75979 | C16: =FleetAverage!J16 -> 92.668995 | D16: =FleetAverage!K16 -> 0.0017951601 | F16: =FleetAverage!B16 -> 7 | G16: =FleetAverage!E16 -> 1.0652987 | H16: =FleetAverage!F16 -> 0.014506494 | I16: =FleetAverage!H16 -> 48.309304 | K16: =ProsumerMetrics!A16 -> BES_TR1_one528_C | L16: =ProsumerMetrics!J16 -> 49 | M16: =ProsumerMetrics!K16 -> 98.1 | T16: =FleetAverage!B16 -> 7 | U16: =FleetAverage!C16 -> 0.15272454 | V16: =FleetAverage!D16 -> 1.2034934 | W16: =FleetAverage!E16 -> 1.0652987 | X16: =FleetAverage!F16 -> 0.014506494 | Y16: =FleetAverage!G16 -> 2.3313767e-05 | AA16: =FleetAverage!B16 -> 7 | AB16: =0 -> 0 | AC16: =FleetAverage!G16 -> 2.3313767e-05 | AD16: =MAX(AC16,0) -> 2.3313767e-05 | AE16: =MIN(AC16,0) -> 0 | AF16: =100 -> 100 | AG16: =FleetAverage!H16 -> 48.309304
A17: =FleetAverage!B17 -> 7.5 | B17: =FleetAverage!I17 -> 15.64084 | C17: =FleetAverage!J17 -> 109.83858 | D17: =FleetAverage!K17 -> -5.5027367 | F17: =FleetAverage!B17 -> 7.5 | G17: =FleetAverage!E17 -> 1.1604416 | H17: =FleetAverage!F17 -> 0.0085584416 | I17: =FleetAverage!H17 -> 60.158535 | K17: =ProsumerMetrics!A17 -> BES_TR1_one537_A | L17: =ProsumerMetrics!J17 -> 39.7 | M17: =ProsumerMetrics!K17 -> 94.9 | T17: =FleetAverage!B17 -> 7.5 | U17: =FleetAverage!C17 -> 0.20312779 | V17: =FleetAverage!D17 -> 1.426475 | W17: =FleetAverage!E17 -> 1.1604416 | X17: =FleetAverage!F17 -> 0.0085584416 | Y17: =FleetAverage!G17 -> -0.071464112 | AA17: =FleetAverage!B17 -> 7.5 | AB17: =0 -> 0 | AC17: =FleetAverage!G17 -> -0.071464112 | AD17: =MAX(AC17,0) -> 0 | AE17: =MIN(AC17,0) -> -0.071464112 | AF17: =100 -> 100 | AG17: =FleetAverage!H17 -> 60.158535
A18: =FleetAverage!B18 -> 8 | B18: =FleetAverage!I18 -> 18.510998 | C18: =FleetAverage!J18 -> 125.95332 | D18: =FleetAverage!K18 -> -44.324324 | F18: =FleetAverage!B18 -> 8 | G18: =FleetAverage!E18 -> 0.81971429 | H18: =FleetAverage!F18 -> 0 | I18: =FleetAverage!H18 -> 73.156986 | K18: =ProsumerMetrics!A18 -> BES_TR1_one61_A | L18: =ProsumerMetrics!J18 -> 25.2 | M18: =ProsumerMetrics!K18 -> 100 | T18: =FleetAverage!B18 -> 8 | U18: =FleetAverage!C18 -> 0.24040258 | V18: =FleetAverage!D18 -> 1.6357574 | W18: =FleetAverage!E18 -> 0.81971429 | X18: =FleetAverage!F18 -> 0 | Y18: =FleetAverage!G18 -> -0.57564058 | AA18: =FleetAverage!B18 -> 8 | AB18: =0 -> 0 | AC18: =FleetAverage!G18 -> -0.57564058 | AD18: =MAX(AC18,0) -> 0 | AE18: =MIN(AC18,0) -> -0.57564058 | AF18: =100 -> 100 | AG18: =FleetAverage!H18 -> 73.156986
A19: =FleetAverage!B19 -> 8.5 | B19: =FleetAverage!I19 -> 32.906772 | C19: =FleetAverage!J19 -> 141.10121 | D19: =FleetAverage!K19 -> -71.936436 | F19: =FleetAverage!B19 -> 8.5 | G19: =FleetAverage!E19 -> 0.50855844 | H19: =FleetAverage!F19 -> 0.037675325 | I19: =FleetAverage!H19 -> 82.415048 | K19: =ProsumerMetrics!A19 -> BES_TR1_one544_A | L19: =ProsumerMetrics!J19 -> 31 | M19: =ProsumerMetrics!K19 -> 100 | T19: =FleetAverage!B19 -> 8.5 | U19: =FleetAverage!C19 -> 0.42736068 | V19: =FleetAverage!D19 -> 1.8324832 | W19: =FleetAverage!E19 -> 0.50855844 | X19: =FleetAverage!F19 -> 0.037675325 | Y19: =FleetAverage!G19 -> -0.93423943 | AA19: =FleetAverage!B19 -> 8.5 | AB19: =0 -> 0 | AC19: =FleetAverage!G19 -> -0.93423943 | AD19: =MAX(AC19,0) -> 0 | AE19: =MIN(AC19,0) -> -0.93423943 | AF19: =100 -> 100 | AG19: =FleetAverage!H19 -> 82.415048
A20: =FleetAverage!B20 -> 9 | B20: =FleetAverage!I20 -> 29.688349 | C20: =FleetAverage!J20 -> 154.002 | D20: =FleetAverage!K20 -> -98.585655 | F20: =FleetAverage!B20 -> 9 | G20: =FleetAverage!E20 -> 0.34736364 | H20: =FleetAverage!F20 -> 0.013233766 | I20: =FleetAverage!H20 -> 87.685548 | K20: =ProsumerMetrics!A20 -> BES_TR1_one552_B | L20: =ProsumerMetrics!J20 -> 17.1 | M20: =ProsumerMetrics!K20 -> 99.9 | T20: =FleetAverage!B20 -> 9 | U20: =FleetAverage!C20 -> 0.38556298 | V20: =FleetAverage!D20 -> 2.000026 | W20: =FleetAverage!E20 -> 0.34736364 | X20: =FleetAverage!F20 -> 0.013233766 | Y20: =FleetAverage!G20 -> -1.2803332 | AA20: =FleetAverage!B20 -> 9 | AB20: =0 -> 0 | AC20: =FleetAverage!G20 -> -1.2803332 | AD20: =MAX(AC20,0) -> 0 | AE20: =MIN(AC20,0) -> -1.2803332 | AF20: =100 -> 100 | AG20: =FleetAverage!H20 -> 87.685548
A21: =FleetAverage!B21 -> 9.5 | B21: =FleetAverage!I21 -> 28.466893 | C21: =FleetAverage!J21 -> 165.00508 | D21: =FleetAverage!K21 -> -118.99318 | F21: =FleetAverage!B21 -> 9.5 | G21: =FleetAverage!E21 -> 0.23242857 | H21: =FleetAverage!F21 -> 0.0045714286 | I21: =FleetAverage!H21 -> 91.442581 | K21: =ProsumerMetrics!A21 -> BES_TR1_one559_C | L21: =ProsumerMetrics!J21 -> 65.5 | M21: =ProsumerMetrics!K21 -> 100 | T21: =FleetAverage!B21 -> 9.5 | U21: =FleetAverage!C21 -> 0.36969991 | V21: =FleetAverage!D21 -> 2.1429231 | W21: =FleetAverage!E21 -> 0.23242857 | X21: =FleetAverage!F21 -> 0.0045714286 | Y21: =FleetAverage!G21 -> -1.545366 | AA21: =FleetAverage!B21 -> 9.5 | AB21: =0 -> 0 | AC21: =FleetAverage!G21 -> -1.545366 | AD21: =MAX(AC21,0) -> 0 | AE21: =MIN(AC21,0) -> -1.545366 | AF21: =100 -> 100 | AG21: =FleetAverage!H21 -> 91.442581
A22: =FleetAverage!B22 -> 10 | B22: =FleetAverage!I22 -> 30.75234 | C22: =FleetAverage!J22 -> 174.663 | D22: =FleetAverage!K22 -> -133.89566 | F22: =FleetAverage!B22 -> 10 | G22: =FleetAverage!E22 -> 0.16262338 | H22: =FleetAverage!F22 -> 0.032558442 | I22: =FleetAverage!H22 -> 94.010221 | K22: =ProsumerMetrics!A22 -> BES_TR1_one560_C | L22: =ProsumerMetrics!J22 -> 32.5 | M22: =ProsumerMetrics!K22 -> 100 | T22: =FleetAverage!B22 -> 10 | U22: =FleetAverage!C22 -> 0.39938104 | V22: =FleetAverage!D22 -> 2.2683506 | W22: =FleetAverage!E22 -> 0.16262338 | X22: =FleetAverage!F22 -> 0.032558442 | Y22: =FleetAverage!G22 -> -1.7389046 | AA22: =FleetAverage!B22 -> 10 | AB22: =0 -> 0 | AC22: =FleetAverage!G22 -> -1.7389046 | AD22: =MAX(AC22,0) -> 0 | AE22: =MIN(AC22,0) -> -1.7389046 | AF22: =100 -> 100 | AG22: =FleetAverage!H22 -> 94.010221
A23: =FleetAverage!B23 -> 10.5 | B23: =FleetAverage!I23 -> 29.5344 | C23: =FleetAverage!J23 -> 182.63385 | D23: =FleetAverage!K23 -> -145.32045 | F23: =FleetAverage!B23 -> 10.5 | G23: =FleetAverage!E23 -> 0.10880519 | H23: =FleetAverage!F23 -> 0.0077792208 | I23: =FleetAverage!H23 -> 95.4388 | K23: =ProsumerMetrics!A23 -> BES_TR1_one605_A | L23: =ProsumerMetrics!J23 -> 37.6 | M23: =ProsumerMetrics!K23 -> 100 | T23: =FleetAverage!B23 -> 10.5 | U23: =FleetAverage!C23 -> 0.38356364 | V23: =FleetAverage!D23 -> 2.3718681 | W23: =FleetAverage!E23 -> 0.10880519 | X23: =FleetAverage!F23 -> 0.0077792208 | Y23: =FleetAverage!G23 -> -1.8872785 | AA23: =FleetAverage!B23 -> 10.5 | AB23: =0 -> 0 | AC23: =FleetAverage!G23 -> -1.8872785 | AD23: =MAX(AC23,0) -> 0 | AE23: =MIN(AC23,0) -> -1.8872785 | AF23: =100 -> 100 | AG23: =FleetAverage!H23 -> 95.4388
... A49: =FleetAverage!B49 -> 23.5 | B49: =FleetAverage!I49 -> 21.891819 | C49: =FleetAverage!J49 -> 0 | D49: =FleetAverage!K49 -> 5.1668195 | F49: =FleetAverage!B49 -> 23.5 | G49: =FleetAverage!E49 -> 0 | H49: =FleetAverage!F49 -> 0.21720779 | I49: =FleetAverage!H49 -> 48.559494 | K49: =ProsumerMetrics!A49 -> BES_TR1_six441_A | L49: =ProsumerMetrics!J49 -> 15.8 | M49: =ProsumerMetrics!K49 -> 99.9 | T49: =FleetAverage!B49 -> 23.5 | U49: =FleetAverage!C49 -> 0.28430934 | V49: =FleetAverage!D49 -> 0 | W49: =FleetAverage!E49 -> 0 | X49: =FleetAverage!F49 -> 0.21720779 | Y49: =FleetAverage!G49 -> 0.067101552 | AA49: =FleetAverage!B49 -> 23.5 | AB49: =0 -> 0 | AC49: =FleetAverage!G49 -> 0.067101552 | AD49: =MAX(AC49,0) -> 0.067101552 | AE49: =MIN(AC49,0) -> 0 | AF49: =100 -> 100 | AG49: =FleetAverage!H49 -> 48.559494
K50: =ProsumerMetrics!A50 -> BES_TR1_six484_B | L50: =ProsumerMetrics!J50 -> 56.9 | M50: =ProsumerMetrics!K50 -> 99.6
K51: =ProsumerMetrics!A51 -> BES_TR1_six501_A | L51: =ProsumerMetrics!J51 -> 45.8 | M51: =ProsumerMetrics!K51 -> 100
K52: =ProsumerMetrics!A52 -> BES_TR1_six512_B | L52: =ProsumerMetrics!J52 -> 29.9 | M52: =ProsumerMetrics!K52 -> 100
K53: =ProsumerMetrics!A53 -> BES_TR1_six518_B | L53: =ProsumerMetrics!J53 -> 35.9 | M53: =ProsumerMetrics!K53 -> 100
K54: =ProsumerMetrics!A54 -> BES_TR1_six595_B | L54: =ProsumerMetrics!J54 -> 23.5 | M54: =ProsumerMetrics!K54 -> 100
K55: =ProsumerMetrics!A55 -> BES_TR1_six646_B | L55: =ProsumerMetrics!J55 -> 33.1 | M55: =ProsumerMetrics!K55 -> 100
K56: =ProsumerMetrics!A56 -> BES_TR1_six699_C | L56: =ProsumerMetrics!J56 -> 21.2 | M56: =ProsumerMetrics!K56 -> 100
K57: =ProsumerMetrics!A57 -> BES_TR1_six718_C | L57: =ProsumerMetrics!J57 -> 85 | M57: =ProsumerMetrics!K57 -> 100
K58: =ProsumerMetrics!A58 -> BES_TR1_six721_A | L58: =ProsumerMetrics!J58 -> 96.1 | M58: =ProsumerMetrics!K58 -> 100
K59: =ProsumerMetrics!A59 -> BES_TR1_six723_B | L59: =ProsumerMetrics!J59 -> 18.1 | M59: =ProsumerMetrics!K59 -> 100
K60: =ProsumerMetrics!A60 -> BES_TR1_six784_B | L60: =ProsumerMetrics!J60 -> 35.9 | M60: =ProsumerMetrics!K60 -> 100
K61: =ProsumerMetrics!A61 -> BES_TR1_six90_B | L61: =ProsumerMetrics!J61 -> 83.3 | M61: =ProsumerMetrics!K61 -> 100
... K78: =ProsumerMetrics!A78 -> BES_TR1_six128_B | L78: =ProsumerMetrics!J78 -> 21.4 | M78: =ProsumerMetrics!K78 -> 100

Sheet Fleet Avg Figure
A26: Hour | B26: demand | C26: PV generation | D26: charging | E26: discharging | F26: net exchange
A27: =ChartData!T2 -> 0 | B27: =ChartData!U2 -> 0.27365084 | C27: =ChartData!V2 -> 0 | D27: =ChartData!W2 -> 0 | E27: =ChartData!X2 -> 0.27302597 | F27: =ChartData!Y2 -> 0.00062486364
A28: =ChartData!T3 -> 0.5 | B28: =ChartData!U3 -> 0.17791698 | C28: =ChartData!V3 -> 0 | D28: =ChartData!W3 -> 0 | E28: =ChartData!X3 -> 0.176 | F28: =ChartData!Y3 -> 0.0019169775
A29: =ChartData!T4 -> 1 | B29: =ChartData!U4 -> 0.1257483 | C29: =ChartData!V4 -> 0 | D29: =ChartData!W4 -> 0 | E29: =ChartData!X4 -> 0.12401299 | F29: =ChartData!Y4 -> 0.0017353117
A30: =ChartData!T5 -> 1.5 | B30: =ChartData!U5 -> 0.14186491 | C30: =ChartData!V5 -> 0 | D30: =ChartData!W5 -> 0 | E30: =ChartData!X5 -> 0.13924675 | F30: =ChartData!Y5 -> 0.002618155
A31: =ChartData!T6 -> 2 | B31: =ChartData!U6 -> 0.10638473 | C31: =ChartData!V6 -> 0 | D31: =ChartData!W6 -> 0 | E31: =ChartData!X6 -> 0.10158442 | F31: =ChartData!Y6 -> 0.004800316
A32: =ChartData!T7 -> 2.5 | B32: =ChartData!U7 -> 0.12450446 | C32: =ChartData!V7 -> 0 | D32: =ChartData!W7 -> 0 | E32: =ChartData!X7 -> 0.12122078 | F32: =ChartData!Y7 -> 0.0032836788
A33: =ChartData!T8 -> 3 | B33: =ChartData!U8 -> 0.1320434 | C33: =ChartData!V8 -> 0 | D33: =ChartData!W8 -> 0 | E33: =ChartData!X8 -> 0.12644156 | F33: =ChartData!Y8 -> 0.0056018442
A34: =ChartData!T9 -> 3.5 | B34: =ChartData!U9 -> 0.10227013 | C34: =ChartData!V9 -> 0.0024856454 | D34: =ChartData!W9 -> 0 | E34: =ChartData!X9 -> 0.094415584 | F34: =ChartData!Y9 -> 0.0053688958
A35: =ChartData!T10 -> 4 | B35: =ChartData!U10 -> 0.12989528 | C35: =ChartData!V10 -> 0.035928327 | D35: =ChartData!W10 -> 5.1948052e-05 | E35: =ChartData!X10 -> 0.08756189 | F35: =ChartData!Y10 -> 0.0064570078
A36: =ChartData!T11 -> 4.5 | B36: =ChartData!U11 -> 0.11673562 | C36: =ChartData!V11 -> 0.16801174 | D36: =ChartData!W11 -> 0.074155844 | E36: =ChartData!X11 -> 0.022909091 | F36: =ChartData!Y11 -> -2.9369514e-05
A37: =ChartData!T12 -> 5 | B37: =ChartData!U12 -> 0.10857823 | C37: =ChartData!V12 -> 0.33327342 | D37: =ChartData!W12 -> 0.22951948 | E37: =ChartData!X12 -> 0.0041558442 | F37: =ChartData!Y12 -> 0.00066844847
A38: =ChartData!T13 -> 5.5 | B38: =ChartData!U13 -> 0.12560554 | C38: =ChartData!V13 -> 0.53592013 | D38: =ChartData!W13 -> 0.4107013 | E38: =ChartData!X13 -> 0.00035064935 | F38: =ChartData!Y13 -> 3.6063922e-05
... A74: =ChartData!T49 -> 23.5 | B74: =ChartData!U49 -> 0.28430934 | C74: =ChartData!V49 -> 0 | D74: =ChartData!W49 -> 0 | E74: =ChartData!X49 -> 0.21720779 | F74: =ChartData!Y49 -> 0.067101552

Sheet Self Consumption Figure
A34: Legend: very light thin lines = individual prosumers; bold black = fleet-average net; bold muted green = fleet-average SOC; dashed gray targets show net = 0 and SOC max = 100%.
A36: Hour | B36: Net target kW | C36: Fleet avg net kW | D36: Import only kW | E36: Export only kW | F36: SOC max % | G36: Fleet avg SOC %
A37: =ChartData!AA2 -> 0 | B37: =ChartData!AB2 -> 0 | C37: =ChartData!AC2 -> 0.00062486364 | D37: =ChartData!AD2 -> 0.00062486364 | E37: =ChartData!AE2 -> 0 | F37: =ChartData!AF2 -> 100 | G37: =ChartData!AG2 -> 40
A38: =ChartData!AA3 -> 0.5 | B38: =ChartData!AB3 -> 0 | C38: =ChartData!AC3 -> 0.0019169775 | D38: =ChartData!AD3 -> 0.0019169775 | E38: =ChartData!AE3 -> 0 | F38: =ChartData!AF3 -> 100 | G38: =ChartData!AG3 -> 36.573881
A39: =ChartData!AA4 -> 1 | B39: =ChartData!AB4 -> 0 | C39: =ChartData!AC4 -> 0.0017353117 | D39: =ChartData!AD4 -> 0.0017353117 | E39: =ChartData!AE4 -> 0 | F39: =ChartData!AF4 -> 100 | G39: =ChartData!AG4 -> 34.364817
A40: =ChartData!AA5 -> 1.5 | B40: =ChartData!AB5 -> 0 | C40: =ChartData!AC5 -> 0.002618155 | D40: =ChartData!AD5 -> 0.002618155 | E40: =ChartData!AE5 -> 0 | F40: =ChartData!AF5 -> 100 | G40: =ChartData!AG5 -> 32.808425
A41: =ChartData!AA6 -> 2 | B41: =ChartData!AB6 -> 0 | C41: =ChartData!AC6 -> 0.004800316 | D41: =ChartData!AD6 -> 0.004800316 | E41: =ChartData!AE6 -> 0 | F41: =ChartData!AF6 -> 100 | G41: =ChartData!AG6 -> 31.061217
A42: =ChartData!AA7 -> 2.5 | B42: =ChartData!AB7 -> 0 | C42: =ChartData!AC7 -> 0.0032836788 | D42: =ChartData!AD7 -> 0.0032836788 | E42: =ChartData!AE7 -> 0 | F42: =ChartData!AF7 -> 100 | G42: =ChartData!AG7 -> 29.786691
A43: =ChartData!AA8 -> 3 | B43: =ChartData!AB8 -> 0 | C43: =ChartData!AC8 -> 0.0056018442 | D43: =ChartData!AD8 -> 0.0056018442 | E43: =ChartData!AE8 -> 0 | F43: =ChartData!AF8 -> 100 | G43: =ChartData!AG8 -> 28.265666
A44: =ChartData!AA9 -> 3.5 | B44: =ChartData!AB9 -> 0 | C44: =ChartData!AC9 -> 0.0053688958 | D44: =ChartData!AD9 -> 0.0053688958 | E44: =ChartData!AE9 -> 0 | F44: =ChartData!AF9 -> 100 | G44: =ChartData!AG9 -> 26.679017
A45: =ChartData!AA10 -> 4 | B45: =ChartData!AB10 -> 0 | C45: =ChartData!AC10 -> 0.0064570078 | D45: =ChartData!AD10 -> 0.0064570078 | E45: =ChartData!AE10 -> 0 | F45: =ChartData!AF10 -> 100 | G45: =ChartData!AG10 -> 25.494478
A46: =ChartData!AA11 -> 4.5 | B46: =ChartData!AB11 -> 0 | C46: =ChartData!AC11 -> -2.9369514e-05 | D46: =ChartData!AD11 -> 0 | E46: =ChartData!AE11 -> -2.9369514e-05 | F46: =ChartData!AF11 -> 100 | G46: =ChartData!AG11 -> 24.39647
A47: =ChartData!AA12 -> 5 | B47: =ChartData!AB12 -> 0 | C47: =ChartData!AC12 -> 0.00066844847 | D47: =ChartData!AD12 -> 0.00066844847 | E47: =ChartData!AE12 -> 0 | F47: =ChartData!AF12 -> 100 | G47: =ChartData!AG12 -> 24.946829
A48: =ChartData!AA13 -> 5.5 | B48: =ChartData!AB13 -> 0 | C48: =ChartData!AC13 -> 3.6063922e-05 | D48: =ChartData!AD13 -> 3.6063922e-05 | E48: =ChartData!AE13 -> 0 | F48: =ChartData!AF13 -> 100 | G48: =ChartData!AG13 -> 27.486579
... A84: =ChartData!AA49 -> 23.5 | B84: =ChartData!AB49 -> 0 | C84: =ChartData!AC49 -> 0.067101552 | D84: =ChartData!AD49 -> 0.067101552 | E84: =ChartData!AE49 -> 0 | F84: =ChartData!AF49 -> 100 | G84: =ChartData!AG49 -> 48.559494

Sheet Net Per Prosumer Figure
A26: Hour | B26: Net zero target | C26: Fleet average net
A27: =ChartData!AA2 -> 0 | B27: =ChartData!AB2 -> 0 | C27: =ChartData!AC2 -> 0.00062486364
A28: =ChartData!AA3 -> 0.5 | B28: =ChartData!AB3 -> 0 | C28: =ChartData!AC3 -> 0.0019169775
A29: =ChartData!AA4 -> 1 | B29: =ChartData!AB4 -> 0 | C29: =ChartData!AC4 -> 0.0017353117
A30: =ChartData!AA5 -> 1.5 | B30: =ChartData!AB5 -> 0 | C30: =ChartData!AC5 -> 0.002618155
A31: =ChartData!AA6 -> 2 | B31: =ChartData!AB6 -> 0 | C31: =ChartData!AC6 -> 0.004800316
A32: =ChartData!AA7 -> 2.5 | B32: =ChartData!AB7 -> 0 | C32: =ChartData!AC7 -> 0.0032836788
A33: =ChartData!AA8 -> 3 | B33: =ChartData!AB8 -> 0 | C33: =ChartData!AC8 -> 0.0056018442
A34: =ChartData!AA9 -> 3.5 | B34: =ChartData!AB9 -> 0 | C34: =ChartData!AC9 -> 0.0053688958
A35: =ChartData!AA10 -> 4 | B35: =ChartData!AB10 -> 0 | C35: =ChartData!AC10 -> 0.0064570078
A36: =ChartData!AA11 -> 4.5 | B36: =ChartData!AB11 -> 0 | C36: =ChartData!AC11 -> -2.9369514e-05
A37: =ChartData!AA12 -> 5 | B37: =ChartData!AB12 -> 0 | C37: =ChartData!AC12 -> 0.00066844847
A38: =ChartData!AA13 -> 5.5 | B38: =ChartData!AB13 -> 0 | C38: =ChartData!AC13 -> 3.6063922e-05
... A74: =ChartData!AA49 -> 23.5 | B74: =ChartData!AB49 -> 0 | C74: =ChartData!AC49 -> 0.067101552

Sheet Demand PV Dispatch Figure
A1: Demand, PV and battery dispatch - TR1
A37: Hour | B37: Demand avg kW | C37: PV avg kW | D37: Charge avg kW | E37: Disch. avg kW
A38: =ChartData!T2 -> 0 | B38: =ChartData!U2 -> 0.27365084 | C38: =ChartData!V2 -> 0 | D38: =ChartData!W2 -> 0 | E38: =ChartData!X2 -> 0.27302597
A39: =ChartData!T3 -> 0.5 | B39: =ChartData!U3 -> 0.17791698 | C39: =ChartData!V3 -> 0 | D39: =ChartData!W3 -> 0 | E39: =ChartData!X3 -> 0.176
A40: =ChartData!T4 -> 1 | B40: =ChartData!U4 -> 0.1257483 | C40: =ChartData!V4 -> 0 | D40: =ChartData!W4 -> 0 | E40: =ChartData!X4 -> 0.12401299
A41: =ChartData!T5 -> 1.5 | B41: =ChartData!U5 -> 0.14186491 | C41: =ChartData!V5 -> 0 | D41: =ChartData!W5 -> 0 | E41: =ChartData!X5 -> 0.13924675
A42: =ChartData!T6 -> 2 | B42: =ChartData!U6 -> 0.10638473 | C42: =ChartData!V6 -> 0 | D42: =ChartData!W6 -> 0 | E42: =ChartData!X6 -> 0.10158442
A43: =ChartData!T7 -> 2.5 | B43: =ChartData!U7 -> 0.12450446 | C43: =ChartData!V7 -> 0 | D43: =ChartData!W7 -> 0 | E43: =ChartData!X7 -> 0.12122078
A44: =ChartData!T8 -> 3 | B44: =ChartData!U8 -> 0.1320434 | C44: =ChartData!V8 -> 0 | D44: =ChartData!W8 -> 0 | E44: =ChartData!X8 -> 0.12644156
A45: =ChartData!T9 -> 3.5 | B45: =ChartData!U9 -> 0.10227013 | C45: =ChartData!V9 -> 0.0024856454 | D45: =ChartData!W9 -> 0 | E45: =ChartData!X9 -> 0.094415584
A46: =ChartData!T10 -> 4 | B46: =ChartData!U10 -> 0.12989528 | C46: =ChartData!V10 -> 0.035928327 | D46: =ChartData!W10 -> 5.1948052e-05 | E46: =ChartData!X10 -> 0.08756189
A47: =ChartData!T11 -> 4.5 | B47: =ChartData!U11 -> 0.11673562 | C47: =ChartData!V11 -> 0.16801174 | D47: =ChartData!W11 -> 0.074155844 | E47: =ChartData!X11 -> 0.022909091
A48: =ChartData!T12 -> 5 | B48: =ChartData!U12 -> 0.10857823 | C48: =ChartData!V12 -> 0.33327342 | D48: =ChartData!W12 -> 0.22951948 | E48: =ChartData!X12 -> 0.0041558442
A49: =ChartData!T13 -> 5.5 | B49: =ChartData!U13 -> 0.12560554 | C49: =ChartData!V13 -> 0.53592013 | D49: =ChartData!W13 -> 0.4107013 | E49: =ChartData!X13 -> 0.00035064935
... A85: =ChartData!T49 -> 23.5 | B85: =ChartData!U49 -> 0.28430934 | C85: =ChartData!V49 -> 0 | D85: =ChartData!W49 -> 0 | E85: =ChartData!X49 -> 0.21720779
