Workbook

Sheet ReadMe
A1: README
A2: Data behind the TR2 rolling-dispatch figures (SOC, demand/PV/dispatch, net, self-consumption, metrics histogram).
A3: Each quantity sheet: rows = 48 half-hour periods (with hour of day), columns = prosumers, plus fleet_average / fleet_total.
A4: Dispatch is the committed slot-1 execution of the rolling horizon (self-consumption baseline, Term 2 + Term 3).
A5: SOC is the realised state at the START of each step (fraction of capacity).
A6: net_kW = (demand - PV) + (charge - discharge); positive = import, negative = export.
A7: Regenerate: python build_workbook.py --force (see README.md for other transformers).

Sheet Summary
A1: quantity | B1: value
A2: run | B2: TR2 exact-QCP rolling (FOR_PolyS=0, FOR_LinearizeVmax=0), 48 steps, all Optimal
A3: source dispatch | B3: FOR_rolling_soc_TR2.csv
A4: source load/PV | B4: TR2_load_PV_48periods.xlsx
A5: prosumers | B5: 95
A6: PV generated kWh/day | B6: 2370.4
A7: demand kWh/day | B7: 666.4
A8: exported kWh/day | B8: 1638.2
A9: imported kWh/day | B9: 16.1
A10: SCR % (PV used locally) | B10: 30.9
A11: SSR % (demand met locally) | B11: 97.6
A12: prosumer-periods |net|<50W % | B12: 56.9
A13: SOC min/max over day | B13: 0.10 / 1.00
A14: simultaneous chg+dis rows | B14: 0

Sheet FleetAverage
A1: period | B1: hour | C1: demand_avg_kW | D1: PV_avg_kW | E1: charge_avg_kW | F1: discharge_avg_kW | G1: net_avg_kW | H1: SOC_avg_pct | I1: demand_total_kW | J1: PV_total_kW | K1: net_total_kW
A2: =Demand_kW!A2 -> 1 | B2: =Demand_kW!B2 -> 0 | C2: =AVERAGE(Demand_kW!$C2:$CS2) -> 0.2372935 | D2: =AVERAGE(PV_kW!$C2:$CS2) -> 0 | E2: =AVERAGE(Charge_kW!$C2:$CS2) -> 0 | F2: =AVERAGE(Discharge_kW!$C2:$CS2) -> 0.23728421 | G2: =C2-D2+E2-F2 -> 9.2912281e-06 | H2: =AVERAGE(SOC_pct!$C2:$CS2) -> 40 | I2: =SUM(Demand_kW!$C2:$CS2) -> 22.542883 | J2: =SUM(PV_kW!$C2:$CS2) -> 0 | K2: =I2-J2+SUM(Charge_kW!$C2:$CS2)-SUM(Discharge_kW!$C2:$CS2) -> 0.00088266667
A3: =Demand_kW!A3 -> 2 | B3: =Demand_kW!B3 -> 0.5 | C3: =AVERAGE(Demand_kW!$C3:$CS3) -> 0.21140078 | D3: =AVERAGE(PV_kW!$C3:$CS3) -> 0 | E3: =AVERAGE(Charge_kW!$C3:$CS3) -> 0 | F3: =AVERAGE(Discharge_kW!$C3:$CS3) -> 0.21016842 | G3: =C3-D3+E3-F3 -> 0.0012323579 | H3: =AVERAGE(SOC_pct!$C3:$CS3) -> 37.022328 | I3: =SUM(Demand_kW!$C3:$CS3) -> 20.083074 | J3: =SUM(PV_kW!$C3:$CS3) -> 0 | K3: =I3-J3+SUM(Charge_kW!$C3:$CS3)-SUM(Discharge_kW!$C3:$CS3) -> 0.117074
A4: =Demand_kW!A4 -> 3 | B4: =Demand_kW!B4 -> 1 | C4: =AVERAGE(Demand_kW!$C4:$CS4) -> 0.15961575 | D4: =AVERAGE(PV_kW!$C4:$CS4) -> 0 | E4: =AVERAGE(Charge_kW!$C4:$CS4) -> 0 | F4: =AVERAGE(Discharge_kW!$C4:$CS4) -> 0.15441053 | G4: =C4-D4+E4-F4 -> 0.0052052284 | H4: =AVERAGE(SOC_pct!$C4:$CS4) -> 34.384641 | I4: =SUM(Demand_kW!$C4:$CS4) -> 15.163497 | J4: =SUM(PV_kW!$C4:$CS4) -> 0 | K4: =I4-J4+SUM(Charge_kW!$C4:$CS4)-SUM(Discharge_kW!$C4:$CS4) -> 0.4944967
A5: =Demand_kW!A5 -> 4 | B5: =Demand_kW!B5 -> 1.5 | C5: =AVERAGE(Demand_kW!$C5:$CS5) -> 0.13979605 | D5: =AVERAGE(PV_kW!$C5:$CS5) -> 0 | E5: =AVERAGE(Charge_kW!$C5:$CS5) -> 0 | F5: =AVERAGE(Discharge_kW!$C5:$CS5) -> 0.12967368 | G5: =C5-D5+E5-F5 -> 0.010122361 | H5: =AVERAGE(SOC_pct!$C5:$CS5) -> 32.446777 | I5: =SUM(Demand_kW!$C5:$CS5) -> 13.280624 | J5: =SUM(PV_kW!$C5:$CS5) -> 0 | K5: =I5-J5+SUM(Charge_kW!$C5:$CS5)-SUM(Discharge_kW!$C5:$CS5) -> 0.96162433
A6: =Demand_kW!A6 -> 5 | B6: =Demand_kW!B6 -> 2 | C6: =AVERAGE(Demand_kW!$C6:$CS6) -> 0.13803694 | D6: =AVERAGE(PV_kW!$C6:$CS6) -> 0 | E6: =AVERAGE(Charge_kW!$C6:$CS6) -> 0 | F6: =AVERAGE(Discharge_kW!$C6:$CS6) -> 0.12770526 | G6: =C6-D6+E6-F6 -> 0.010331677 | H6: =AVERAGE(SOC_pct!$C6:$CS6) -> 30.819591 | I6: =SUM(Demand_kW!$C6:$CS6) -> 13.113509 | J6: =SUM(PV_kW!$C6:$CS6) -> 0 | K6: =I6-J6+SUM(Charge_kW!$C6:$CS6)-SUM(Discharge_kW!$C6:$CS6) -> 0.98150933
A7: =Demand_kW!A7 -> 6 | B7: =Demand_kW!B7 -> 2.5 | C7: =AVERAGE(Demand_kW!$C7:$CS7) -> 0.13469394 | D7: =AVERAGE(PV_kW!$C7:$CS7) -> 0 | E7: =AVERAGE(Charge_kW!$C7:$CS7) -> 0 | F7: =AVERAGE(Discharge_kW!$C7:$CS7) -> 0.12175789 | G7: =C7-D7+E7-F7 -> 0.012936042 | H7: =AVERAGE(SOC_pct!$C7:$CS7) -> 29.216692 | I7: =SUM(Demand_kW!$C7:$CS7) -> 12.795924 | J7: =SUM(PV_kW!$C7:$CS7) -> 0 | K7: =I7-J7+SUM(Charge_kW!$C7:$CS7)-SUM(Discharge_kW!$C7:$CS7) -> 1.228924
A8: =Demand_kW!A8 -> 7 | B8: =Demand_kW!B8 -> 3 | C8: =AVERAGE(Demand_kW!$C8:$CS8) -> 0.13106514 | D8: =AVERAGE(PV_kW!$C8:$CS8) -> 0 | E8: =AVERAGE(Charge_kW!$C8:$CS8) -> 0 | F8: =AVERAGE(Discharge_kW!$C8:$CS8) -> 0.10091579 | G8: =C8-D8+E8-F8 -> 0.030149354 | H8: =AVERAGE(SOC_pct!$C8:$CS8) -> 27.689062 | I8: =SUM(Demand_kW!$C8:$CS8) -> 12.451189 | J8: =SUM(PV_kW!$C8:$CS8) -> 0 | K8: =I8-J8+SUM(Charge_kW!$C8:$CS8)-SUM(Discharge_kW!$C8:$CS8) -> 2.8641887
A9: =Demand_kW!A9 -> 8 | B9: =Demand_kW!B9 -> 3.5 | C9: =AVERAGE(Demand_kW!$C9:$CS9) -> 0.12422709 | D9: =AVERAGE(PV_kW!$C9:$CS9) -> 0.0026575679 | E9: =AVERAGE(Charge_kW!$C9:$CS9) -> 0 | F9: =AVERAGE(Discharge_kW!$C9:$CS9) -> 0.11187368 | G9: =C9-D9+E9-F9 -> 0.0096958426 | H9: =AVERAGE(SOC_pct!$C9:$CS9) -> 26.422723 | I9: =SUM(Demand_kW!$C9:$CS9) -> 11.801574 | J9: =SUM(PV_kW!$C9:$CS9) -> 0.25246895 | K9: =I9-J9+SUM(Charge_kW!$C9:$CS9)-SUM(Discharge_kW!$C9:$CS9) -> 0.92110505
A10: =Demand_kW!A10 -> 9 | B10: =Demand_kW!B10 -> 4 | C10: =AVERAGE(Demand_kW!$C10:$CS10) -> 0.12011074 | D10: =AVERAGE(PV_kW!$C10:$CS10) -> 0.038413351 | E10: =AVERAGE(Charge_kW!$C10:$CS10) -> 0.00053684211 | F10: =AVERAGE(Discharge_kW!$C10:$CS10) -> 0.072518584 | G10: =C10-D10+E10-F10 -> 0.0097156501 | H10: =AVERAGE(SOC_pct!$C10:$CS10) -> 25.019641 | I10: =SUM(Demand_kW!$C10:$CS10) -> 11.410521 | J10: =SUM(PV_kW!$C10:$CS10) -> 3.6492684 | K10: =I10-J10+SUM(Charge_kW!$C10:$CS10)-SUM(Discharge_kW!$C10:$CS10) -> 0.92298676
A11: =Demand_kW!A11 -> 10 | B11: =Demand_kW!B11 -> 4.5 | C11: =AVERAGE(Demand_kW!$C11:$CS11) -> 0.10826529 | D11: =AVERAGE(PV_kW!$C11:$CS11) -> 0.17963247 | E11: =AVERAGE(Charge_kW!$C11:$CS11) -> 0.086557895 | F11: =AVERAGE(Discharge_kW!$C11:$CS11) -> 0.012726316 | G11: =C11-D11+E11-F11 -> 0.0024643973 | H11: =AVERAGE(SOC_pct!$C11:$CS11) -> 24.11516 | I11: =SUM(Demand_kW!$C11:$CS11) -> 10.285203 | J11: =SUM(PV_kW!$C11:$CS11) -> 17.065085 | K11: =I11-J11+SUM(Charge_kW!$C11:$CS11)-SUM(Discharge_kW!$C11:$CS11) -> 0.23411774
A12: =Demand_kW!A12 -> 11 | B12: =Demand_kW!B12 -> 5 | C12: =AVERAGE(Demand_kW!$C12:$CS12) -> 0.11527114 | D12: =AVERAGE(PV_kW!$C12:$CS12) -> 0.35632467 | E12: =AVERAGE(Charge_kW!$C12:$CS12) -> 0.24218947 | F12: =AVERAGE(Discharge_kW!$C12:$CS12) -> 0.0012105263 | G12: =C12-D12+E12-F12 -> -7.4582297e-05 | H12: =AVERAGE(SOC_pct!$C12:$CS12) -> 24.932734 | I12: =SUM(Demand_kW!$C12:$CS12) -> 10.950758 | J12: =SUM(PV_kW!$C12:$CS12) -> 33.850844 | K12: =I12-J12+SUM(Charge_kW!$C12:$CS12)-SUM(Discharge_kW!$C12:$CS12) -> -0.0070853182
A13: =Demand_kW!A13 -> 12 | B13: =Demand_kW!B13 -> 5.5 | C13: =AVERAGE(Demand_kW!$C13:$CS13) -> 0.11836403 | D13: =AVERAGE(PV_kW!$C13:$CS13) -> 0.57298767 | E13: =AVERAGE(Charge_kW!$C13:$CS13) -> 0.45467368 | F13: =AVERAGE(Discharge_kW!$C13:$CS13) -> 0 | G13: =C13-D13+E13-F13 -> 5.0037949e-05 | H13: =AVERAGE(SOC_pct!$C13:$CS13) -> 27.653683 | I13: =SUM(Demand_kW!$C13:$CS13) -> 11.244583 | J13: =SUM(PV_kW!$C13:$CS13) -> 54.433829 | K13: =I13-J13+SUM(Charge_kW!$C13:$CS13)-SUM(Discharge_kW!$C13:$CS13) -> 0.0047536052
... A49: =Demand_kW!A49 -> 48 | B49: =Demand_kW!B49 -> 23.5 | C49: =AVERAGE(Demand_kW!$C49:$CS49) -> 0.22125744 | D49: =AVERAGE(PV_kW!$C49:$CS49) -> 0 | E49: =AVERAGE(Charge_kW!$C49:$CS49) -> 0 | F49: =AVERAGE(Discharge_kW!$C49:$CS49) -> 0.18569474 | G49: =C49-D49+E49-F49 -> 0.035562698 | H49: =AVERAGE(SOC_pct!$C49:$CS49) -> 55.061212 | I49: =SUM(Demand_kW!$C49:$CS49) -> 21.019456 | J49: =SUM(PV_kW!$C49:$CS49) -> 0 | K49: =I49-J49+SUM(Charge_kW!$C49:$CS49)-SUM(Discharge_kW!$C49:$CS49) -> 3.3784563

Sheet SOC_pct
A1: period | B1: hour | C1: BES_TR2_three312_A | D1: BES_TR2_three321_B | E1: BES_TR2_three368_A | F1: BES_TR2_three388_A | G1: BES_TR2_three409_C | H1: BES_TR2_three478_B | I1: BES_TR2_three97_B | J1: BES_TR2_three133_C | K1: BES_TR2_three160_C | L1: BES_TR2_five58_C | M1: BES_TR2_five147_C | N1: BES_TR2_five149_A | O1: BES_TR2_five160_C | P1: BES_TR2_five170_A | Q1: BES_TR2_five177_A | R1: BES_TR2_five67_C | S1: BES_TR2_five243_B | T1: BES_TR2_five284_C | U1: BES_TR2_five285_B | V1: BES_TR2_five303_B | W1: BES_TR2_five324_B | X1: BES_TR2_five355_A | Y1: BES_TR2_five394_C | Z1: BES_TR2_five451_A | AA1: BES_TR2_five466_A | AB1: BES_TR2_five494_B | AC1: BES_TR2_five512_A | AD1: BES_TR2_five520_C | AE1: BES_TR2_five540_A | AF1: BES_TR2_five588_A | AG1: BES_TR2_five649_A | AH1: BES_TR2_five663_C | AI1: BES_TR2_five685_B | AJ1: BES_TR2_five695_A | AK1: BES_TR2_five704_A | AL1: BES_TR2_five733_C | AM1: BES_TR2_five117_B | AN1: BES_TR2_five778_B | AO1: BES_TR2_five799_C | AP1: BES_TR2_five801_C | AQ1: BES_TR2_five831_C | AR1: BES_TR2_five881_C | AS1: BES_TR2_five118_B | AT1: BES_TR2_six64_A | AU1: BES_TR2_six154_C | AV1: BES_TR2_six173_C | AW1: BES_TR2_six186_A | AX1: BES_TR2_six191_B | AY1: BES_TR2_six203_A | AZ1: BES_TR2_six232_C | BA1: BES_TR2_six238_A | BB1: BES_TR2_six249_B | BC1: BES_TR2_six254_B | BD1: BES_TR2_six269_C | BE1: BES_TR2_six289_C | BF1: BES_TR2_six317_C | BG1: BES_TR2_six326_A | BH1: BES_TR2_six329_A | BI1: BES_TR2_six342_A | BJ1: BES_TR2_six349_A | BK1: BES_TR2_six350_B | BL1: BES_TR2_six362_C | BM1: BES_TR2_six365_C | BN1: BES_TR2_six378_A | BO1: BES_TR2_six385_B | BP1: BES_TR2_six387_A | BQ1: BES_TR2_six392_C | BR1: BES_TR2_six410_A | BS1: BES_TR2_six431_C | BT1: BES_TR2_six484_B | BU1: BES_TR2_six512_B | BV1: BES_TR2_six518_B | BW1: BES_TR2_six523_C | BX1: BES_TR2_six571_C | BY1: BES_TR2_six583_A | BZ1: BES_TR2_six625_A | CA1: BES_TR2_six646_B | CB1: BES_TR2_six87_A | CC1: BES_TR2_six652_A | CD1: BES_TR2_six665_B | CE1: BES_TR2_six667_A | CF1: BES_TR2_six721_A | CG1: BES_TR2_six740_A | CH1: BES_TR2_six758_B | CI1: BES_TR2_six784_B | CJ1: BES_TR2_six799_B | CK1: BES_TR2_six807_A | CL1: BES_TR2_six885_A | CM1: BES_TR2_six894_B | CN1: BES_TR2_six914_A | CO1: BES_TR2_six921_B | CP1: BES_TR2_six929_A | CQ1: BES_TR2_six938_A | CR1: BES_TR2_six990_B | CS1: BES_TR2_six1020_A | CT1: fleet_average | CU1: fleet_total
A2: 1 | B2: 0 | C2: 40 | D2: 40 | E2: 40 | F2: 40 | G2: 40 | H2: 40 | I2: 40 | J2: 40 | K2: 40 | L2: 40 | M2: 40 | N2: 40 | O2: 40 | P2: 40 | Q2: 40 | R2: 40 | S2: 40 | T2: 40 | U2: 40 | V2: 40 | W2: 40 | X2: 40 | Y2: 40 | Z2: 40 | AA2: 40 | AB2: 40 | AC2: 40 | AD2: 40 | AE2: 40 | AF2: 40 | AG2: 40 | AH2: 40 | AI2: 40 | AJ2: 40 | AK2: 40 | AL2: 40 | AM2: 40 | AN2: 40 | AO2: 40 | AP2: 40 | AQ2: 40 | AR2: 40 | AS2: 40 | AT2: 40 | AU2: 40 | AV2: 40 | AW2: 40 | AX2: 40 | AY2: 40 | AZ2: 40 | BA2: 40 | BB2: 40 | BC2: 40 | BD2: 40 | BE2: 40 | BF2: 40 | BG2: 40 | BH2: 40 | BI2: 40 | BJ2: 40 | BK2: 40 | BL2: 40 | BM2: 40 | BN2: 40 | BO2: 40 | BP2: 40 | BQ2: 40 | BR2: 40 | BS2: 40 | BT2: 40 | BU2: 40 | BV2: 40 | BW2: 40 | BX2: 40 | BY2: 40 | BZ2: 40 | CA2: 40 | CB2: 40 | CC2: 40 | CD2: 40 | CE2: 40 | CF2: 40 | CG2: 40 | CH2: 40 | CI2: 40 | CJ2: 40 | CK2: 40 | CL2: 40 | CM2: 40 | CN2: 40 | CO2: 40 | CP2: 40 | CQ2: 40 | CR2: 40 | CS2: 40 | CT2: 40 | CU2: 3800
A3: 2 | B3: 0.5 | C3: 36.5939 | D3: 39.4604 | E3: 37.4153 | F3: 39.2847 | G3: 39.3224 | H3: 37.9733 | I3: 39.4228 | J3: 39.3045 | K3: 31.4953 | L3: 37.3305 | M3: 38.2148 | N3: 38.5059 | O3: 38.2603 | P3: 37.6121 | Q3: 39.3224 | R3: 38.816 | S3: 39.3726 | T3: 39.3726 | U3: 34.8571 | V3: 38.1338 | W3: 39.3851 | X3: 37.6797 | Y3: 20.3589 | Z3: 37.7171 | AA3: 39.3224 | AB3: 39.3224 | AC3: 36.774 | AD3: 38.9151 | AE3: 38.4395 | AF3: 36.4661 | AG3: 39.5483 | AH3: 37.3751 | AI3: 36.5882 | AJ3: 38.0234 | AK3: 31.1093 | AL3: 39.3475 | AM3: 39.3977 | AN3: 37.3177 | AO3: 29.2084 | AP3: 39.3349 | AQ3: 39.2722 | AR3: 39.3851 | AS3: 37.0521 | AT3: 36.5725 | AU3: 38.0404 | AV3: 33.3485 | AW3: 37.5893 | AX3: 37.9065 | AY3: 38.1937 | AZ3: 37.9094 | BA3: 39.5734 | BB3: 39.5232 | BC3: 34.9644 | BD3: 37.7621 | BE3: 32.3426 | BF3: 39.3977 | BG3: 38.1762 | BH3: 39.6361 | BI3: 35.3921 | BJ3: 34.5945 | BK3: 39.2166 | BL3: 39.4102 | BM3: 39.3977 | BN3: 37.9985 | BO3: 34.287 | BP3: 28.6891 | BQ3: 36.0669 | BR3: 30.5027 | BS3: 37.7689 | BT3: 39.5232 | BU3: 34.8652 | BV3: 38.5446 | BW3: 39.3977 | BX3: 35.1817 | BY3: 39.3224 | BZ3: 32.5501 | CA3: 37.3522 | CB3: 38.1804 | CC3: 38.042 | CD3: 39.3349 | CE3: 39.2973 | CF3: 31.1459 | CG3: 38.3043 | CH3: 39.3726 | CI3: 39.3851 | CJ3: 26.5668 | CK3: 32.8434 | CL3: 39.4228 | CM3: 39.235 | CN3: 38.9205 | CO3: 38.9682 | CP3: 30.2424 | CQ3: 37.4719 | CR3: 37.9396 | CS3: 34.0399 | CT3: 37.022328 | CU3: 3517.1212
A4: 3 | B4: 1 | C4: 35.5444 | D4: 36.807 | E4: 36.7126 | F4: 38.5695 | G4: 37.1662 | H4: 36.2218 | I4: 38.8455 | J4: 37.8551 | K4: 27.7624 | L4: 33.7658 | M4: 37.1218 | N4: 37.2495 | O4: 37.5826 | P4: 37.0223 | Q4: 37.6666 | R4: 36.939 | S4: 38.7451 | T4: 37.7538 | U4: 28.7594 | V4: 36.3381 | W4: 38.0053 | X4: 36.0729 | Y4: 19.6311 | Z4: 35.6956 | AA4: 36.9831 | AB4: 36.9587 | AC4: 36.0713 | AD4: 36.9631 | AE4: 37.1585 | AF4: 33.9148 | AG4: 37.6323 | AH4: 36.0771 | AI4: 35.9356 | AJ4: 37.4085 | AK4: 20.3663 | AL4: 38.695 | AM4: 36.5468 | AN4: 36.7404 | AO4: 21.1864 | AP4: 37.818 | AQ4: 38.5444 | AR4: 38.7702 | AS4: 34.5082 | AT4: 33.44 | AU4: 37.3628 | AV4: 28.7894 | AW4: 35.4035 | AX4: 34.6182 | AY4: 37.5788 | AZ4: 36.2931 | BA4: 39.1467 | BB4: 37.7882 | BC4: 27.915 | BD4: 36.4916 | BE4: 29.4504 | BF4: 38.7953 | BG4: 37.5864 | BH4: 39.2722 | BI4: 29.7812 | BJ4: 29.1092 | BK4: 36.8089 | BL4: 38.8204 | BM4: 38.7953 | BN4: 34.8652 | BO4: 28.296 | BP4: 18.7189 | BQ4: 35.4395 | BR4: 10 | BS4: 37.1164 | BT4: 39.0463 | BU4: 30.3886 | BV4: 36.7436 | BW4: 38.1368 | BX4: 34.5041 | BY4: 36.6185 | BZ4: 25.3666 | CA4: 36.7749 | CB4: 35.6926 | CC4: 34.3608 | CD4: 38.567 | CE4: 36.2773 | CF4: 29.4418 | CG4: 36.6424 | CH4: 36.5823 | CI4: 38.7702 | CJ4: 13.4783 | CK4: 23.902 | CL4: 37.4295 | CM4: 38.5785 | CN4: 36.9622 | CO4: 37.3971 | CP4: 21.8612 | CQ4: 36.832 | CR4: 37.3373 | CS4: 29.0543 | CT4: 34.384641 | CU4: 3266.5409
A5: 4 | B5: 1.5 | C5: 33.2372 | D5: 36.2674 | E5: 34.2551 | F5: 37.8542 | G5: 34.4915 | H5: 33.7974 | I5: 38.2683 | J5: 36.2151 | K5: 26.0916 | L5: 32.0746 | M5: 36.2365 | N5: 34.7626 | O5: 36.3149 | P5: 34.7979 | Q5: 36.989 | R5: 34.5141 | S5: 38.1177 | T5: 35.3058 | U5: 21.4381 | V5: 35.8236 | W5: 37.3904 | X5: 32.6179 | Y5: 18.3601 | Z5: 35.1058 | AA5: 36.2264 | AB5: 36.2811 | AC5: 35.3686 | AD5: 36.3984 | AE5: 36.5059 | AF5: 32.2941 | AG5: 37.1805 | AH5: 33.2872 | AI5: 33.6864 | AJ5: 34.588 | AK5: 11.8444 | AL5: 38.0424 | AM5: 35.9444 | AN5: 34.4408 | AO5: 16.3284 | AP5: 37.1529 | AQ5: 36.5275 | AR5: 36.9146 | AS5: 33.2576 | AT5: 31.3456 | AU5: 36.6852 | AV5: 17.8606 | AW5: 34.4095 | AX5: 32.256 | AY5: 35.7725 | AZ5: 35.6595 | BA5: 37.2529 | BB5: 36.7331 | BC5: 27.3127 | BD5: 34.8872 | BE5: 28.1418 | BF5: 38.193 | BG5: 36.1522 | BH5: 38.9083 | BI5: 27.6186 | BJ5: 28.6198 | BK5: 36.332 | BL5: 38.2307 | BM5: 36.1371 | BN5: 32.2566 | BO5: 25.4928 | BP5: 10 | BQ5: 32.0197 | BR5: 10 | BS5: 34.5345 | BT5: 37.3072 | BU5: 29.5548 | BV5: 36.066 | BW5: 34.3261 | BX5: 30.1607 | BY5: 35.8869 | BZ5: 18.3028 | CA5: 32.8051 | CB5: 33.5465 | CC5: 32.8398 | CD5: 37.0786 | CE5: 35.5745 | CF5: 27.5772 | CG5: 35.9704 | CH5: 35.9549 | CI5: 38.1554 | CJ5: 12.7457 | CK5: 22.739 | CL5: 35.9323 | CM5: 37.0546 | CN5: 36.41 | CO5: 36.7023 | CP5: 19.7334 | CQ5: 34.2265 | CR5: 33.4618 | CS5: 26.923 | CT5: 32.446777 | CU5: 3082.4438
A6: 5 | B6: 2 | C6: 32.5471 | D6: 34.1905 | E6: 31.6704 | F6: 37.1389 | G6: 33.8139 | H6: 31.8439 | I6: 37.6911 | J6: 35.5752 | K6: 23.539 | L6: 31.5601 | M6: 34.2436 | N6: 33.3557 | O6: 35.1653 | P6: 34.0446 | Q6: 35.4418 | R6: 32.2264 | S6: 37.4903 | T6: 33.9998 | U6: 13.4262 | V6: 34.7967 | W6: 36.0106 | X6: 31.5698 | Y6: 16.1841 | Z6: 33.4911 | AA6: 35.5487 | AB6: 33.9175 | AC6: 34.6659 | AD6: 33.9262 | AE6: 35.3645 | AF6: 30.9983 | AG6: 36.7288 | AH6: 31.9931 | AI6: 32.1825 | AJ6: 33.5727 | AK6: 10 | AL6: 37.3899 | AM6: 35.3421 | AN6: 33.4809 | AO6: 13.92 | AP6: 36.1093 | AQ6: 35.1981 | AR6: 35.9896 | AS6: 30.715 | AT6: 30.3869 | AU6: 34.6269 | AV6: 13.9789 | AW6: 31.5308 | AX6: 29.2834 | AY6: 35.1576 | AZ6: 34.2943 | BA6: 36.1416 | BB6: 33.4562 | BC6: 26.2847 | BD6: 32.0689 | BE6: 26.0786 | BF6: 37.5907 | BG6: 33.8543 | BH6: 38.5444 | BI6: 20.7867 | BJ6: 26.8386 | BK6: 34.4061 | BL6: 37.6409 | BM6: 30.4072 | BN6: 31.5418 | BO6: 24.903 | BP6: 10 | BQ6: 30.3774 | BR6: 10 | BS6: 33.882 | BT6: 36.8304 | BU6: 27.1688 | BV6: 34.0921 | BW6: 33.3608 | BX6: 29.2331 | BY6: 35.2093 | BZ6: 17.575 | CA6: 31.683 | CB6: 29.1769 | CC6: 30.0511 | CD6: 36.3107 | CE6: 33.9238 | CF6: 25.2371 | CG6: 34.8655 | CH6: 33.9512 | CI6: 37.5405 | CJ6: 10 | CK6: 20.5935 | CL6: 32.3194 | CM6: 36.4523 | CN6: 33.9243 | CO6: 34.7942 | CP6: 19.2691 | CQ6: 33.2762 | CR6: 32.6021 | CS6: 26.2996 | CT6: 30.819591 | CU6: 2927.8611
A7: 6 | B7: 2.5 | C7: 30.7789 | D7: 33.0744 | E7: 30.9677 | F7: 36.4237 | G7: 31.8765 | H7: 30.2763 | I7: 37.1138 | J7: 34.1018 | K7: 23.0497 | L7: 28.3068 | M7: 33.566 | N7: 30.5894 | O7: 33.8386 | P7: 32.3106 | Q7: 34.6555 | R7: 30.719 | S7: 36.8629 | T7: 32.7693 | U7: 11.2606 | V7: 32.9156 | W7: 35.3957 | X7: 28.4716 | Y7: 15.4563 | Z7: 32.1377 | AA7: 33.2095 | AB7: 33.2399 | AC7: 33.5044 | AD7: 33.3615 | AE7: 33.6644 | AF7: 28.3658 | AG7: 35.3253 | AH7: 30.0623 | AI7: 30.9092 | AJ7: 31.393 | AK7: 10 | AL7: 36.7374 | AM7: 32.4912 | AN7: 32.0425 | AO7: 11.6673 | AP7: 34.971 | AQ7: 34.0407 | AR7: 35.3747 | AS7: 27.3181 | AT7: 25.4634 | AU7: 33.9493 | AV7: 13.4268 | AW7: 30.2297 | AX7: 28.5305 | AY7: 33.7683 | AZ7: 31.9371 | BA7: 35.715 | BB7: 32.9793 | BC7: 24.235 | BD7: 31.2772 | BE7: 23.941 | BF7: 36.9884 | BG7: 32.8099 | BH7: 38.1805 | BI7: 17.885 | BJ7: 24.4004 | BK7: 33.1409 | BL7: 37.0511 | BM7: 18.6564 | BN7: 27.9013 | BO7: 23.5339 | BP7: 10 | BQ7: 28.0004 | BR7: 10 | BS7: 32.5279 | BT7: 36.3535 | BU7: 25.4828 | BV7: 32.8095 | BW7: 31.8508 | BX7: 24.9478 | BY7: 33.5597 | BZ7: 13.929 | CA7: 30.5608 | CB7: 27.2406 | CC7: 29.0116 | CD7: 34.8223 | CE7: 31.8518 | CF7: 23.0538 | CG7: 33.961 | CH7: 32.5373 | CI7: 36.9256 | CJ7: 10 | CK7: 18.8073 | CL7: 31.6005 | CM7: 34.8742 | CN7: 33.3722 | CO7: 34.1668 | CP7: 15.7991 | CQ7: 32.6362 | CR7: 31.9998 | CS7: 22.3064 | CT7: 29.216692 | CU7: 2775.5857
A8: 7 | B8: 3 | C8: 29.1904 | D8: 32.3426 | E8: 26.6282 | F8: 35.7084 | G8: 28.9831 | H8: 28.072 | I8: 36.5366 | J8: 33.2952 | K8: 21.146 | L8: 27.7924 | M8: 32.1269 | N8: 29.2541 | O8: 32.7479 | P8: 31.067 | Q8: 33.2715 | R8: 29.0281 | S8: 36.2354 | T8: 29.2545 | U8: 10.5579 | V8: 32.4011 | W8: 34.3134 | X8: 27.0668 | Y8: 12.7371 | Z8: 30.2117 | AA8: 32.4527 | AB8: 31.2977 | AC8: 30.7372 | AD8: 32.7968 | AE8: 33.0119 | AF8: 26.208 | AG8: 34.361 | AH8: 27.346 | AI8: 28.3052 | AJ8: 29.7368 | AK8: 10 | AL8: 36.0849 | AM8: 31.8889 | AN8: 30.2213 | AO8: 10.8663 | AP8: 34.3059 | AQ8: 31.8519 | AR8: 34.7598 | AS8: 24.2053 | AT8: 23.8269 | AU8: 31.8911 | AV8: 11.0235 | AW8: 27.7502 | AX8: 27.7776 | AY8: 32.7364 | AZ8: 31.1234 | BA8: 35.2883 | BB8: 30.3822 | BC8: 23.6327 | BD8: 29.7744 | BE8: 22.7987 | BF8: 36.386 | BG8: 30.1223 | BH8: 37.8166 | BI8: 13.7012 | BJ8: 23.911 | BK8: 32.6641 | BL8: 36.4613 | BM8: 10 | BN8: 25.8998 | BO8: 21.5803 | BP8: 10 | BQ8: 26.2954 | BR8: 10 | BS8: 30.6476 | BT8: 34.6144 | BU8: 23.8504 | BV8: 32.1319 | BW8: 28.475 | BX8: 23.5121 | BY8: 31.7739 | BZ8: 12.2977 | CA8: 26.745 | CB8: 24.9302 | CC8: 25.4139 | CD8: 34.1573 | CE8: 31.1491 | CF8: 22.4641 | CG8: 31.6161 | CH8: 31.6149 | CI8: 36.3107 | CJ8: 10 | CK8: 18.205 | CL8: 31.0233 | CM8: 34.2176 | CN8: 32.82 | CO8: 32.3261 | CP8: 15.3348 | CQ8: 31.1687 | CR8: 28.8963 | CS8: 21.5155 | CT8: 27.689062 | CU8: 2630.4609
A9: 8 | B9: 3.5 | C9: 28.5002 | D9: 29.8814 | E9: 25.9255 | F9: 34.9931 | G9: 27.6756 | H9: 26.7551 | I9: 35.9594 | J9: 31.933 | K9: 20.6566 | L9: 27.2779 | M9: 30.6878 | N9: 26.6013 | O9: 31.8933 | P9: 30.4772 | Q9: 32.3221 | R9: 27.3347 | S9: 35.608 | T9: 28.6271 | U9: 10 | V9: 30.0075 | W9: 33.401 | X9: 26.5774 | Y9: 12.0093 | Z9: 28.8166 | AA9: 31.6168 | AB9: 30.1986 | AC9: 30.0345 | AD9: 30.3246 | AE9: 32.3594 | AF9: 25.2493 | AG9: 33.7629 | AH9: 26.2494 | AI9: 27.094 | AJ9: 28.2781 | AK9: 10 | AL9: 35.4323 | AM9: 29.9579 | AN9: 29.6441 | AO9: 10 | AP9: 32.789 | AQ9: 31.1241 | AR9: 32.594 | AS9: 23.4255 | AT9: 22.2861 | AU9: 31.2135 | AV9: 10.179 | AW9: 25.6332 | AX9: 27.0247 | AY9: 32.1215 | AZ9: 29.6261 | BA9: 34.8617 | BB9: 28.6473 | BC9: 21.3276 | BD9: 26.7022 | BE9: 20.0719 | BF9: 35.7837 | BG9: 29.5325 | BH9: 37.4527 | BI9: 10 | BJ9: 22.5986 | BK9: 30.6506 | BL9: 35.8715 | BM9: 10 | BN9: 23.2687 | BO9: 20.9905 | BP9: 10 | BQ9: 23.5345 | BR9: 10 | BS9: 29.9951 | BT9: 34.1376 | BU9: 21.4109 | BV9: 31.4543 | BW9: 27.1423 | BX9: 19.6337 | BY9: 31.0963 | BZ9: 11.0268 | CA9: 26.0138 | CB9: 21.9836 | CC9: 23.3152 | CD9: 33.0806 | CE9: 29.1824 | CF9: 20.2035 | CG9: 31.1064 | CH9: 29.1196 | CI9: 35.6959 | CJ9: 10 | CK9: 14.8757 | CL9: 28.129 | CM9: 32.6938 | CN9: 32.2679 | CO9: 31.5639 | CP9: 14.8705 | CQ9: 29.0805 | CR9: 27.2647 | CS9: 20.381 | CT9: 26.422723 | CU9: 2510.1587
A10: 9 | B10: 4 | C10: 26.8542 | D10: 29.385 | E10: 23.4615 | F10: 34.3211 | G10: 24.5983 | H10: 24.5344 | I10: 35.4253 | J10: 31.0476 | K10: 18.4633 | L10: 26.8066 | M10: 29.7072 | N10: 25.4824 | O10: 30.3521 | P10: 28.1217 | Q10: 31.2803 | R10: 24.1752 | S10: 35.0238 | T10: 26.2024 | U10: 10 | V10: 29.5362 | W10: 32.8293 | X10: 24.7236 | Y10: 10 | Z10: 27.8432 | AA10: 29.3729 | AB10: 28.8628 | AC10: 26.8301 | AD10: 29.7761 | AE10: 30.9119 | AF10: 21.5821 | AG10: 32.0365 | AH10: 23.9732 | AI10: 25.8373 | AJ10: 25.9442 | AK10: 10 | AL10: 34.8014 | AM10: 28.4789 | AN10: 27.0049 | AO10: 10 | AP10: 32.1671 | AQ10: 28.6186 | AR10: 32.0008 | AS10: 19.3596 | AT10: 18.922 | AU10: 30.5574 | AV10: 10 | AW10: 25.0991 | AX10: 26.3042 | AY10: 30.3476 | AZ10: 28.2386 | BA10: 32.6145 | BB10: 26.468 | BC10: 20.5982 | BD10: 25.3896 | BE10: 19.1882 | BF10: 35.2246 | BG10: 28.2837 | BH10: 37.1319 | BI10: 10 | BJ10: 19.7132 | BK10: 29.5053 | BL10: 35.298 | BM10: 10 | BN10: 20.5865 | BO10: 18.2846 | BP10: 10 | BQ10: 21.321 | BR10: 10 | BS10: 29.3858 | BT10: 33.6877 | BU10: 20.9521 | BV10: 30.0205 | BW10: 24.1595 | BX10: 17.3735 | BY10: 30.4564 | BZ10: 10 | CA10: 24.2755 | CB10: 19.8644 | CC10: 20.4751 | CD10: 31.9441 | CE10: 27.4533 | CF10: 18.6793 | CG10: 28.9996 | CH10: 28.5192 | CI10: 35.1026 | CJ10: 10 | CK10: 14.3111 | CL10: 25.8094 | CM10: 32.0534 | CN10: 31.732 | CO10: 30.9742 | CP10: 11.8965 | CQ10: 28.4837 | CR10: 26.6948 | CS10: 16.7529 | CT10: 25.019641 | CU10: 2376.8659
A11: 10 | B11: 4.5 | C11: 25.644 | D11: 27.3556 | E11: 21.2169 | F11: 34.2299 | G11: 24.1419 | H11: 24.1599 | I11: 35.4675 | J11: 29.9313 | K11: 17.1712 | L11: 25.7394 | M11: 28.4768 | N11: 23.3748 | O11: 29.9865 | P11: 28 | Q11: 30.2389 | R11: 23.8699 | S11: 35.0204 | T11: 24.2154 | U11: 10 | V11: 28.0229 | W11: 32.8376 | X11: 22.0161 | Y11: 10 | Z11: 25.7345 | AA11: 28.9293 | AB11: 27.4076 | AC11: 26.4394 | AD11: 28.5784 | AE11: 30.1851 | AF11: 21.1572 | AG11: 32.1916 | AH11: 23.5422 | AI11: 23.9461 | AJ11: 25.9524 | AK11: 10 | AL11: 34.4609 | AM11: 28.4984 | AN11: 27.0471 | AO11: 10 | AP11: 32.1261 | AQ11: 28.1949 | AR11: 31.6979 | AS11: 17.9107 | AT11: 17.0522 | AU11: 29.5016 | AV11: 10 | AW11: 21.7844 | AX11: 26.0193 | AY11: 30.2008 | AZ11: 28.1016 | BA11: 32.4405 | BB11: 25.0852 | BC11: 19.428 | BD11: 22.9456 | BE11: 16.3444 | BF11: 35.2441 | BG11: 26.3843 | BH11: 37.3661 | BI11: 10 | BJ11: 19.5358 | BK11: 28.2545 | BL11: 34.9422 | BM11: 10.0196 | BN11: 19.6937 | BO11: 18.0849 | BP11: 10 | BQ11: 19.0209 | BR11: 10 | BS11: 28.4804 | BT11: 32.3387 | BU11: 18.0062 | BV11: 28.5315 | BW11: 22.2229 | BX11: 15.8438 | BY11: 29.2166 | BZ11: 10 | CA11: 23.0456 | CB11: 17.5945 | CC11: 18.3305 | CD11: 31.9032 | CE11: 27.1407 | CF11: 16.5706 | CG11: 28.3326 | CH11: 28.2818 | CI11: 34.7997 | CJ11: 10 | CK11: 12.2522 | CL11: 24.3786 | CM11: 30.7636 | CN11: 31.4139 | CO11: 29.5449 | CP11: 11.1866 | CQ11: 28.4678 | CR11: 23.2015 | CS11: 16.5254 | CT11: 24.11516 | CU11: 2290.9402
A12: 11 | B12: 5 | C12: 26.9928 | D12: 29.4967 | E12: 21.8978 | F12: 36.2128 | G12: 25.0249 | H12: 22.8134 | I12: 37.5747 | J12: 31.2753 | K12: 19.0692 | L12: 27.903 | M12: 30.4936 | N12: 24.4182 | O12: 29.706 | P12: 29.1449 | Q12: 30.6141 | R12: 23.7392 | S12: 37.0824 | T12: 24.3963 | U12: 11.9942 | V12: 29.956 | W12: 34.2224 | X12: 23.0428 | Y12: 11.6433 | Z12: 25.9229 | AA12: 27.7636 | AB12: 27.7827 | AC12: 27.1203 | AD12: 28.0677 | AE12: 31.8473 | AF12: 20.2425 | AG12: 33.0938 | AH12: 21.9825 | AI12: 25.9855 | AJ12: 28.0257 | AK12: 10 | AL12: 35.187 | AM12: 28.5592 | AN12: 27.8625 | AO12: 12.0959 | AP12: 33.7283 | AQ12: 28.174 | AR12: 31.224 | AS12: 17.7585 | AT12: 15.8138 | AU12: 29.5837 | AV12: 11.8667 | AW12: 23.2707 | AX12: 27.3117 | AY12: 30.5451 | AZ12: 27.2818 | BA12: 33.8267 | BB12: 26.3834 | BC12: 20.8996 | BD12: 23.9546 | BE12: 17.9129 | BF12: 37.3287 | BG12: 28.1518 | BH12: 39.6653 | BI12: 11.0996 | BJ12: 18.5568 | BK12: 29.609 | BL12: 35.3964 | BM12: 10.8977 | BN12: 18.7955 | BO12: 19.1958 | BP12: 11.1568 | BQ12: 20.7546 | BR12: 12.22 | BS12: 29.5726 | BT12: 33.5512 | BU12: 20.1811 | BV12: 29.235 | BW12: 22.9941 | BX12: 16.0095 | BY12: 30.1761 | BZ12: 10 | CA12: 24.8244 | CB12: 17.0313 | CC12: 19.5882 | CD12: 33.0977 | CE12: 26.2607 | CF12: 16.4052 | CG12: 30.2696 | CH12: 27.7089 | CI12: 35.5597 | CJ12: 10.3992 | CK12: 13.3565 | CL12: 25.6595 | CM12: 31.2065 | CN12: 30.5499 | CO12: 31.2785 | CP12: 10.5765 | CQ12: 30.5185 | CR12: 24.475 | CS12: 15.5077 | CT12: 24.932734 | CU12: 2368.6097
A13: 12 | B13: 5.5 | C13: 28.9049 | D13: 33.1837 | E13: 21.4941 | F13: 40.7795 | G13: 27.2411 | H13: 26.2356 | I13: 42.2655 | J13: 34.4571 | K13: 22.3528 | L13: 32.6504 | M13: 33.7234 | N13: 28.6677 | O13: 31.7013 | P13: 31.1978 | Q13: 31.0777 | R13: 27.5929 | S13: 41.7281 | T13: 23.8038 | U13: 16.5722 | V13: 34.7033 | W13: 38.8794 | X13: 25.1692 | Y13: 13.7551 | Z13: 28.6486 | AA13: 28.9651 | AB13: 29.1267 | AC13: 27.8543 | AD13: 29.5134 | AE13: 35.4647 | AF13: 21.6526 | AG13: 37.8977 | AH13: 22.0798 | AI13: 29.1156 | AJ13: 30.3371 | AK13: 13.1101 | AL13: 37.2049 | AM13: 33.2275 | AN13: 31.9505 | AO13: 15.7971 | AP13: 37.9993 | AQ13: 30.0793 | AR13: 33.0664 | AS13: 21.2198 | AT13: 18.3624 | AU13: 31.5791 | AV13: 16.5801 | AW13: 27.5801 | AX13: 30.5419 | AY13: 33.8995 | AZ13: 29.2652 | BA13: 36.5933 | BB13: 28.4801 | BC13: 25.5679 | BD13: 27.664 | BE13: 21.9412 | BF13: 41.997 | BG13: 32.1801 | BH13: 44.5481 | BI13: 12.098 | BJ13: 19.5589 | BK13: 32.3781 | BL13: 36.8195 | BM13: 15.2111 | BN13: 20.4488 | BO13: 20.8694 | BP13: 15.7461 | BQ13: 21.1282 | BR13: 16.4696 | BS13: 34.1957 | BT13: 36.3785 | BU13: 24.9397 | BV13: 30.997 | BW13: 22.5994 | BX13: 17.2208 | BY13: 33.6233 | BZ13: 11.5299 | CA13: 27.6166 | CB13: 17.0912 | CC13: 21.8378 | CD13: 37.7095 | CE13: 28.6003 | CF13: 17.404 | CG13: 33.8206 | CH13: 30.0467 | CI13: 37.6115 | CJ13: 12.4171 | CK13: 17.3735 | CL13: 27.8556 | CM13: 31.74 | CN13: 31.5323 | CO13: 35.2729 | CP13: 10.5176 | CQ13: 33.1046 | CR13: 27.5449 | CS13: 16.5641 | CT13: 27.653683 | CU13: 2627.0999
... A49: 48 | B49: 23.5 | C49: 78.5297 | D49: 55.9903 | E49: 48.7484 | F49: 74.2272 | G49: 59.7929 | H49: 46.9482 | I49: 88.2554 | J49: 61.8404 | K49: 10 | L49: 68.0592 | M49: 52.689 | N49: 50.0589 | O49: 72.3991 | P49: 75.6569 | Q49: 66.3384 | R49: 80.1047 | S49: 95.1448 | T49: 48.4182 | U49: 61.0359 | V49: 30.4609 | W49: 10 | X49: 74.4442 | Y49: 51.6296 | Z49: 83.253 | AA49: 85.0519 | AB49: 39.49 | AC49: 38.8314 | AD49: 34.5277 | AE49: 80.2003 | AF49: 43.452 | AG49: 71.1295 | AH49: 84.706 | AI49: 78.6578 | AJ49: 40.9458 | AK49: 10 | AL49: 76.5196 | AM49: 56.5818 | AN49: 90.1605 | AO49: 63.9646 | AP49: 34.5149 | AQ49: 66.7492 | AR49: 54.9794 | AS49: 25.2352 | AT49: 78.433 | AU49: 10 | AV49: 27.7213 | AW49: 53.5703 | AX49: 48.928 | AY49: 30.975 | AZ49: 64.6513 | BA49: 35.2695 | BB49: 77.2705 | BC49: 57.6334 | BD49: 86.259 | BE49: 10 | BF49: 68.3524 | BG49: 74.1084 | BH49: 44.9451 | BI49: 66.0773 | BJ49: 73.1345 | BK49: 54.5988 | BL49: 69.3295 | BM49: 16.332 | BN49: 84.3781 | BO49: 61.4762 | BP49: 23.4937 | BQ49: 55.117 | BR49: 51.348 | BS49: 10 | BT49: 65.7468 | BU49: 70.8989 | BV49: 40.0251 | BW49: 27.0372 | BX49: 71.2724 | BY49: 71.8423 | BZ49: 46.1941 | CA49: 80.492 | CB49: 10 | CC49: 71.0127 | CD49: 56.8762 | CE49: 10 | CF49: 85.5385 | CG49: 53.4428 | CH49: 53.2515 | CI49: 10.0511 | CJ49: 10 | CK49: 67.9242 | CL49: 49.9855 | CM49: 81.9081 | CN49: 39.528 | CO49: 50.1545 | CP49: 37.6067 | CQ49: 89.7683 | CR49: 65.5381 | CS49: 61.5949 | CT49: 55.061212 | CU49: 5230.8151

Sheet Demand_kW
A1: period | B1: hour | C1: BES_TR2_three312_A | D1: BES_TR2_three321_B | E1: BES_TR2_three368_A | F1: BES_TR2_three388_A | G1: BES_TR2_three409_C | H1: BES_TR2_three478_B | I1: BES_TR2_three97_B | J1: BES_TR2_three133_C | K1: BES_TR2_three160_C | L1: BES_TR2_five58_C | M1: BES_TR2_five147_C | N1: BES_TR2_five149_A | O1: BES_TR2_five160_C | P1: BES_TR2_five170_A | Q1: BES_TR2_five177_A | R1: BES_TR2_five67_C | S1: BES_TR2_five243_B | T1: BES_TR2_five284_C | U1: BES_TR2_five285_B | V1: BES_TR2_five303_B | W1: BES_TR2_five324_B | X1: BES_TR2_five355_A | Y1: BES_TR2_five394_C | Z1: BES_TR2_five451_A | AA1: BES_TR2_five466_A | AB1: BES_TR2_five494_B | AC1: BES_TR2_five512_A | AD1: BES_TR2_five520_C | AE1: BES_TR2_five540_A | AF1: BES_TR2_five588_A | AG1: BES_TR2_five649_A | AH1: BES_TR2_five663_C | AI1: BES_TR2_five685_B | AJ1: BES_TR2_five695_A | AK1: BES_TR2_five704_A | AL1: BES_TR2_five733_C | AM1: BES_TR2_five117_B | AN1: BES_TR2_five778_B | AO1: BES_TR2_five799_C | AP1: BES_TR2_five801_C | AQ1: BES_TR2_five831_C | AR1: BES_TR2_five881_C | AS1: BES_TR2_five118_B | AT1: BES_TR2_six64_A | AU1: BES_TR2_six154_C | AV1: BES_TR2_six173_C | AW1: BES_TR2_six186_A | AX1: BES_TR2_six191_B | AY1: BES_TR2_six203_A | AZ1: BES_TR2_six232_C | BA1: BES_TR2_six238_A | BB1: BES_TR2_six249_B | BC1: BES_TR2_six254_B | BD1: BES_TR2_six269_C | BE1: BES_TR2_six289_C | BF1: BES_TR2_six317_C | BG1: BES_TR2_six326_A | BH1: BES_TR2_six329_A | BI1: BES_TR2_six342_A | BJ1: BES_TR2_six349_A | BK1: BES_TR2_six350_B | BL1: BES_TR2_six362_C | BM1: BES_TR2_six365_C | BN1: BES_TR2_six378_A | BO1: BES_TR2_six385_B | BP1: BES_TR2_six387_A | BQ1: BES_TR2_six392_C | BR1: BES_TR2_six410_A | BS1: BES_TR2_six431_C | BT1: BES_TR2_six484_B | BU1: BES_TR2_six512_B | BV1: BES_TR2_six518_B | BW1: BES_TR2_six523_C | BX1: BES_TR2_six571_C | BY1: BES_TR2_six583_A | BZ1: BES_TR2_six625_A | CA1: BES_TR2_six646_B | CB1: BES_TR2_six87_A | CC1: BES_TR2_six652_A | CD1: BES_TR2_six665_B | CE1: BES_TR2_six667_A | CF1: BES_TR2_six721_A | CG1: BES_TR2_six740_A | CH1: BES_TR2_six758_B | CI1: BES_TR2_six784_B | CJ1: BES_TR2_six799_B | CK1: BES_TR2_six807_A | CL1: BES_TR2_six885_A | CM1: BES_TR2_six894_B | CN1: BES_TR2_six914_A | CO1: BES_TR2_six921_B | CP1: BES_TR2_six929_A | CQ1: BES_TR2_six938_A | CR1: BES_TR2_six990_B | CS1: BES_TR2_six1020_A | CT1: fleet_average | CU1: fleet_total
A2: 1 | B2: 0 | C2: 0.27143133 | D2: 0.043 | E2: 0.20597333 | F2: 0.057 | G2: 0.054 | H2: 0.16150667 | I2: 0.046 | J2: 0.055427333 | K2: 0.67774833 | L2: 0.212737 | M2: 0.14226667 | N2: 0.119068 | O2: 0.138642 | P2: 0.19029333 | Q2: 0.054 | R2: 0.094357333 | S2: 0.05 | T2: 0.05 | U2: 0.40984133 | V2: 0.14871667 | W2: 0.049 | X2: 0.184908 | Y2: 1.565217 | Z2: 0.181925 | AA2: 0.054 | AB2: 0.054 | AC2: 0.25708 | AD2: 0.086458 | AE2: 0.12435367 | AF2: 0.281617 | AG2: 0.036 | AH2: 0.20918333 | AI2: 0.271893 | AJ2: 0.15751667 | AK2: 0.708509 | AL2: 0.052 | AM2: 0.048 | AN2: 0.21375733 | AO2: 0.85998733 | AP2: 0.053 | AQ2: 0.058 | AR2: 0.049 | AS2: 0.234921 | AT2: 0.27314067 | AU2: 0.15616267 | AV2: 0.53006033 | AW2: 0.19210933 | AX2: 0.166834 | AY2: 0.14394667 | AZ2: 0.16659933 | BA2: 0.034 | BB2: 0.038 | BC2: 0.401287 | BD2: 0.17833867 | BE2: 0.61022667 | BF2: 0.048 | BG2: 0.145344 | BH2: 0.029 | BI2: 0.36720933 | BJ2: 0.430768 | BK2: 0.062432333 | BL2: 0.047 | BM2: 0.048 | BN2: 0.159502 | BO2: 0.45527333 | BP2: 0.901374 | BQ2: 0.313432 | BR2: 0.75684533 | BS2: 0.177796 | BT2: 0.038 | BU2: 0.40919733 | BV2: 0.11598 | BW2: 0.048 | BX2: 0.38397467 | BY2: 0.054 | BZ2: 0.593688 | CA2: 0.21100867 | CB2: 0.14500933 | CC2: 0.15603567 | CD2: 0.053 | CE2: 0.056 | CF2: 0.70558933 | CG2: 0.13513033 | CH2: 0.05 | CI2: 0.049 | CJ2: 1.0705013 | CK2: 0.57031867 | CL2: 0.046 | CM2: 0.06096 | CN2: 0.086024 | CO2: 0.082228 | CP2: 0.777594 | CQ2: 0.20146367 | CR2: 0.164195 | CS2: 0.47496733 | CT2: 0.2372935 | CU2: 22.542883
A3: 2 | B3: 0.5 | C3: 0.083636 | D3: 0.211454 | E3: 0.056 | F3: 0.057 | G3: 0.171829 | H3: 0.13958 | I3: 0.046 | J3: 0.1155 | K3: 0.297479 | L3: 0.28407 | M3: 0.0871 | N3: 0.100124 | O3: 0.054 | P3: 0.047 | Q3: 0.131952 | R3: 0.149574 | S3: 0.05 | T3: 0.129002 | U3: 0.48593333 | V3: 0.1431 | W3: 0.10996 | X3: 0.128048 | Y3: 0.058 | Z3: 0.161095 | AA3: 0.186419 | AB3: 0.18836 | AC3: 0.056 | AD3: 0.15555467 | AE3: 0.102091 | AF3: 0.20332 | AG3: 0.15268667 | AH3: 0.10343267 | AI3: 0.052 | AJ3: 0.049 | AK3: 0.85611833 | AL3: 0.052 | AM3: 0.22719 | AN3: 0.046 | AO3: 0.639283 | AP3: 0.120884 | AQ3: 0.058 | AR3: 0.049 | AS3: 0.20272267 | AT3: 0.249628 | AU3: 0.054 | AV3: 0.36332167 | AW3: 0.17419333 | AX3: 0.26204667 | AY3: 0.049 | AZ3: 0.12880467 | BA3: 0.034 | BB3: 0.13825867 | BC3: 0.56177467 | BD3: 0.101252 | BE3: 0.23048233 | BF3: 0.048 | BG3: 0.047 | BH3: 0.029 | BI3: 0.44713533 | BJ3: 0.43712933 | BK3: 0.19187233 | BL3: 0.047 | BM3: 0.048 | BN3: 0.249696 | BO3: 0.47743 | BP3: 0.79453533 | BQ3: 0.05 | BR3: 1.7480433 | BS3: 0.052 | BT3: 0.038 | BU3: 0.356741 | BV3: 0.14352667 | BW3: 0.10048 | BX3: 0.054 | BY3: 0.21547233 | BZ3: 0.57246133 | CA3: 0.046 | CB3: 0.198252 | CC3: 0.29335967 | CD3: 0.061200667 | CE3: 0.240668 | CF3: 0.13580067 | CG3: 0.13243833 | CH3: 0.22235533 | CI3: 0.049 | CJ3: 1.0430317 | CK3: 0.71254667 | CL3: 0.15884667 | CM3: 0.05232 | CN3: 0.156064 | CO3: 0.12519867 | CP3: 0.667901 | CQ3: 0.051 | CR3: 0.048 | CS3: 0.39730733 | CT3: 0.21140078 | CU3: 20.083074
A4: 3 | B4: 1 | C4: 0.183862 | D4: 0.043 | E4: 0.19584267 | F4: 0.057 | G4: 0.21314433 | H4: 0.19320133 | I4: 0.046 | J4: 0.130692 | K4: 0.13314267 | L4: 0.13477667 | M4: 0.07055 | N4: 0.19817733 | O4: 0.10102333 | P4: 0.17726667 | Q4: 0.054 | R4: 0.19324667 | S4: 0.05 | T4: 0.19508633 | U4: 0.58344133 | V4: 0.041 | W4: 0.049 | X4: 0.27532667 | Y4: 0.10128 | Z4: 0.047 | AA4: 0.060305667 | AB4: 0.054 | AC4: 0.056 | AD4: 0.045 | AE4: 0.052 | AF4: 0.12914967 | AG4: 0.036 | AH4: 0.22233633 | AI4: 0.179242 | AJ4: 0.22476633 | AK4: 0.67911667 | AL4: 0.052 | AM4: 0.048 | AN4: 0.183256 | AO4: 0.38714167 | AP4: 0.053 | AQ4: 0.160725 | AR4: 0.14787467 | AS4: 0.099667333 | AT4: 0.16691067 | AU4: 0.054 | AV4: 0.87092567 | AW4: 0.079206667 | AX4: 0.18824737 | AY4: 0.14394667 | AZ4: 0.050497667 | BA4: 0.150915 | BB4: 0.084082 | BC4: 0.048 | BD4: 0.127852 | BE4: 0.10428233 | BF4: 0.048 | BG4: 0.114288 | BH4: 0.029 | BI4: 0.17234133 | BJ4: 0.039 | BK4: 0.038 | BL4: 0.047 | BM4: 0.211834 | BN4: 0.20788 | BO4: 0.22338933 | BP4: 0.92955333 | BQ4: 0.272526 | BR4: 0.257956 | BS4: 0.20575067 | BT4: 0.13859 | BU4: 0.066446 | BV4: 0.054 | BW4: 0.30367467 | BX4: 0.346128 | BY4: 0.058303 | BZ4: 0.56291767 | CA4: 0.31635933 | CB4: 0.171026 | CC4: 0.12120467 | CD4: 0.11860533 | CE4: 0.056 | CF4: 0.14858933 | CG4: 0.053556667 | CH4: 0.05 | CI4: 0.049 | CJ4: 0.058385667 | CK4: 0.092676 | CL4: 0.11931267 | CM4: 0.12144 | CN4: 0.044 | CO4: 0.055371333 | CP4: 0.16956933 | CQ4: 0.20762967 | CR4: 0.30884133 | CS4: 0.169844 | CT4: 0.15961575 | CU4: 15.163497
A5: 4 | B5: 1.5 | C5: 0.055 | D5: 0.165512 | E5: 0.20597333 | F5: 0.057 | G5: 0.054 | H5: 0.15567667 | I5: 0.046 | J5: 0.051 | K5: 0.20341667 | L5: 0.041 | M5: 0.15881667 | N5: 0.11211667 | O5: 0.091618667 | P5: 0.060026667 | Q5: 0.12329067 | R5: 0.18230667 | S5: 0.05 | T5: 0.104069 | U5: 0.63846767 | V5: 0.08184 | W5: 0.10996 | X5: 0.083524 | Y5: 0.17341333 | Z5: 0.12868067 | AA5: 0.054 | AB5: 0.18836 | AC5: 0.056 | AD5: 0.19701267 | AE5: 0.090959667 | AF5: 0.103269 | AG5: 0.036 | AH5: 0.103127 | AI5: 0.11984933 | AJ5: 0.080916667 | AK5: 0.44452767 | AL5: 0.052 | AM5: 0.048 | AN5: 0.076501333 | AO5: 0.19192433 | AP5: 0.083170667 | AQ5: 0.10593833 | AR5: 0.073718667 | AS5: 0.202619 | AT5: 0.076396 | AU5: 0.16402133 | AV5: 0.30933233 | AW5: 0.229409 | AX5: 0.23688333 | AY5: 0.049 | AZ5: 0.108793 | BA5: 0.088560333 | BB5: 0.26114233 | BC5: 0.081923333 | BD5: 0.22459067 | BE5: 0.16441867 | BF5: 0.048 | BG5: 0.183122 | BH5: 0.029 | BI5: 0.54443433 | BJ5: 0.141942 | BK5: 0.15347667 | BL5: 0.047 | BM5: 0.456623 | BN5: 0.056965333 | BO5: 0.047 | BP5: 0.130144 | BQ5: 0.130876 | BR5: 0.52382167 | BS5: 0.052 | BT5: 0.038 | BU5: 0.19014667 | BV5: 0.1573 | BW5: 0.076932 | BX5: 0.073921667 | BY5: 0.054 | BZ5: 0.058 | CA5: 0.089423333 | CB5: 0.34821467 | CC5: 0.222234 | CD5: 0.061200667 | CE5: 0.131546 | CF5: 0.18648733 | CG5: 0.088047333 | CH5: 0.15968067 | CI5: 0.049 | CJ5: 0.22906433 | CK5: 0.170976 | CL5: 0.28791533 | CM5: 0.048 | CN5: 0.198088 | CO5: 0.15205533 | CP5: 0.037 | CQ5: 0.075731 | CR5: 0.068505 | CS5: 0.049676 | CT5: 0.13979605 | CU5: 13.280624
A6: 5 | B6: 2 | C6: 0.140908 | D6: 0.088942 | E6: 0.056 | F6: 0.057 | G6: 0.154394 | H6: 0.124928 | I6: 0.046 | J6: 0.11741 | K6: 0.039 | L6: 0.25925333 | M6: 0.054 | N6: 0.22045467 | O6: 0.10572567 | P6: 0.13818667 | Q6: 0.062661333 | R6: 0.12012333 | S6: 0.05 | T6: 0.098061333 | U6: 0.17258467 | V6: 0.14990667 | W6: 0.049 | X6: 0.24689667 | Y6: 0.058 | Z6: 0.10785067 | AA6: 0.186419 | AB6: 0.054 | AC6: 0.09256 | AD6: 0.045 | AE6: 0.135485 | AF6: 0.20978467 | AG6: 0.11184633 | AH6: 0.15386533 | AI6: 0.10146667 | AJ6: 0.173698 | AK6: 0.50465167 | AL6: 0.052 | AM6: 0.22719 | AN6: 0.114628 | AO6: 0.179519 | AP6: 0.090713333 | AQ6: 0.092241667 | AR6: 0.049 | AS6: 0.27069733 | AT6: 0.39235667 | AU6: 0.054 | AV6: 0.044 | AW6: 0.103687 | AX6: 0.06 | AY6: 0.11071533 | AZ6: 0.18784733 | BA6: 0.034 | BB6: 0.038 | BC6: 0.16333933 | BD6: 0.063094667 | BE6: 0.170346 | BF6: 0.048 | BG6: 0.083232 | BH6: 0.029 | BI6: 0.23124367 | BJ6: 0.19430533 | BK6: 0.100826 | BL6: 0.047 | BM6: 0.93643467 | BN6: 0.29010867 | BO6: 0.109104 | BP6: 0.055 | BQ6: 0.18942 | BR6: 0.301805 | BS6: 0.10790933 | BT6: 0.038 | BU6: 0.13435267 | BV6: 0.10220667 | BW6: 0.12033 | BX6: 0.34149967 | BY6: 0.131454 | BZ6: 0.29054967 | CA6: 0.089423333 | CB6: 0.154308 | CC6: 0.082843 | CD6: 0.11860533 | CE6: 0.165122 | CF6: 0.17398667 | CG6: 0.072079667 | CH6: 0.11267467 | CI6: 0.049 | CJ6: 0.117112 | CK6: 0.142342 | CL6: 0.057284667 | CM6: 0.12576 | CN6: 0.044 | CO6: 0.05 | CP6: 0.27652333 | CQ6: 0.051 | CR6: 0.048 | CS6: 0.318224 | CT6: 0.13803694 | CU6: 13.113509
A7: 6 | B7: 2.5 | C7: 0.12659 | D7: 0.058314 | E7: 0.34581933 | F7: 0.057 | G7: 0.23057933 | H7: 0.17566 | I7: 0.046 | J7: 0.064282 | K7: 0.15170667 | L7: 0.041 | M7: 0.11468333 | N7: 0.106405 | O7: 0.086916333 | P7: 0.099106667 | Q7: 0.11029867 | R7: 0.134748 | S7: 0.05 | T7: 0.280096 | U7: 0.056 | V7: 0.041 | W7: 0.086253333 | X7: 0.111954 | Y7: 0.21669333 | Z7: 0.15348867 | AA7: 0.060305667 | AB7: 0.15477 | AC7: 0.22052 | AD7: 0.045 | AE7: 0.052 | AF7: 0.171954 | AG7: 0.076840333 | AH7: 0.216461 | AI7: 0.207518 | AJ7: 0.13198333 | AK7: 0.50461533 | AL7: 0.052 | AM7: 0.048 | AN7: 0.14512933 | AO7: 0.063834333 | AP7: 0.053 | AQ7: 0.17442167 | AR7: 0.049 | AS7: 0.24806567 | AT7: 0.130412 | AU7: 0.16402133 | AV7: 0.19152233 | AW7: 0.19759067 | AX7: 0.06 | AY7: 0.082231333 | AZ7: 0.064843333 | BA7: 0.034 | BB7: 0.20696733 | BC7: 0.048 | BD7: 0.11975733 | BE7: 0.091032 | BF7: 0.048 | BG7: 0.214178 | BH7: 0.029 | BI7: 0.33340967 | BJ7: 0.039 | BK7: 0.038 | BL7: 0.047 | BM7: 1.06447 | BN7: 0.159502 | BO7: 0.155682 | BP7: 0.055 | BQ7: 0.13588 | BR7: 0.155168 | BS7: 0.14984133 | BT7: 0.13859 | BU7: 0.130088 | BV7: 0.054 | BW7: 0.26902333 | BX7: 0.114409 | BY7: 0.14231667 | BZ7: 0.13 | CA7: 0.30408733 | CB7: 0.18411133 | CC7: 0.286702 | CD7: 0.053 | CE7: 0.056 | CF7: 0.047 | CG7: 0.18686633 | CH7: 0.073503 | CI7: 0.049 | CJ7: 0.14139933 | CK7: 0.048 | CL7: 0.046 | CM7: 0.05232 | CN7: 0.044 | CO7: 0.146684 | CP7: 0.037 | CQ7: 0.11694933 | CR7: 0.24732433 | CS7: 0.063028 | CT7: 0.13469394 | CU7: 12.795924
A8: 7 | B8: 3 | C8: 0.055 | D8: 0.19614 | E8: 0.056 | F8: 0.057 | G8: 0.104197 | H8: 0.10494467 | I8: 0.046 | J8: 0.10855533 | K8: 0.039 | L8: 0.041 | M8: 0.11468333 | N8: 0.21140967 | O8: 0.068107 | P8: 0.047 | Q8: 0.075653333 | R8: 0.13494933 | S8: 0.05 | T8: 0.05 | U8: 0.056 | V8: 0.19074667 | W8: 0.072706667 | X8: 0.039 | Y8: 0.058 | Z8: 0.11117767 | AA8: 0.066611333 | AB8: 0.08759 | AC8: 0.056 | AD8: 0.19701267 | AE8: 0.052 | AF8: 0.076398 | AG8: 0.047668667 | AH8: 0.087388333 | AI8: 0.09652 | AJ8: 0.116248 | AK8: 0.45461133 | AL8: 0.052 | AM8: 0.153885 | AN8: 0.046 | AO8: 0.18871033 | AP8: 0.120884 | AQ8: 0.058 | AR8: 0.17259333 | AS8: 0.062142 | AT8: 0.12278933 | AU8: 0.054 | AV8: 0.067293 | AW8: 0.168709 | AX8: 0.06 | AY8: 0.049 | AZ8: 0.11931733 | BA8: 0.034 | BB8: 0.13825867 | BC8: 0.18369333 | BD8: 0.24482733 | BE8: 0.21729467 | BF8: 0.048 | BG8: 0.047 | BH8: 0.029 | BI8: 0.52019367 | BJ8: 0.10458967 | BK8: 0.16045733 | BL8: 0.047 | BM8: 1.7299 | BN8: 0.209674 | BO8: 0.047 | BP8: 0.055 | BQ8: 0.22001333 | BR8: 0.057037333 | BS8: 0.052 | BT8: 0.038 | BU8: 0.19441133 | BV8: 0.054 | BW8: 0.10619933 | BX8: 0.309073 | BY8: 0.054 | BZ8: 0.101283 | CA8: 0.058272 | CB8: 0.23482133 | CC8: 0.167246 | CD8: 0.085802667 | CE8: 0.156728 | CF8: 0.180147 | CG8: 0.040622667 | CH8: 0.19885233 | CI8: 0.049 | CJ8: 0.21116267 | CK8: 0.265318 | CL8: 0.23064633 | CM8: 0.12144 | CN8: 0.044 | CO8: 0.060742667 | CP8: 0.037 | CQ8: 0.16641133 | CR8: 0.13002 | CS8: 0.090407333 | CT8: 0.13106514 | CU8: 12.451189
A9: 8 | B9: 3.5 | C9: 0.133749 | D9: 0.043 | E9: 0.19808 | F9: 0.057 | G9: 0.248671 | H9: 0.17954667 | I9: 0.046 | J9: 0.073136667 | K9: 0.178223 | L9: 0.041 | M9: 0.081583333 | N9: 0.092603333 | O9: 0.124535 | P9: 0.19029333 | Q9: 0.084314667 | R9: 0.25522867 | S9: 0.05 | T9: 0.19495033 | U9: 0.056 | V9: 0.041 | W9: 0.049 | X9: 0.15031 | Y9: 0.18062667 | Z9: 0.079715667 | AA9: 0.18011333 | AB9: 0.107744 | AC9: 0.25708 | AD9: 0.045 | AE9: 0.118788 | AF9: 0.294392 | AG9: 0.141018 | AH9: 0.182684 | AI9: 0.103589 | AJ9: 0.18943333 | AK9: 0.053 | AL9: 0.052 | AM9: 0.121305 | AN9: 0.21375733 | AO9: 0.09827 | AP9: 0.053 | AQ9: 0.201815 | AR9: 0.049 | AS9: 0.32745733 | AT9: 0.27067267 | AU9: 0.054 | AV9: 0.044 | AW9: 0.046 | AX9: 0.06 | AY9: 0.14394667 | AZ9: 0.112722 | BA9: 0.18209233 | BB9: 0.176246 | BC9: 0.061569333 | BD9: 0.10761533 | BE9: 0.073438 | BF9: 0.048 | BG9: 0.10252433 | BH9: 0.029 | BI9: 0.075624 | BJ9: 0.23165767 | BK9: 0.093845333 | BL9: 0.047 | BM9: 0.186248 | BN9: 0.21633 | BO9: 0.217786 | BP9: 0.12179467 | BQ9: 0.179408 | BR9: 0.029 | BS9: 0.052 | BT9: 0.038 | BU9: 0.04 | BV9: 0.11598 | BW9: 0.23942067 | BX9: 0.18269467 | BY9: 0.054 | BZ9: 0.31927033 | CA9: 0.14153133 | CB9: 0.171026 | CC9: 0.229771 | CD9: 0.094003333 | CE9: 0.13994 | CF9: 0.123183 | CG9: 0.17089867 | CH9: 0.05 | CI9: 0.049 | CJ9: 0.052 | CK9: 0.048 | CL9: 0.18786633 | CM9: 0.05232 | CN9: 0.044 | CO9: 0.05 | CP9: 0.23829033 | CQ9: 0.051 | CR9: 0.048 | CS9: 0.29084433 | CT9: 0.12422709 | CU9: 11.801574
A10: 9 | B10: 4 | C10: 0.133749 | D10: 0.211454 | E10: 0.203736 | F10: 0.057 | G10: 0.086105333 | H10: 0.067145 | I10: 0.046 | J10: 0.12626467 | K10: 0.152701 | L10: 0.13477667 | M10: 0.14778333 | N10: 0.21769067 | O10: 0.054 | P10: 0.047 | Q10: 0.10163733 | R10: 0.074061333 | S10: 0.05 | T10: 0.183207 | U10: 0.056 | V10: 0.17032667 | W10: 0.049 | X10: 0.25306467 | Y10: 0.094066667 | Z10: 0.19912667 | AA10: 0.054 | AB10: 0.134616 | AC10: 0.056 | AD10: 0.11409667 | AE10: 0.10765667 | AF10: 0.064948667 | AG10: 0.036 | AH10: 0.053 | AI10: 0.200449 | AJ10: 0.049 | AK10: 0.103047 | AL10: 0.052 | AM10: 0.048 | AN10: 0.046 | AO10: 0.27960167 | AP10: 0.053 | AQ10: 0.064848333 | AR10: 0.049 | AS10: 0.165199 | AT10: 0.18630667 | AU10: 0.10901067 | AV10: 0.19152233 | AW10: 0.313887 | AX10: 0.06 | AY10: 0.049 | AZ10: 0.042 | BA10: 0.057383 | BB10: 0.147496 | BC10: 0.14298533 | BD10: 0.23827667 | BE10: 0.27013933 | BF10: 0.048 | BG10: 0.19488567 | BH10: 0.029 | BI10: 0.048 | BJ10: 0.039 | BK10: 0.13698 | BL10: 0.047 | BM10: 0.048 | BN10: 0.10845067 | BO10: 0.047 | BP10: 0.063349333 | BQ10: 0.22681067 | BR10: 0.176196 | BS10: 0.12188667 | BT10: 0.13859 | BU10: 0.28449933 | BV10: 0.14352667 | BW10: 0.1792 | BX10: 0.15920867 | BY10: 0.14231667 | BZ10: 0.058 | CA10: 0.14153133 | CB10: 0.21197667 | CC10: 0.22063967 | CD10: 0.053 | CE10: 0.056 | CF10: 0.19290867 | CG10: 0.09667 | CH10: 0.05 | CI10: 0.049 | CJ10: 0.27162333 | CK10: 0.207592 | CL10: 0.157537 | CM10: 0.12144 | CN10: 0.044 | CO10: 0.15742667 | CP10: 0.075229333 | CQ10: 0.051 | CR10: 0.31567967 | CS10: 0.043 | CT10: 0.12011074 | CU10: 11.410521
A11: 10 | B11: 4.5 | C11: 0.055 | D11: 0.043 | E11: 0.056 | F11: 0.057 | G11: 0.154394 | H11: 0.281733 | I11: 0.046 | J11: 0.055427333 | K11: 0.064524333 | L11: 0.041 | M11: 0.054 | N11: 0.14018833 | O11: 0.138642 | P11: 0.073053333 | Q11: 0.054 | R11: 0.24299333 | S11: 0.05 | T11: 0.100274 | U11: 0.056 | V11: 0.06142 | W11: 0.10996 | X11: 0.083524 | Y11: 0.058 | Z11: 0.12868067 | AA11: 0.18011333 | AB11: 0.054 | AC11: 0.056 | AD11: 0.127916 | AE11: 0.085394 | AF11: 0.218252 | AG11: 0.15268667 | AH11: 0.21150267 | AI11: 0.052 | AJ11: 0.049 | AK11: 0.370225 | AL11: 0.052 | AM11: 0.22719 | AN11: 0.16038 | AO11: 0.047 | AP11: 0.090713333 | AQ11: 0.14702833 | AR11: 0.15405433 | AS11: 0.24469867 | AT11: 0.273114 | AU11: 0.10901067 | AV11: 0.067293 | AW11: 0.10096883 | AX11: 0.06 | AY11: 0.14394667 | AZ11: 0.21069367 | BA11: 0.080766 | BB11: 0.059484 | BC11: 0.10227733 | BD11: 0.114166 | BE11: 0.064625333 | BF11: 0.048 | BG11: 0.047 | BH11: 0.029 | BI11: 0.048 | BJ11: 0.19430533 | BK11: 0.054496667 | BL11: 0.047 | BM11: 0.154828 | BN11: 0.24600633 | BO11: 0.047 | BP11: 0.130144 | BQ11: 0.05 | BR11: 0.036009333 | BS11: 0.135864 | BT11: 0.038 | BU11: 0.04 | BV11: 0.054 | BW11: 0.048 | BX11: 0.15976067 | BY11: 0.118545 | BZ11: 0.21 | CA11: 0.046 | CB11: 0.190238 | CC11: 0.121209 | CD11: 0.126806 | CE11: 0.215486 | CF11: 0.12946933 | CG11: 0.032 | CH11: 0.191018 | CI11: 0.049 | CJ11: 0.080938667 | CK11: 0.105726 | CL11: 0.090089667 | CM11: 0.048 | CN11: 0.156064 | CO11: 0.05 | CP11: 0.13582933 | CQ11: 0.051 | CR11: 0.06167 | CS11: 0.197385 | CT11: 0.10826529 | CU11: 10.285203
A12: 11 | B12: 5 | C12: 0.176703 | D12: 0.134884 | E12: 0.262844 | F12: 0.057 | G12: 0.26510767 | H12: 0.043 | I12: 0.046 | J12: 0.064282 | K12: 0.170599 | L12: 0.041 | M12: 0.17536667 | N12: 0.085082667 | O12: 0.054 | P12: 0.16424 | Q12: 0.131952 | R12: 0.12012333 | S12: 0.05 | T12: 0.27788333 | U12: 0.056 | V12: 0.041 | W12: 0.049 | X12: 0.15773067 | Y12: 0.21669333 | Z12: 0.047 | AA12: 0.066611333 | AB12: 0.054 | AC12: 0.16568 | AD12: 0.045 | AE12: 0.14105067 | AF12: 0.16348667 | AG12: 0.036 | AH12: 0.16439333 | AI12: 0.18418867 | AJ12: 0.25668733 | AK12: 0.070628 | AL12: 0.052 | AM12: 0.048 | AN12: 0.099377333 | AO12: 0.133624 | AP12: 0.083170667 | AQ12: 0.119635 | AR12: 0.067539 | AS12: 0.15486867 | AT12: 0.120348 | AU12: 0.054 | AV12: 0.044 | AW12: 0.079782667 | AX12: 0.06 | AY12: 0.049 | AZ12: 0.112722 | BA12: 0.15870933 | BB12: 0.160366 | BC12: 0.048 | BD12: 0.075236667 | BE12: 0.047 | BF12: 0.048 | BG12: 0.047 | BH12: 0.029 | BI12: 0.199932 | BJ12: 0.141942 | BK12: 0.100826 | BL12: 0.047 | BM12: 0.07942 | BN12: 0.19962167 | BO12: 0.140156 | BP12: 0.055 | BQ12: 0.37059733 | BR12: 0.085074667 | BS12: 0.052 | BT12: 0.038 | BU12: 0.04 | BV12: 0.07466 | BW12: 0.26212567 | BX12: 0.23875133 | BY12: 0.098450667 | BZ12: 0.21054667 | CA12: 0.156448 | CB12: 0.28303733 | CC12: 0.26215667 | CD12: 0.053 | CE12: 0.081182 | CF12: 0.14224 | CG12: 0.089256667 | CH12: 0.081337333 | CI12: 0.049 | CJ12: 0.052 | CK12: 0.048 | CL12: 0.20922667 | CM12: 0.12576 | CN12: 0.086024 | CO12: 0.05 | CP12: 0.17769367 | CQ12: 0.23236067 | CR12: 0.074194667 | CS12: 0.13713967 | CT12: 0.11527114 | CU12: 10.950758
A13: 12 | B13: 5.5 | C13: 0.090795 | D13: 0.11957 | E13: 0.13897333 | F13: 0.057 | G13: 0.132881 | H13: 0.244432 | I13: 0.046 | J13: 0.11741 | K13: 0.14607133 | L13: 0.054396667 | M13: 0.054 | N13: 0.27033533 | O13: 0.054 | P13: 0.047 | Q13: 0.054 | R13: 0.047 | S13: 0.05 | T13: 0.057182 | U13: 0.056 | V13: 0.041 | W13: 0.049 | X13: 0.039 | Y13: 0.058 | Z13: 0.23767533 | AA13: 0.054 | AB13: 0.054 | AC13: 0.1474 | AD13: 0.19701267 | AE13: 0.052 | AF13: 0.076398 | AG13: 0.106012 | AH13: 0.13225133 | AI13: 0.16436933 | AJ13: 0.049 | AK13: 0.14617133 | AL13: 0.052 | AM13: 0.22719 | AN13: 0.046 | AO13: 0.24425133 | AP13: 0.16967 | AQ13: 0.058 | AR13: 0.049 | AS13: 0.21820733 | AT13: 0.057 | AU13: 0.16402133 | AV13: 0.207051 | AW13: 0.294198 | AX13: 0.06 | AY13: 0.29355343 | AZ13: 0.13337333 | BA13: 0.034 | BB13: 0.18485733 | BC13: 0.095492667 | BD13: 0.24637133 | BE13: 0.20845067 | BF13: 0.048 | BG13: 0.136538 | BH13: 0.029 | BI13: 0.048 | BJ13: 0.039 | BK13: 0.15347667 | BL13: 0.047 | BM13: 0.048 | BN13: 0.10475733 | BO13: 0.12463 | BP13: 0.130144 | BQ13: 0.064378667 | BR13: 0.12713067 | BS13: 0.052 | BT13: 0.13859 | BU13: 0.055014667 | BV13: 0.18484667 | BW13: 0.360366 | BX13: 0.161772 | BY13: 0.13229 | BZ13: 0.146 | CA13: 0.24933467 | CB13: 0.059895333 | CC13: 0.14516767 | CD13: 0.126806 | CE13: 0.056 | CF13: 0.19283667 | CG13: 0.13951 | CH13: 0.057834333 | CI13: 0.0651282 | CJ13: 0.300562 | CK13: 0.136816 | CL13: 0.23270667 | CM13: 0.048 | CN13: 0.044 | CO13: 0.05 | CP13: 0.037 | CQ13: 0.051 | CR13: 0.28948067 | CS13: 0.14854533 | CT13: 0.11836403 | CU13: 11.244583
... A49: 48 | B49: 23.5 | C49: 0.447443 | D49: 0.043 | E49: 0.34582067 | F49: 0.057 | G49: 0.054 | H49: 0.19442233 | I49: 0.080879667 | J49: 0.055427333 | K49: 0.11225933 | L49: 0.041 | M49: 0.11694 | N49: 0.055 | O49: 0.42389267 | P49: 0.047 | Q49: 0.054 | R49: 0.343178 | S49: 0.05 | T49: 0.32815733 | U49: 0.48597733 | V49: 0.041 | W49: 0.3624 | X49: 0.087636 | Y49: 0.058 | Z49: 0.47811167 | AA49: 0.17380767 | AB49: 0.191898 | AC49: 0.12912 | AD49: 0.54794 | AE49: 0.40925667 | AF49: 0.32027267 | AG49: 0.047668667 | AH49: 0.17880267 | AI49: 0.150966 | AJ49: 0.743428 | AK49: 0.93216067 | AL49: 0.159253 | AM49: 0.16203 | AN49: 0.72522333 | AO49: 0.06307 | AP49: 0.32139467 | AQ49: 0.058 | AR49: 0.067539 | AS49: 0.68506633 | AT49: 0.212794 | AU49: 0.70146533 | AV49: 0.60894667 | AW49: 0.164163 | AX49: 0.62299067 | AY49: 0.049 | AZ49: 0.112722 | BA49: 0.33706167 | BB49: 0.20696733 | BC49: 0.393736 | BD49: 0.22013133 | BE49: 0.179096 | BF49: 0.048 | BG49: 0.047 | BH49: 0.029 | BI49: 0.25321467 | BJ49: 0.14489 | BK49: 0.15347667 | BL49: 0.34678667 | BM49: 0.76375533 | BN49: 0.23036867 | BO49: 0.047 | BP49: 0.063349333 | BQ49: 0.055263333 | BR49: 0.090284667 | BS49: 0.20575067 | BT49: 0.038 | BU49: 0.17064333 | BV49: 0.15147133 | BW49: 0.500527 | BX49: 0.065953 | BY49: 0.74271167 | BZ49: 0.058 | CA49: 0.046 | CB49: 0.29528867 | CC49: 0.19280967 | CD49: 0.053 | CE49: 0.056 | CF49: 0.218369 | CG49: 0.13654467 | CH49: 0.05 | CI49: 0.049 | CJ49: 0.22821533 | CK49: 0.075328 | CL49: 0.23543867 | CM49: 0.07824 | CN49: 0.072016 | CO49: 0.087599333 | CP49: 0.14204133 | CQ49: 0.11694933 | CR49: 0.22456467 | CS49: 0.21808867 | CT49: 0.22125744 | CU49: 21.019456

Sheet PV_kW
A1: period | B1: hour | C1: BES_TR2_three312_A | D1: BES_TR2_three321_B | E1: BES_TR2_three368_A | F1: BES_TR2_three388_A | G1: BES_TR2_three409_C | H1: BES_TR2_three478_B | I1: BES_TR2_three97_B | J1: BES_TR2_three133_C | K1: BES_TR2_three160_C | L1: BES_TR2_five58_C | M1: BES_TR2_five147_C | N1: BES_TR2_five149_A | O1: BES_TR2_five160_C | P1: BES_TR2_five170_A | Q1: BES_TR2_five177_A | R1: BES_TR2_five67_C | S1: BES_TR2_five243_B | T1: BES_TR2_five284_C | U1: BES_TR2_five285_B | V1: BES_TR2_five303_B | W1: BES_TR2_five324_B | X1: BES_TR2_five355_A | Y1: BES_TR2_five394_C | Z1: BES_TR2_five451_A | AA1: BES_TR2_five466_A | AB1: BES_TR2_five494_B | AC1: BES_TR2_five512_A | AD1: BES_TR2_five520_C | AE1: BES_TR2_five540_A | AF1: BES_TR2_five588_A | AG1: BES_TR2_five649_A | AH1: BES_TR2_five663_C | AI1: BES_TR2_five685_B | AJ1: BES_TR2_five695_A | AK1: BES_TR2_five704_A | AL1: BES_TR2_five733_C | AM1: BES_TR2_five117_B | AN1: BES_TR2_five778_B | AO1: BES_TR2_five799_C | AP1: BES_TR2_five801_C | AQ1: BES_TR2_five831_C | AR1: BES_TR2_five881_C | AS1: BES_TR2_five118_B | AT1: BES_TR2_six64_A | AU1: BES_TR2_six154_C | AV1: BES_TR2_six173_C | AW1: BES_TR2_six186_A | AX1: BES_TR2_six191_B | AY1: BES_TR2_six203_A | AZ1: BES_TR2_six232_C | BA1: BES_TR2_six238_A | BB1: BES_TR2_six249_B | BC1: BES_TR2_six254_B | BD1: BES_TR2_six269_C | BE1: BES_TR2_six289_C | BF1: BES_TR2_six317_C | BG1: BES_TR2_six326_A | BH1: BES_TR2_six329_A | BI1: BES_TR2_six342_A | BJ1: BES_TR2_six349_A | BK1: BES_TR2_six350_B | BL1: BES_TR2_six362_C | BM1: BES_TR2_six365_C | BN1: BES_TR2_six378_A | BO1: BES_TR2_six385_B | BP1: BES_TR2_six387_A | BQ1: BES_TR2_six392_C | BR1: BES_TR2_six410_A | BS1: BES_TR2_six431_C | BT1: BES_TR2_six484_B | BU1: BES_TR2_six512_B | BV1: BES_TR2_six518_B | BW1: BES_TR2_six523_C | BX1: BES_TR2_six571_C | BY1: BES_TR2_six583_A | BZ1: BES_TR2_six625_A | CA1: BES_TR2_six646_B | CB1: BES_TR2_six87_A | CC1: BES_TR2_six652_A | CD1: BES_TR2_six665_B | CE1: BES_TR2_six667_A | CF1: BES_TR2_six721_A | CG1: BES_TR2_six740_A | CH1: BES_TR2_six758_B | CI1: BES_TR2_six784_B | CJ1: BES_TR2_six799_B | CK1: BES_TR2_six807_A | CL1: BES_TR2_six885_A | CM1: BES_TR2_six894_B | CN1: BES_TR2_six914_A | CO1: BES_TR2_six921_B | CP1: BES_TR2_six929_A | CQ1: BES_TR2_six938_A | CR1: BES_TR2_six990_B | CS1: BES_TR2_six1020_A | CT1: fleet_average | CU1: fleet_total
A2: 1 | B2: 0 | C2: 0 | D2: 0 | E2: 0 | F2: 0 | G2: 0 | H2: 0 | I2: 0 | J2: 0 | K2: 0 | L2: 0 | M2: 0 | N2: 0 | O2: 0 | P2: 0 | Q2: 0 | R2: 0 | S2: 0 | T2: 0 | U2: 0 | V2: 0 | W2: 0 | X2: 0 | Y2: 0 | Z2: 0 | AA2: 0 | AB2: 0 | AC2: 0 | AD2: 0 | AE2: 0 | AF2: 0 | AG2: 0 | AH2: 0 | AI2: 0 | AJ2: 0 | AK2: 0 | AL2: 0 | AM2: 0 | AN2: 0 | AO2: 0 | AP2: 0 | AQ2: 0 | AR2: 0 | AS2: 0 | AT2: 0 | AU2: 0 | AV2: 0 | AW2: 0 | AX2: 0 | AY2: 0 | AZ2: 0 | BA2: 0 | BB2: 0 | BC2: 0 | BD2: 0 | BE2: 0 | BF2: 0 | BG2: 0 | BH2: 0 | BI2: 0 | BJ2: 0 | BK2: 0 | BL2: 0 | BM2: 0 | BN2: 0 | BO2: 0 | BP2: 0 | BQ2: 0 | BR2: 0 | BS2: 0 | BT2: 0 | BU2: 0 | BV2: 0 | BW2: 0 | BX2: 0 | BY2: 0 | BZ2: 0 | CA2: 0 | CB2: 0 | CC2: 0 | CD2: 0 | CE2: 0 | CF2: 0 | CG2: 0 | CH2: 0 | CI2: 0 | CJ2: 0 | CK2: 0 | CL2: 0 | CM2: 0 | CN2: 0 | CO2: 0 | CP2: 0 | CQ2: 0 | CR2: 0 | CS2: 0 | CT2: 0 | CU2: 0
A3: 2 | B3: 0.5 | C3: 0 | D3: 0 | E3: 0 | F3: 0 | G3: 0 | H3: 0 | I3: 0 | J3: 0 | K3: 0 | L3: 0 | M3: 0 | N3: 0 | O3: 0 | P3: 0 | Q3: 0 | R3: 0 | S3: 0 | T3: 0 | U3: 0 | V3: 0 | W3: 0 | X3: 0 | Y3: 0 | Z3: 0 | AA3: 0 | AB3: 0 | AC3: 0 | AD3: 0 | AE3: 0 | AF3: 0 | AG3: 0 | AH3: 0 | AI3: 0 | AJ3: 0 | AK3: 0 | AL3: 0 | AM3: 0 | AN3: 0 | AO3: 0 | AP3: 0 | AQ3: 0 | AR3: 0 | AS3: 0 | AT3: 0 | AU3: 0 | AV3: 0 | AW3: 0 | AX3: 0 | AY3: 0 | AZ3: 0 | BA3: 0 | BB3: 0 | BC3: 0 | BD3: 0 | BE3: 0 | BF3: 0 | BG3: 0 | BH3: 0 | BI3: 0 | BJ3: 0 | BK3: 0 | BL3: 0 | BM3: 0 | BN3: 0 | BO3: 0 | BP3: 0 | BQ3: 0 | BR3: 0 | BS3: 0 | BT3: 0 | BU3: 0 | BV3: 0 | BW3: 0 | BX3: 0 | BY3: 0 | BZ3: 0 | CA3: 0 | CB3: 0 | CC3: 0 | CD3: 0 | CE3: 0 | CF3: 0 | CG3: 0 | CH3: 0 | CI3: 0 | CJ3: 0 | CK3: 0 | CL3: 0 | CM3: 0 | CN3: 0 | CO3: 0 | CP3: 0 | CQ3: 0 | CR3: 0 | CS3: 0 | CT3: 0 | CU3: 0
A4: 3 | B4: 1 | C4: 0 | D4: 0 | E4: 0 | F4: 0 | G4: 0 | H4: 0 | I4: 0 | J4: 0 | K4: 0 | L4: 0 | M4: 0 | N4: 0 | O4: 0 | P4: 0 | Q4: 0 | R4: 0 | S4: 0 | T4: 0 | U4: 0 | V4: 0 | W4: 0 | X4: 0 | Y4: 0 | Z4: 0 | AA4: 0 | AB4: 0 | AC4: 0 | AD4: 0 | AE4: 0 | AF4: 0 | AG4: 0 | AH4: 0 | AI4: 0 | AJ4: 0 | AK4: 0 | AL4: 0 | AM4: 0 | AN4: 0 | AO4: 0 | AP4: 0 | AQ4: 0 | AR4: 0 | AS4: 0 | AT4: 0 | AU4: 0 | AV4: 0 | AW4: 0 | AX4: 0 | AY4: 0 | AZ4: 0 | BA4: 0 | BB4: 0 | BC4: 0 | BD4: 0 | BE4: 0 | BF4: 0 | BG4: 0 | BH4: 0 | BI4: 0 | BJ4: 0 | BK4: 0 | BL4: 0 | BM4: 0 | BN4: 0 | BO4: 0 | BP4: 0 | BQ4: 0 | BR4: 0 | BS4: 0 | BT4: 0 | BU4: 0 | BV4: 0 | BW4: 0 | BX4: 0 | BY4: 0 | BZ4: 0 | CA4: 0 | CB4: 0 | CC4: 0 | CD4: 0 | CE4: 0 | CF4: 0 | CG4: 0 | CH4: 0 | CI4: 0 | CJ4: 0 | CK4: 0 | CL4: 0 | CM4: 0 | CN4: 0 | CO4: 0 | CP4: 0 | CQ4: 0 | CR4: 0 | CS4: 0 | CT4: 0 | CU4: 0
A5: 4 | B5: 1.5 | C5: 0 | D5: 0 | E5: 0 | F5: 0 | G5: 0 | H5: 0 | I5: 0 | J5: 0 | K5: 0 | L5: 0 | M5: 0 | N5: 0 | O5: 0 | P5: 0 | Q5: 0 | R5: 0 | S5: 0 | T5: 0 | U5: 0 | V5: 0 | W5: 0 | X5: 0 | Y5: 0 | Z5: 0 | AA5: 0 | AB5: 0 | AC5: 0 | AD5: 0 | AE5: 0 | AF5: 0 | AG5: 0 | AH5: 0 | AI5: 0 | AJ5: 0 | AK5: 0 | AL5: 0 | AM5: 0 | AN5: 0 | AO5: 0 | AP5: 0 | AQ5: 0 | AR5: 0 | AS5: 0 | AT5: 0 | AU5: 0 | AV5: 0 | AW5: 0 | AX5: 0 | AY5: 0 | AZ5: 0 | BA5: 0 | BB5: 0 | BC5: 0 | BD5: 0 | BE5: 0 | BF5: 0 | BG5: 0 | BH5: 0 | BI5: 0 | BJ5: 0 | BK5: 0 | BL5: 0 | BM5: 0 | BN5: 0 | BO5: 0 | BP5: 0 | BQ5: 0 | BR5: 0 | BS5: 0 | BT5: 0 | BU5: 0 | BV5: 0 | BW5: 0 | BX5: 0 | BY5: 0 | BZ5: 0 | CA5: 0 | CB5: 0 | CC5: 0 | CD5: 0 | CE5: 0 | CF5: 0 | CG5: 0 | CH5: 0 | CI5: 0 | CJ5: 0 | CK5: 0 | CL5: 0 | CM5: 0 | CN5: 0 | CO5: 0 | CP5: 0 | CQ5: 0 | CR5: 0 | CS5: 0 | CT5: 0 | CU5: 0
A6: 5 | B6: 2 | C6: 0 | D6: 0 | E6: 0 | F6: 0 | G6: 0 | H6: 0 | I6: 0 | J6: 0 | K6: 0 | L6: 0 | M6: 0 | N6: 0 | O6: 0 | P6: 0 | Q6: 0 | R6: 0 | S6: 0 | T6: 0 | U6: 0 | V6: 0 | W6: 0 | X6: 0 | Y6: 0 | Z6: 0 | AA6: 0 | AB6: 0 | AC6: 0 | AD6: 0 | AE6: 0 | AF6: 0 | AG6: 0 | AH6: 0 | AI6: 0 | AJ6: 0 | AK6: 0 | AL6: 0 | AM6: 0 | AN6: 0 | AO6: 0 | AP6: 0 | AQ6: 0 | AR6: 0 | AS6: 0 | AT6: 0 | AU6: 0 | AV6: 0 | AW6: 0 | AX6: 0 | AY6: 0 | AZ6: 0 | BA6: 0 | BB6: 0 | BC6: 0 | BD6: 0 | BE6: 0 | BF6: 0 | BG6: 0 | BH6: 0 | BI6: 0 | BJ6: 0 | BK6: 0 | BL6: 0 | BM6: 0 | BN6: 0 | BO6: 0 | BP6: 0 | BQ6: 0 | BR6: 0 | BS6: 0 | BT6: 0 | BU6: 0 | BV6: 0 | BW6: 0 | BX6: 0 | BY6: 0 | BZ6: 0 | CA6: 0 | CB6: 0 | CC6: 0 | CD6: 0 | CE6: 0 | CF6: 0 | CG6: 0 | CH6: 0 | CI6: 0 | CJ6: 0 | CK6: 0 | CL6: 0 | CM6: 0 | CN6: 0 | CO6: 0 | CP6: 0 | CQ6: 0 | CR6: 0 | CS6: 0 | CT6: 0 | CU6: 0
A7: 6 | B7: 2.5 | C7: 0 | D7: 0 | E7: 0 | F7: 0 | G7: 0 | H7: 0 | I7: 0 | J7: 0 | K7: 0 | L7: 0 | M7: 0 | N7: 0 | O7: 0 | P7: 0 | Q7: 0 | R7: 0 | S7: 0 | T7: 0 | U7: 0 | V7: 0 | W7: 0 | X7: 0 | Y7: 0 | Z7: 0 | AA7: 0 | AB7: 0 | AC7: 0 | AD7: 0 | AE7: 0 | AF7: 0 | AG7: 0 | AH7: 0 | AI7: 0 | AJ7: 0 | AK7: 0 | AL7: 0 | AM7: 0 | AN7: 0 | AO7: 0 | AP7: 0 | AQ7: 0 | AR7: 0 | AS7: 0 | AT7: 0 | AU7: 0 | AV7: 0 | AW7: 0 | AX7: 0 | AY7: 0 | AZ7: 0 | BA7: 0 | BB7: 0 | BC7: 0 | BD7: 0 | BE7: 0 | BF7: 0 | BG7: 0 | BH7: 0 | BI7: 0 | BJ7: 0 | BK7: 0 | BL7: 0 | BM7: 0 | BN7: 0 | BO7: 0 | BP7: 0 | BQ7: 0 | BR7: 0 | BS7: 0 | BT7: 0 | BU7: 0 | BV7: 0 | BW7: 0 | BX7: 0 | BY7: 0 | BZ7: 0 | CA7: 0 | CB7: 0 | CC7: 0 | CD7: 0 | CE7: 0 | CF7: 0 | CG7: 0 | CH7: 0 | CI7: 0 | CJ7: 0 | CK7: 0 | CL7: 0 | CM7: 0 | CN7: 0 | CO7: 0 | CP7: 0 | CQ7: 0 | CR7: 0 | CS7: 0 | CT7: 0 | CU7: 0
A8: 7 | B8: 3 | C8: 0 | D8: 0 | E8: 0 | F8: 0 | G8: 0 | H8: 0 | I8: 0 | J8: 0 | K8: 0 | L8: 0 | M8: 0 | N8: 0 | O8: 0 | P8: 0 | Q8: 0 | R8: 0 | S8: 0 | T8: 0 | U8: 0 | V8: 0 | W8: 0 | X8: 0 | Y8: 0 | Z8: 0 | AA8: 0 | AB8: 0 | AC8: 0 | AD8: 0 | AE8: 0 | AF8: 0 | AG8: 0 | AH8: 0 | AI8: 0 | AJ8: 0 | AK8: 0 | AL8: 0 | AM8: 0 | AN8: 0 | AO8: 0 | AP8: 0 | AQ8: 0 | AR8: 0 | AS8: 0 | AT8: 0 | AU8: 0 | AV8: 0 | AW8: 0 | AX8: 0 | AY8: 0 | AZ8: 0 | BA8: 0 | BB8: 0 | BC8: 0 | BD8: 0 | BE8: 0 | BF8: 0 | BG8: 0 | BH8: 0 | BI8: 0 | BJ8: 0 | BK8: 0 | BL8: 0 | BM8: 0 | BN8: 0 | BO8: 0 | BP8: 0 | BQ8: 0 | BR8: 0 | BS8: 0 | BT8: 0 | BU8: 0 | BV8: 0 | BW8: 0 | BX8: 0 | BY8: 0 | BZ8: 0 | CA8: 0 | CB8: 0 | CC8: 0 | CD8: 0 | CE8: 0 | CF8: 0 | CG8: 0 | CH8: 0 | CI8: 0 | CJ8: 0 | CK8: 0 | CL8: 0 | CM8: 0 | CN8: 0 | CO8: 0 | CP8: 0 | CQ8: 0 | CR8: 0 | CS8: 0 | CT8: 0 | CU8: 0
A9: 8 | B9: 3.5 | C9: 0.0025806026 | D9: 0.0034408035 | E9: 0.0017204017 | F9: 0.0034408035 | G9: 0.0034408035 | H9: 0.0025806026 | I9: 0.0034408035 | J9: 0.0025806026 | K9: 0.0034408035 | L9: 0.0034408035 | M9: 0.0034408035 | N9: 0.0034408035 | O9: 0.0017204017 | P9: 0.0025806026 | Q9: 0.0012903013 | R9: 0.0034408035 | S9: 0.0034408035 | T9: 0.0017204017 | U9: 0.0034408035 | V9: 0.0034408035 | W9: 0.0034408035 | X9: 0.0025806026 | Y9: 0.003010703 | Z9: 0.0021505022 | AA9: 0.0012903013 | AB9: 0.0012903013 | AC9: 0.0017204017 | AD9: 0.0012903013 | AE9: 0.0034408035 | AF9: 0.0021505022 | AG9: 0.0034408035 | AH9: 0.0012903013 | AI9: 0.0034408035 | AJ9: 0.0034408035 | AK9: 0.0025806026 | AL9: 0.0017204017 | AM9: 0.0034408035 | AN9: 0.0034408035 | AO9: 0.0034408035 | AP9: 0.0034408035 | AQ9: 0.0021505022 | AR9: 0.0017204017 | AS9: 0.0034408035 | AT9: 0.0025806026 | AU9: 0.0017204017 | AV9: 0.0034408035 | AW9: 0.0034408035 | AX9: 0.0025806026 | AY9: 0.0025806026 | AZ9: 0.0021505022 | BA9: 0.003010703 | BB9: 0.0025806026 | BC9: 0.0034408035 | BD9: 0.003010703 | BE9: 0.003010703 | BF9: 0.0034408035 | BG9: 0.003010703 | BH9: 0.0034408035 | BI9: 0.0021505022 | BJ9: 0.0017204017 | BK9: 0.0025806026 | BL9: 0.0012903013 | BM9: 0.0034408035 | BN9: 0.0025806026 | BO9: 0.0021505022 | BP9: 0.0034408035 | BQ9: 0.003010703 | BR9: 0.0034408035 | BS9: 0.0034408035 | BT9: 0.0021505022 | BU9: 0.0034408035 | BV9: 0.0017204017 | BW9: 0.0017204017 | BX9: 0.0025806026 | BY9: 0.003010703 | BZ9: 0.0025806026 | CA9: 0.003010703 | CB9: 0.0021505022 | CC9: 0.0034408035 | CD9: 0.0034408035 | CE9: 0.0021505022 | CF9: 0.0017204017 | CG9: 0.003010703 | CH9: 0.0021505022 | CI9: 0.0017204017 | CJ9: 0.0017204017 | CK9: 0.003010703 | CL9: 0.003010703 | CM9: 0.0012903013 | CN9: 0.0012903013 | CO9: 0.003010703 | CP9: 0.0012903013 | CQ9: 0.0034408035 | CR9: 0.0025806026 | CS9: 0.0017204017 | CT9: 0.0026575679 | CU9: 0.25246895
A10: 9 | B10: 4 | C10: 0.037300869 | D10: 0.049734493 | E10: 0.024867246 | F10: 0.049734493 | G10: 0.049734493 | H10: 0.037300869 | I10: 0.049734493 | J10: 0.037300869 | K10: 0.049734493 | L10: 0.049734493 | M10: 0.049734493 | N10: 0.049734493 | O10: 0.024867246 | P10: 0.037300869 | Q10: 0.018650435 | R10: 0.049734493 | S10: 0.049734493 | T10: 0.024867246 | U10: 0.049734493 | V10: 0.049734493 | W10: 0.049734493 | X10: 0.037300869 | Y10: 0.043517681 | Z10: 0.031084058 | AA10: 0.018650435 | AB10: 0.018650435 | AC10: 0.024867246 | AD10: 0.018650435 | AE10: 0.049734493 | AF10: 0.031084058 | AG10: 0.049734493 | AH10: 0.018650435 | AI10: 0.049734493 | AJ10: 0.049734493 | AK10: 0.037300869 | AL10: 0.024867246 | AM10: 0.049734493 | AN10: 0.049734493 | AO10: 0.049734493 | AP10: 0.049734493 | AQ10: 0.031084058 | AR10: 0.024867246 | AS10: 0.049734493 | AT10: 0.037300869 | AU10: 0.024867246 | AV10: 0.049734493 | AW10: 0.049734493 | AX10: 0.037300869 | AY10: 0.037300869 | AZ10: 0.031084058 | BA10: 0.043517681 | BB10: 0.037300869 | BC10: 0.049734493 | BD10: 0.043517681 | BE10: 0.043517681 | BF10: 0.049734493 | BG10: 0.043517681 | BH10: 0.049734493 | BI10: 0.031084058 | BJ10: 0.024867246 | BK10: 0.037300869 | BL10: 0.018650435 | BM10: 0.049734493 | BN10: 0.037300869 | BO10: 0.031084058 | BP10: 0.049734493 | BQ10: 0.043517681 | BR10: 0.049734493 | BS10: 0.049734493 | BT10: 0.031084058 | BU10: 0.049734493 | BV10: 0.024867246 | BW10: 0.024867246 | BX10: 0.037300869 | BY10: 0.043517681 | BZ10: 0.037300869 | CA10: 0.043517681 | CB10: 0.031084058 | CC10: 0.049734493 | CD10: 0.049734493 | CE10: 0.031084058 | CF10: 0.024867246 | CG10: 0.043517681 | CH10: 0.031084058 | CI10: 0.024867246 | CJ10: 0.024867246 | CK10: 0.043517681 | CL10: 0.043517681 | CM10: 0.018650435 | CN10: 0.018650435 | CO10: 0.043517681 | CP10: 0.018650435 | CQ10: 0.049734493 | CR10: 0.037300869 | CS10: 0.024867246 | CT10: 0.038413351 | CU10: 3.6492684
A11: 10 | B11: 4.5 | C11: 0.17443017 | D11: 0.23257356 | E11: 0.11628678 | F11: 0.23257356 | G11: 0.23257356 | H11: 0.17443017 | I11: 0.23257356 | J11: 0.17443017 | K11: 0.23257356 | L11: 0.23257356 | M11: 0.23257356 | N11: 0.23257356 | O11: 0.11628678 | P11: 0.17443017 | Q11: 0.087215084 | R11: 0.23257356 | S11: 0.23257356 | T11: 0.11628678 | U11: 0.23257356 | V11: 0.23257356 | W11: 0.23257356 | X11: 0.17443017 | Y11: 0.20350186 | Z11: 0.14535847 | AA11: 0.087215084 | AB11: 0.087215084 | AC11: 0.11628678 | AD11: 0.087215084 | AE11: 0.23257356 | AF11: 0.14535847 | AG11: 0.23257356 | AH11: 0.087215084 | AI11: 0.23257356 | AJ11: 0.23257356 | AK11: 0.17443017 | AL11: 0.11628678 | AM11: 0.23257356 | AN11: 0.23257356 | AO11: 0.23257356 | AP11: 0.23257356 | AQ11: 0.14535847 | AR11: 0.11628678 | AS11: 0.23257356 | AT11: 0.17443017 | AU11: 0.11628678 | AV11: 0.23257356 | AW11: 0.23257356 | AX11: 0.17443017 | AY11: 0.17443017 | AZ11: 0.14535847 | BA11: 0.20350186 | BB11: 0.17443017 | BC11: 0.23257356 | BD11: 0.20350186 | BE11: 0.20350186 | BF11: 0.23257356 | BG11: 0.20350186 | BH11: 0.23257356 | BI11: 0.14535847 | BJ11: 0.11628678 | BK11: 0.17443017 | BL11: 0.087215084 | BM11: 0.23257356 | BN11: 0.17443017 | BO11: 0.14535847 | BP11: 0.23257356 | BQ11: 0.20350186 | BR11: 0.23257356 | BS11: 0.23257356 | BT11: 0.14535847 | BU11: 0.23257356 | BV11: 0.11628678 | BW11: 0.11628678 | BX11: 0.17443017 | BY11: 0.20350186 | BZ11: 0.17443017 | CA11: 0.20350186 | CB11: 0.14535847 | CC11: 0.23257356 | CD11: 0.23257356 | CE11: 0.14535847 | CF11: 0.11628678 | CG11: 0.20350186 | CH11: 0.14535847 | CI11: 0.11628678 | CJ11: 0.11628678 | CK11: 0.20350186 | CL11: 0.20350186 | CM11: 0.087215084 | CN11: 0.087215084 | CO11: 0.20350186 | CP11: 0.087215084 | CQ11: 0.23257356 | CR11: 0.17443017 | CS11: 0.11628678 | CT11: 0.17963247 | CU11: 17.065085
A12: 11 | B12: 5 | C12: 0.34600522 | D12: 0.46134029 | E12: 0.23067014 | F12: 0.46134029 | G12: 0.46134029 | H12: 0.34600522 | I12: 0.46134029 | J12: 0.34600522 | K12: 0.46134029 | L12: 0.46134029 | M12: 0.46134029 | N12: 0.46134029 | O12: 0.23067014 | P12: 0.34600522 | Q12: 0.17300261 | R12: 0.46134029 | S12: 0.46134029 | T12: 0.23067014 | U12: 0.46134029 | V12: 0.46134029 | W12: 0.46134029 | X12: 0.34600522 | Y12: 0.40367275 | Z12: 0.28833768 | AA12: 0.17300261 | AB12: 0.17300261 | AC12: 0.23067014 | AD12: 0.17300261 | AE12: 0.46134029 | AF12: 0.28833768 | AG12: 0.46134029 | AH12: 0.17300261 | AI12: 0.46134029 | AJ12: 0.46134029 | AK12: 0.34600522 | AL12: 0.23067014 | AM12: 0.46134029 | AN12: 0.46134029 | AO12: 0.46134029 | AP12: 0.46134029 | AQ12: 0.28833768 | AR12: 0.23067014 | AS12: 0.46134029 | AT12: 0.34600522 | AU12: 0.23067014 | AV12: 0.46134029 | AW12: 0.46134029 | AX12: 0.34600522 | AY12: 0.34600522 | AZ12: 0.28833768 | BA12: 0.40367275 | BB12: 0.34600522 | BC12: 0.46134029 | BD12: 0.40367275 | BE12: 0.40367275 | BF12: 0.46134029 | BG12: 0.40367275 | BH12: 0.46134029 | BI12: 0.28833768 | BJ12: 0.23067014 | BK12: 0.34600522 | BL12: 0.17300261 | BM12: 0.46134029 | BN12: 0.34600522 | BO12: 0.28833768 | BP12: 0.46134029 | BQ12: 0.40367275 | BR12: 0.46134029 | BS12: 0.46134029 | BT12: 0.28833768 | BU12: 0.46134029 | BV12: 0.23067014 | BW12: 0.23067014 | BX12: 0.34600522 | BY12: 0.40367275 | BZ12: 0.34600522 | CA12: 0.40367275 | CB12: 0.28833768 | CC12: 0.46134029 | CD12: 0.46134029 | CE12: 0.28833768 | CF12: 0.23067014 | CG12: 0.40367275 | CH12: 0.28833768 | CI12: 0.23067014 | CJ12: 0.23067014 | CK12: 0.40367275 | CL12: 0.40367275 | CM12: 0.17300261 | CN12: 0.17300261 | CO12: 0.40367275 | CP12: 0.17300261 | CQ12: 0.46134029 | CR12: 0.34600522 | CS12: 0.23067014 | CT12: 0.35632467 | CU12: 33.850844
A13: 12 | B13: 5.5 | C13: 0.55639348 | D13: 0.74185798 | E13: 0.37092899 | F13: 0.74185798 | G13: 0.74185798 | H13: 0.55639348 | I13: 0.74185798 | J13: 0.55639348 | K13: 0.74185798 | L13: 0.74185798 | M13: 0.74185798 | N13: 0.74185798 | O13: 0.37092899 | P13: 0.55639348 | Q13: 0.27819674 | R13: 0.74185798 | S13: 0.74185798 | T13: 0.37092899 | U13: 0.74185798 | V13: 0.74185798 | W13: 0.74185798 | X13: 0.55639348 | Y13: 0.64912573 | Z13: 0.46366124 | AA13: 0.27819674 | AB13: 0.27819674 | AC13: 0.37092899 | AD13: 0.27819674 | AE13: 0.74185798 | AF13: 0.46366124 | AG13: 0.74185798 | AH13: 0.27819674 | AI13: 0.74185798 | AJ13: 0.74185798 | AK13: 0.55639348 | AL13: 0.37092899 | AM13: 0.74185798 | AN13: 0.74185798 | AO13: 0.74185798 | AP13: 0.74185798 | AQ13: 0.46366124 | AR13: 0.37092899 | AS13: 0.74185798 | AT13: 0.55639348 | AU13: 0.37092899 | AV13: 0.74185798 | AW13: 0.74185798 | AX13: 0.55639348 | AY13: 0.55639348 | AZ13: 0.46366124 | BA13: 0.64912573 | BB13: 0.55639348 | BC13: 0.74185798 | BD13: 0.64912573 | BE13: 0.64912573 | BF13: 0.74185798 | BG13: 0.64912573 | BH13: 0.74185798 | BI13: 0.46366124 | BJ13: 0.37092899 | BK13: 0.55639348 | BL13: 0.27819674 | BM13: 0.74185798 | BN13: 0.55639348 | BO13: 0.46366124 | BP13: 0.74185798 | BQ13: 0.64912573 | BR13: 0.74185798 | BS13: 0.74185798 | BT13: 0.46366124 | BU13: 0.74185798 | BV13: 0.37092899 | BW13: 0.37092899 | BX13: 0.55639348 | BY13: 0.64912573 | BZ13: 0.55639348 | CA13: 0.64912573 | CB13: 0.46366124 | CC13: 0.74185798 | CD13: 0.74185798 | CE13: 0.46366124 | CF13: 0.37092899 | CG13: 0.64912573 | CH13: 0.46366124 | CI13: 0.37092899 | CJ13: 0.37092899 | CK13: 0.64912573 | CL13: 0.64912573 | CM13: 0.27819674 | CN13: 0.27819674 | CO13: 0.64912573 | CP13: 0.27819674 | CQ13: 0.74185798 | CR13: 0.55639348 | CS13: 0.37092899 | CT13: 0.57298767 | CU13: 54.433829
... A49: 48 | B49: 23.5 | C49: 0 | D49: 0 | E49: 0 | F49: 0 | G49: 0 | H49: 0 | I49: 0 | J49: 0 | K49: 0 | L49: 0 | M49: 0 | N49: 0 | O49: 0 | P49: 0 | Q49: 0 | R49: 0 | S49: 0 | T49: 0 | U49: 0 | V49: 0 | W49: 0 | X49: 0 | Y49: 0 | Z49: 0 | AA49: 0 | AB49: 0 | AC49: 0 | AD49: 0 | AE49: 0 | AF49: 0 | AG49: 0 | AH49: 0 | AI49: 0 | AJ49: 0 | AK49: 0 | AL49: 0 | AM49: 0 | AN49: 0 | AO49: 0 | AP49: 0 | AQ49: 0 | AR49: 0 | AS49: 0 | AT49: 0 | AU49: 0 | AV49: 0 | AW49: 0 | AX49: 0 | AY49: 0 | AZ49: 0 | BA49: 0 | BB49: 0 | BC49: 0 | BD49: 0 | BE49: 0 | BF49: 0 | BG49: 0 | BH49: 0 | BI49: 0 | BJ49: 0 | BK49: 0 | BL49: 0 | BM49: 0 | BN49: 0 | BO49: 0 | BP49: 0 | BQ49: 0 | BR49: 0 | BS49: 0 | BT49: 0 | BU49: 0 | BV49: 0 | BW49: 0 | BX49: 0 | BY49: 0 | BZ49: 0 | CA49: 0 | CB49: 0 | CC49: 0 | CD49: 0 | CE49: 0 | CF49: 0 | CG49: 0 | CH49: 0 | CI49: 0 | CJ49: 0 | CK49: 0 | CL49: 0 | CM49: 0 | CN49: 0 | CO49: 0 | CP49: 0 | CQ49: 0 | CR49: 0 | CS49: 0 | CT49: 0 | CU49: 0

Sheet Charge_kW
A1: period | B1: hour | C1: BES_TR2_three312_A | D1: BES_TR2_three321_B | E1: BES_TR2_three368_A | F1: BES_TR2_three388_A | G1: BES_TR2_three409_C | H1: BES_TR2_three478_B | I1: BES_TR2_three97_B | J1: BES_TR2_three133_C | K1: BES_TR2_three160_C | L1: BES_TR2_five58_C | M1: BES_TR2_five147_C | N1: BES_TR2_five149_A | O1: BES_TR2_five160_C | P1: BES_TR2_five170_A | Q1: BES_TR2_five177_A | R1: BES_TR2_five67_C | S1: BES_TR2_five243_B | T1: BES_TR2_five284_C | U1: BES_TR2_five285_B | V1: BES_TR2_five303_B | W1: BES_TR2_five324_B | X1: BES_TR2_five355_A | Y1: BES_TR2_five394_C | Z1: BES_TR2_five451_A | AA1: BES_TR2_five466_A | AB1: BES_TR2_five494_B | AC1: BES_TR2_five512_A | AD1: BES_TR2_five520_C | AE1: BES_TR2_five540_A | AF1: BES_TR2_five588_A | AG1: BES_TR2_five649_A | AH1: BES_TR2_five663_C | AI1: BES_TR2_five685_B | AJ1: BES_TR2_five695_A | AK1: BES_TR2_five704_A | AL1: BES_TR2_five733_C | AM1: BES_TR2_five117_B | AN1: BES_TR2_five778_B | AO1: BES_TR2_five799_C | AP1: BES_TR2_five801_C | AQ1: BES_TR2_five831_C | AR1: BES_TR2_five881_C | AS1: BES_TR2_five118_B | AT1: BES_TR2_six64_A | AU1: BES_TR2_six154_C | AV1: BES_TR2_six173_C | AW1: BES_TR2_six186_A | AX1: BES_TR2_six191_B | AY1: BES_TR2_six203_A | AZ1: BES_TR2_six232_C | BA1: BES_TR2_six238_A | BB1: BES_TR2_six249_B | BC1: BES_TR2_six254_B | BD1: BES_TR2_six269_C | BE1: BES_TR2_six289_C | BF1: BES_TR2_six317_C | BG1: BES_TR2_six326_A | BH1: BES_TR2_six329_A | BI1: BES_TR2_six342_A | BJ1: BES_TR2_six349_A | BK1: BES_TR2_six350_B | BL1: BES_TR2_six362_C | BM1: BES_TR2_six365_C | BN1: BES_TR2_six378_A | BO1: BES_TR2_six385_B | BP1: BES_TR2_six387_A | BQ1: BES_TR2_six392_C | BR1: BES_TR2_six410_A | BS1: BES_TR2_six431_C | BT1: BES_TR2_six484_B | BU1: BES_TR2_six512_B | BV1: BES_TR2_six518_B | BW1: BES_TR2_six523_C | BX1: BES_TR2_six571_C | BY1: BES_TR2_six583_A | BZ1: BES_TR2_six625_A | CA1: BES_TR2_six646_B | CB1: BES_TR2_six87_A | CC1: BES_TR2_six652_A | CD1: BES_TR2_six665_B | CE1: BES_TR2_six667_A | CF1: BES_TR2_six721_A | CG1: BES_TR2_six740_A | CH1: BES_TR2_six758_B | CI1: BES_TR2_six784_B | CJ1: BES_TR2_six799_B | CK1: BES_TR2_six807_A | CL1: BES_TR2_six885_A | CM1: BES_TR2_six894_B | CN1: BES_TR2_six914_A | CO1: BES_TR2_six921_B | CP1: BES_TR2_six929_A | CQ1: BES_TR2_six938_A | CR1: BES_TR2_six990_B | CS1: BES_TR2_six1020_A | CT1: fleet_average | CU1: fleet_total
A2: 1 | B2: 0 | C2: 0 | D2: 0 | E2: 0 | F2: 0 | G2: 0 | H2: 0 | I2: 0 | J2: 0 | K2: 0 | L2: 0 | M2: 0 | N2: 0 | O2: 0 | P2: 0 | Q2: 0 | R2: 0 | S2: 0 | T2: 0 | U2: 0 | V2: 0 | W2: 0 | X2: 0 | Y2: 0 | Z2: 0 | AA2: 0 | AB2: 0 | AC2: 0 | AD2: 0 | AE2: 0 | AF2: 0 | AG2: 0 | AH2: 0 | AI2: 0 | AJ2: 0 | AK2: 0 | AL2: 0 | AM2: 0 | AN2: 0 | AO2: 0 | AP2: 0 | AQ2: 0 | AR2: 0 | AS2: 0 | AT2: 0 | AU2: 0 | AV2: 0 | AW2: 0 | AX2: 0 | AY2: 0 | AZ2: 0 | BA2: 0 | BB2: 0 | BC2: 0 | BD2: 0 | BE2: 0 | BF2: 0 | BG2: 0 | BH2: 0 | BI2: 0 | BJ2: 0 | BK2: 0 | BL2: 0 | BM2: 0 | BN2: 0 | BO2: 0 | BP2: 0 | BQ2: 0 | BR2: 0 | BS2: 0 | BT2: 0 | BU2: 0 | BV2: 0 | BW2: 0 | BX2: 0 | BY2: 0 | BZ2: 0 | CA2: 0 | CB2: 0 | CC2: 0 | CD2: 0 | CE2: 0 | CF2: 0 | CG2: 0 | CH2: 0 | CI2: 0 | CJ2: 0 | CK2: 0 | CL2: 0 | CM2: 0 | CN2: 0 | CO2: 0 | CP2: 0 | CQ2: 0 | CR2: 0 | CS2: 0 | CT2: 0 | CU2: 0
A3: 2 | B3: 0.5 | C3: 0 | D3: 0 | E3: 0 | F3: 0 | G3: 0 | H3: 0 | I3: 0 | J3: 0 | K3: 0 | L3: 0 | M3: 0 | N3: 0 | O3: 0 | P3: 0 | Q3: 0 | R3: 0 | S3: 0 | T3: 0 | U3: 0 | V3: 0 | W3: 0 | X3: 0 | Y3: 0 | Z3: 0 | AA3: 0 | AB3: 0 | AC3: 0 | AD3: 0 | AE3: 0 | AF3: 0 | AG3: 0 | AH3: 0 | AI3: 0 | AJ3: 0 | AK3: 0 | AL3: 0 | AM3: 0 | AN3: 0 | AO3: 0 | AP3: 0 | AQ3: 0 | AR3: 0 | AS3: 0 | AT3: 0 | AU3: 0 | AV3: 0 | AW3: 0 | AX3: 0 | AY3: 0 | AZ3: 0 | BA3: 0 | BB3: 0 | BC3: 0 | BD3: 0 | BE3: 0 | BF3: 0 | BG3: 0 | BH3: 0 | BI3: 0 | BJ3: 0 | BK3: 0 | BL3: 0 | BM3: 0 | BN3: 0 | BO3: 0 | BP3: 0 | BQ3: 0 | BR3: 0 | BS3: 0 | BT3: 0 | BU3: 0 | BV3: 0 | BW3: 0 | BX3: 0 | BY3: 0 | BZ3: 0 | CA3: 0 | CB3: 0 | CC3: 0 | CD3: 0 | CE3: 0 | CF3: 0 | CG3: 0 | CH3: 0 | CI3: 0 | CJ3: 0 | CK3: 0 | CL3: 0 | CM3: 0 | CN3: 0 | CO3: 0 | CP3: 0 | CQ3: 0 | CR3: 0 | CS3: 0 | CT3: 0 | CU3: 0
A4: 3 | B4: 1 | C4: 0 | D4: 0 | E4: 0 | F4: 0 | G4: 0 | H4: 0 | I4: 0 | J4: 0 | K4: 0 | L4: 0 | M4: 0 | N4: 0 | O4: 0 | P4: 0 | Q4: 0 | R4: 0 | S4: 0 | T4: 0 | U4: 0 | V4: 0 | W4: 0 | X4: 0 | Y4: 0 | Z4: 0 | AA4: 0 | AB4: 0 | AC4: 0 | AD4: 0 | AE4: 0 | AF4: 0 | AG4: 0 | AH4: 0 | AI4: 0 | AJ4: 0 | AK4: 0 | AL4: 0 | AM4: 0 | AN4: 0 | AO4: 0 | AP4: 0 | AQ4: 0 | AR4: 0 | AS4: 0 | AT4: 0 | AU4: 0 | AV4: 0 | AW4: 0 | AX4: 0 | AY4: 0 | AZ4: 0 | BA4: 0 | BB4: 0 | BC4: 0 | BD4: 0 | BE4: 0 | BF4: 0 | BG4: 0 | BH4: 0 | BI4: 0 | BJ4: 0 | BK4: 0 | BL4: 0 | BM4: 0 | BN4: 0 | BO4: 0 | BP4: 0 | BQ4: 0 | BR4: 0 | BS4: 0 | BT4: 0 | BU4: 0 | BV4: 0 | BW4: 0 | BX4: 0 | BY4: 0 | BZ4: 0 | CA4: 0 | CB4: 0 | CC4: 0 | CD4: 0 | CE4: 0 | CF4: 0 | CG4: 0 | CH4: 0 | CI4: 0 | CJ4: 0 | CK4: 0 | CL4: 0 | CM4: 0 | CN4: 0 | CO4: 0 | CP4: 0 | CQ4: 0 | CR4: 0 | CS4: 0 | CT4: 0 | CU4: 0
A5: 4 | B5: 1.5 | C5: 0 | D5: 0 | E5: 0 | F5: 0 | G5: 0 | H5: 0 | I5: 0 | J5: 0 | K5: 0 | L5: 0 | M5: 0 | N5: 0 | O5: 0 | P5: 0 | Q5: 0 | R5: 0 | S5: 0 | T5: 0 | U5: 0 | V5: 0 | W5: 0 | X5: 0 | Y5: 0 | Z5: 0 | AA5: 0 | AB5: 0 | AC5: 0 | AD5: 0 | AE5: 0 | AF5: 0 | AG5: 0 | AH5: 0 | AI5: 0 | AJ5: 0 | AK5: 0 | AL5: 0 | AM5: 0 | AN5: 0 | AO5: 0 | AP5: 0 | AQ5: 0 | AR5: 0 | AS5: 0 | AT5: 0 | AU5: 0 | AV5: 0 | AW5: 0 | AX5: 0 | AY5: 0 | AZ5: 0 | BA5: 0 | BB5: 0 | BC5: 0 | BD5: 0 | BE5: 0 | BF5: 0 | BG5: 0 | BH5: 0 | BI5: 0 | BJ5: 0 | BK5: 0 | BL5: 0 | BM5: 0 | BN5: 0 | BO5: 0 | BP5: 0 | BQ5: 0 | BR5: 0 | BS5: 0 | BT5: 0 | BU5: 0 | BV5: 0 | BW5: 0 | BX5: 0 | BY5: 0 | BZ5: 0 | CA5: 0 | CB5: 0 | CC5: 0 | CD5: 0 | CE5: 0 | CF5: 0 | CG5: 0 | CH5: 0 | CI5: 0 | CJ5: 0 | CK5: 0 | CL5: 0 | CM5: 0 | CN5: 0 | CO5: 0 | CP5: 0 | CQ5: 0 | CR5: 0 | CS5: 0 | CT5: 0 | CU5: 0
A6: 5 | B6: 2 | C6: 0 | D6: 0 | E6: 0 | F6: 0 | G6: 0 | H6: 0 | I6: 0 | J6: 0 | K6: 0 | L6: 0 | M6: 0 | N6: 0 | O6: 0 | P6: 0 | Q6: 0 | R6: 0 | S6: 0 | T6: 0 | U6: 0 | V6: 0 | W6: 0 | X6: 0 | Y6: 0 | Z6: 0 | AA6: 0 | AB6: 0 | AC6: 0 | AD6: 0 | AE6: 0 | AF6: 0 | AG6: 0 | AH6: 0 | AI6: 0 | AJ6: 0 | AK6: 0 | AL6: 0 | AM6: 0 | AN6: 0 | AO6: 0 | AP6: 0 | AQ6: 0 | AR6: 0 | AS6: 0 | AT6: 0 | AU6: 0 | AV6: 0 | AW6: 0 | AX6: 0 | AY6: 0 | AZ6: 0 | BA6: 0 | BB6: 0 | BC6: 0 | BD6: 0 | BE6: 0 | BF6: 0 | BG6: 0 | BH6: 0 | BI6: 0 | BJ6: 0 | BK6: 0 | BL6: 0 | BM6: 0 | BN6: 0 | BO6: 0 | BP6: 0 | BQ6: 0 | BR6: 0 | BS6: 0 | BT6: 0 | BU6: 0 | BV6: 0 | BW6: 0 | BX6: 0 | BY6: 0 | BZ6: 0 | CA6: 0 | CB6: 0 | CC6: 0 | CD6: 0 | CE6: 0 | CF6: 0 | CG6: 0 | CH6: 0 | CI6: 0 | CJ6: 0 | CK6: 0 | CL6: 0 | CM6: 0 | CN6: 0 | CO6: 0 | CP6: 0 | CQ6: 0 | CR6: 0 | CS6: 0 | CT6: 0 | CU6: 0
A7: 6 | B7: 2.5 | C7: 0 | D7: 0 | E7: 0 | F7: 0 | G7: 0 | H7: 0 | I7: 0 | J7: 0 | K7: 0 | L7: 0 | M7: 0 | N7: 0 | O7: 0 | P7: 0 | Q7: 0 | R7: 0 | S7: 0 | T7: 0 | U7: 0 | V7: 0 | W7: 0 | X7: 0 | Y7: 0 | Z7: 0 | AA7: 0 | AB7: 0 | AC7: 0 | AD7: 0 | AE7: 0 | AF7: 0 | AG7: 0 | AH7: 0 | AI7: 0 | AJ7: 0 | AK7: 0 | AL7: 0 | AM7: 0 | AN7: 0 | AO7: 0 | AP7: 0 | AQ7: 0 | AR7: 0 | AS7: 0 | AT7: 0 | AU7: 0 | AV7: 0 | AW7: 0 | AX7: 0 | AY7: 0 | AZ7: 0 | BA7: 0 | BB7: 0 | BC7: 0 | BD7: 0 | BE7: 0 | BF7: 0 | BG7: 0 | BH7: 0 | BI7: 0 | BJ7: 0 | BK7: 0 | BL7: 0 | BM7: 0 | BN7: 0 | BO7: 0 | BP7: 0 | BQ7: 0 | BR7: 0 | BS7: 0 | BT7: 0 | BU7: 0 | BV7: 0 | BW7: 0 | BX7: 0 | BY7: 0 | BZ7: 0 | CA7: 0 | CB7: 0 | CC7: 0 | CD7: 0 | CE7: 0 | CF7: 0 | CG7: 0 | CH7: 0 | CI7: 0 | CJ7: 0 | CK7: 0 | CL7: 0 | CM7: 0 | CN7: 0 | CO7: 0 | CP7: 0 | CQ7: 0 | CR7: 0 | CS7: 0 | CT7: 0 | CU7: 0
A8: 7 | B8: 3 | C8: 0 | D8: 0 | E8: 0 | F8: 0 | G8: 0 | H8: 0 | I8: 0 | J8: 0 | K8: 0 | L8: 0 | M8: 0 | N8: 0 | O8: 0 | P8: 0 | Q8: 0 | R8: 0 | S8: 0 | T8: 0 | U8: 0 | V8: 0 | W8: 0 | X8: 0 | Y8: 0 | Z8: 0 | AA8: 0 | AB8: 0 | AC8: 0 | AD8: 0 | AE8: 0 | AF8: 0 | AG8: 0 | AH8: 0 | AI8: 0 | AJ8: 0 | AK8: 0 | AL8: 0 | AM8: 0 | AN8: 0 | AO8: 0 | AP8: 0 | AQ8: 0 | AR8: 0 | AS8: 0 | AT8: 0 | AU8: 0 | AV8: 0 | AW8: 0 | AX8: 0 | AY8: 0 | AZ8: 0 | BA8: 0 | BB8: 0 | BC8: 0 | BD8: 0 | BE8: 0 | BF8: 0 | BG8: 0 | BH8: 0 | BI8: 0 | BJ8: 0 | BK8: 0 | BL8: 0 | BM8: 0 | BN8: 0 | BO8: 0 | BP8: 0 | BQ8: 0 | BR8: 0 | BS8: 0 | BT8: 0 | BU8: 0 | BV8: 0 | BW8: 0 | BX8: 0 | BY8: 0 | BZ8: 0 | CA8: 0 | CB8: 0 | CC8: 0 | CD8: 0 | CE8: 0 | CF8: 0 | CG8: 0 | CH8: 0 | CI8: 0 | CJ8: 0 | CK8: 0 | CL8: 0 | CM8: 0 | CN8: 0 | CO8: 0 | CP8: 0 | CQ8: 0 | CR8: 0 | CS8: 0 | CT8: 0 | CU8: 0
A9: 8 | B9: 3.5 | C9: 0 | D9: 0 | E9: 0 | F9: 0 | G9: 0 | H9: 0 | I9: 0 | J9: 0 | K9: 0 | L9: 0 | M9: 0 | N9: 0 | O9: 0 | P9: 0 | Q9: 0 | R9: 0 | S9: 0 | T9: 0 | U9: 0 | V9: 0 | W9: 0 | X9: 0 | Y9: 0 | Z9: 0 | AA9: 0 | AB9: 0 | AC9: 0 | AD9: 0 | AE9: 0 | AF9: 0 | AG9: 0 | AH9: 0 | AI9: 0 | AJ9: 0 | AK9: 0 | AL9: 0 | AM9: 0 | AN9: 0 | AO9: 0 | AP9: 0 | AQ9: 0 | AR9: 0 | AS9: 0 | AT9: 0 | AU9: 0 | AV9: 0 | AW9: 0 | AX9: 0 | AY9: 0 | AZ9: 0 | BA9: 0 | BB9: 0 | BC9: 0 | BD9: 0 | BE9: 0 | BF9: 0 | BG9: 0 | BH9: 0 | BI9: 0 | BJ9: 0 | BK9: 0 | BL9: 0 | BM9: 0 | BN9: 0 | BO9: 0 | BP9: 0 | BQ9: 0 | BR9: 0 | BS9: 0 | BT9: 0 | BU9: 0 | BV9: 0 | BW9: 0 | BX9: 0 | BY9: 0 | BZ9: 0 | CA9: 0 | CB9: 0 | CC9: 0 | CD9: 0 | CE9: 0 | CF9: 0 | CG9: 0 | CH9: 0 | CI9: 0 | CJ9: 0 | CK9: 0 | CL9: 0 | CM9: 0 | CN9: 0 | CO9: 0 | CP9: 0 | CQ9: 0 | CR9: 0 | CS9: 0 | CT9: 0 | CU9: 0
A10: 9 | B10: 4 | C10: 0 | D10: 0 | E10: 0 | F10: 0 | G10: 0 | H10: 0 | I10: 0.004 | J10: 0 | K10: 0 | L10: 0 | M10: 0 | N10: 0 | O10: 0 | P10: 0 | Q10: 0 | R10: 0 | S10: 0 | T10: 0 | U10: 0 | V10: 0 | W10: 0.001 | X10: 0 | Y10: 0 | Z10: 0 | AA10: 0 | AB10: 0 | AC10: 0 | AD10: 0 | AE10: 0 | AF10: 0 | AG10: 0.014 | AH10: 0 | AI10: 0 | AJ10: 0.001 | AK10: 0 | AL10: 0 | AM10: 0.002 | AN10: 0.004 | AO10: 0 | AP10: 0 | AQ10: 0 | AR10: 0 | AS10: 0 | AT10: 0 | AU10: 0 | AV10: 0 | AW10: 0 | AX10: 0 | AY10: 0 | AZ10: 0 | BA10: 0 | BB10: 0 | BC10: 0 | BD10: 0 | BE10: 0 | BF10: 0.002 | BG10: 0 | BH10: 0.021 | BI10: 0 | BJ10: 0 | BK10: 0 | BL10: 0 | BM10: 0.002 | BN10: 0 | BO10: 0 | BP10: 0 | BQ10: 0 | BR10: 0 | BS10: 0 | BT10: 0 | BU10: 0 | BV10: 0 | BW10: 0 | BX10: 0 | BY10: 0 | BZ10: 0 | CA10: 0 | CB10: 0 | CC10: 0 | CD10: 0 | CE10: 0 | CF10: 0 | CG10: 0 | CH10: 0 | CI10: 0 | CJ10: 0 | CK10: 0 | CL10: 0 | CM10: 0 | CN10: 0 | CO10: 0 | CP10: 0 | CQ10: 0 | CR10: 0 | CS10: 0 | CT10: 0.00053684211 | CU10: 0.051
A11: 10 | B11: 4.5 | C11: 0.119 | D11: 0.19 | E11: 0.06 | F11: 0.176 | G11: 0.078 | H11: 0 | I11: 0.187 | J11: 0.119 | K11: 0.168 | L11: 0.192 | M11: 0.179 | N11: 0.092 | O11: 0 | P11: 0.101 | Q11: 0.033 | R11: 0 | S11: 0.183 | T11: 0.016 | U11: 0.177 | V11: 0.171 | W11: 0.123 | X11: 0.091 | Y11: 0.146 | Z11: 0.017 | AA11: 0 | AB11: 0.033 | AC11: 0.06 | AD11: 0 | AE11: 0.147 | AF11: 0 | AG11: 0.08 | AH11: 0 | AI11: 0.181 | AJ11: 0.184 | AK11: 0 | AL11: 0.064 | AM11: 0.005 | AN11: 0.072 | AO11: 0.186 | AP11: 0.142 | AQ11: 0 | AR11: 0 | AS11: 0 | AT11: 0 | AU11: 0.007 | AV11: 0.165 | AW11: 0.132 | AX11: 0.114 | AY11: 0.03 | AZ11: 0 | BA11: 0.123 | BB11: 0.115 | BC11: 0.13 | BD11: 0.089 | BE11: 0.139 | BF11: 0.185 | BG11: 0.157 | BH11: 0.204 | BI11: 0.097 | BJ11: 0 | BK11: 0.12 | BL11: 0.04 | BM11: 0.078 | BN11: 0 | BO11: 0.098 | BP11: 0.102 | BQ11: 0.154 | BR11: 0.197 | BS11: 0.097 | BT11: 0.107 | BU11: 0.193 | BV11: 0.062 | BW11: 0.068 | BX11: 0.015 | BY11: 0.085 | BZ11: 0 | CA11: 0.158 | CB11: 0 | CC11: 0.111 | CD11: 0.106 | CE11: 0 | CF11: 0 | CG11: 0.172 | CH11: 0 | CI11: 0.067 | CJ11: 0.035 | CK11: 0.098 | CL11: 0.113 | CM11: 0.039 | CN11: 0 | CO11: 0.154 | CP11: 0 | CQ11: 0.182 | CR11: 0.113 | CS11: 0 | CT11: 0.086557895 | CU11: 8.223
A12: 11 | B12: 5 | C12: 0.169 | D12: 0.326 | E12: 0 | F12: 0.404 | G12: 0.196 | H12: 0.303 | I12: 0.415 | J12: 0.282 | K12: 0.291 | L12: 0.42 | M12: 0.286 | N12: 0.376 | O12: 0.177 | P12: 0.182 | Q12: 0.041 | R12: 0.341 | S12: 0.411 | T12: 0 | U12: 0.405 | V12: 0.42 | W12: 0.412 | X12: 0.188 | Y12: 0.187 | Z12: 0.241 | AA12: 0.106 | AB12: 0.119 | AC12: 0.065 | AD12: 0.128 | AE12: 0.32 | AF12: 0.125 | AG12: 0.425 | AH12: 0.009 | AI12: 0.277 | AJ12: 0.205 | AK12: 0.275 | AL12: 0.179 | AM12: 0.413 | AN12: 0.362 | AO12: 0.328 | AP12: 0.378 | AQ12: 0.169 | AR12: 0.163 | AS12: 0.306 | AT12: 0.226 | AU12: 0.177 | AV12: 0.417 | AW12: 0.382 | AX12: 0.286 | AY12: 0.297 | AZ12: 0.176 | BA12: 0.245 | BB12: 0.186 | BC12: 0.413 | BD12: 0.328 | BE12: 0.357 | BF12: 0.413 | BG12: 0.357 | BH12: 0.432 | BI12: 0.088 | BJ12: 0.089 | BK12: 0.245 | BL12: 0.126 | BM12: 0.382 | BN12: 0.146 | BO12: 0.148 | BP12: 0.406 | BQ12: 0.033 | BR12: 0.376 | BS12: 0.409 | BT12: 0.25 | BU12: 0.421 | BV12: 0.156 | BW12: 0 | BX12: 0.107 | BY12: 0.305 | BZ12: 0.135 | CA12: 0.247 | CB12: 0.005 | CC12: 0.199 | CD12: 0.408 | CE12: 0.207 | CF12: 0.088 | CG12: 0.314 | CH12: 0.207 | CI12: 0.182 | CJ12: 0.179 | CK12: 0.356 | CL12: 0.194 | CM12: 0.047 | CN12: 0.087 | CO12: 0.354 | CP12: 0 | CQ12: 0.229 | CR12: 0.272 | CS12: 0.094 | CT12: 0.24218947 | CU12: 23.008
A13: 12 | B13: 5.5 | C13: 0.466 | D13: 0.622 | E13: 0.232 | F13: 0.685 | G13: 0.609 | H13: 0.312 | I13: 0.696 | J13: 0.439 | K13: 0.596 | L13: 0.687 | M13: 0.688 | N13: 0.472 | O13: 0.317 | P13: 0.509 | Q13: 0.224 | R13: 0.695 | S13: 0.692 | T13: 0.314 | U13: 0.686 | V13: 0.701 | W13: 0.693 | X13: 0.517 | Y13: 0.591 | Z13: 0.226 | AA13: 0.224 | AB13: 0.224 | AC13: 0.224 | AD13: 0.081 | AE13: 0.69 | AF13: 0.387 | AG13: 0.636 | AH13: 0.146 | AI13: 0.577 | AJ13: 0.693 | AK13: 0.41 | AL13: 0.319 | AM13: 0.515 | AN13: 0.696 | AO13: 0.498 | AP13: 0.572 | AQ13: 0.406 | AR13: 0.322 | AS13: 0.524 | AT13: 0.499 | AU13: 0.207 | AV13: 0.535 | AW13: 0.448 | AX13: 0.496 | AY13: 0.263 | AZ13: 0.33 | BA13: 0.615 | BB13: 0.372 | BC13: 0.646 | BD13: 0.403 | BE13: 0.441 | BF13: 0.694 | BG13: 0.513 | BH13: 0.713 | BI13: 0.416 | BJ13: 0.332 | BK13: 0.403 | BL13: 0.231 | BM13: 0.694 | BN13: 0.452 | BO13: 0.339 | BP13: 0.612 | BQ13: 0.585 | BR13: 0.615 | BS13: 0.69 | BT13: 0.325 | BU13: 0.687 | BV13: 0.186 | BW13: 0.011 | BX13: 0.395 | BY13: 0.517 | BZ13: 0.41 | CA13: 0.4 | CB13: 0.404 | CC13: 0.597 | CD13: 0.615 | CE13: 0.408 | CF13: 0.178 | CG13: 0.51 | CH13: 0.406 | CI13: 0.306 | CJ13: 0.07 | CK13: 0.512 | CL13: 0.416 | CM13: 0.23 | CN13: 0.234 | CO13: 0.599 | CP13: 0.241 | CQ13: 0.691 | CR13: 0.267 | CS13: 0.222 | CT13: 0.45467368 | CU13: 43.194
... A49: 48 | B49: 23.5 | C49: 0 | D49: 0 | E49: 0 | F49: 0 | G49: 0 | H49: 0 | I49: 0 | J49: 0 | K49: 0 | L49: 0 | M49: 0 | N49: 0 | O49: 0 | P49: 0 | Q49: 0 | R49: 0 | S49: 0 | T49: 0 | U49: 0 | V49: 0 | W49: 0 | X49: 0 | Y49: 0 | Z49: 0 | AA49: 0 | AB49: 0 | AC49: 0 | AD49: 0 | AE49: 0 | AF49: 0 | AG49: 0 | AH49: 0 | AI49: 0 | AJ49: 0 | AK49: 0 | AL49: 0 | AM49: 0 | AN49: 0 | AO49: 0 | AP49: 0 | AQ49: 0 | AR49: 0 | AS49: 0 | AT49: 0 | AU49: 0 | AV49: 0 | AW49: 0 | AX49: 0 | AY49: 0 | AZ49: 0 | BA49: 0 | BB49: 0 | BC49: 0 | BD49: 0 | BE49: 0 | BF49: 0 | BG49: 0 | BH49: 0 | BI49: 0 | BJ49: 0 | BK49: 0 | BL49: 0 | BM49: 0 | BN49: 0 | BO49: 0 | BP49: 0 | BQ49: 0 | BR49: 0 | BS49: 0 | BT49: 0 | BU49: 0 | BV49: 0 | BW49: 0 | BX49: 0 | BY49: 0 | BZ49: 0 | CA49: 0 | CB49: 0 | CC49: 0 | CD49: 0 | CE49: 0 | CF49: 0 | CG49: 0 | CH49: 0 | CI49: 0 | CJ49: 0 | CK49: 0 | CL49: 0 | CM49: 0 | CN49: 0 | CO49: 0 | CP49: 0 | CQ49: 0 | CR49: 0 | CS49: 0 | CT49: 0 | CU49: 0

Sheet Discharge_kW
A1: period | B1: hour | C1: BES_TR2_three312_A | D1: BES_TR2_three321_B | E1: BES_TR2_three368_A | F1: BES_TR2_three388_A | G1: BES_TR2_three409_C | H1: BES_TR2_three478_B | I1: BES_TR2_three97_B | J1: BES_TR2_three133_C | K1: BES_TR2_three160_C | L1: BES_TR2_five58_C | M1: BES_TR2_five147_C | N1: BES_TR2_five149_A | O1: BES_TR2_five160_C | P1: BES_TR2_five170_A | Q1: BES_TR2_five177_A | R1: BES_TR2_five67_C | S1: BES_TR2_five243_B | T1: BES_TR2_five284_C | U1: BES_TR2_five285_B | V1: BES_TR2_five303_B | W1: BES_TR2_five324_B | X1: BES_TR2_five355_A | Y1: BES_TR2_five394_C | Z1: BES_TR2_five451_A | AA1: BES_TR2_five466_A | AB1: BES_TR2_five494_B | AC1: BES_TR2_five512_A | AD1: BES_TR2_five520_C | AE1: BES_TR2_five540_A | AF1: BES_TR2_five588_A | AG1: BES_TR2_five649_A | AH1: BES_TR2_five663_C | AI1: BES_TR2_five685_B | AJ1: BES_TR2_five695_A | AK1: BES_TR2_five704_A | AL1: BES_TR2_five733_C | AM1: BES_TR2_five117_B | AN1: BES_TR2_five778_B | AO1: BES_TR2_five799_C | AP1: BES_TR2_five801_C | AQ1: BES_TR2_five831_C | AR1: BES_TR2_five881_C | AS1: BES_TR2_five118_B | AT1: BES_TR2_six64_A | AU1: BES_TR2_six154_C | AV1: BES_TR2_six173_C | AW1: BES_TR2_six186_A | AX1: BES_TR2_six191_B | AY1: BES_TR2_six203_A | AZ1: BES_TR2_six232_C | BA1: BES_TR2_six238_A | BB1: BES_TR2_six249_B | BC1: BES_TR2_six254_B | BD1: BES_TR2_six269_C | BE1: BES_TR2_six289_C | BF1: BES_TR2_six317_C | BG1: BES_TR2_six326_A | BH1: BES_TR2_six329_A | BI1: BES_TR2_six342_A | BJ1: BES_TR2_six349_A | BK1: BES_TR2_six350_B | BL1: BES_TR2_six362_C | BM1: BES_TR2_six365_C | BN1: BES_TR2_six378_A | BO1: BES_TR2_six385_B | BP1: BES_TR2_six387_A | BQ1: BES_TR2_six392_C | BR1: BES_TR2_six410_A | BS1: BES_TR2_six431_C | BT1: BES_TR2_six484_B | BU1: BES_TR2_six512_B | BV1: BES_TR2_six518_B | BW1: BES_TR2_six523_C | BX1: BES_TR2_six571_C | BY1: BES_TR2_six583_A | BZ1: BES_TR2_six625_A | CA1: BES_TR2_six646_B | CB1: BES_TR2_six87_A | CC1: BES_TR2_six652_A | CD1: BES_TR2_six665_B | CE1: BES_TR2_six667_A | CF1: BES_TR2_six721_A | CG1: BES_TR2_six740_A | CH1: BES_TR2_six758_B | CI1: BES_TR2_six784_B | CJ1: BES_TR2_six799_B | CK1: BES_TR2_six807_A | CL1: BES_TR2_six885_A | CM1: BES_TR2_six894_B | CN1: BES_TR2_six914_A | CO1: BES_TR2_six921_B | CP1: BES_TR2_six929_A | CQ1: BES_TR2_six938_A | CR1: BES_TR2_six990_B | CS1: BES_TR2_six1020_A | CT1: fleet_average | CU1: fleet_total
A2: 1 | B2: 0 | C2: 0.271 | D2: 0.043 | E2: 0.206 | F2: 0.057 | G2: 0.054 | H2: 0.162 | I2: 0.046 | J2: 0.055 | K2: 0.678 | L2: 0.213 | M2: 0.142 | N2: 0.119 | O2: 0.139 | P2: 0.19 | Q2: 0.054 | R2: 0.094 | S2: 0.05 | T2: 0.05 | U2: 0.41 | V2: 0.149 | W2: 0.049 | X2: 0.185 | Y2: 1.565 | Z2: 0.182 | AA2: 0.054 | AB2: 0.054 | AC2: 0.257 | AD2: 0.086 | AE2: 0.124 | AF2: 0.282 | AG2: 0.036 | AH2: 0.209 | AI2: 0.272 | AJ2: 0.158 | AK2: 0.709 | AL2: 0.052 | AM2: 0.048 | AN2: 0.214 | AO2: 0.86 | AP2: 0.053 | AQ2: 0.058 | AR2: 0.049 | AS2: 0.235 | AT2: 0.273 | AU2: 0.156 | AV2: 0.53 | AW2: 0.192 | AX2: 0.167 | AY2: 0.144 | AZ2: 0.167 | BA2: 0.034 | BB2: 0.038 | BC2: 0.401 | BD2: 0.178 | BE2: 0.61 | BF2: 0.048 | BG2: 0.145 | BH2: 0.029 | BI2: 0.367 | BJ2: 0.431 | BK2: 0.062 | BL2: 0.047 | BM2: 0.048 | BN2: 0.16 | BO2: 0.455 | BP2: 0.901 | BQ2: 0.313 | BR2: 0.757 | BS2: 0.178 | BT2: 0.038 | BU2: 0.409 | BV2: 0.116 | BW2: 0.048 | BX2: 0.384 | BY2: 0.054 | BZ2: 0.594 | CA2: 0.211 | CB2: 0.145 | CC2: 0.156 | CD2: 0.053 | CE2: 0.056 | CF2: 0.706 | CG2: 0.135 | CH2: 0.05 | CI2: 0.049 | CJ2: 1.071 | CK2: 0.57 | CL2: 0.046 | CM2: 0.061 | CN2: 0.086 | CO2: 0.082 | CP2: 0.778 | CQ2: 0.201 | CR2: 0.164 | CS2: 0.475 | CT2: 0.23728421 | CU2: 22.542
A3: 2 | B3: 0.5 | C3: 0.084 | D3: 0.211 | E3: 0.056 | F3: 0.057 | G3: 0.172 | H3: 0.14 | I3: 0.046 | J3: 0.116 | K3: 0.297 | L3: 0.284 | M3: 0.087 | N3: 0.1 | O3: 0.054 | P3: 0.047 | Q3: 0.132 | R3: 0.15 | S3: 0.05 | T3: 0.129 | U3: 0.486 | V3: 0.143 | W3: 0.11 | X3: 0.128 | Y3: 0.058 | Z3: 0.161 | AA3: 0.186 | AB3: 0.188 | AC3: 0.056 | AD3: 0.156 | AE3: 0.102 | AF3: 0.203 | AG3: 0.153 | AH3: 0.103 | AI3: 0.052 | AJ3: 0.049 | AK3: 0.856 | AL3: 0.052 | AM3: 0.227 | AN3: 0.046 | AO3: 0.639 | AP3: 0.121 | AQ3: 0.058 | AR3: 0.049 | AS3: 0.203 | AT3: 0.25 | AU3: 0.054 | AV3: 0.363 | AW3: 0.174 | AX3: 0.262 | AY3: 0.049 | AZ3: 0.129 | BA3: 0.034 | BB3: 0.138 | BC3: 0.562 | BD3: 0.101 | BE3: 0.23 | BF3: 0.048 | BG3: 0.047 | BH3: 0.029 | BI3: 0.447 | BJ3: 0.437 | BK3: 0.192 | BL3: 0.047 | BM3: 0.048 | BN3: 0.25 | BO3: 0.477 | BP3: 0.795 | BQ3: 0.05 | BR3: 1.634 | BS3: 0.052 | BT3: 0.038 | BU3: 0.357 | BV3: 0.144 | BW3: 0.1 | BX3: 0.054 | BY3: 0.215 | BZ3: 0.572 | CA3: 0.046 | CB3: 0.198 | CC3: 0.293 | CD3: 0.061 | CE3: 0.241 | CF3: 0.136 | CG3: 0.132 | CH3: 0.222 | CI3: 0.049 | CJ3: 1.043 | CK3: 0.713 | CL3: 0.159 | CM3: 0.052 | CN3: 0.156 | CO3: 0.125 | CP3: 0.668 | CQ3: 0.051 | CR3: 0.048 | CS3: 0.397 | CT3: 0.21016842 | CU3: 19.966
A4: 3 | B4: 1 | C4: 0.184 | D4: 0.043 | E4: 0.196 | F4: 0.057 | G4: 0.213 | H4: 0.193 | I4: 0.046 | J4: 0.131 | K4: 0.133 | L4: 0.135 | M4: 0.071 | N4: 0.198 | O4: 0.101 | P4: 0.177 | Q4: 0.054 | R4: 0.193 | S4: 0.05 | T4: 0.195 | U4: 0.583 | V4: 0.041 | W4: 0.049 | X4: 0.275 | Y4: 0.101 | Z4: 0.047 | AA4: 0.06 | AB4: 0.054 | AC4: 0.056 | AD4: 0.045 | AE4: 0.052 | AF4: 0.129 | AG4: 0.036 | AH4: 0.222 | AI4: 0.179 | AJ4: 0.225 | AK4: 0.679 | AL4: 0.052 | AM4: 0.048 | AN4: 0.183 | AO4: 0.387 | AP4: 0.053 | AQ4: 0.161 | AR4: 0.148 | AS4: 0.1 | AT4: 0.167 | AU4: 0.054 | AV4: 0.871 | AW4: 0.079 | AX4: 0.188 | AY4: 0.144 | AZ4: 0.05 | BA4: 0.151 | BB4: 0.084 | BC4: 0.048 | BD4: 0.128 | BE4: 0.104 | BF4: 0.048 | BG4: 0.114 | BH4: 0.029 | BI4: 0.172 | BJ4: 0.039 | BK4: 0.038 | BL4: 0.047 | BM4: 0.212 | BN4: 0.208 | BO4: 0.223 | BP4: 0.695 | BQ4: 0.273 | BR4: 0 | BS4: 0.206 | BT4: 0.139 | BU4: 0.066 | BV4: 0.054 | BW4: 0.304 | BX4: 0.346 | BY4: 0.058 | BZ4: 0.563 | CA4: 0.316 | CB4: 0.171 | CC4: 0.121 | CD4: 0.119 | CE4: 0.056 | CF4: 0.149 | CG4: 0.054 | CH4: 0.05 | CI4: 0.049 | CJ4: 0.058 | CK4: 0.093 | CL4: 0.119 | CM4: 0.121 | CN4: 0.044 | CO4: 0.055 | CP4: 0.17 | CQ4: 0.208 | CR4: 0.309 | CS4: 0.17 | CT4: 0.15441053 | CU4: 14.669
A5: 4 | B5: 1.5 | C5: 0.055 | D5: 0.166 | E5: 0.206 | F5: 0.057 | G5: 0.054 | H5: 0.156 | I5: 0.046 | J5: 0.051 | K5: 0.203 | L5: 0.041 | M5: 0.159 | N5: 0.112 | O5: 0.092 | P5: 0.06 | Q5: 0.123 | R5: 0.182 | S5: 0.05 | T5: 0.104 | U5: 0.638 | V5: 0.082 | W5: 0.11 | X5: 0.084 | Y5: 0.173 | Z5: 0.129 | AA5: 0.054 | AB5: 0.188 | AC5: 0.056 | AD5: 0.197 | AE5: 0.091 | AF5: 0.103 | AG5: 0.036 | AH5: 0.103 | AI5: 0.12 | AJ5: 0.081 | AK5: 0.147 | AL5: 0.052 | AM5: 0.048 | AN5: 0.077 | AO5: 0.192 | AP5: 0.083 | AQ5: 0.106 | AR5: 0.074 | AS5: 0.203 | AT5: 0.076 | AU5: 0.164 | AV5: 0.309 | AW5: 0.229 | AX5: 0.237 | AY5: 0.049 | AZ5: 0.109 | BA5: 0.089 | BB5: 0.261 | BC5: 0.082 | BD5: 0.225 | BE5: 0.164 | BF5: 0.048 | BG5: 0.183 | BH5: 0.029 | BI5: 0.544 | BJ5: 0.142 | BK5: 0.153 | BL5: 0.047 | BM5: 0.457 | BN5: 0.057 | BO5: 0.047 | BP5: 0 | BQ5: 0.131 | BR5: 0 | BS5: 0.052 | BT5: 0.038 | BU5: 0.19 | BV5: 0.157 | BW5: 0.077 | BX5: 0.074 | BY5: 0.054 | BZ5: 0.058 | CA5: 0.089 | CB5: 0.348 | CC5: 0.222 | CD5: 0.061 | CE5: 0.132 | CF5: 0.186 | CG5: 0.088 | CH5: 0.16 | CI5: 0.049 | CJ5: 0.219 | CK5: 0.171 | CL5: 0.288 | CM5: 0.048 | CN5: 0.198 | CO5: 0.152 | CP5: 0.037 | CQ5: 0.076 | CR5: 0.069 | CS5: 0.05 | CT5: 0.12967368 | CU5: 12.319
A6: 5 | B6: 2 | C6: 0.141 | D6: 0.089 | E6: 0.056 | F6: 0.057 | G6: 0.154 | H6: 0.125 | I6: 0.046 | J6: 0.117 | K6: 0.039 | L6: 0.259 | M6: 0.054 | N6: 0.22 | O6: 0.106 | P6: 0.138 | Q6: 0.063 | R6: 0.12 | S6: 0.05 | T6: 0.098 | U6: 0.173 | V6: 0.15 | W6: 0.049 | X6: 0.247 | Y6: 0.058 | Z6: 0.108 | AA6: 0.186 | AB6: 0.054 | AC6: 0.093 | AD6: 0.045 | AE6: 0.135 | AF6: 0.21 | AG6: 0.112 | AH6: 0.154 | AI6: 0.101 | AJ6: 0.174 | AK6: 0 | AL6: 0.052 | AM6: 0.227 | AN6: 0.115 | AO6: 0.18 | AP6: 0.091 | AQ6: 0.092 | AR6: 0.049 | AS6: 0.271 | AT6: 0.392 | AU6: 0.054 | AV6: 0.044 | AW6: 0.104 | AX6: 0.06 | AY6: 0.111 | AZ6: 0.188 | BA6: 0.034 | BB6: 0.038 | BC6: 0.163 | BD6: 0.063 | BE6: 0.17 | BF6: 0.048 | BG6: 0.083 | BH6: 0.029 | BI6: 0.231 | BJ6: 0.194 | BK6: 0.101 | BL6: 0.047 | BM6: 0.936 | BN6: 0.29 | BO6: 0.109 | BP6: 0 | BQ6: 0.189 | BR6: 0 | BS6: 0.108 | BT6: 0.038 | BU6: 0.134 | BV6: 0.102 | BW6: 0.12 | BX6: 0.341 | BY6: 0.131 | BZ6: 0.291 | CA6: 0.089 | CB6: 0.154 | CC6: 0.083 | CD6: 0.119 | CE6: 0.165 | CF6: 0.174 | CG6: 0.072 | CH6: 0.113 | CI6: 0.049 | CJ6: 0 | CK6: 0.142 | CL6: 0.057 | CM6: 0.126 | CN6: 0.044 | CO6: 0.05 | CP6: 0.277 | CQ6: 0.051 | CR6: 0.048 | CS6: 0.318 | CT6: 0.12770526 | CU6: 12.132
A7: 6 | B7: 2.5 | C7: 0.127 | D7: 0.058 | E7: 0.346 | F7: 0.057 | G7: 0.231 | H7: 0.176 | I7: 0.046 | J7: 0.064 | K7: 0.152 | L7: 0.041 | M7: 0.115 | N7: 0.106 | O7: 0.087 | P7: 0.099 | Q7: 0.11 | R7: 0.135 | S7: 0.05 | T7: 0.28 | U7: 0.056 | V7: 0.041 | W7: 0.086 | X7: 0.112 | Y7: 0.217 | Z7: 0.153 | AA7: 0.06 | AB7: 0.155 | AC7: 0.221 | AD7: 0.045 | AE7: 0.052 | AF7: 0.172 | AG7: 0.077 | AH7: 0.216 | AI7: 0.208 | AJ7: 0.132 | AK7: 0 | AL7: 0.052 | AM7: 0.048 | AN7: 0.145 | AO7: 0.064 | AP7: 0.053 | AQ7: 0.174 | AR7: 0.049 | AS7: 0.248 | AT7: 0.13 | AU7: 0.164 | AV7: 0.192 | AW7: 0.198 | AX7: 0.06 | AY7: 0.082 | AZ7: 0.065 | BA7: 0.034 | BB7: 0.207 | BC7: 0.048 | BD7: 0.12 | BE7: 0.091 | BF7: 0.048 | BG7: 0.214 | BH7: 0.029 | BI7: 0.333 | BJ7: 0.039 | BK7: 0.038 | BL7: 0.047 | BM7: 0.69 | BN7: 0.16 | BO7: 0.156 | BP7: 0 | BQ7: 0.136 | BR7: 0 | BS7: 0.15 | BT7: 0.139 | BU7: 0.13 | BV7: 0.054 | BW7: 0.269 | BX7: 0.114 | BY7: 0.142 | BZ7: 0.13 | CA7: 0.304 | CB7: 0.184 | CC7: 0.287 | CD7: 0.053 | CE7: 0.056 | CF7: 0.047 | CG7: 0.187 | CH7: 0.074 | CI7: 0.049 | CJ7: 0 | CK7: 0.048 | CL7: 0.046 | CM7: 0.052 | CN7: 0.044 | CO7: 0.147 | CP7: 0.037 | CQ7: 0.117 | CR7: 0.247 | CS7: 0.063 | CT7: 0.12175789 | CU7: 11.567
A8: 7 | B8: 3 | C8: 0.055 | D8: 0.196 | E8: 0.056 | F8: 0.057 | G8: 0.104 | H8: 0.105 | I8: 0.046 | J8: 0.109 | K8: 0.039 | L8: 0.041 | M8: 0.115 | N8: 0.211 | O8: 0.068 | P8: 0.047 | Q8: 0.076 | R8: 0.135 | S8: 0.05 | T8: 0.05 | U8: 0.044 | V8: 0.191 | W8: 0.073 | X8: 0.039 | Y8: 0.058 | Z8: 0.111 | AA8: 0.067 | AB8: 0.088 | AC8: 0.056 | AD8: 0.197 | AE8: 0.052 | AF8: 0.076 | AG8: 0.048 | AH8: 0.087 | AI8: 0.097 | AJ8: 0.116 | AK8: 0 | AL8: 0.052 | AM8: 0.154 | AN8: 0.046 | AO8: 0.069 | AP8: 0.121 | AQ8: 0.058 | AR8: 0.173 | AS8: 0.062 | AT8: 0.123 | AU8: 0.054 | AV8: 0.067 | AW8: 0.169 | AX8: 0.06 | AY8: 0.049 | AZ8: 0.119 | BA8: 0.034 | BB8: 0.138 | BC8: 0.184 | BD8: 0.245 | BE8: 0.217 | BF8: 0.048 | BG8: 0.047 | BH8: 0.029 | BI8: 0.295 | BJ8: 0.105 | BK8: 0.16 | BL8: 0.047 | BM8: 0 | BN8: 0.21 | BO8: 0.047 | BP8: 0 | BQ8: 0.22 | BR8: 0 | BS8: 0.052 | BT8: 0.038 | BU8: 0.194 | BV8: 0.054 | BW8: 0.106 | BX8: 0.309 | BY8: 0.054 | BZ8: 0.101 | CA8: 0.058 | CB8: 0.235 | CC8: 0.167 | CD8: 0.086 | CE8: 0.157 | CF8: 0.18 | CG8: 0.041 | CH8: 0.199 | CI8: 0.049 | CJ8: 0 | CK8: 0.265 | CL8: 0.231 | CM8: 0.121 | CN8: 0.044 | CO8: 0.061 | CP8: 0.037 | CQ8: 0.166 | CR8: 0.13 | CS8: 0.09 | CT8: 0.10091579 | CU8: 9.587
A9: 8 | B9: 3.5 | C9: 0.131 | D9: 0.04 | E9: 0.196 | F9: 0.054 | G9: 0.245 | H9: 0.177 | I9: 0.043 | J9: 0.071 | K9: 0.175 | L9: 0.038 | M9: 0.078 | N9: 0.089 | O9: 0.123 | P9: 0.188 | Q9: 0.083 | R9: 0.252 | S9: 0.047 | T9: 0.193 | U9: 0 | V9: 0.038 | W9: 0.046 | X9: 0.148 | Y9: 0.16 | Z9: 0.078 | AA9: 0.179 | AB9: 0.106 | AC9: 0.255 | AD9: 0.044 | AE9: 0.115 | AF9: 0.292 | AG9: 0.138 | AH9: 0.181 | AI9: 0.1 | AJ9: 0.186 | AK9: 0 | AL9: 0.05 | AM9: 0.118 | AN9: 0.21 | AO9: 0 | AP9: 0.05 | AQ9: 0.2 | AR9: 0.047 | AS9: 0.324 | AT9: 0.268 | AU9: 0.052 | AV9: 0.014 | AW9: 0.043 | AX9: 0.057 | AY9: 0.141 | AZ9: 0.111 | BA9: 0.179 | BB9: 0.174 | BC9: 0.058 | BD9: 0.105 | BE9: 0.07 | BF9: 0.045 | BG9: 0.1 | BH9: 0.026 | BI9: 0 | BJ9: 0.23 | BK9: 0.091 | BL9: 0.046 | BM9: 0 | BN9: 0.214 | BO9: 0.216 | BP9: 0 | BQ9: 0.176 | BR9: 0 | BS9: 0.049 | BT9: 0.036 | BU9: 0.037 | BV9: 0.114 | BW9: 0.238 | BX9: 0.18 | BY9: 0.051 | BZ9: 0.082 | CA9: 0.139 | CB9: 0.169 | CC9: 0.226 | CD9: 0.091 | CE9: 0.138 | CF9: 0.121 | CG9: 0.168 | CH9: 0.048 | CI9: 0.047 | CJ9: 0 | CK9: 0.045 | CL9: 0.185 | CM9: 0.051 | CN9: 0.043 | CO9: 0.047 | CP9: 0.237 | CQ9: 0.048 | CR9: 0.045 | CS9: 0.289 | CT9: 0.11187368 | CU9: 10.628
A10: 9 | B10: 4 | C10: 0.096 | D10: 0.162 | E10: 0.179 | F10: 0.007 | G10: 0.036 | H10: 0.03 | I10: 0 | J10: 0.089 | K10: 0.103 | L10: 0.085 | M10: 0.098 | N10: 0.168 | O10: 0.029 | P10: 0.01 | Q10: 0.083 | R10: 0.024 | S10: 0.0002655139 | T10: 0.158 | U10: 0 | V10: 0.121 | W10: 0 | X10: 0.216 | Y10: 0 | Z10: 0.168 | AA10: 0.035 | AB10: 0.116 | AC10: 0.031 | AD10: 0.095 | AE10: 0.058 | AF10: 0.034 | AG10: 0 | AH10: 0.034 | AI10: 0.151 | AJ10: 0 | AK10: 0 | AL10: 0.027 | AM10: 0 | AN10: 0 | AO10: 0 | AP10: 0.003 | AQ10: 0.034 | AR10: 0.024 | AS10: 0.115 | AT10: 0.149 | AU10: 0.084 | AV10: 0 | AW10: 0.264 | AX10: 0.023 | AY10: 0.012 | AZ10: 0.011 | BA10: 0.014 | BB10: 0.11 | BC10: 0.093 | BD10: 0.195 | BE10: 0.227 | BF10: 0 | BG10: 0.151 | BH10: 0 | BI10: 0 | BJ10: 0.014 | BK10: 0.1 | BL10: 0.028 | BM10: 0 | BN10: 0.071 | BO10: 0.016 | BP10: 0 | BQ10: 0.183 | BR10: 0 | BS10: 0.072 | BT10: 0.108 | BU10: 0.235 | BV10: 0.119 | BW10: 0.154 | BX10: 0.122 | BY10: 0.099 | BZ10: 0 | CA10: 0.098 | CB10: 0.181 | CC10: 0.171 | CD10: 0.003 | CE10: 0.025 | CF10: 0.168 | CG10: 0.053 | CH10: 0.019 | CI10: 0.024 | CJ10: 0 | CK10: 0.164 | CL10: 0.114 | CM10: 0.103 | CN10: 0.025 | CO10: 0.114 | CP10: 0.057 | CQ10: 0.001 | CR10: 0.278 | CS10: 0.018 | CT10: 0.072518584 | CU10: 6.8892655
A11: 10 | B11: 4.5 | C11: 0 | D11: 0 | E11: 0 | F11: 0 | G11: 0 | H11: 0.107 | I11: 0 | J11: 0 | K11: 0 | L11: 0 | M11: 0 | N11: 0 | O11: 0.022 | P11: 0 | Q11: 0 | R11: 0.01 | S11: 0 | T11: 0 | U11: 0 | V11: 0 | W11: 0 | X11: 0 | Y11: 0 | Z11: 0 | AA11: 0.093 | AB11: 0 | AC11: 0 | AD11: 0.041 | AE11: 0 | AF11: 0.073 | AG11: 0 | AH11: 0.124 | AI11: 0 | AJ11: 0 | AK11: 0 | AL11: 0 | AM11: 0 | AN11: 0 | AO11: 0 | AP11: 0 | AQ11: 0.002 | AR11: 0.038 | AS11: 0.012 | AT11: 0.099 | AU11: 0 | AV11: 0 | AW11: 0 | AX11: 0 | AY11: 0 | AZ11: 0.065 | BA11: 0 | BB11: 0 | BC11: 0 | BD11: 0 | BE11: 0 | BF11: 0 | BG11: 0 | BH11: 0 | BI11: 0 | BJ11: 0.078 | BK11: 0 | BL11: 0 | BM11: 0 | BN11: 0.072 | BO11: 0 | BP11: 0 | BQ11: 0 | BR11: 0 | BS11: 0 | BT11: 0 | BU11: 0 | BV11: 0 | BW11: 0 | BX11: 0 | BY11: 0 | BZ11: 0 | CA11: 0 | CB11: 0.045 | CC11: 0 | CD11: 0 | CE11: 0.07 | CF11: 0.013 | CG11: 0 | CH11: 0.046 | CI11: 0 | CJ11: 0 | CK11: 0 | CL11: 0 | CM11: 0 | CN11: 0.069 | CO11: 0 | CP11: 0.049 | CQ11: 0 | CR11: 0 | CS11: 0.081 | CT11: 0.012726316 | CU11: 1.209
A12: 11 | B12: 5 | C12: 0 | D12: 0 | E12: 0.032 | F12: 0 | G12: 0 | H12: 0 | I12: 0 | J12: 0 | K12: 0 | L12: 0 | M12: 0 | N12: 0 | O12: 0 | P12: 0 | Q12: 0 | R12: 0 | S12: 0 | T12: 0.047 | U12: 0 | V12: 0 | W12: 0 | X12: 0 | Y12: 0 | Z12: 0 | AA12: 0 | AB12: 0 | AC12: 0 | AD12: 0 | AE12: 0 | AF12: 0 | AG12: 0 | AH12: 0 | AI12: 0 | AJ12: 0 | AK12: 0 | AL12: 0 | AM12: 0 | AN12: 0 | AO12: 0 | AP12: 0 | AQ12: 0 | AR12: 0 | AS12: 0 | AT12: 0 | AU12: 0 | AV12: 0 | AW12: 0 | AX12: 0 | AY12: 0 | AZ12: 0 | BA12: 0 | BB12: 0 | BC12: 0 | BD12: 0 | BE12: 0 | BF12: 0 | BG12: 0 | BH12: 0 | BI12: 0 | BJ12: 0 | BK12: 0 | BL12: 0 | BM12: 0 | BN12: 0 | BO12: 0 | BP12: 0 | BQ12: 0 | BR12: 0 | BS12: 0 | BT12: 0 | BU12: 0 | BV12: 0 | BW12: 0.031 | BX12: 0 | BY12: 0 | BZ12: 0 | CA12: 0 | CB12: 0 | CC12: 0 | CD12: 0 | CE12: 0 | CF12: 0 | CG12: 0 | CH12: 0 | CI12: 0 | CJ12: 0 | CK12: 0 | CL12: 0 | CM12: 0 | CN12: 0 | CO12: 0 | CP12: 0.005 | CQ12: 0 | CR12: 0 | CS12: 0 | CT12: 0.0012105263 | CU12: 0.115
A13: 12 | B13: 5.5 | C13: 0 | D13: 0 | E13: 0 | F13: 0 | G13: 0 | H13: 0 | I13: 0 | J13: 0 | K13: 0 | L13: 0 | M13: 0 | N13: 0 | O13: 0 | P13: 0 | Q13: 0 | R13: 0 | S13: 0 | T13: 0 | U13: 0 | V13: 0 | W13: 0 | X13: 0 | Y13: 0 | Z13: 0 | AA13: 0 | AB13: 0 | AC13: 0 | AD13: 0 | AE13: 0 | AF13: 0 | AG13: 0 | AH13: 0 | AI13: 0 | AJ13: 0 | AK13: 0 | AL13: 0 | AM13: 0 | AN13: 0 | AO13: 0 | AP13: 0 | AQ13: 0 | AR13: 0 | AS13: 0 | AT13: 0 | AU13: 0 | AV13: 0 | AW13: 0 | AX13: 0 | AY13: 0 | AZ13: 0 | BA13: 0 | BB13: 0 | BC13: 0 | BD13: 0 | BE13: 0 | BF13: 0 | BG13: 0 | BH13: 0 | BI13: 0 | BJ13: 0 | BK13: 0 | BL13: 0 | BM13: 0 | BN13: 0 | BO13: 0 | BP13: 0 | BQ13: 0 | BR13: 0 | BS13: 0 | BT13: 0 | BU13: 0 | BV13: 0 | BW13: 0 | BX13: 0 | BY13: 0 | BZ13: 0 | CA13: 0 | CB13: 0 | CC13: 0 | CD13: 0 | CE13: 0 | CF13: 0 | CG13: 0 | CH13: 0 | CI13: 0 | CJ13: 0 | CK13: 0 | CL13: 0 | CM13: 0 | CN13: 0 | CO13: 0 | CP13: 0 | CQ13: 0 | CR13: 0 | CS13: 0 | CT13: 0 | CU13: 0
... A49: 48 | B49: 23.5 | C49: 0.447 | D49: 0.043 | E49: 0.346 | F49: 0.057 | G49: 0.054 | H49: 0.194 | I49: 0.081 | J49: 0.055 | K49: 0 | L49: 0.041 | M49: 0.117 | N49: 0.055 | O49: 0.424 | P49: 0.047 | Q49: 0.054 | R49: 0.343 | S49: 0.05 | T49: 0.328 | U49: 0.486 | V49: 0.041 | W49: 0 | X49: 0.088 | Y49: 0.058 | Z49: 0.478 | AA49: 0.174 | AB49: 0.192 | AC49: 0.129 | AD49: 0.548 | AE49: 0.409 | AF49: 0.32 | AG49: 0.048 | AH49: 0.179 | AI49: 0.151 | AJ49: 0.743 | AK49: 0 | AL49: 0.159 | AM49: 0.162 | AN49: 0.725 | AO49: 0.063 | AP49: 0.321 | AQ49: 0.058 | AR49: 0.068 | AS49: 0.685 | AT49: 0.213 | AU49: 0 | AV49: 0.609 | AW49: 0.164 | AX49: 0.623 | AY49: 0.049 | AZ49: 0.113 | BA49: 0.337 | BB49: 0.207 | BC49: 0.394 | BD49: 0.22 | BE49: 0 | BF49: 0.048 | BG49: 0.047 | BH49: 0.029 | BI49: 0.253 | BJ49: 0.145 | BK49: 0.153 | BL49: 0.347 | BM49: 0.505 | BN49: 0.23 | BO49: 0.047 | BP49: 0.063 | BQ49: 0.055 | BR49: 0.09 | BS49: 0 | BT49: 0.038 | BU49: 0.171 | BV49: 0.151 | BW49: 0.501 | BX49: 0.066 | BY49: 0.743 | BZ49: 0.058 | CA49: 0.046 | CB49: 0 | CC49: 0.193 | CD49: 0.053 | CE49: 0 | CF49: 0.218 | CG49: 0.137 | CH49: 0.05 | CI49: 0.004 | CJ49: 0 | CK49: 0.075 | CL49: 0.235 | CM49: 0.078 | CN49: 0.072 | CO49: 0.088 | CP49: 0.142 | CQ49: 0.117 | CR49: 0.225 | CS49: 0.218 | CT49: 0.18569474 | CU49: 17.641

Sheet Net_kW
A1: period | B1: hour | C1: BES_TR2_three312_A | D1: BES_TR2_three321_B | E1: BES_TR2_three368_A | F1: BES_TR2_three388_A | G1: BES_TR2_three409_C | H1: BES_TR2_three478_B | I1: BES_TR2_three97_B | J1: BES_TR2_three133_C | K1: BES_TR2_three160_C | L1: BES_TR2_five58_C | M1: BES_TR2_five147_C | N1: BES_TR2_five149_A | O1: BES_TR2_five160_C | P1: BES_TR2_five170_A | Q1: BES_TR2_five177_A | R1: BES_TR2_five67_C | S1: BES_TR2_five243_B | T1: BES_TR2_five284_C | U1: BES_TR2_five285_B | V1: BES_TR2_five303_B | W1: BES_TR2_five324_B | X1: BES_TR2_five355_A | Y1: BES_TR2_five394_C | Z1: BES_TR2_five451_A | AA1: BES_TR2_five466_A | AB1: BES_TR2_five494_B | AC1: BES_TR2_five512_A | AD1: BES_TR2_five520_C | AE1: BES_TR2_five540_A | AF1: BES_TR2_five588_A | AG1: BES_TR2_five649_A | AH1: BES_TR2_five663_C | AI1: BES_TR2_five685_B | AJ1: BES_TR2_five695_A | AK1: BES_TR2_five704_A | AL1: BES_TR2_five733_C | AM1: BES_TR2_five117_B | AN1: BES_TR2_five778_B | AO1: BES_TR2_five799_C | AP1: BES_TR2_five801_C | AQ1: BES_TR2_five831_C | AR1: BES_TR2_five881_C | AS1: BES_TR2_five118_B | AT1: BES_TR2_six64_A | AU1: BES_TR2_six154_C | AV1: BES_TR2_six173_C | AW1: BES_TR2_six186_A | AX1: BES_TR2_six191_B | AY1: BES_TR2_six203_A | AZ1: BES_TR2_six232_C | BA1: BES_TR2_six238_A | BB1: BES_TR2_six249_B | BC1: BES_TR2_six254_B | BD1: BES_TR2_six269_C | BE1: BES_TR2_six289_C | BF1: BES_TR2_six317_C | BG1: BES_TR2_six326_A | BH1: BES_TR2_six329_A | BI1: BES_TR2_six342_A | BJ1: BES_TR2_six349_A | BK1: BES_TR2_six350_B | BL1: BES_TR2_six362_C | BM1: BES_TR2_six365_C | BN1: BES_TR2_six378_A | BO1: BES_TR2_six385_B | BP1: BES_TR2_six387_A | BQ1: BES_TR2_six392_C | BR1: BES_TR2_six410_A | BS1: BES_TR2_six431_C | BT1: BES_TR2_six484_B | BU1: BES_TR2_six512_B | BV1: BES_TR2_six518_B | BW1: BES_TR2_six523_C | BX1: BES_TR2_six571_C | BY1: BES_TR2_six583_A | BZ1: BES_TR2_six625_A | CA1: BES_TR2_six646_B | CB1: BES_TR2_six87_A | CC1: BES_TR2_six652_A | CD1: BES_TR2_six665_B | CE1: BES_TR2_six667_A | CF1: BES_TR2_six721_A | CG1: BES_TR2_six740_A | CH1: BES_TR2_six758_B | CI1: BES_TR2_six784_B | CJ1: BES_TR2_six799_B | CK1: BES_TR2_six807_A | CL1: BES_TR2_six885_A | CM1: BES_TR2_six894_B | CN1: BES_TR2_six914_A | CO1: BES_TR2_six921_B | CP1: BES_TR2_six929_A | CQ1: BES_TR2_six938_A | CR1: BES_TR2_six990_B | CS1: BES_TR2_six1020_A | CT1: fleet_average | CU1: fleet_total
A2: 1 | B2: 0 | C2: 0.00043133333 | D2: -6.9388939e-18 | E2: -2.6666667e-05 | F2: 0 | G2: 0 | H2: -0.00049333333 | I2: 0 | J2: 0.00042733333 | K2: -0.00025166667 | L2: -0.000263 | M2: 0.00026666667 | N2: 6.8e-05 | O2: -0.000358 | P2: 0.00029333333 | Q2: 0 | R2: 0.00035733333 | S2: 0 | T2: 0 | U2: -0.00015866667 | V2: -0.00028333333 | W2: 0 | X2: -9.2e-05 | Y2: 0.000217 | Z2: -7.5e-05 | AA2: 0 | AB2: 0 | AC2: 8e-05 | AD2: 0.000458 | AE2: 0.00035366667 | AF2: -0.000383 | AG2: -6.9388939e-18 | AH2: 0.00018333333 | AI2: -0.000107 | AJ2: -0.00048333333 | AK2: -0.000491 | AL2: 0 | AM2: 0 | AN2: -0.00024266667 | AO2: -1.2666667e-05 | AP2: 0 | AQ2: 0 | AR2: 0 | AS2: -7.9e-05 | AT2: 0.00014066667 | AU2: 0.00016266667 | AV2: 6.0333333e-05 | AW2: 0.00010933333 | AX2: -0.000166 | AY2: -5.3333333e-05 | AZ2: -0.00040066667 | BA2: 0 | BB2: 0 | BC2: 0.000287 | BD2: 0.00033866667 | BE2: 0.00022666667 | BF2: 0 | BG2: 0.000344 | BH2: 0 | BI2: 0.00020933333 | BJ2: -0.000232 | BK2: 0.00043233333 | BL2: 0 | BM2: 0 | BN2: -0.000498 | BO2: 0.00027333333 | BP2: 0.000374 | BQ2: 0.000432 | BR2: -0.00015466667 | BS2: -0.000204 | BT2: 0 | BU2: 0.00019733333 | BV2: -2e-05 | BW2: 0 | BX2: -2.5333333e-05 | BY2: 0 | BZ2: -0.000312 | CA2: 8.6666667e-06 | CB2: 9.3333333e-06 | CC2: 3.5666667e-05 | CD2: 0 | CE2: 0 | CF2: -0.00041066667 | CG2: 0.00013033333 | CH2: 0 | CI2: 0 | CJ2: -0.00049866667 | CK2: 0.00031866667 | CL2: 0 | CM2: -4e-05 | CN2: 2.4e-05 | CO2: 0.000228 | CP2: -0.000406 | CQ2: 0.00046366667 | CR2: 0.000195 | CS2: -3.2666667e-05 | CT2: 9.2912281e-06 | CU2: 0.00088266667
A3: 2 | B3: 0.5 | C3: -0.000364 | D3: 0.000454 | E3: 0 | F3: 0 | G3: -0.000171 | H3: -0.00042 | I3: 0 | J3: -0.0005 | K3: 0.000479 | L3: 7e-05 | M3: 0.0001 | N3: 0.000124 | O3: 0 | P3: 0 | Q3: -4.8e-05 | R3: -0.000426 | S3: 0 | T3: 2e-06 | U3: -6.6666667e-05 | V3: 0.0001 | W3: -4e-05 | X3: 4.8e-05 | Y3: 0 | Z3: 9.5e-05 | AA3: 0.000419 | AB3: 0.00036 | AC3: 0 | AD3: -0.00044533333 | AE3: 9.1e-05 | AF3: 0.00032 | AG3: -0.00031333333 | AH3: 0.00043266667 | AI3: 0 | AJ3: 0 | AK3: 0.00011833333 | AL3: 0 | AM3: 0.00019 | AN3: 0 | AO3: 0.000283 | AP3: -0.000116 | AQ3: 0 | AR3: 0 | AS3: -0.00027733333 | AT3: -0.000372 | AU3: 0 | AV3: 0.00032166667 | AW3: 0.00019333333 | AX3: 4.6666667e-05 | AY3: 0 | AZ3: -0.00019533333 | BA3: 0 | BB3: 0.00025866667 | BC3: -0.00022533333 | BD3: 0.000252 | BE3: 0.00048233333 | BF3: 0 | BG3: 0 | BH3: 0 | BI3: 0.00013533333 | BJ3: 0.00012933333 | BK3: -0.00012766667 | BL3: 0 | BM3: 0 | BN3: -0.000304 | BO3: 0.00043 | BP3: -0.00046466667 | BQ3: 0 | BR3: 0.11404333 | BS3: 0 | BT3: 0 | BU3: -0.000259 | BV3: -0.00047333333 | BW3: 0.00048 | BX3: 0 | BY3: 0.00047233333 | BZ3: 0.00046133333 | CA3: 0 | CB3: 0.000252 | CC3: 0.00035966667 | CD3: 0.00020066667 | CE3: -0.000332 | CF3: -0.00019933333 | CG3: 0.00043833333 | CH3: 0.00035533333 | CI3: 0 | CJ3: 3.1666667e-05 | CK3: -0.00045333333 | CL3: -0.00015333333 | CM3: 0.00032 | CN3: 6.4e-05 | CO3: 0.00019866667 | CP3: -9.9e-05 | CQ3: 0 | CR3: 0 | CS3: 0.00030733333 | CT3: 0.0012323579 | CU3: 0.117074
A4: 3 | B4: 1 | C4: -0.000138 | D4: -6.9388939e-18 | E4: -0.00015733333 | F4: 0 | G4: 0.00014433333 | H4: 0.00020133333 | I4: 0 | J4: -0.000308 | K4: 0.00014266667 | L4: -0.00022333333 | M4: -0.00045 | N4: 0.00017733333 | O4: 2.3333333e-05 | P4: 0.00026666667 | Q4: 0 | R4: 0.00024666667 | S4: 0 | T4: 8.6333333e-05 | U4: 0.00044133333 | V4: 0 | W4: 0 | X4: 0.00032666667 | Y4: 0.00028 | Z4: 0 | AA4: 0.00030566667 | AB4: 0 | AC4: 0 | AD4: -6.9388939e-18 | AE4: 0 | AF4: 0.00014966667 | AG4: -6.9388939e-18 | AH4: 0.00033633333 | AI4: 0.000242 | AJ4: -0.00023366667 | AK4: 0.00011666667 | AL4: 0 | AM4: 0 | AN4: 0.000256 | AO4: 0.00014166667 | AP4: 0 | AQ4: -0.000275 | AR4: -0.00012533333 | AS4: -0.00033266667 | AT4: -8.9333333e-05 | AU4: 0 | AV4: -7.4333333e-05 | AW4: 0.00020666667 | AX4: 0.00024736667 | AY4: -5.3333333e-05 | AZ4: 0.00049766667 | BA4: -8.5e-05 | BB4: 8.2e-05 | BC4: 0 | BD4: -0.000148 | BE4: 0.00028233333 | BF4: 0 | BG4: 0.000288 | BH4: 0 | BI4: 0.00034133333 | BJ4: 0 | BK4: 0 | BL4: 0 | BM4: -0.000166 | BN4: -0.00012 | BO4: 0.00038933333 | BP4: 0.23455333 | BQ4: -0.000474 | BR4: 0.257956 | BS4: -0.00024933333 | BT4: -0.00041 | BU4: 0.000446 | BV4: 0 | BW4: -0.00032533333 | BX4: 0.000128 | BY4: 0.000303 | BZ4: -8.2333333e-05 | CA4: 0.00035933333 | CB4: 2.6e-05 | CC4: 0.00020466667 | CD4: -0.00039466667 | CE4: 0 | CF4: -0.00041066667 | CG4: -0.00044333333 | CH4: 0 | CI4: 0 | CJ4: 0.00038566667 | CK4: -0.000324 | CL4: 0.00031266667 | CM4: 0.00044 | CN4: 0 | CO4: 0.00037133333 | CP4: -0.00043066667 | CQ4: -0.00037033333 | CR4: -0.00015866667 | CS4: -0.000156 | CT4: 0.0052052284 | CU4: 0.4944967
A5: 4 | B5: 1.5 | C5: 0 | D5: -0.000488 | E5: -2.6666667e-05 | F5: 0 | G5: 0 | H5: -0.00032333333 | I5: 0 | J5: 0 | K5: 0.00041666667 | L5: 0 | M5: -0.00018333333 | N5: 0.00011666667 | O5: -0.00038133333 | P5: 2.6666667e-05 | Q5: 0.00029066667 | R5: 0.00030666667 | S5: 0 | T5: 6.9e-05 | U5: 0.00046766667 | V5: -0.00016 | W5: -4e-05 | X5: -0.000476 | Y5: 0.00041333333 | Z5: -0.00031933333 | AA5: 0 | AB5: 0.00036 | AC5: 0 | AD5: 1.2666667e-05 | AE5: -4.0333333e-05 | AF5: 0.000269 | AG5: -6.9388939e-18 | AH5: 0.000127 | AI5: -0.00015066667 | AJ5: -8.3333333e-05 | AK5: 0.29752767 | AL5: 0 | AM5: 0 | AN5: -0.00049866667 | AO5: -7.5666667e-05 | AP5: 0.00017066667 | AQ5: -6.1666667e-05 | AR5: -0.00028133333 | AS5: -0.000381 | AT5: 0.000396 | AU5: 2.1333333e-05 | AV5: 0.00033233333 | AW5: 0.000409 | AX5: -0.00011666667 | AY5: 0 | AZ5: -0.000207 | BA5: -0.00043966667 | BB5: 0.00014233333 | BC5: -7.6666667e-05 | BD5: -0.00040933333 | BE5: 0.00041866667 | BF5: 0 | BG5: 0.000122 | BH5: 0 | BI5: 0.00043433333 | BJ5: -5.8e-05 | BK5: 0.00047666667 | BL5: 0 | BM5: -0.000377 | BN5: -3.4666667e-05 | BO5: 0 | BP5: 0.130144 | BQ5: -0.000124 | BR5: 0.52382167 | BS5: 0 | BT5: 0 | BU5: 0.00014666667 | BV5: 0.0003 | BW5: -6.8e-05 | BX5: -7.8333333e-05 | BY5: 0 | BZ5: 0 | CA5: 0.00042333333 | CB5: 0.00021466667 | CC5: 0.000234 | CD5: 0.00020066667 | CE5: -0.000454 | CF5: 0.00048733333 | CG5: 4.7333333e-05 | CH5: -0.00031933333 | CI5: 0 | CJ5: 0.010064333 | CK5: -2.4e-05 | CL5: -8.4666667e-05 | CM5: 0 | CN5: 8.8e-05 | CO5: 5.5333333e-05 | CP5: 0 | CQ5: -0.000269 | CR5: -0.000495 | CS5: -0.000324 | CT5: 0.010122361 | CU5: 0.96162433
A6: 5 | B6: 2 | C6: -9.2e-05 | D6: -5.8e-05 | E6: 0 | F6: 0 | G6: 0.000394 | H6: -7.2e-05 | I6: 0 | J6: 0.00041 | K6: 0 | L6: 0.00025333333 | M6: 0 | N6: 0.00045466667 | O6: -0.00027433333 | P6: 0.00018666667 | Q6: -0.00033866667 | R6: 0.00012333333 | S6: 0 | T6: 6.1333333e-05 | U6: -0.00041533333 | V6: -9.3333333e-05 | W6: 0 | X6: -0.00010333333 | Y6: 0 | Z6: -0.00014933333 | AA6: 0.000419 | AB6: 0 | AC6: -0.00044 | AD6: -6.9388939e-18 | AE6: 0.000485 | AF6: -0.00021533333 | AG6: -0.00015366667 | AH6: -0.00013466667 | AI6: 0.00046666667 | AJ6: -0.000302 | AK6: 0.50465167 | AL6: 0 | AM6: 0.00019 | AN6: -0.000372 | AO6: -0.000481 | AP6: -0.00028666667 | AQ6: 0.00024166667 | AR6: 0 | AS6: -0.00030266667 | AT6: 0.00035666667 | AU6: 0 | AV6: 0 | AW6: -0.000313 | AX6: -6.9388939e-18 | AY6: -0.00028466667 | AZ6: -0.00015266667 | BA6: 0 | BB6: 0 | BC6: 0.00033933333 | BD6: 9.4666667e-05 | BE6: 0.000346 | BF6: 0 | BG6: 0.000232 | BH6: 0 | BI6: 0.00024366667 | BJ6: 0.00030533333 | BK6: -0.000174 | BL6: 0 | BM6: 0.00043466667 | BN6: 0.00010866667 | BO6: 0.000104 | BP6: 0.055 | BQ6: 0.00042 | BR6: 0.301805 | BS6: -9.0666667e-05 | BT6: 0 | BU6: 0.00035266667 | BV6: 0.00020666667 | BW6: 0.00033 | BX6: 0.00049966667 | BY6: 0.000454 | BZ6: -0.00045033333 | CA6: 0.00042333333 | CB6: 0.000308 | CC6: -0.000157 | CD6: -0.00039466667 | CE6: 0.000122 | CF6: -1.3333333e-05 | CG6: 7.9666667e-05 | CH6: -0.00032533333 | CI6: 0 | CJ6: 0.117112 | CK6: 0.000342 | CL6: 0.00028466667 | CM6: -0.00024 | CN6: 0 | CO6: 0 | CP6: -0.00047666667 | CQ6: 0 | CR6: 0 | CS6: 0.000224 | CT6: 0.010331677 | CU6: 0.98150933
A7: 6 | B7: 2.5 | C7: -0.00041 | D7: 0.000314 | E7: -0.00018066667 | F7: 0 | G7: -0.00042066667 | H7: -0.00034 | I7: 0 | J7: 0.000282 | K7: -0.00029333333 | L7: 0 | M7: -0.00031666667 | N7: 0.000405 | O7: -8.3666667e-05 | P7: 0.00010666667 | Q7: 0.00029866667 | R7: -0.000252 | S7: 0 | T7: 9.6e-05 | U7: 0 | V7: 0 | W7: 0.00025333333 | X7: -4.6e-05 | Y7: -0.00030666667 | Z7: 0.00048866667 | AA7: 0.00030566667 | AB7: -0.00023 | AC7: -0.00048 | AD7: -6.9388939e-18 | AE7: 0 | AF7: -4.6e-05 | AG7: -0.00015966667 | AH7: 0.000461 | AI7: -0.000482 | AJ7: -1.6666667e-05 | AK7: 0.50461533 | AL7: 0 | AM7: 0 | AN7: 0.00012933333 | AO7: -0.00016566667 | AP7: 0 | AQ7: 0.00042166667 | AR7: 0 | AS7: 6.5666667e-05 | AT7: 0.000412 | AU7: 2.1333333e-05 | AV7: -0.00047766667 | AW7: -0.00040933333 | AX7: -6.9388939e-18 | AY7: 0.00023133333 | AZ7: -0.00015666667 | BA7: 0 | BB7: -3.2666667e-05 | BC7: 0 | BD7: -0.00024266667 | BE7: 3.2e-05 | BF7: 0 | BG7: 0.000178 | BH7: 0 | BI7: 0.00040966667 | BJ7: 0 | BK7: 0 | BL7: 0 | BM7: 0.37447 | BN7: -0.000498 | BO7: -0.000318 | BP7: 0.055 | BQ7: -0.00012 | BR7: 0.155168 | BS7: -0.00015866667 | BT7: -0.00041 | BU7: 8.8e-05 | BV7: 0 | BW7: 2.3333333e-05 | BX7: 0.000409 | BY7: 0.00031666667 | BZ7: 2.7755576e-17 | CA7: 8.7333333e-05 | CB7: 0.00011133333 | CC7: -0.000298 | CD7: 0 | CE7: 0 | CF7: 0 | CG7: -0.00013366667 | CH7: -0.000497 | CI7: 0 | CJ7: 0.14139933 | CK7: 0 | CL7: 0 | CM7: 0.00032 | CN7: 0 | CO7: -0.000316 | CP7: 0 | CQ7: -5.0666667e-05 | CR7: 0.00032433333 | CS7: 2.8e-05 | CT7: 0.012936042 | CU7: 1.228924
A8: 7 | B8: 3 | C8: 0 | D8: 0.00014 | E8: 0 | F8: 0 | G8: 0.000197 | H8: -5.5333333e-05 | I8: 0 | J8: -0.00044466667 | K8: 0 | L8: 0 | M8: -0.00031666667 | N8: 0.00040966667 | O8: 0.000107 | P8: 0 | Q8: -0.00034666667 | R8: -5.0666667e-05 | S8: 0 | T8: 0 | U8: 0.012 | V8: -0.00025333333 | W8: -0.00029333333 | X8: 0 | Y8: 0 | Z8: 0.00017766667 | AA8: -0.00038866667 | AB8: -0.00041 | AC8: 0 | AD8: 1.2666667e-05 | AE8: 0 | AF8: 0.000398 | AG8: -0.00033133333 | AH8: 0.00038833333 | AI8: -0.00048 | AJ8: 0.000248 | AK8: 0.45461133 | AL8: 0 | AM8: -0.000115 | AN8: 0 | AO8: 0.11971033 | AP8: -0.000116 | AQ8: 0 | AR8: -0.00040666667 | AS8: 0.000142 | AT8: -0.00021066667 | AU8: 0 | AV8: 0.000293 | AW8: -0.000291 | AX8: -6.9388939e-18 | AY8: 0 | AZ8: 0.00031733333 | BA8: 0 | BB8: 0.00025866667 | BC8: -0.00030666667 | BD8: -0.00017266667 | BE8: 0.00029466667 | BF8: 0 | BG8: 0 | BH8: 0 | BI8: 0.22519367 | BJ8: -0.00041033333 | BK8: 0.00045733333 | BL8: 0 | BM8: 1.7299 | BN8: -0.000326 | BO8: 0 | BP8: 0.055 | BQ8: 1.3333333e-05 | BR8: 0.057037333 | BS8: 0 | BT8: 0 | BU8: 0.00041133333 | BV8: 0 | BW8: 0.00019933333 | BX8: 7.3e-05 | BY8: 0 | BZ8: 0.000283 | CA8: 0.000272 | CB8: -0.00017866667 | CC8: 0.000246 | CD8: -0.00019733333 | CE8: -0.000272 | CF8: 0.000147 | CG8: -0.00037733333 | CH8: -0.00014766667 | CI8: 0 | CJ8: 0.21116267 | CK8: 0.000318 | CL8: -0.00035366667 | CM8: 0.00044 | CN8: 0 | CO8: -0.00025733333 | CP8: 0 | CQ8: 0.00041133333 | CR8: 2e-05 | CS8: 0.00040733333 | CT8: 0.030149354 | CU8: 2.8641887
A9: 8 | B9: 3.5 | C9: 0.0001683974 | D9: -0.00044080347 | E9: 0.00035959827 | F9: -0.00044080347 | G9: 0.00023019653 | H9: -3.3935933e-05 | I9: -0.00044080347 | J9: -0.00044393593 | K9: -0.00021780347 | L9: -0.00044080347 | M9: 0.00014252987 | N9: 0.00016252987 | O9: -0.00018540173 | P9: -0.00028726927 | Q9: 2.4365367e-05 | R9: -0.0002121368 | S9: -0.00044080347 | T9: 0.0002299316 | U9: 0.052559197 | V9: -0.00044080347 | W9: -0.00044080347 | X9: -0.0002706026 | Y9: 0.017615964 | Z9: -0.0004348355 | AA9: -0.00017696797 | AB9: 0.0004536987 | AC9: 0.00035959827 | AD9: -0.0002903013 | AE9: 0.00034719653 | AF9: 0.00024149783 | AG9: -0.00042280347 | AH9: 0.0003936987 | AI9: 0.00014819653 | AJ9: -7.4701333e-06 | AK9: 0.050419397 | AL9: 0.00027959827 | AM9: -0.00013580347 | AN9: 0.00031652987 | AO9: 0.094829197 | AP9: -0.00044080347 | AQ9: -0.00033550217 | AR9: 0.00027959827 | AS9: 1.6529867e-05 | AT9: 9.2064067e-05 | AU9: 0.00027959827 | AV9: 0.026559197 | AW9: -0.00044080347 | AX9: 0.0004193974 | AY9: 0.00036606407 | AZ9: -0.00042850217 | BA9: 8.16303e-05 | BB9: -0.0003346026 | BC9: 0.00012852987 | BD9: -0.0003953697 | BE9: 0.00042729697 | BF9: -0.00044080347 | BG9: -0.0004863697 | BH9: -0.00044080347 | BI9: 0.073473498 | BJ9: -6.2735067e-05 | BK9: 0.00026473073 | BL9: -0.0002903013 | BM9: 0.1828072 | BN9: -0.0002506026 | BO9: -0.00036450217 | BP9: 0.11835386 | BQ9: 0.00039729697 | BR9: 0.025559197 | BS9: -0.00044080347 | BT9: -0.00015050217 | BU9: -0.00044080347 | BV9: 0.00025959827 | BW9: -0.00029973507 | BX9: 0.00011406407 | BY9: -1.0703033e-05 | BZ9: 0.23468973 | CA9: -0.0004793697 | CB9: -0.00012450217 | CC9: 0.00033019653 | CD9: -0.00043747013 | CE9: -0.00021050217 | CF9: 0.00046259827 | CG9: -0.00011203637 | CH9: -0.00015050217 | CI9: 0.00027959827 | CJ9: 0.050279598 | CK9: -1.0703033e-05 | CL9: -0.0001443697 | CM9: 2.96987e-05 | CN9: -0.0002903013 | CO9: -1.0703033e-05 | CP9: 3.2033333e-08 | CQ9: -0.00044080347 | CR9: 0.0004193974 | CS9: 0.0001239316 | CT9: 0.0096958426 | CU9: 0.92110505
A10: 9 | B10: 4 | C10: 0.0004481306 | D10: -0.00028049253 | E10: -0.00013124627 | F10: 0.00026550747 | G10: 0.0003708408 | H10: -0.0001558694 | I10: 0.00026550747 | J10: -3.6202733e-05 | K10: -3.3492533e-05 | L10: 4.2174133e-05 | M10: 4.88408e-05 | N10: -4.3825867e-05 | O10: 0.00013275373 | P10: -0.0003008694 | Q10: -1.3101367e-05 | R10: 0.0003268408 | S10: -6.4333332e-09 | T10: 0.00033975373 | U10: 0.0062655075 | V10: -0.00040782587 | W10: 0.00026550747 | X10: -0.00023620273 | Y10: 0.050548986 | Z10: 4.2608833e-05 | AA10: 0.0003495653 | AB10: -3.44347e-05 | AC10: 0.00013275373 | AD10: 0.00044623197 | AE10: -7.7825867e-05 | AF10: -0.00013539117 | AG10: 0.00026550747 | AH10: 0.0003495653 | AI10: -0.00028549253 | AJ10: 0.00026550747 | AK10: 0.065746131 | AL10: 0.00013275373 | AM10: 0.00026550747 | AN10: 0.00026550747 | AO10: 0.22986717 | AP10: 0.00026550747 | AQ10: -0.0002357245 | AR10: 0.00013275373 | AS10: 0.00046450747 | AT10: 5.7972667e-06 | AU10: 0.0001434204 | AV10: 0.14178784 | AW10: 0.00015250747 | AX10: -0.0003008694 | AY10: -0.0003008694 | AZ10: -8.4057833e-05 | BA10: -0.00013468097 | BB10: 0.0001951306 | BC10: 0.0002508408 | BD10: -0.0002410143 | BE10: -0.00037834763 | BF10: 0.00026550747 | BG10: 0.0003679857 | BH10: 0.00026550747 | BI10: 0.016915942 | BJ10: 0.00013275373 | BK10: -0.0003208694 | BL10: 0.0003495653 | BM10: 0.00026550747 | BN10: 0.00014979727 | BO10: -8.4057833e-05 | BP10: 0.013614841 | BQ10: 0.0002929857 | BR10: 0.12646151 | BS10: 0.00015217413 | BT10: -0.00049405783 | BU10: -0.0002351592 | BV10: -0.0003405796 | BW10: 0.00033275373 | BX10: -9.2202733e-05 | BY10: -0.0002010143 | BZ10: 0.020699131 | CA10: 1.3652367e-05 | CB10: -0.00010739117 | CC10: -9.4825867e-05 | CD10: 0.00026550747 | CE10: -8.4057833e-05 | CF10: 4.14204e-05 | CG10: 0.00015231903 | CH10: -8.4057833e-05 | CI10: 0.00013275373 | CJ10: 0.24675609 | CK10: 7.4319033e-05 | CL10: 1.9319033e-05 | CM10: -0.0002104347 | CN10: 0.0003495653 | CO10: -9.10143e-05 | CP10: -0.00042110137 | CQ10: 0.00026550747 | CR10: 0.00037879727 | CS10: 0.00013275373 | CT10: 0.0097156501 | CU10: 0.92298676
A11: 10 | B11: 4.5 | C11: -0.0004301679 | D11: 0.0004264428 | E11: -0.0002867786 | F11: 0.0004264428 | G11: -0.0001795572 | H11: 0.0003028321 | I11: 0.0004264428 | J11: -2.8345667e-06 | K11: -4.9223867e-05 | L11: 0.0004264428 | M11: 0.0004264428 | N11: -0.00038522387 | O11: 0.0003552214 | P11: -0.00037683457 | Q11: -0.00021508395 | R11: 0.00041977613 | S11: 0.0004264428 | T11: -1.27786e-05 | U11: 0.0004264428 | V11: -0.0001535572 | W11: 0.0003864428 | X11: 9.38321e-05 | Y11: 0.00049813745 | Z11: 0.00032219342 | AA11: -0.00010175062 | AB11: -0.00021508395 | AC11: -0.0002867786 | AD11: -0.00029908395 | AE11: -0.0001795572 | AF11: -0.00010647325 | AG11: 0.00011310947 | AH11: 0.00028758272 | AI11: 0.0004264428 | AJ11: 0.0004264428 | AK11: 0.19579483 | AL11: -0.0002867786 | AM11: -0.0003835572 | AN11: -0.0001935572 | AO11: 0.0004264428 | AP11: 0.00013977613 | AQ11: -0.00033013992 | AR11: -0.00023244527 | AS11: 0.00012510947 | AT11: -0.0003161679 | AU11: -0.00027611193 | AV11: -0.0002805572 | AW11: 0.00039527613 | AX11: -0.0004301679 | AY11: -0.00048350123 | AZ11: 0.00033519342 | BA11: 0.00026413745 | BB11: 5.38321e-05 | BC11: -0.00029622387 | BD11: -0.00033586255 | BE11: 0.00012347078 | BF11: 0.0004264428 | BG11: 0.00049813745 | BH11: 0.0004264428 | BI11: -0.00035847325 | BJ11: 1.8554733e-05 | BK11: 6.6498767e-05 | BL11: -0.00021508395 | BM11: 0.0002544428 | BN11: -0.00042383457 | BO11: -0.00035847325 | BP11: -0.0004295572 | BQ11: 0.00049813745 | BR11: 0.00043577613 | BS11: 0.0002904428 | BT11: -0.00035847325 | BU11: 0.0004264428 | BV11: -0.0002867786 | BW11: -0.0002867786 | BX11: 0.00033049877 | BY11: 4.313745e-05 | BZ11: 0.035569832 | CA11: 0.00049813745 | CB11: -0.00012047325 | CC11: -0.0003645572 | CD11: 0.0002324428 | CE11: 0.00012752675 | CF11: 0.00018255473 | CG11: 0.00049813745 | CH11: -0.00034047325 | CI11: -0.0002867786 | CJ11: -0.00034811193 | CK11: 0.00022413745 | CL11: -0.00041219588 | CM11: -0.00021508395 | CN11: -0.00015108395 | CO11: 0.00049813745 | CP11: -0.00038575062 | CQ11: 0.0004264428 | CR11: 0.0002398321 | CS11: 9.82214e-05 | CT11: 0.0024643973 | CU11: 0.23411774
A12: 11 | B12: 5 | C12: -0.0003022162 | D12: -0.00045628827 | E12: 0.00017385587 | F12: -0.00034028827 | G12: -0.0002326216 | H12: -5.2162e-06 | I12: -0.00034028827 | J12: 0.0002767838 | K12: 0.00025871173 | L12: -0.00034028827 | M12: 2.63784e-05 | N12: -0.0002576216 | O12: 0.00032985587 | P12: 0.0002347838 | Q12: -5.06081e-05 | R12: -0.00021695493 | S12: -0.00034028827 | T12: 0.0002131892 | U12: -0.00034028827 | V12: -0.00034028827 | W12: -0.00034028827 | X12: -0.00027454953 | Y12: 2.05811e-05 | Z12: -0.00033768017 | AA12: -0.00039127477 | AB12: -2.6081e-06 | AC12: 9.8558667e-06 | AD12: -2.6081e-06 | AE12: -0.0002896216 | AF12: 0.0001489865 | AG12: -0.00034028827 | AH12: 0.00039072523 | AI12: -0.0001516216 | AJ12: 0.00034704507 | AK12: -0.0003772162 | AL12: 0.00032985587 | AM12: -0.00034028827 | AN12: 3.7045067e-05 | AO12: 0.00028371173 | AP12: -0.0001696216 | AQ12: 0.00029731983 | AR12: -0.00013114413 | AS12: -0.0004716216 | AT12: 0.0003427838 | AU12: 0.00032985587 | AV12: -0.00034028827 | AW12: 0.0004423784 | AX12: -5.2162e-06 | AY12: -5.2162e-06 | AZ12: 0.00038431983 | BA12: 3.65811e-05 | BB12: 0.0003607838 | BC12: -0.00034028827 | BD12: -0.00043608557 | BE12: 0.00032724777 | BF12: -0.00034028827 | BG12: 0.00032724777 | BH12: -0.00034028827 | BI12: -0.00040568017 | BJ12: 0.00027185587 | BK12: -0.0001792162 | BL12: -2.6081e-06 | BM12: 7.9711733e-05 | BN12: -0.00038354953 | BO12: -0.00018168017 | BP12: -0.00034028827 | BQ12: -7.54189e-05 | BR12: -0.0002656216 | BS12: -0.00034028827 | BT12: -0.00033768017 | BU12: -0.00034028827 | BV12: -1.0144133e-05 | BW12: 0.00045552253 | BX12: -0.00025388287 | BY12: -0.00022208557 | BZ12: -0.00045854953 | CA12: -0.00022475223 | CB12: -0.00030034683 | CC12: -0.0001836216 | CD12: -0.00034028827 | CE12: -0.00015568017 | CF12: -0.00043014413 | CG12: -0.00041608557 | CH12: -3.4683333e-07 | CI12: 0.00032985587 | CJ12: 0.00032985587 | CK12: 0.00032724777 | CL12: -0.00044608557 | CM12: -0.0002426081 | CN12: 2.13919e-05 | CO12: 0.00032724777 | CP12: -0.00030894143 | CQ12: 2.03784e-05 | CR12: 0.00018945047 | CS12: 0.00046952253 | CT12: -7.4582297e-05 | CU12: -0.0070853182
A13: 12 | B13: 5.5 | C13: 0.0004015176 | D13: -0.00028797653 | E13: 4.4345067e-05 | F13: 0.00014202347 | G13: 2.3023467e-05 | H13: 3.85176e-05 | I13: 0.00014202347 | J13: 1.65176e-05 | K13: 0.0002133568 | L13: -0.00046130987 | M13: 0.00014202347 | N13: 0.0004773568 | O13: 7.1011733e-05 | P13: -0.0003934824 | Q13: -0.0001967412 | R13: 0.00014202347 | S13: 0.00014202347 | T13: 0.00025301173 | U13: 0.00014202347 | V13: 0.00014202347 | W13: 0.00014202347 | X13: -0.0003934824 | Y13: -0.00012572947 | Z13: 1.4098e-05 | AA13: -0.0001967412 | AB13: -0.0001967412 | AC13: 0.00047101173 | AD13: -0.00018407453 | AE13: 0.00014202347 | AF13: -0.00026323533 | AG13: 0.00015402347 | AH13: 5.4592133e-05 | AI13: -0.0004886432 | AJ13: 0.00014202347 | AK13: -0.00022214907 | AL13: 7.1011733e-05 | AM13: 0.00033202347 | AN13: 0.00014202347 | AO13: 0.0003933568 | AP13: -0.00018797653 | AQ13: 0.00033876467 | AR13: 7.1011733e-05 | AS13: 0.0003493568 | AT13: -0.0003934824 | AU13: 9.2345067e-05 | AV13: 0.00019302347 | AW13: 0.00034002347 | AX13: -0.0003934824 | AY13: 0.00015995093 | AZ13: -0.000287902 | BA13: -0.00012572947 | BB13: 0.00046385093 | BC13: -0.00036530987 | BD13: 0.00024560387 | BE13: 0.0003249372 | BF13: 0.00014202347 | BG13: 0.00041227053 | BH13: 0.00014202347 | BI13: 0.00033876467 | BJ13: 7.1011733e-05 | BK13: 8.3184267e-05 | BL13: -0.0001967412 | BM13: 0.00014202347 | BN13: 0.00036385093 | BO13: -3.1235333e-05 | BP13: 0.00028602347 | BQ13: 0.0002529372 | BR13: 0.00027269013 | BS13: 0.00014202347 | BT13: -7.1235333e-05 | BU13: 0.00015669013 | BV13: -8.23216e-05 | BW13: 0.00043701173 | BX13: 0.0003785176 | BY13: 0.00016427053 | BZ13: -0.0003934824 | CA13: 0.0002089372 | CB13: 0.000234098 | CC13: 0.00030969013 | CD13: -5.1976533e-05 | CE13: 0.00033876467 | CF13: -9.23216e-05 | CG13: 0.00038427053 | CH13: 0.000173098 | CI13: 0.00019921173 | CJ13: -0.00036698827 | CK13: -0.00030972947 | CL13: -0.0004190628 | CM13: -0.0001967412 | CN13: -0.0001967412 | CO13: -0.00012572947 | CP13: -0.0001967412 | CQ13: 0.00014202347 | CR13: 8.7184267e-05 | CS13: -0.00038365493 | CT13: 5.0037949e-05 | CU13: 0.0047536052
... A49: 48 | B49: 23.5 | C49: 0.000443 | D49: -6.9388939e-18 | E49: -0.00017933333 | F49: 0 | G49: 0 | H49: 0.00042233333 | I49: -0.00012033333 | J49: 0.00042733333 | K49: 0.11225933 | L49: 0 | M49: -6e-05 | N49: 0 | O49: -0.00010733333 | P49: 0 | Q49: 0 | R49: 0.000178 | S49: 0 | T49: 0.00015733333 | U49: -2.2666667e-05 | V49: 0 | W49: 0.3624 | X49: -0.000364 | Y49: 0 | Z49: 0.00011166667 | AA49: -0.00019233333 | AB49: -0.000102 | AC49: 0.00012 | AD49: -6e-05 | AE49: 0.00025666667 | AF49: 0.00027266667 | AG49: -0.00033133333 | AH49: -0.00019733333 | AI49: -3.4e-05 | AJ49: 0.000428 | AK49: 0.93216067 | AL49: 0.000253 | AM49: 3e-05 | AN49: 0.00022333333 | AO49: 7e-05 | AP49: 0.00039466667 | AQ49: 0 | AR49: -0.000461 | AS49: 6.6333333e-05 | AT49: -0.000206 | AU49: 0.70146533 | AV49: -5.3333333e-05 | AW49: 0.000163 | AX49: -9.3333333e-06 | AY49: 0 | AZ49: -0.000278 | BA49: 6.1666667e-05 | BB49: -3.2666667e-05 | BC49: -0.000264 | BD49: 0.00013133333 | BE49: 0.179096 | BF49: 0 | BG49: 0 | BH49: 0 | BI49: 0.00021466667 | BJ49: -0.00011 | BK49: 0.00047666667 | BL49: -0.00021333333 | BM49: 0.25875533 | BN49: 0.00036866667 | BO49: 0 | BP49: 0.00034933333 | BQ49: 0.00026333333 | BR49: 0.00028466667 | BS49: 0.20575067 | BT49: 0 | BU49: -0.00035666667 | BV49: 0.00047133333 | BW49: -0.000473 | BX49: -4.7e-05 | BY49: -0.00028833333 | BZ49: 0 | CA49: 0 | CB49: 0.29528867 | CC49: -0.00019033333 | CD49: 0 | CE49: 0.056 | CF49: 0.000369 | CG49: -0.00045533333 | CH49: 0 | CI49: 0.045 | CJ49: 0.22821533 | CK49: 0.000328 | CL49: 0.00043866667 | CM49: 0.00024 | CN49: 1.6e-05 | CO49: -0.00040066667 | CP49: 4.1333333e-05 | CQ49: -5.0666667e-05 | CR49: -0.00043533333 | CS49: 8.8666667e-05 | CT49: 0.035562698 | CU49: 3.3784563

Sheet ProsumerMetrics
A1: battery | B1: bus | C1: phase | D1: BattMaxP_kW | E1: BattEcap_kWh | F1: PV_kWh | G1: demand_kWh | H1: export_kWh | I1: import_kWh | J1: SCR_pct | K1: SSR_pct
A2: BES_TR2_three312_A | B2: TR2_three312 | C2: 1 | D2: 3.6 | E2: 4.2 | F2: 24.23 | G2: 12.8 | H2: 9.73 | I2: 0.002 | J2: 59.8 | K2: 100
A3: BES_TR2_three321_B | B3: TR2_three321 | C3: 2 | D3: 3.6 | E3: 4.2 | F3: 32.31 | G3: 5.5 | H3: 25.87 | I3: 0.001 | J3: 19.9 | K3: 100
A4: BES_TR2_three368_A | B4: TR2_three368 | C4: 1 | D4: 3.6 | E4: 4.2 | F4: 16.15 | G4: 9.8 | H4: 5.78 | I4: 0.002 | J4: 64.2 | K4: 100
A5: BES_TR2_three388_A | B5: TR2_three388 | C5: 1 | D5: 3.6 | E5: 4.2 | F5: 32.31 | G5: 3.84 | H5: 26.84 | I5: 0.001 | J5: 16.9 | K5: 100
A6: BES_TR2_three409_C | B6: TR2_three409 | C6: 3 | D6: 3.6 | E6: 4.2 | F6: 32.31 | G6: 6.36 | H6: 24.85 | I6: 0.002 | J6: 23.1 | K6: 100
A7: BES_TR2_three478_B | B7: TR2_three478 | C7: 2 | D7: 3.6 | E7: 4.2 | F7: 24.23 | G7: 6.19 | H7: 17.52 | I7: 0.001 | J7: 27.7 | K7: 100
A8: BES_TR2_three97_B | B8: TR2_three97 | C8: 2 | D8: 3.6 | E8: 4.2 | F8: 32.31 | G8: 1.51 | H8: 28.63 | I8: 0.001 | J8: 11.4 | K8: 99.9
A9: BES_TR2_three133_C | B9: TR2_three133 | C9: 3 | D9: 3.6 | E9: 4.2 | F9: 24.23 | G9: 5.12 | H9: 17.96 | I9: 0.001 | J9: 25.9 | K9: 100
A10: BES_TR2_three160_C | B10: TR2_three160 | C10: 3 | D10: 3.6 | E10: 4.2 | F10: 32.31 | G10: 9.18 | H10: 24.2 | I10: 0.26 | J10: 25.1 | K10: 97.2
A11: BES_TR2_five58_C | B11: TR2_five58 | C11: 3 | D11: 3.6 | E11: 4.2 | F11: 32.31 | G11: 6.27 | H11: 24.61 | I11: 0.001 | J11: 23.8 | K11: 100
A12: BES_TR2_five147_C | B12: TR2_five147 | C12: 3 | D12: 3.6 | E12: 4.2 | F12: 32.31 | G12: 5.14 | H12: 26.4 | I12: 0.001 | J12: 18.3 | K12: 100
A13: BES_TR2_five149_A | B13: TR2_five149 | C13: 1 | D13: 3.6 | E13: 4.2 | F13: 32.31 | G13: 5.2 | H13: 26.39 | I13: 0.002 | J13: 18.3 | K13: 100
... A96: BES_TR2_six1020_A | B96: TR2_six1020 | C96: 1 | D96: 3.6 | E96: 4.2 | F96: 16.15 | G96: 10.35 | H96: 4.54 | I96: 0.002 | J96: 71.9 | K96: 100

Sheet Dashboard
A1: TR2 Rolling Dispatch Analysis
A2: Data behind TR2 rolling-dispatch figures: SOC, demand/PV/dispatch, net power, self-consumption, and prosumer metrics.
A4: Prosumers | B4: Prosumers | D4: PV Generated (kWh/day) | E4: PV Generated (kWh/day) | G4: Demand (kWh/day) | H4: Demand (kWh/day) | J4: Imported (kWh/day) | K4: Imported (kWh/day) | M4: SCR (%) | N4: SCR (%) | P4: SSR (%) | Q4: SSR (%)
A5: =Summary!B5 -> 95 | D5: =Summary!B6 -> 2370.4 | G5: =Summary!B7 -> 666.4 | J5: =Summary!B9 -> 16.1 | M5: =Summary!B10 -> 30.9 | P5: =Summary!B11 -> 97.6
J43: Notes: positive net power indicates fleet import; negative net power indicates export. SCR and SSR values are stored on a 0-100 percentage scale in the source workbook.

Sheet ChartData
A1: Hour | B1: Demand total kW | C1: PV total kW | D1: Net total kW | F1: Hour | G1: Charge avg kW | H1: Discharge avg kW | I1: SOC avg % | K1: Battery | L1: SCR % | M1: SSR % | O1: Rank | P1: Battery | Q1: Export kWh/day | R1: Chart label | T1: Hour | U1: demand | V1: PV generation | W1: charging | X1: discharging | Y1: net exchange | AA1: Hour | AB1: Net target kW | AC1: Fleet avg net kW | AD1: Import only kW | AE1: Export only kW | AF1: SOC max % | AG1: Fleet avg SOC %
A2: =FleetAverage!B2 -> 0 | B2: =FleetAverage!I2 -> 22.542883 | C2: =FleetAverage!J2 -> 0 | D2: =FleetAverage!K2 -> 0.00088266667 | F2: =FleetAverage!B2 -> 0 | G2: =FleetAverage!E2 -> 0 | H2: =FleetAverage!F2 -> 0.23728421 | I2: =FleetAverage!H2 -> 40 | K2: =ProsumerMetrics!A2 -> BES_TR2_three312_A | L2: =ProsumerMetrics!J2 -> 59.8 | M2: =ProsumerMetrics!K2 -> 100 | O2: 1 | P2: =INDEX(ProsumerMetrics!$A$2:$A$96,MATCH(Q2,ProsumerMetrics!$H$2:$H$96,0)) -> BES_TR2_three97_B | Q2: =LARGE(ProsumerMetrics!$H$2:$H$96,O2) -> 28.63 | R2: =MID(P2,9,99) -> three97_B | T2: =FleetAverage!B2 -> 0 | U2: =FleetAverage!C2 -> 0.2372935 | V2: =FleetAverage!D2 -> 0 | W2: =FleetAverage!E2 -> 0 | X2: =FleetAverage!F2 -> 0.23728421 | Y2: =FleetAverage!G2 -> 9.2912281e-06 | AA2: =FleetAverage!B2 -> 0 | AB2: =0 -> 0 | AC2: =FleetAverage!G2 -> 9.2912281e-06 | AD2: =MAX(AC2,0) -> 9.2912281e-06 | AE2: =MIN(AC2,0) -> 0 | AF2: =100 -> 100 | AG2: =FleetAverage!H2 -> 40
A3: =FleetAverage!B3 -> 0.5 | B3: =FleetAverage!I3 -> 20.083074 | C3: =FleetAverage!J3 -> 0 | D3: =FleetAverage!K3 -> 0.117074 | F3: =FleetAverage!B3 -> 0.5 | G3: =FleetAverage!E3 -> 0 | H3: =FleetAverage!F3 -> 0.21016842 | I3: =FleetAverage!H3 -> 37.022328 | K3: =ProsumerMetrics!A3 -> BES_TR2_three321_B | L3: =ProsumerMetrics!J3 -> 19.9 | M3: =ProsumerMetrics!K3 -> 100 | O3: 2 | P3: =INDEX(ProsumerMetrics!$A$2:$A$96,MATCH(Q3,ProsumerMetrics!$H$2:$H$96,0)) -> BES_TR2_six329_A | Q3: =LARGE(ProsumerMetrics!$H$2:$H$96,O3) -> 28.19 | R3: =MID(P3,9,99) -> six329_A | T3: =FleetAverage!B3 -> 0.5 | U3: =FleetAverage!C3 -> 0.21140078 | V3: =FleetAverage!D3 -> 0 | W3: =FleetAverage!E3 -> 0 | X3: =FleetAverage!F3 -> 0.21016842 | Y3: =FleetAverage!G3 -> 0.0012323579 | AA3: =FleetAverage!B3 -> 0.5 | AB3: =0 -> 0 | AC3: =FleetAverage!G3 -> 0.0012323579 | AD3: =MAX(AC3,0) -> 0.0012323579 | AE3: =MIN(AC3,0) -> 0 | AF3: =100 -> 100 | AG3: =FleetAverage!H3 -> 37.022328
A4: =FleetAverage!B4 -> 1 | B4: =FleetAverage!I4 -> 15.163497 | C4: =FleetAverage!J4 -> 0 | D4: =FleetAverage!K4 -> 0.4944967 | F4: =FleetAverage!B4 -> 1 | G4: =FleetAverage!E4 -> 0 | H4: =FleetAverage!F4 -> 0.15441053 | I4: =FleetAverage!H4 -> 34.384641 | K4: =ProsumerMetrics!A4 -> BES_TR2_three368_A | L4: =ProsumerMetrics!J4 -> 64.2 | M4: =ProsumerMetrics!K4 -> 100 | O4: 3 | P4: =INDEX(ProsumerMetrics!$A$2:$A$96,MATCH(Q4,ProsumerMetrics!$H$2:$H$96,0)) -> BES_TR2_five324_B | Q4: =LARGE(ProsumerMetrics!$H$2:$H$96,O4) -> 27.84 | R4: =MID(P4,9,99) -> five324_B | T4: =FleetAverage!B4 -> 1 | U4: =FleetAverage!C4 -> 0.15961575 | V4: =FleetAverage!D4 -> 0 | W4: =FleetAverage!E4 -> 0 | X4: =FleetAverage!F4 -> 0.15441053 | Y4: =FleetAverage!G4 -> 0.0052052284 | AA4: =FleetAverage!B4 -> 1 | AB4: =0 -> 0 | AC4: =FleetAverage!G4 -> 0.0052052284 | AD4: =MAX(AC4,0) -> 0.0052052284 | AE4: =MIN(AC4,0) -> 0 | AF4: =100 -> 100 | AG4: =FleetAverage!H4 -> 34.384641
A5: =FleetAverage!B5 -> 1.5 | B5: =FleetAverage!I5 -> 13.280624 | C5: =FleetAverage!J5 -> 0 | D5: =FleetAverage!K5 -> 0.96162433 | F5: =FleetAverage!B5 -> 1.5 | G5: =FleetAverage!E5 -> 0 | H5: =FleetAverage!F5 -> 0.12967368 | I5: =FleetAverage!H5 -> 32.446777 | K5: =ProsumerMetrics!A5 -> BES_TR2_three388_A | L5: =ProsumerMetrics!J5 -> 16.9 | M5: =ProsumerMetrics!K5 -> 100 | O5: 4 | P5: =INDEX(ProsumerMetrics!$A$2:$A$96,MATCH(Q5,ProsumerMetrics!$H$2:$H$96,0)) -> BES_TR2_five801_C | Q5: =LARGE(ProsumerMetrics!$H$2:$H$96,O5) -> 26.95 | R5: =MID(P5,9,99) -> five801_C | T5: =FleetAverage!B5 -> 1.5 | U5: =FleetAverage!C5 -> 0.13979605 | V5: =FleetAverage!D5 -> 0 | W5: =FleetAverage!E5 -> 0 | X5: =FleetAverage!F5 -> 0.12967368 | Y5: =FleetAverage!G5 -> 0.010122361 | AA5: =FleetAverage!B5 -> 1.5 | AB5: =0 -> 0 | AC5: =FleetAverage!G5 -> 0.010122361 | AD5: =MAX(AC5,0) -> 0.010122361 | AE5: =MIN(AC5,0) -> 0 | AF5: =100 -> 100 | AG5: =FleetAverage!H5 -> 32.446777
A6: =FleetAverage!B6 -> 2 | B6: =FleetAverage!I6 -> 13.113509 | C6: =FleetAverage!J6 -> 0 | D6: =FleetAverage!K6 -> 0.98150933 | F6: =FleetAverage!B6 -> 2 | G6: =FleetAverage!E6 -> 0 | H6: =FleetAverage!F6 -> 0.12770526 | I6: =FleetAverage!H6 -> 30.819591 | K6: =ProsumerMetrics!A6 -> BES_TR2_three409_C | L6: =ProsumerMetrics!J6 -> 23.1 | M6: =ProsumerMetrics!K6 -> 100 | O6: 5 | P6: =INDEX(ProsumerMetrics!$A$2:$A$96,MATCH(Q6,ProsumerMetrics!$H$2:$H$96,0)) -> BES_TR2_three388_A | Q6: =LARGE(ProsumerMetrics!$H$2:$H$96,O6) -> 26.84 | R6: =MID(P6,9,99) -> three388_A | T6: =FleetAverage!B6 -> 2 | U6: =FleetAverage!C6 -> 0.13803694 | V6: =FleetAverage!D6 -> 0 | W6: =FleetAverage!E6 -> 0 | X6: =FleetAverage!F6 -> 0.12770526 | Y6: =FleetAverage!G6 -> 0.010331677 | AA6: =FleetAverage!B6 -> 2 | AB6: =0 -> 0 | AC6: =FleetAverage!G6 -> 0.010331677 | AD6: =MAX(AC6,0) -> 0.010331677 | AE6: =MIN(AC6,0) -> 0 | AF6: =100 -> 100 | AG6: =FleetAverage!H6 -> 30.819591
A7: =FleetAverage!B7 -> 2.5 | B7: =FleetAverage!I7 -> 12.795924 | C7: =FleetAverage!J7 -> 0 | D7: =FleetAverage!K7 -> 1.228924 | F7: =FleetAverage!B7 -> 2.5 | G7: =FleetAverage!E7 -> 0 | H7: =FleetAverage!F7 -> 0.12175789 | I7: =FleetAverage!H7 -> 29.216692 | K7: =ProsumerMetrics!A7 -> BES_TR2_three478_B | L7: =ProsumerMetrics!J7 -> 27.7 | M7: =ProsumerMetrics!K7 -> 100 | O7: 6 | P7: =INDEX(ProsumerMetrics!$A$2:$A$96,MATCH(Q7,ProsumerMetrics!$H$2:$H$96,0)) -> BES_TR2_five117_B | Q7: =LARGE(ProsumerMetrics!$H$2:$H$96,O7) -> 26.59 | R7: =MID(P7,9,99) -> five117_B | T7: =FleetAverage!B7 -> 2.5 | U7: =FleetAverage!C7 -> 0.13469394 | V7: =FleetAverage!D7 -> 0 | W7: =FleetAverage!E7 -> 0 | X7: =FleetAverage!F7 -> 0.12175789 | Y7: =FleetAverage!G7 -> 0.012936042 | AA7: =FleetAverage!B7 -> 2.5 | AB7: =0 -> 0 | AC7: =FleetAverage!G7 -> 0.012936042 | AD7: =MAX(AC7,0) -> 0.012936042 | AE7: =MIN(AC7,0) -> 0 | AF7: =100 -> 100 | AG7: =FleetAverage!H7 -> 29.216692
A8: =FleetAverage!B8 -> 3 | B8: =FleetAverage!I8 -> 12.451189 | C8: =FleetAverage!J8 -> 0 | D8: =FleetAverage!K8 -> 2.8641887 | F8: =FleetAverage!B8 -> 3 | G8: =FleetAverage!E8 -> 0 | H8: =FleetAverage!F8 -> 0.10091579 | I8: =FleetAverage!H8 -> 27.689062 | K8: =ProsumerMetrics!A8 -> BES_TR2_three97_B | L8: =ProsumerMetrics!J8 -> 11.4 | M8: =ProsumerMetrics!K8 -> 99.9 | O8: 7 | P8: =INDEX(ProsumerMetrics!$A$2:$A$96,MATCH(Q8,ProsumerMetrics!$H$2:$H$96,0)) -> BES_TR2_five285_B | Q8: =LARGE(ProsumerMetrics!$H$2:$H$96,O8) -> 26.45 | R8: =MID(P8,9,99) -> five285_B | T8: =FleetAverage!B8 -> 3 | U8: =FleetAverage!C8 -> 0.13106514 | V8: =FleetAverage!D8 -> 0 | W8: =FleetAverage!E8 -> 0 | X8: =FleetAverage!F8 -> 0.10091579 | Y8: =FleetAverage!G8 -> 0.030149354 | AA8: =FleetAverage!B8 -> 3 | AB8: =0 -> 0 | AC8: =FleetAverage!G8 -> 0.030149354 | AD8: =MAX(AC8,0) -> 0.030149354 | AE8: =MIN(AC8,0) -> 0 | AF8: =100 -> 100 | AG8: =FleetAverage!H8 -> 27.689062
A9: =FleetAverage!B9 -> 3.5 | B9: =FleetAverage!I9 -> 11.801574 | C9: =FleetAverage!J9 -> 0.25246895 | D9: =FleetAverage!K9 -> 0.92110505 | F9: =FleetAverage!B9 -> 3.5 | G9: =FleetAverage!E9 -> 0 | H9: =FleetAverage!F9 -> 0.11187368 | I9: =FleetAverage!H9 -> 26.422723 | K9: =ProsumerMetrics!A9 -> BES_TR2_three133_C | L9: =ProsumerMetrics!J9 -> 25.9 | M9: =ProsumerMetrics!K9 -> 100 | O9: 8 | P9: =INDEX(ProsumerMetrics!$A$2:$A$96,MATCH(Q9,ProsumerMetrics!$H$2:$H$96,0)) -> BES_TR2_five147_C | Q9: =LARGE(ProsumerMetrics!$H$2:$H$96,O9) -> 26.4 | R9: =MID(P9,9,99) -> five147_C | T9: =FleetAverage!B9 -> 3.5 | U9: =FleetAverage!C9 -> 0.12422709 | V9: =FleetAverage!D9 -> 0.0026575679 | W9: =FleetAverage!E9 -> 0 | X9: =FleetAverage!F9 -> 0.11187368 | Y9: =FleetAverage!G9 -> 0.0096958426 | AA9: =FleetAverage!B9 -> 3.5 | AB9: =0 -> 0 | AC9: =FleetAverage!G9 -> 0.0096958426 | AD9: =MAX(AC9,0) -> 0.0096958426 | AE9: =MIN(AC9,0) -> 0 | AF9: =100 -> 100 | AG9: =FleetAverage!H9 -> 26.422723
A10: =FleetAverage!B10 -> 4 | B10: =FleetAverage!I10 -> 11.410521 | C10: =FleetAverage!J10 -> 3.6492684 | D10: =FleetAverage!K10 -> 0.92298676 | F10: =FleetAverage!B10 -> 4 | G10: =FleetAverage!E10 -> 0.00053684211 | H10: =FleetAverage!F10 -> 0.072518584 | I10: =FleetAverage!H10 -> 25.019641 | K10: =ProsumerMetrics!A10 -> BES_TR2_three160_C | L10: =ProsumerMetrics!J10 -> 25.1 | M10: =ProsumerMetrics!K10 -> 97.2 | O10: 9 | P10: =INDEX(ProsumerMetrics!$A$2:$A$96,MATCH(Q10,ProsumerMetrics!$H$2:$H$96,0)) -> BES_TR2_five149_A | Q10: =LARGE(ProsumerMetrics!$H$2:$H$96,O10) -> 26.39 | R10: =MID(P10,9,99) -> five149_A | T10: =FleetAverage!B10 -> 4 | U10: =FleetAverage!C10 -> 0.12011074 | V10: =FleetAverage!D10 -> 0.038413351 | W10: =FleetAverage!E10 -> 0.00053684211 | X10: =FleetAverage!F10 -> 0.072518584 | Y10: =FleetAverage!G10 -> 0.0097156501 | AA10: =FleetAverage!B10 -> 4 | AB10: =0 -> 0 | AC10: =FleetAverage!G10 -> 0.0097156501 | AD10: =MAX(AC10,0) -> 0.0097156501 | AE10: =MIN(AC10,0) -> 0 | AF10: =100 -> 100 | AG10: =FleetAverage!H10 -> 25.019641
A11: =FleetAverage!B11 -> 4.5 | B11: =FleetAverage!I11 -> 10.285203 | C11: =FleetAverage!J11 -> 17.065085 | D11: =FleetAverage!K11 -> 0.23411774 | F11: =FleetAverage!B11 -> 4.5 | G11: =FleetAverage!E11 -> 0.086557895 | H11: =FleetAverage!F11 -> 0.012726316 | I11: =FleetAverage!H11 -> 24.11516 | K11: =ProsumerMetrics!A11 -> BES_TR2_five58_C | L11: =ProsumerMetrics!J11 -> 23.8 | M11: =ProsumerMetrics!K11 -> 100 | O11: 10 | P11: =INDEX(ProsumerMetrics!$A$2:$A$96,MATCH(Q11,ProsumerMetrics!$H$2:$H$96,0)) -> BES_TR2_five243_B | Q11: =LARGE(ProsumerMetrics!$H$2:$H$96,O11) -> 26.19 | R11: =MID(P11,9,99) -> five243_B | T11: =FleetAverage!B11 -> 4.5 | U11: =FleetAverage!C11 -> 0.10826529 | V11: =FleetAverage!D11 -> 0.17963247 | W11: =FleetAverage!E11 -> 0.086557895 | X11: =FleetAverage!F11 -> 0.012726316 | Y11: =FleetAverage!G11 -> 0.0024643973 | AA11: =FleetAverage!B11 -> 4.5 | AB11: =0 -> 0 | AC11: =FleetAverage!G11 -> 0.0024643973 | AD11: =MAX(AC11,0) -> 0.0024643973 | AE11: =MIN(AC11,0) -> 0 | AF11: =100 -> 100 | AG11: =FleetAverage!H11 -> 24.11516
A12: =FleetAverage!B12 -> 5 | B12: =FleetAverage!I12 -> 10.950758 | C12: =FleetAverage!J12 -> 33.850844 | D12: =FleetAverage!K12 -> -0.0070853182 | F12: =FleetAverage!B12 -> 5 | G12: =FleetAverage!E12 -> 0.24218947 | H12: =FleetAverage!F12 -> 0.0012105263 | I12: =FleetAverage!H12 -> 24.932734 | K12: =ProsumerMetrics!A12 -> BES_TR2_five147_C | L12: =ProsumerMetrics!J12 -> 18.3 | M12: =ProsumerMetrics!K12 -> 100 | T12: =FleetAverage!B12 -> 5 | U12: =FleetAverage!C12 -> 0.11527114 | V12: =FleetAverage!D12 -> 0.35632467 | W12: =FleetAverage!E12 -> 0.24218947 | X12: =FleetAverage!F12 -> 0.0012105263 | Y12: =FleetAverage!G12 -> -7.4582297e-05 | AA12: =FleetAverage!B12 -> 5 | AB12: =0 -> 0 | AC12: =FleetAverage!G12 -> -7.4582297e-05 | AD12: =MAX(AC12,0) -> 0 | AE12: =MIN(AC12,0) -> -7.4582297e-05 | AF12: =100 -> 100 | AG12: =FleetAverage!H12 -> 24.932734
A13: =FleetAverage!B13 -> 5.5 | B13: =FleetAverage!I13 -> 11.244583 | C13: =FleetAverage!J13 -> 54.433829 | D13: =FleetAverage!K13 -> 0.0047536052 | F13: =FleetAverage!B13 -> 5.5 | G13: =FleetAverage!E13 -> 0.45467368 | H13: =FleetAverage!F13 -> 0 | I13: =FleetAverage!H13 -> 27.653683 | K13: =ProsumerMetrics!A13 -> BES_TR2_five149_A | L13: =ProsumerMetrics!J13 -> 18.3 | M13: =ProsumerMetrics!K13 -> 100 | T13: =FleetAverage!B13 -> 5.5 | U13: =FleetAverage!C13 -> 0.11836403 | V13: =FleetAverage!D13 -> 0.57298767 | W13: =FleetAverage!E13 -> 0.45467368 | X13: =FleetAverage!F13 -> 0 | Y13: =FleetAverage!G13 -> 5.0037949e-05 | AA13: =FleetAverage!B13 -> 5.5 | AB13: =0 -> 0 | AC13: =FleetAverage!G13 -> 5.0037949e-05 | AD13: =MAX(AC13,0) -> 5.0037949e-05 | AE13: =MIN(AC13,0) -> 0 | AF13: =100 -> 100 | AG13: =FleetAverage!H13 -> 27.653683
A14: =FleetAverage!B14 -> 6 | B14: =FleetAverage!I14 -> 11.490795 | C14: =FleetAverage!J14 -> 76.891027 | D14: =FleetAverage!K14 -> 0.00076859642 | F14: =FleetAverage!B14 -> 6 | G14: =FleetAverage!E14 -> 0.68843158 | H14: =FleetAverage!F14 -> 0 | I14: =FleetAverage!H14 -> 32.788231 | K14: =ProsumerMetrics!A14 -> BES_TR2_five160_C | L14: =ProsumerMetrics!J14 -> 37.4 | M14: =ProsumerMetrics!K14 -> 100 | T14: =FleetAverage!B14 -> 6 | U14: =FleetAverage!C14 -> 0.12095574 | V14: =FleetAverage!D14 -> 0.80937923 | W14: =FleetAverage!E14 -> 0.68843158 | X14: =FleetAverage!F14 -> 0 | Y14: =FleetAverage!G14 -> 8.0904886e-06 | AA14: =FleetAverage!B14 -> 6 | AB14: =0 -> 0 | AC14: =FleetAverage!G14 -> 8.0904886e-06 | AD14: =MAX(AC14,0) -> 8.0904886e-06 | AE14: =MIN(AC14,0) -> 0 | AF14: =100 -> 100 | AG14: =FleetAverage!H14 -> 32.788231
A15: =FleetAverage!B15 -> 6.5 | B15: =FleetAverage!I15 -> 13.429882 | C15: =FleetAverage!J15 -> 99.624258 | D15: =FleetAverage!K15 -> 0.00062368423 | F15: =FleetAverage!B15 -> 6.5 | G15: =FleetAverage!E15 -> 0.91736842 | H15: =FleetAverage!F15 -> 0.010052632 | I15: =FleetAverage!H15 -> 40.563311 | K15: =ProsumerMetrics!A15 -> BES_TR2_five170_A | L15: =ProsumerMetrics!J15 -> 23.4 | M15: =ProsumerMetrics!K15 -> 100 | T15: =FleetAverage!B15 -> 6.5 | U15: =FleetAverage!C15 -> 0.14136718 | V15: =FleetAverage!D15 -> 1.0486764 | W15: =FleetAverage!E15 -> 0.91736842 | X15: =FleetAverage!F15 -> 0.010052632 | Y15: =FleetAverage!G15 -> 6.5650972e-06 | AA15: =FleetAverage!B15 -> 6.5 | AB15: =0 -> 0 | AC15: =FleetAverage!G15 -> 6.5650972e-06 | AD15: =MAX(AC15,0) -> 6.5650972e-06 | AE15: =MIN(AC15,0) -> 0 | AF15: =100 -> 100 | AG15: =FleetAverage!H15 -> 40.563311
A16: =FleetAverage!B16 -> 7 | B16: =FleetAverage!I16 -> 17.53662 | C16: =FleetAverage!J16 -> 122.23977 | D16: =FleetAverage!K16 -> -0.0011549626 | F16: =FleetAverage!B16 -> 7 | G16: =FleetAverage!E16 -> 1.1195158 | H16: =FleetAverage!F16 -> 0.017389474 | I16: =FleetAverage!H16 -> 50.797912 | K16: =ProsumerMetrics!A16 -> BES_TR2_five177_A | L16: =ProsumerMetrics!J16 -> 43.6 | M16: =ProsumerMetrics!K16 -> 100 | T16: =FleetAverage!B16 -> 7 | U16: =FleetAverage!C16 -> 0.184596 | V16: =FleetAverage!D16 -> 1.2867345 | W16: =FleetAverage!E16 -> 1.1195158 | X16: =FleetAverage!F16 -> 0.017389474 | Y16: =FleetAverage!G16 -> -1.2157501e-05 | AA16: =FleetAverage!B16 -> 7 | AB16: =0 -> 0 | AC16: =FleetAverage!G16 -> -1.2157501e-05 | AD16: =MAX(AC16,0) -> 0 | AE16: =MIN(AC16,0) -> -1.2157501e-05 | AF16: =100 -> 100 | AG16: =FleetAverage!H16 -> 50.797912
A17: =FleetAverage!B17 -> 7.5 | B17: =FleetAverage!I17 -> 20.960811 | C17: =FleetAverage!J17 -> 144.88819 | D17: =FleetAverage!K17 -> -12.534378 | F17: =FleetAverage!B17 -> 7.5 | G17: =FleetAverage!E17 -> 1.1933158 | H17: =FleetAverage!F17 -> 0.020757895 | I17: =FleetAverage!H17 -> 63.223698 | K17: =ProsumerMetrics!A17 -> BES_TR2_five67_C | L17: =ProsumerMetrics!J17 -> 35.7 | M17: =ProsumerMetrics!K17 -> 100 | T17: =FleetAverage!B17 -> 7.5 | U17: =FleetAverage!C17 -> 0.22064012 | V17: =FleetAverage!D17 -> 1.5251388 | W17: =FleetAverage!E17 -> 1.1933158 | X17: =FleetAverage!F17 -> 0.020757895 | Y17: =FleetAverage!G17 -> -0.13194082 | AA17: =FleetAverage!B17 -> 7.5 | AB17: =0 -> 0 | AC17: =FleetAverage!G17 -> -0.13194082 | AD17: =MAX(AC17,0) -> 0 | AE17: =MIN(AC17,0) -> -0.13194082 | AF17: =100 -> 100 | AG17: =FleetAverage!H17 -> 63.223698
A18: =FleetAverage!B18 -> 8 | B18: =FleetAverage!I18 -> 22.36438 | C18: =FleetAverage!J18 -> 166.14517 | D18: =FleetAverage!K18 -> -66.22979 | F18: =FleetAverage!B18 -> 8 | G18: =FleetAverage!E18 -> 0.82097895 | H18: =FleetAverage!F18 -> 0.0046526316 | I18: =FleetAverage!H18 -> 76.440601 | K18: =ProsumerMetrics!A18 -> BES_TR2_five243_B | L18: =ProsumerMetrics!J18 -> 18.9 | M18: =ProsumerMetrics!K18 -> 100 | T18: =FleetAverage!B18 -> 8 | U18: =FleetAverage!C18 -> 0.23541452 | V18: =FleetAverage!D18 -> 1.7488965 | W18: =FleetAverage!E18 -> 0.82097895 | X18: =FleetAverage!F18 -> 0.0046526316 | Y18: =FleetAverage!G18 -> -0.69715568 | AA18: =FleetAverage!B18 -> 8 | AB18: =0 -> 0 | AC18: =FleetAverage!G18 -> -0.69715568 | AD18: =MAX(AC18,0) -> 0 | AE18: =MIN(AC18,0) -> -0.69715568 | AF18: =100 -> 100 | AG18: =FleetAverage!H18 -> 76.440601
A19: =FleetAverage!B19 -> 8.5 | B19: =FleetAverage!I19 -> 25.599506 | C19: =FleetAverage!J19 -> 186.12676 | D19: =FleetAverage!K19 -> -116.08326 | F19: =FleetAverage!B19 -> 8.5 | G19: =FleetAverage!E19 -> 0.46883158 | H19: =FleetAverage!F19 -> 0.001 | I19: =FleetAverage!H19 -> 85.654446 | K19: =ProsumerMetrics!A19 -> BES_TR2_five284_C | L19: =ProsumerMetrics!J19 -> 45.2 | M19: =ProsumerMetrics!K19 -> 100 | T19: =FleetAverage!B19 -> 8.5 | U19: =FleetAverage!C19 -> 0.26946848 | V19: =FleetAverage!D19 -> 1.9592291 | W19: =FleetAverage!E19 -> 0.46883158 | X19: =FleetAverage!F19 -> 0.001 | Y19: =FleetAverage!G19 -> -1.221929 | AA19: =FleetAverage!B19 -> 8.5 | AB19: =0 -> 0 | AC19: =FleetAverage!G19 -> -1.221929 | AD19: =MAX(AC19,0) -> 0 | AE19: =MIN(AC19,0) -> -1.221929 | AF19: =100 -> 100 | AG19: =FleetAverage!H19 -> 85.654446
A20: =FleetAverage!B20 -> 9 | B20: =FleetAverage!I20 -> 28.720929 | C20: =FleetAverage!J20 -> 203.14422 | D20: =FleetAverage!K20 -> -145.79329 | F20: =FleetAverage!B20 -> 9 | G20: =FleetAverage!E20 -> 0.30967368 | H20: =FleetAverage!F20 -> 0.0083052632 | I20: =FleetAverage!H20 -> 90.936964 | K20: =ProsumerMetrics!A20 -> BES_TR2_five285_B | L20: =ProsumerMetrics!J20 -> 18.1 | M20: =ProsumerMetrics!K20 -> 99.2 | T20: =FleetAverage!B20 -> 9 | U20: =FleetAverage!C20 -> 0.30232556 | V20: =FleetAverage!D20 -> 2.1383602 | W20: =FleetAverage!E20 -> 0.30967368 | X20: =FleetAverage!F20 -> 0.0083052632 | Y20: =FleetAverage!G20 -> -1.5346662 | AA20: =FleetAverage!B20 -> 9 | AB20: =0 -> 0 | AC20: =FleetAverage!G20 -> -1.5346662 | AD20: =MAX(AC20,0) -> 0 | AE20: =MIN(AC20,0) -> -1.5346662 | AF20: =100 -> 100 | AG20: =FleetAverage!H20 -> 90.936964
A21: =FleetAverage!B21 -> 9.5 | B21: =FleetAverage!I21 -> 37.963824 | C21: =FleetAverage!J21 -> 217.65838 | D21: =FleetAverage!K21 -> -162.29356 | F21: =FleetAverage!B21 -> 9.5 | G21: =FleetAverage!E21 -> 0.20947368 | H21: =FleetAverage!F21 -> 0.026305263 | I21: =FleetAverage!H21 -> 94.330286 | K21: =ProsumerMetrics!A21 -> BES_TR2_five303_B | L21: =ProsumerMetrics!J21 -> 26.9 | M21: =ProsumerMetrics!K21 -> 100 | T21: =FleetAverage!B21 -> 9.5 | U21: =FleetAverage!C21 -> 0.3996192 | V21: =FleetAverage!D21 -> 2.2911409 | W21: =FleetAverage!E21 -> 0.20947368 | X21: =FleetAverage!F21 -> 0.026305263 | Y21: =FleetAverage!G21 -> -1.7083532 | AA21: =FleetAverage!B21 -> 9.5 | AB21: =0 -> 0 | AC21: =FleetAverage!G21 -> -1.7083532 | AD21: =MAX(AC21,0) -> 0 | AE21: =MIN(AC21,0) -> -1.7083532 | AF21: =100 -> 100 | AG21: =FleetAverage!H21 -> 94.330286
A22: =FleetAverage!B22 -> 10 | B22: =FleetAverage!I22 -> 38.67507 | C22: =FleetAverage!J22 -> 230.39816 | D22: =FleetAverage!K22 -> -178.62509 | F22: =FleetAverage!B22 -> 10 | G22: =FleetAverage!E22 -> 0.15412632 | H22: =FleetAverage!F22 -> 0.016252632 | I22: =FleetAverage!H22 -> 96.366256 | K22: =ProsumerMetrics!A22 -> BES_TR2_five324_B | L22: =ProsumerMetrics!J22 -> 13.8 | M22: =ProsumerMetrics!K22 -> 88 | T22: =FleetAverage!B22 -> 10 | U22: =FleetAverage!C22 -> 0.407106 | V22: =FleetAverage!D22 -> 2.4252437 | W22: =FleetAverage!E22 -> 0.15412632 | X22: =FleetAverage!F22 -> 0.016252632 | Y22: =FleetAverage!G22 -> -1.8802641 | AA22: =FleetAverage!B22 -> 10 | AB22: =0 -> 0 | AC22: =FleetAverage!G22 -> -1.8802641 | AD22: =MAX(AC22,0) -> 0 | AE22: =MIN(AC22,0) -> -1.8802641 | AF22: =100 -> 100 | AG22: =FleetAverage!H22 -> 96.366256
A23: =FleetAverage!B23 -> 10.5 | B23: =FleetAverage!I23 -> 36.222018 | C23: =FleetAverage!J23 -> 240.91251 | D23: =FleetAverage!K23 -> -198.7555 | F23: =FleetAverage!B23 -> 10.5 | G23: =FleetAverage!E23 -> 0.076042105 | H23: =FleetAverage!F23 -> 0.013568421 | I23: =FleetAverage!H23 -> 97.902461 | K23: =ProsumerMetrics!A23 -> BES_TR2_five355_A | L23: =ProsumerMetrics!J23 -> 25.4 | M23: =ProsumerMetrics!K23 -> 100 | T23: =FleetAverage!B23 -> 10.5 | U23: =FleetAverage!C23 -> 0.3812844 | V23: =FleetAverage!D23 -> 2.5359212 | W23: =FleetAverage!E23 -> 0.076042105 | X23: =FleetAverage!F23 -> 0.013568421 | Y23: =FleetAverage!G23 -> -2.0921631 | AA23: =FleetAverage!B23 -> 10.5 | AB23: =0 -> 0 | AC23: =FleetAverage!G23 -> -2.0921631 | AD23: =MAX(AC23,0) -> 0 | AE23: =MIN(AC23,0) -> -2.0921631 | AF23: =100 -> 100 | AG23: =FleetAverage!H23 -> 97.902461
... A49: =FleetAverage!B49 -> 23.5 | B49: =FleetAverage!I49 -> 21.019456 | C49: =FleetAverage!J49 -> 0 | D49: =FleetAverage!K49 -> 3.3784563 | F49: =FleetAverage!B49 -> 23.5 | G49: =FleetAverage!E49 -> 0 | H49: =FleetAverage!F49 -> 0.18569474 | I49: =FleetAverage!H49 -> 55.061212 | K49: =ProsumerMetrics!A49 -> BES_TR2_six191_B | L49: =ProsumerMetrics!J49 -> 18.5 | M49: =ProsumerMetrics!K49 -> 100 | T49: =FleetAverage!B49 -> 23.5 | U49: =FleetAverage!C49 -> 0.22125744 | V49: =FleetAverage!D49 -> 0 | W49: =FleetAverage!E49 -> 0 | X49: =FleetAverage!F49 -> 0.18569474 | Y49: =FleetAverage!G49 -> 0.035562698 | AA49: =FleetAverage!B49 -> 23.5 | AB49: =0 -> 0 | AC49: =FleetAverage!G49 -> 0.035562698 | AD49: =MAX(AC49,0) -> 0.035562698 | AE49: =MIN(AC49,0) -> 0 | AF49: =100 -> 100 | AG49: =FleetAverage!H49 -> 55.061212
K50: =ProsumerMetrics!A50 -> BES_TR2_six203_A | L50: =ProsumerMetrics!J50 -> 27 | M50: =ProsumerMetrics!K50 -> 100
K51: =ProsumerMetrics!A51 -> BES_TR2_six232_C | L51: =ProsumerMetrics!J51 -> 32.6 | M51: =ProsumerMetrics!K51 -> 100
K52: =ProsumerMetrics!A52 -> BES_TR2_six238_A | L52: =ProsumerMetrics!J52 -> 33.6 | M52: =ProsumerMetrics!K52 -> 100
K53: =ProsumerMetrics!A53 -> BES_TR2_six249_B | L53: =ProsumerMetrics!J53 -> 23.7 | M53: =ProsumerMetrics!K53 -> 100
K54: =ProsumerMetrics!A54 -> BES_TR2_six254_B | L54: =ProsumerMetrics!J54 -> 24.5 | M54: =ProsumerMetrics!K54 -> 100
K55: =ProsumerMetrics!A55 -> BES_TR2_six269_C | L55: =ProsumerMetrics!J55 -> 31.4 | M55: =ProsumerMetrics!K55 -> 100
K56: =ProsumerMetrics!A56 -> BES_TR2_six289_C | L56: =ProsumerMetrics!J56 -> 47.2 | M56: =ProsumerMetrics!K56 -> 89.3
K57: =ProsumerMetrics!A57 -> BES_TR2_six317_C | L57: =ProsumerMetrics!J57 -> 26.1 | M57: =ProsumerMetrics!K57 -> 100
K58: =ProsumerMetrics!A58 -> BES_TR2_six326_A | L58: =ProsumerMetrics!J58 -> 21.8 | M58: =ProsumerMetrics!K58 -> 99.9
K59: =ProsumerMetrics!A59 -> BES_TR2_six329_A | L59: =ProsumerMetrics!J59 -> 12.8 | M59: =ProsumerMetrics!K59 -> 100
K60: =ProsumerMetrics!A60 -> BES_TR2_six342_A | L60: =ProsumerMetrics!J60 -> 28.3 | M60: =ProsumerMetrics!K60 -> 96.5
K61: =ProsumerMetrics!A61 -> BES_TR2_six349_A | L61: =ProsumerMetrics!J61 -> 41.8 | M61: =ProsumerMetrics!K61 -> 100
... K96: =ProsumerMetrics!A96 -> BES_TR2_six1020_A | L96: =ProsumerMetrics!J96 -> 71.9 | M96: =ProsumerMetrics!K96 -> 100

Sheet Fleet Avg Figure
A26: Hour | B26: demand | C26: PV generation | D26: charging | E26: discharging | F26: net exchange
A27: =ChartData!T2 -> 0 | B27: =ChartData!U2 -> 0.2372935 | C27: =ChartData!V2 -> 0 | D27: =ChartData!W2 -> 0 | E27: =ChartData!X2 -> 0.23728421 | F27: =ChartData!Y2 -> 9.2912281e-06
A28: =ChartData!T3 -> 0.5 | B28: =ChartData!U3 -> 0.21140078 | C28: =ChartData!V3 -> 0 | D28: =ChartData!W3 -> 0 | E28: =ChartData!X3 -> 0.21016842 | F28: =ChartData!Y3 -> 0.0012323579
A29: =ChartData!T4 -> 1 | B29: =ChartData!U4 -> 0.15961575 | C29: =ChartData!V4 -> 0 | D29: =ChartData!W4 -> 0 | E29: =ChartData!X4 -> 0.15441053 | F29: =ChartData!Y4 -> 0.0052052284
A30: =ChartData!T5 -> 1.5 | B30: =ChartData!U5 -> 0.13979605 | C30: =ChartData!V5 -> 0 | D30: =ChartData!W5 -> 0 | E30: =ChartData!X5 -> 0.12967368 | F30: =ChartData!Y5 -> 0.010122361
A31: =ChartData!T6 -> 2 | B31: =ChartData!U6 -> 0.13803694 | C31: =ChartData!V6 -> 0 | D31: =ChartData!W6 -> 0 | E31: =ChartData!X6 -> 0.12770526 | F31: =ChartData!Y6 -> 0.010331677
A32: =ChartData!T7 -> 2.5 | B32: =ChartData!U7 -> 0.13469394 | C32: =ChartData!V7 -> 0 | D32: =ChartData!W7 -> 0 | E32: =ChartData!X7 -> 0.12175789 | F32: =ChartData!Y7 -> 0.012936042
A33: =ChartData!T8 -> 3 | B33: =ChartData!U8 -> 0.13106514 | C33: =ChartData!V8 -> 0 | D33: =ChartData!W8 -> 0 | E33: =ChartData!X8 -> 0.10091579 | F33: =ChartData!Y8 -> 0.030149354
A34: =ChartData!T9 -> 3.5 | B34: =ChartData!U9 -> 0.12422709 | C34: =ChartData!V9 -> 0.0026575679 | D34: =ChartData!W9 -> 0 | E34: =ChartData!X9 -> 0.11187368 | F34: =ChartData!Y9 -> 0.0096958426
A35: =ChartData!T10 -> 4 | B35: =ChartData!U10 -> 0.12011074 | C35: =ChartData!V10 -> 0.038413351 | D35: =ChartData!W10 -> 0.00053684211 | E35: =ChartData!X10 -> 0.072518584 | F35: =ChartData!Y10 -> 0.0097156501
A36: =ChartData!T11 -> 4.5 | B36: =ChartData!U11 -> 0.10826529 | C36: =ChartData!V11 -> 0.17963247 | D36: =ChartData!W11 -> 0.086557895 | E36: =ChartData!X11 -> 0.012726316 | F36: =ChartData!Y11 -> 0.0024643973
A37: =ChartData!T12 -> 5 | B37: =ChartData!U12 -> 0.11527114 | C37: =ChartData!V12 -> 0.35632467 | D37: =ChartData!W12 -> 0.24218947 | E37: =ChartData!X12 -> 0.0012105263 | F37: =ChartData!Y12 -> -7.4582297e-05
A38: =ChartData!T13 -> 5.5 | B38: =ChartData!U13 -> 0.11836403 | C38: =ChartData!V13 -> 0.57298767 | D38: =ChartData!W13 -> 0.45467368 | E38: =ChartData!X13 -> 0 | F38: =ChartData!Y13 -> 5.0037949e-05
... A74: =ChartData!T49 -> 23.5 | B74: =ChartData!U49 -> 0.22125744 | C74: =ChartData!V49 -> 0 | D74: =ChartData!W49 -> 0 | E74: =ChartData!X49 -> 0.18569474 | F74: =ChartData!Y49 -> 0.035562698

Sheet Self Consumption Figure
A34: Legend: very light thin lines = individual prosumers; bold black = fleet-average net; bold muted green = fleet-average SOC; dashed gray targets show net = 0 and SOC max = 100%.
A36: Hour | B36: Net target kW | C36: Fleet avg net kW | D36: Import only kW | E36: Export only kW | F36: SOC max % | G36: Fleet avg SOC %
A37: =ChartData!AA2 -> 0 | B37: =ChartData!AB2 -> 0 | C37: =ChartData!AC2 -> 9.2912281e-06 | D37: =ChartData!AD2 -> 9.2912281e-06 | E37: =ChartData!AE2 -> 0 | F37: =ChartData!AF2 -> 100 | G37: =ChartData!AG2 -> 40
A38: =ChartData!AA3 -> 0.5 | B38: =ChartData!AB3 -> 0 | C38: =ChartData!AC3 -> 0.0012323579 | D38: =ChartData!AD3 -> 0.0012323579 | E38: =ChartData!AE3 -> 0 | F38: =ChartData!AF3 -> 100 | G38: =ChartData!AG3 -> 37.022328
A39: =ChartData!AA4 -> 1 | B39: =ChartData!AB4 -> 0 | C39: =ChartData!AC4 -> 0.0052052284 | D39: =ChartData!AD4 -> 0.0052052284 | E39: =ChartData!AE4 -> 0 | F39: =ChartData!AF4 -> 100 | G39: =ChartData!AG4 -> 34.384641
A40: =ChartData!AA5 -> 1.5 | B40: =ChartData!AB5 -> 0 | C40: =ChartData!AC5 -> 0.010122361 | D40: =ChartData!AD5 -> 0.010122361 | E40: =ChartData!AE5 -> 0 | F40: =ChartData!AF5 -> 100 | G40: =ChartData!AG5 -> 32.446777
A41: =ChartData!AA6 -> 2 | B41: =ChartData!AB6 -> 0 | C41: =ChartData!AC6 -> 0.010331677 | D41: =ChartData!AD6 -> 0.010331677 | E41: =ChartData!AE6 -> 0 | F41: =ChartData!AF6 -> 100 | G41: =ChartData!AG6 -> 30.819591
A42: =ChartData!AA7 -> 2.5 | B42: =ChartData!AB7 -> 0 | C42: =ChartData!AC7 -> 0.012936042 | D42: =ChartData!AD7 -> 0.012936042 | E42: =ChartData!AE7 -> 0 | F42: =ChartData!AF7 -> 100 | G42: =ChartData!AG7 -> 29.216692
A43: =ChartData!AA8 -> 3 | B43: =ChartData!AB8 -> 0 | C43: =ChartData!AC8 -> 0.030149354 | D43: =ChartData!AD8 -> 0.030149354 | E43: =ChartData!AE8 -> 0 | F43: =ChartData!AF8 -> 100 | G43: =ChartData!AG8 -> 27.689062
A44: =ChartData!AA9 -> 3.5 | B44: =ChartData!AB9 -> 0 | C44: =ChartData!AC9 -> 0.0096958426 | D44: =ChartData!AD9 -> 0.0096958426 | E44: =ChartData!AE9 -> 0 | F44: =ChartData!AF9 -> 100 | G44: =ChartData!AG9 -> 26.422723
A45: =ChartData!AA10 -> 4 | B45: =ChartData!AB10 -> 0 | C45: =ChartData!AC10 -> 0.0097156501 | D45: =ChartData!AD10 -> 0.0097156501 | E45: =ChartData!AE10 -> 0 | F45: =ChartData!AF10 -> 100 | G45: =ChartData!AG10 -> 25.019641
A46: =ChartData!AA11 -> 4.5 | B46: =ChartData!AB11 -> 0 | C46: =ChartData!AC11 -> 0.0024643973 | D46: =ChartData!AD11 -> 0.0024643973 | E46: =ChartData!AE11 -> 0 | F46: =ChartData!AF11 -> 100 | G46: =ChartData!AG11 -> 24.11516
A47: =ChartData!AA12 -> 5 | B47: =ChartData!AB12 -> 0 | C47: =ChartData!AC12 -> -7.4582297e-05 | D47: =ChartData!AD12 -> 0 | E47: =ChartData!AE12 -> -7.4582297e-05 | F47: =ChartData!AF12 -> 100 | G47: =ChartData!AG12 -> 24.932734
A48: =ChartData!AA13 -> 5.5 | B48: =ChartData!AB13 -> 0 | C48: =ChartData!AC13 -> 5.0037949e-05 | D48: =ChartData!AD13 -> 5.0037949e-05 | E48: =ChartData!AE13 -> 0 | F48: =ChartData!AF13 -> 100 | G48: =ChartData!AG13 -> 27.653683
... A84: =ChartData!AA49 -> 23.5 | B84: =ChartData!AB49 -> 0 | C84: =ChartData!AC49 -> 0.035562698 | D84: =ChartData!AD49 -> 0.035562698 | E84: =ChartData!AE49 -> 0 | F84: =ChartData!AF49 -> 100 | G84: =ChartData!AG49 -> 55.061212

Sheet Net Per Prosumer Figure
A26: Hour | B26: Net zero target | C26: Fleet average net
A27: =ChartData!AA2 -> 0 | B27: =ChartData!AB2 -> 0 | C27: =ChartData!AC2 -> 9.2912281e-06
A28: =ChartData!AA3 -> 0.5 | B28: =ChartData!AB3 -> 0 | C28: =ChartData!AC3 -> 0.0012323579
A29: =ChartData!AA4 -> 1 | B29: =ChartData!AB4 -> 0 | C29: =ChartData!AC4 -> 0.0052052284
A30: =ChartData!AA5 -> 1.5 | B30: =ChartData!AB5 -> 0 | C30: =ChartData!AC5 -> 0.010122361
A31: =ChartData!AA6 -> 2 | B31: =ChartData!AB6 -> 0 | C31: =ChartData!AC6 -> 0.010331677
A32: =ChartData!AA7 -> 2.5 | B32: =ChartData!AB7 -> 0 | C32: =ChartData!AC7 -> 0.012936042
A33: =ChartData!AA8 -> 3 | B33: =ChartData!AB8 -> 0 | C33: =ChartData!AC8 -> 0.030149354
A34: =ChartData!AA9 -> 3.5 | B34: =ChartData!AB9 -> 0 | C34: =ChartData!AC9 -> 0.0096958426
A35: =ChartData!AA10 -> 4 | B35: =ChartData!AB10 -> 0 | C35: =ChartData!AC10 -> 0.0097156501
A36: =ChartData!AA11 -> 4.5 | B36: =ChartData!AB11 -> 0 | C36: =ChartData!AC11 -> 0.0024643973
A37: =ChartData!AA12 -> 5 | B37: =ChartData!AB12 -> 0 | C37: =ChartData!AC12 -> -7.4582297e-05
A38: =ChartData!AA13 -> 5.5 | B38: =ChartData!AB13 -> 0 | C38: =ChartData!AC13 -> 5.0037949e-05
... A74: =ChartData!AA49 -> 23.5 | B74: =ChartData!AB49 -> 0 | C74: =ChartData!AC49 -> 0.035562698

Sheet Demand PV Dispatch Figure
A1: Demand, PV and battery dispatch - TR2
A37: Hour | B37: Demand avg kW | C37: PV avg kW | D37: Charge avg kW | E37: Disch. avg kW
A38: =ChartData!T2 -> 0 | B38: =ChartData!U2 -> 0.2372935 | C38: =ChartData!V2 -> 0 | D38: =ChartData!W2 -> 0 | E38: =ChartData!X2 -> 0.23728421
A39: =ChartData!T3 -> 0.5 | B39: =ChartData!U3 -> 0.21140078 | C39: =ChartData!V3 -> 0 | D39: =ChartData!W3 -> 0 | E39: =ChartData!X3 -> 0.21016842
A40: =ChartData!T4 -> 1 | B40: =ChartData!U4 -> 0.15961575 | C40: =ChartData!V4 -> 0 | D40: =ChartData!W4 -> 0 | E40: =ChartData!X4 -> 0.15441053
A41: =ChartData!T5 -> 1.5 | B41: =ChartData!U5 -> 0.13979605 | C41: =ChartData!V5 -> 0 | D41: =ChartData!W5 -> 0 | E41: =ChartData!X5 -> 0.12967368
A42: =ChartData!T6 -> 2 | B42: =ChartData!U6 -> 0.13803694 | C42: =ChartData!V6 -> 0 | D42: =ChartData!W6 -> 0 | E42: =ChartData!X6 -> 0.12770526
A43: =ChartData!T7 -> 2.5 | B43: =ChartData!U7 -> 0.13469394 | C43: =ChartData!V7 -> 0 | D43: =ChartData!W7 -> 0 | E43: =ChartData!X7 -> 0.12175789
A44: =ChartData!T8 -> 3 | B44: =ChartData!U8 -> 0.13106514 | C44: =ChartData!V8 -> 0 | D44: =ChartData!W8 -> 0 | E44: =ChartData!X8 -> 0.10091579
A45: =ChartData!T9 -> 3.5 | B45: =ChartData!U9 -> 0.12422709 | C45: =ChartData!V9 -> 0.0026575679 | D45: =ChartData!W9 -> 0 | E45: =ChartData!X9 -> 0.11187368
A46: =ChartData!T10 -> 4 | B46: =ChartData!U10 -> 0.12011074 | C46: =ChartData!V10 -> 0.038413351 | D46: =ChartData!W10 -> 0.00053684211 | E46: =ChartData!X10 -> 0.072518584
A47: =ChartData!T11 -> 4.5 | B47: =ChartData!U11 -> 0.10826529 | C47: =ChartData!V11 -> 0.17963247 | D47: =ChartData!W11 -> 0.086557895 | E47: =ChartData!X11 -> 0.012726316
A48: =ChartData!T12 -> 5 | B48: =ChartData!U12 -> 0.11527114 | C48: =ChartData!V12 -> 0.35632467 | D48: =ChartData!W12 -> 0.24218947 | E48: =ChartData!X12 -> 0.0012105263
A49: =ChartData!T13 -> 5.5 | B49: =ChartData!U13 -> 0.11836403 | C49: =ChartData!V13 -> 0.57298767 | D49: =ChartData!W13 -> 0.45467368 | E49: =ChartData!X13 -> 0
... A85: =ChartData!T49 -> 23.5 | B85: =ChartData!U49 -> 0.22125744 | C85: =ChartData!V49 -> 0 | D85: =ChartData!W49 -> 0 | E85: =ChartData!X49 -> 0.18569474
