Workbook

Sheet ReadMe
A1: README
A2: Data behind the TR5 rolling-dispatch figures (SOC, demand/PV/dispatch, net, self-consumption, metrics histogram).
A3: Each quantity sheet: rows = 48 half-hour periods (with hour of day), columns = prosumers, plus fleet_average / fleet_total.
A4: Dispatch is the committed slot-1 execution of the rolling horizon (self-consumption baseline, Term 2 + Term 3).
A5: SOC is the realised state at the START of each step (fraction of capacity).
A6: net_kW = (demand - PV) + (charge - discharge); positive = import, negative = export.
A7: Regenerate: python build_workbook.py --force (see README.md for other transformers).

Sheet Summary
A1: quantity | B1: value
A2: run | B2: TR5 exact-QCP rolling (FOR_PolyS=0, FOR_LinearizeVmax=0), 48 steps, all Optimal
A3: source dispatch | B3: FOR_rolling_soc_TR5.csv
A4: source load/PV | B4: TR5_load_PV_48periods.xlsx
A5: prosumers | B5: 214
A6: PV generated kWh/day | B6: 5100.2
A7: demand kWh/day | B7: 1615.1
A8: exported kWh/day | B8: 3390.9
A9: imported kWh/day | B9: 40.2
A10: SCR % (PV used locally) | B10: 33.5
A11: SSR % (demand met locally) | B11: 97.5
A12: prosumer-periods |net|<50W % | B12: 58.9
A13: SOC min/max over day | B13: 0.10 / 1.00
A14: simultaneous chg+dis rows | B14: 0

Sheet FleetAverage
A1: period | B1: hour | C1: demand_avg_kW | D1: PV_avg_kW | E1: charge_avg_kW | F1: discharge_avg_kW | G1: net_avg_kW | H1: SOC_avg_pct | I1: demand_total_kW | J1: PV_total_kW | K1: net_total_kW
A2: =Demand_kW!A2 -> 1 | B2: =Demand_kW!B2 -> 0 | C2: =AVERAGE(Demand_kW!$C2:$HH2) -> 0.22911749 | D2: =AVERAGE(PV_kW!$C2:$HH2) -> 0 | E2: =AVERAGE(Charge_kW!$C2:$HH2) -> 0 | F2: =AVERAGE(Discharge_kW!$C2:$HH2) -> 0.22659346 | G2: =C2-D2+E2-F2 -> 0.0025240369 | H2: =AVERAGE(SOC_pct!$C2:$HH2) -> 40 | I2: =SUM(Demand_kW!$C2:$HH2) -> 49.031144 | J2: =SUM(PV_kW!$C2:$HH2) -> 0 | K2: =I2-J2+SUM(Charge_kW!$C2:$HH2)-SUM(Discharge_kW!$C2:$HH2) -> 0.5401439
A3: =Demand_kW!A3 -> 2 | B3: =Demand_kW!B3 -> 0.5 | C3: =AVERAGE(Demand_kW!$C3:$HH3) -> 0.19497567 | D3: =AVERAGE(PV_kW!$C3:$HH3) -> 0 | E3: =AVERAGE(Charge_kW!$C3:$HH3) -> 0 | F3: =AVERAGE(Discharge_kW!$C3:$HH3) -> 0.18254206 | G3: =C3-D3+E3-F3 -> 0.012433609 | H3: =AVERAGE(SOC_pct!$C3:$HH3) -> 37.156752 | I3: =SUM(Demand_kW!$C3:$HH3) -> 41.724792 | J3: =SUM(PV_kW!$C3:$HH3) -> 0 | K3: =I3-J3+SUM(Charge_kW!$C3:$HH3)-SUM(Discharge_kW!$C3:$HH3) -> 2.6607923
A4: =Demand_kW!A4 -> 3 | B4: =Demand_kW!B4 -> 1 | C4: =AVERAGE(Demand_kW!$C4:$HH4) -> 0.16011424 | D4: =AVERAGE(PV_kW!$C4:$HH4) -> 0 | E4: =AVERAGE(Charge_kW!$C4:$HH4) -> 0 | F4: =AVERAGE(Discharge_kW!$C4:$HH4) -> 0.14517757 | G4: =C4-D4+E4-F4 -> 0.014936671 | H4: =AVERAGE(SOC_pct!$C4:$HH4) -> 34.866054 | I4: =SUM(Demand_kW!$C4:$HH4) -> 34.264448 | J4: =SUM(PV_kW!$C4:$HH4) -> 0 | K4: =I4-J4+SUM(Charge_kW!$C4:$HH4)-SUM(Discharge_kW!$C4:$HH4) -> 3.1964475
A5: =Demand_kW!A5 -> 4 | B5: =Demand_kW!B5 -> 1.5 | C5: =AVERAGE(Demand_kW!$C5:$HH5) -> 0.15336568 | D5: =AVERAGE(PV_kW!$C5:$HH5) -> 0 | E5: =AVERAGE(Charge_kW!$C5:$HH5) -> 0 | F5: =AVERAGE(Discharge_kW!$C5:$HH5) -> 0.13227103 | G5: =C5-D5+E5-F5 -> 0.021094651 | H5: =AVERAGE(SOC_pct!$C5:$HH5) -> 33.044306 | I5: =SUM(Demand_kW!$C5:$HH5) -> 32.820255 | J5: =SUM(PV_kW!$C5:$HH5) -> 0 | K5: =I5-J5+SUM(Charge_kW!$C5:$HH5)-SUM(Discharge_kW!$C5:$HH5) -> 4.5142553
A6: =Demand_kW!A6 -> 5 | B6: =Demand_kW!B6 -> 2 | C6: =AVERAGE(Demand_kW!$C6:$HH6) -> 0.13142737 | D6: =AVERAGE(PV_kW!$C6:$HH6) -> 0 | E6: =AVERAGE(Charge_kW!$C6:$HH6) -> 0 | F6: =AVERAGE(Discharge_kW!$C6:$HH6) -> 0.11759346 | G6: =C6-D6+E6-F6 -> 0.01383391 | H6: =AVERAGE(SOC_pct!$C6:$HH6) -> 31.384434 | I6: =SUM(Demand_kW!$C6:$HH6) -> 28.125457 | J6: =SUM(PV_kW!$C6:$HH6) -> 0 | K6: =I6-J6+SUM(Charge_kW!$C6:$HH6)-SUM(Discharge_kW!$C6:$HH6) -> 2.9604567
A7: =Demand_kW!A7 -> 6 | B7: =Demand_kW!B7 -> 2.5 | C7: =AVERAGE(Demand_kW!$C7:$HH7) -> 0.11337704 | D7: =AVERAGE(PV_kW!$C7:$HH7) -> 0 | E7: =AVERAGE(Charge_kW!$C7:$HH7) -> 0 | F7: =AVERAGE(Discharge_kW!$C7:$HH7) -> 0.10375701 | G7: =C7-D7+E7-F7 -> 0.0096200355 | H7: =AVERAGE(SOC_pct!$C7:$HH7) -> 29.908575 | I7: =SUM(Demand_kW!$C7:$HH7) -> 24.262688 | J7: =SUM(PV_kW!$C7:$HH7) -> 0 | K7: =I7-J7+SUM(Charge_kW!$C7:$HH7)-SUM(Discharge_kW!$C7:$HH7) -> 2.0586876
A8: =Demand_kW!A8 -> 7 | B8: =Demand_kW!B8 -> 3 | C8: =AVERAGE(Demand_kW!$C8:$HH8) -> 0.13233262 | D8: =AVERAGE(PV_kW!$C8:$HH8) -> 0 | E8: =AVERAGE(Charge_kW!$C8:$HH8) -> 0 | F8: =AVERAGE(Discharge_kW!$C8:$HH8) -> 0.12530841 | G8: =C8-D8+E8-F8 -> 0.0070242072 | H8: =AVERAGE(SOC_pct!$C8:$HH8) -> 28.606679 | I8: =SUM(Demand_kW!$C8:$HH8) -> 28.31918 | J8: =SUM(PV_kW!$C8:$HH8) -> 0 | K8: =I8-J8+SUM(Charge_kW!$C8:$HH8)-SUM(Discharge_kW!$C8:$HH8) -> 1.5031803
A9: =Demand_kW!A9 -> 8 | B9: =Demand_kW!B9 -> 3.5 | C9: =AVERAGE(Demand_kW!$C9:$HH9) -> 0.12485107 | D9: =AVERAGE(PV_kW!$C9:$HH9) -> 0.0025383965 | E9: =AVERAGE(Charge_kW!$C9:$HH9) -> 0 | F9: =AVERAGE(Discharge_kW!$C9:$HH9) -> 0.11176636 | G9: =C9-D9+E9-F9 -> 0.010546314 | H9: =AVERAGE(SOC_pct!$C9:$HH9) -> 27.034064 | I9: =SUM(Demand_kW!$C9:$HH9) -> 26.718128 | J9: =SUM(PV_kW!$C9:$HH9) -> 0.54321685 | K9: =I9-J9+SUM(Charge_kW!$C9:$HH9)-SUM(Discharge_kW!$C9:$HH9) -> 2.2569112
A10: =Demand_kW!A10 -> 9 | B10: =Demand_kW!B10 -> 4 | C10: =AVERAGE(Demand_kW!$C10:$HH10) -> 0.13398744 | D10: =AVERAGE(PV_kW!$C10:$HH10) -> 0.036690808 | E10: =AVERAGE(Charge_kW!$C10:$HH10) -> 0.00034579439 | F10: =AVERAGE(Discharge_kW!$C10:$HH10) -> 0.086228021 | G10: =C10-D10+E10-F10 -> 0.011414405 | H10: =AVERAGE(SOC_pct!$C10:$HH10) -> 25.632061 | I10: =SUM(Demand_kW!$C10:$HH10) -> 28.673312 | J10: =SUM(PV_kW!$C10:$HH10) -> 7.851833 | K10: =I10-J10+SUM(Charge_kW!$C10:$HH10)-SUM(Discharge_kW!$C10:$HH10) -> 2.4426826
A11: =Demand_kW!A11 -> 10 | B11: =Demand_kW!B11 -> 4.5 | C11: =AVERAGE(Demand_kW!$C11:$HH11) -> 0.12940793 | D11: =AVERAGE(PV_kW!$C11:$HH11) -> 0.17157734 | E11: =AVERAGE(Charge_kW!$C11:$HH11) -> 0.06332243 | F11: =AVERAGE(Discharge_kW!$C11:$HH11) -> 0.018014019 | G11: =C11-D11+E11-F11 -> 0.003139002 | H11: =AVERAGE(SOC_pct!$C11:$HH11) -> 24.553457 | I11: =SUM(Demand_kW!$C11:$HH11) -> 27.693297 | J11: =SUM(PV_kW!$C11:$HH11) -> 36.71755 | K11: =I11-J11+SUM(Charge_kW!$C11:$HH11)-SUM(Discharge_kW!$C11:$HH11) -> 0.67174642
A12: =Demand_kW!A12 -> 11 | B12: =Demand_kW!B12 -> 5 | C12: =AVERAGE(Demand_kW!$C12:$HH12) -> 0.11773193 | D12: =AVERAGE(PV_kW!$C12:$HH12) -> 0.34034625 | E12: =AVERAGE(Charge_kW!$C12:$HH12) -> 0.22940654 | F12: =AVERAGE(Discharge_kW!$C12:$HH12) -> 0.006682243 | G12: =C12-D12+E12-F12 -> 0.0001099783 | H12: =AVERAGE(SOC_pct!$C12:$HH12) -> 25.042433 | I12: =SUM(Demand_kW!$C12:$HH12) -> 25.194633 | J12: =SUM(PV_kW!$C12:$HH12) -> 72.834098 | K12: =I12-J12+SUM(Charge_kW!$C12:$HH12)-SUM(Discharge_kW!$C12:$HH12) -> 0.023535357
A13: =Demand_kW!A13 -> 12 | B13: =Demand_kW!B13 -> 5.5 | C13: =AVERAGE(Demand_kW!$C13:$HH13) -> 0.12717219 | D13: =AVERAGE(PV_kW!$C13:$HH13) -> 0.54729359 | E13: =AVERAGE(Charge_kW!$C13:$HH13) -> 0.42164019 | F13: =AVERAGE(Discharge_kW!$C13:$HH13) -> 0.0014813084 | G13: =C13-D13+E13-F13 -> 3.7475957e-05 | H13: =AVERAGE(SOC_pct!$C13:$HH13) -> 27.550279 | I13: =SUM(Demand_kW!$C13:$HH13) -> 27.214848 | J13: =SUM(PV_kW!$C13:$HH13) -> 117.12083 | K13: =I13-J13+SUM(Charge_kW!$C13:$HH13)-SUM(Discharge_kW!$C13:$HH13) -> 0.0080198548
... A49: =Demand_kW!A49 -> 48 | B49: =Demand_kW!B49 -> 23.5 | C49: =AVERAGE(Demand_kW!$C49:$HH49) -> 0.27751476 | D49: =AVERAGE(PV_kW!$C49:$HH49) -> 0 | E49: =AVERAGE(Charge_kW!$C49:$HH49) -> 0 | F49: =AVERAGE(Discharge_kW!$C49:$HH49) -> 0.22183645 | G49: =C49-D49+E49-F49 -> 0.055678316 | H49: =AVERAGE(SOC_pct!$C49:$HH49) -> 49.650557 | I49: =SUM(Demand_kW!$C49:$HH49) -> 59.38816 | J49: =SUM(PV_kW!$C49:$HH49) -> 0 | K49: =I49-J49+SUM(Charge_kW!$C49:$HH49)-SUM(Discharge_kW!$C49:$HH49) -> 11.91516

Sheet SOC_pct
A1: period | B1: hour | C1: BES_TR5_one38_B | D1: BES_TR5_one195_C | E1: BES_TR5_one195_dup_C | F1: BES_TR5_one235_A | G1: BES_TR5_one235_dup_A | H1: BES_TR5_one242_dup_B | I1: BES_TR5_one252_C | J1: BES_TR5_one252_dup_C | K1: BES_TR5_one260_dup_C | L1: BES_TR5_one280_A | M1: BES_TR5_one287_B | N1: BES_TR5_one299_B | O1: BES_TR5_one299_dup_B | P1: BES_TR5_one313_A | Q1: BES_TR5_one313_dup_A | R1: BES_TR5_one42_B | S1: BES_TR5_one320_B | T1: BES_TR5_one321_C | U1: BES_TR5_one328_A | V1: BES_TR5_one345_dup_A | W1: BES_TR5_one346_C | X1: BES_TR5_one366_dup_B | Y1: BES_TR5_one375_C | Z1: BES_TR5_one375_dup_C | AA1: BES_TR5_one410_B | AB1: BES_TR5_one410_dup_B | AC1: BES_TR5_one50_A | AD1: BES_TR5_one416_C | AE1: BES_TR5_one416_dup_C | AF1: BES_TR5_one423_dup_B | AG1: BES_TR5_one446_dup_B | AH1: BES_TR5_one469_A | AI1: BES_TR5_one477_A | AJ1: BES_TR5_one477_dup_A | AK1: BES_TR5_one480_A | AL1: BES_TR5_one480_dup_A | AM1: BES_TR5_one521_dup_C | AN1: BES_TR5_one528_C | AO1: BES_TR5_one528_dup_C | AP1: BES_TR5_one61_dup_A | AQ1: BES_TR5_one544_A | AR1: BES_TR5_one544_dup_A | AS1: BES_TR5_one559_C | AT1: BES_TR5_one590_A | AU1: BES_TR5_one590_dup_A | AV1: BES_TR5_one605_A | AW1: BES_TR5_one605_dup_A | AX1: BES_TR5_one614_B | AY1: BES_TR5_one617_dup_A | AZ1: BES_TR5_one73_A | BA1: BES_TR5_one73_dup_A | BB1: BES_TR5_one76_A | BC1: BES_TR5_one133_A | BD1: BES_TR5_one137_A | BE1: BES_TR5_one176_A | BF1: BES_TR5_four1252_C | BG1: BES_TR5_four171_A | BH1: BES_TR5_four180_A | BI1: BES_TR5_four184_B | BJ1: BES_TR5_four200_A | BK1: BES_TR5_four239_A | BL1: BES_TR5_four259_B | BM1: BES_TR5_four54_C | BN1: BES_TR5_four279_B | BO1: BES_TR5_four288_B | BP1: BES_TR5_four301_C | BQ1: BES_TR5_four326_A | BR1: BES_TR5_four352_A | BS1: BES_TR5_four354_B | BT1: BES_TR5_four358_C | BU1: BES_TR5_four381_A | BV1: BES_TR5_four385_A | BW1: BES_TR5_four396_B | BX1: BES_TR5_four423_C | BY1: BES_TR5_four446_B | BZ1: BES_TR5_four451_C | CA1: BES_TR5_four532_A | CB1: BES_TR5_four548_B | CC1: BES_TR5_four553_B | CD1: BES_TR5_four562_C | CE1: BES_TR5_four70_B | CF1: BES_TR5_four659_B | CG1: BES_TR5_four675_C | CH1: BES_TR5_four704_B | CI1: BES_TR5_four710_C | CJ1: BES_TR5_four734_A | CK1: BES_TR5_four763_A | CL1: BES_TR5_four797_C | CM1: BES_TR5_four840_A | CN1: BES_TR5_four854_A | CO1: BES_TR5_four926_B | CP1: BES_TR5_four958_C | CQ1: BES_TR5_four1027_A | CR1: BES_TR5_four1063_C | CS1: BES_TR5_four1091_B | CT1: BES_TR5_four1103_C | CU1: BES_TR5_four1132_C | CV1: BES_TR5_four1140_A | CW1: BES_TR5_four126_A | CX1: BES_TR5_four1187_A | CY1: BES_TR5_four1207_B | CZ1: BES_TR5_four1216_C | DA1: BES_TR5_four1220_C | DB1: BES_TR5_four1226_A | DC1: BES_TR5_four1244_B | DD1: BES_TR5_five58_dup_C | DE1: BES_TR5_five147_dup_C | DF1: BES_TR5_five149_A | DG1: BES_TR5_five149_dup_A | DH1: BES_TR5_five160_C | DI1: BES_TR5_five160_dup_C | DJ1: BES_TR5_five168_A | DK1: BES_TR5_five170_A | DL1: BES_TR5_five177_A | DM1: BES_TR5_five194_C | DN1: BES_TR5_five194_dup_C | DO1: BES_TR5_five220_C | DP1: BES_TR5_five220_dup_C | DQ1: BES_TR5_five223_dup_A | DR1: BES_TR5_five242_dup_A | DS1: BES_TR5_five243_dup_B | DT1: BES_TR5_five284_C | DU1: BES_TR5_five284_dup_C | DV1: BES_TR5_five285_B | DW1: BES_TR5_five309_C | DX1: BES_TR5_five324_B | DY1: BES_TR5_five345_A | DZ1: BES_TR5_five355_A | EA1: BES_TR5_five78_dup_A | EB1: BES_TR5_five394_C | EC1: BES_TR5_five421_A | ED1: BES_TR5_five421_dup_A | EE1: BES_TR5_five457_B | EF1: BES_TR5_five457_dup_B | EG1: BES_TR5_five466_A | EH1: BES_TR5_five472_dup_A | EI1: BES_TR5_five488_B | EJ1: BES_TR5_five488_dup_B | EK1: BES_TR5_five494_dup_B | EL1: BES_TR5_five512_A | EM1: BES_TR5_five513_dup_B | EN1: BES_TR5_five537_C | EO1: BES_TR5_five537_dup_C | EP1: BES_TR5_five540_A | EQ1: BES_TR5_five545_dup_B | ER1: BES_TR5_five585_dup_A | ES1: BES_TR5_five588_dup_A | ET1: BES_TR5_five108_B | EU1: BES_TR5_five108_dup_B | EV1: BES_TR5_five663_C | EW1: BES_TR5_five663_dup_C | EX1: BES_TR5_five670_C | EY1: BES_TR5_five670_dup_C | EZ1: BES_TR5_five685_dup_B | FA1: BES_TR5_five695_dup_A | FB1: BES_TR5_five704_dup_A | FC1: BES_TR5_five719_A | FD1: BES_TR5_five719_dup_A | FE1: BES_TR5_five735_A | FF1: BES_TR5_five748_dup_B | FG1: BES_TR5_five117_dup_B | FH1: BES_TR5_five750_B | FI1: BES_TR5_five750_dup_B | FJ1: BES_TR5_five778_dup_B | FK1: BES_TR5_five793_A | FL1: BES_TR5_five793_dup_A | FM1: BES_TR5_five799_dup_C | FN1: BES_TR5_five801_dup_C | FO1: BES_TR5_five118_B | FP1: BES_TR5_six64_A | FQ1: BES_TR5_six173_C | FR1: BES_TR5_six186_A | FS1: BES_TR5_six203_A | FT1: BES_TR5_six238_A | FU1: BES_TR5_six249_B | FV1: BES_TR5_six254_B | FW1: BES_TR5_six68_C | FX1: BES_TR5_six317_C | FY1: BES_TR5_six326_A | FZ1: BES_TR5_six342_A | GA1: BES_TR5_six350_B | GB1: BES_TR5_six75_A | GC1: BES_TR5_six385_B | GD1: BES_TR5_six387_A | GE1: BES_TR5_six392_C | GF1: BES_TR5_six431_C | GG1: BES_TR5_six441_A | GH1: BES_TR5_six512_B | GI1: BES_TR5_six518_B | GJ1: BES_TR5_six523_C | GK1: BES_TR5_six534_B | GL1: BES_TR5_six591_C | GM1: BES_TR5_six595_B | GN1: BES_TR5_six643_A | GO1: BES_TR5_six646_B | GP1: BES_TR5_six651_C | GQ1: BES_TR5_six87_A | GR1: BES_TR5_six665_B | GS1: BES_TR5_six718_C | GT1: BES_TR5_six721_A | GU1: BES_TR5_six723_B | GV1: BES_TR5_six740_A | GW1: BES_TR5_six799_B | GX1: BES_TR5_six807_A | GY1: BES_TR5_six852_B | GZ1: BES_TR5_six860_C | HA1: BES_TR5_six885_A | HB1: BES_TR5_six909_C | HC1: BES_TR5_six921_B | HD1: BES_TR5_six929_A | HE1: BES_TR5_six952_A | HF1: BES_TR5_six967_B | HG1: BES_TR5_six111_C | HH1: BES_TR5_six1006_C | HI1: fleet_average | HJ1: fleet_total
A2: 1 | B2: 0 | C2: 40 | D2: 40 | E2: 40 | F2: 40 | G2: 40 | H2: 40 | I2: 40 | J2: 40 | K2: 40 | L2: 40 | M2: 40 | N2: 40 | O2: 40 | P2: 40 | Q2: 40 | R2: 40 | S2: 40 | T2: 40 | U2: 40 | V2: 40 | W2: 40 | X2: 40 | Y2: 40 | Z2: 40 | AA2: 40 | AB2: 40 | AC2: 40 | AD2: 40 | AE2: 40 | AF2: 40 | AG2: 40 | AH2: 40 | AI2: 40 | AJ2: 40 | AK2: 40 | AL2: 40 | AM2: 40 | AN2: 40 | AO2: 40 | AP2: 40 | AQ2: 40 | AR2: 40 | AS2: 40 | AT2: 40 | AU2: 40 | AV2: 40 | AW2: 40 | AX2: 40 | AY2: 40 | AZ2: 40 | BA2: 40 | BB2: 40 | BC2: 40 | BD2: 40 | BE2: 40 | BF2: 40 | BG2: 40 | BH2: 40 | BI2: 40 | BJ2: 40 | BK2: 40 | BL2: 40 | BM2: 40 | BN2: 40 | BO2: 40 | BP2: 40 | BQ2: 40 | BR2: 40 | BS2: 40 | BT2: 40 | BU2: 40 | BV2: 40 | BW2: 40 | BX2: 40 | BY2: 40 | BZ2: 40 | CA2: 40 | CB2: 40 | CC2: 40 | CD2: 40 | CE2: 40 | CF2: 40 | CG2: 40 | CH2: 40 | CI2: 40 | CJ2: 40 | CK2: 40 | CL2: 40 | CM2: 40 | CN2: 40 | CO2: 40 | CP2: 40 | CQ2: 40 | CR2: 40 | CS2: 40 | CT2: 40 | CU2: 40 | CV2: 40 | CW2: 40 | CX2: 40 | CY2: 40 | CZ2: 40 | DA2: 40 | DB2: 40 | DC2: 40 | DD2: 40 | DE2: 40 | DF2: 40 | DG2: 40 | DH2: 40 | DI2: 40 | DJ2: 40 | DK2: 40 | DL2: 40 | DM2: 40 | DN2: 40 | DO2: 40 | DP2: 40 | DQ2: 40 | DR2: 40 | DS2: 40 | DT2: 40 | DU2: 40 | DV2: 40 | DW2: 40 | DX2: 40 | DY2: 40 | DZ2: 40 | EA2: 40 | EB2: 40 | EC2: 40 | ED2: 40 | EE2: 40 | EF2: 40 | EG2: 40 | EH2: 40 | EI2: 40 | EJ2: 40 | EK2: 40 | EL2: 40 | EM2: 40 | EN2: 40 | EO2: 40 | EP2: 40 | EQ2: 40 | ER2: 40 | ES2: 40 | ET2: 40 | EU2: 40 | EV2: 40 | EW2: 40 | EX2: 40 | EY2: 40 | EZ2: 40 | FA2: 40 | FB2: 40 | FC2: 40 | FD2: 40 | FE2: 40 | FF2: 40 | FG2: 40 | FH2: 40 | FI2: 40 | FJ2: 40 | FK2: 40 | FL2: 40 | FM2: 40 | FN2: 40 | FO2: 40 | FP2: 40 | FQ2: 40 | FR2: 40 | FS2: 40 | FT2: 40 | FU2: 40 | FV2: 40 | FW2: 40 | FX2: 40 | FY2: 40 | FZ2: 40 | GA2: 40 | GB2: 40 | GC2: 40 | GD2: 40 | GE2: 40 | GF2: 40 | GG2: 40 | GH2: 40 | GI2: 40 | GJ2: 40 | GK2: 40 | GL2: 40 | GM2: 40 | GN2: 40 | GO2: 40 | GP2: 40 | GQ2: 40 | GR2: 40 | GS2: 40 | GT2: 40 | GU2: 40 | GV2: 40 | GW2: 40 | GX2: 40 | GY2: 40 | GZ2: 40 | HA2: 40 | HB2: 40 | HC2: 40 | HD2: 40 | HE2: 40 | HF2: 40 | HG2: 40 | HH2: 40 | HI2: 40 | HJ2: 8560
A3: 2 | B3: 0.5 | C3: 37.0447 | D3: 30.4881 | E3: 37.8595 | F3: 36.3617 | G3: 38.4687 | H3: 35.2281 | I3: 39.2973 | J3: 37.9647 | K3: 39.3851 | L3: 36.5022 | M3: 31.2176 | N3: 37.9653 | O3: 38.0453 | P3: 39.36 | Q3: 37.5816 | R3: 39.4322 | S3: 38.1782 | T3: 37.9064 | U3: 38.7947 | V3: 30.8045 | W3: 37.683 | X3: 35.1203 | Y3: 39.36 | Z3: 38.9616 | AA3: 39.4228 | AB3: 38.2139 | AC3: 32.4194 | AD3: 38.5646 | AE3: 38.9399 | AF3: 14.5632 | AG3: 35.6448 | AH3: 33.5982 | AI3: 38.0821 | AJ3: 38.3638 | AK3: 32.5769 | AL3: 39.36 | AM3: 39.3851 | AN3: 31.415 | AO3: 38.3271 | AP3: 39.3851 | AQ3: 36.7228 | AR3: 38.3657 | AS3: 38.4749 | AT3: 38.9613 | AU3: 38.2542 | AV3: 37.6086 | AW3: 39.2596 | AX3: 35.0237 | AY3: 39.1788 | AZ3: 29.9727 | BA3: 39.3977 | BB3: 36.7629 | BC3: 39.36 | BD3: 38.719 | BE3: 38.1454 | BF3: 39.3098 | BG3: 28.217 | BH3: 33.3172 | BI3: 39.2596 | BJ3: 30.0378 | BK3: 39.3977 | BL3: 37.0714 | BM3: 10 | BN3: 36.8756 | BO3: 34.2015 | BP3: 36.2343 | BQ3: 36.9133 | BR3: 39.2847 | BS3: 38.1097 | BT3: 39.2847 | BU3: 38.0542 | BV3: 38.6864 | BW3: 39.3726 | BX3: 39.3726 | BY3: 39.3726 | BZ3: 39.3726 | CA3: 38.6243 | CB3: 26.7143 | CC3: 39.3475 | CD3: 37.0957 | CE3: 38.1827 | CF3: 39.36 | CG3: 29.1619 | CH3: 35.8216 | CI3: 39.4855 | CJ3: 39.3977 | CK3: 32.6149 | CL3: 39.3224 | CM3: 38.0586 | CN3: 23.1784 | CO3: 37.9135 | CP3: 35.2758 | CQ3: 37.3763 | CR3: 36.8599 | CS3: 39.3977 | CT3: 37.8218 | CU3: 39.3977 | CV3: 39.4479 | CW3: 37.0136 | CX3: 39.2973 | CY3: 38.1706 | CZ3: 38.3136 | DA3: 39.36 | DB3: 39.3851 | DC3: 36.9337 | DD3: 37.5168 | DE3: 37.4652 | DF3: 36.5467 | DG3: 34.4676 | DH3: 37.4761 | DI3: 39.3851 | DJ3: 38.9574 | DK3: 36.7725 | DL3: 38.5985 | DM3: 37.7669 | DN3: 39.2532 | DO3: 38.77 | DP3: 39.2566 | DQ3: 39.3112 | DR3: 38.1146 | DS3: 37.5813 | DT3: 38.6677 | DU3: 37.8916 | DV3: 37.4876 | DW3: 38.5532 | DX3: 39.4855 | DY3: 34.8496 | DZ3: 37.3337 | EA3: 38.1739 | EB3: 39.4228 | EC3: 39.0652 | ED3: 38.7329 | EE3: 38.6986 | EF3: 39.2973 | EG3: 37.0438 | EH3: 27.8949 | EI3: 35.9236 | EJ3: 39.3977 | EK3: 39.2382 | EL3: 37.7512 | EM3: 39.3977 | EN3: 37.3727 | EO3: 39.5483 | EP3: 39.3726 | EQ3: 38.5816 | ER3: 37.7521 | ES3: 39.3098 | ET3: 31.3844 | EU3: 37.0679 | EV3: 39.0583 | EW3: 38.4796 | EX3: 30.7076 | EY3: 37.9236 | EZ3: 38.767 | FA3: 37.9485 | FB3: 29.4721 | FC3: 37.6581 | FD3: 35.7565 | FE3: 38.6354 | FF3: 39.3475 | FG3: 39.2847 | FH3: 36.2963 | FI3: 31.9196 | FJ3: 38.4144 | FK3: 37.0595 | FL3: 35.9264 | FM3: 38.9725 | FN3: 39.36 | FO3: 39.4102 | FP3: 39.4373 | FQ3: 37.2237 | FR3: 37.5965 | FS3: 38.0809 | FT3: 39.2596 | FU3: 36.9995 | FV3: 35.8367 | FW3: 39.2722 | FX3: 38.9006 | FY3: 34.3168 | FZ3: 39.2723 | GA3: 38.0857 | GB3: 39.4102 | GC3: 33.6718 | GD3: 39.4981 | GE3: 39.2471 | GF3: 36.9533 | GG3: 33.8621 | GH3: 36.6367 | GI3: 39.3475 | GJ3: 38.4661 | GK3: 37.6437 | GL3: 37.8816 | GM3: 39.4604 | GN3: 38.7246 | GO3: 37.5098 | GP3: 38.6487 | GQ3: 39.5483 | GR3: 39.3349 | GS3: 38.0465 | GT3: 39.3349 | GU3: 39.4102 | GV3: 38.298 | GW3: 38.37 | GX3: 38.4415 | GY3: 39.2973 | GZ3: 39.4855 | HA3: 38.5025 | HB3: 36.8068 | HC3: 38.0164 | HD3: 38.1191 | HE3: 27.879 | HF3: 39.2722 | HG3: 38.8644 | HH3: 39.3851 | HI3: 37.156752 | HJ3: 7951.545
A4: 3 | B4: 1 | C4: 36.3922 | D4: 22.612 | E4: 35.4982 | F4: 35.6066 | G4: 37.8663 | H4: 34.7638 | I4: 35.6444 | J4: 35.5225 | K4: 34.3641 | L4: 34.9966 | M4: 23.7096 | N4: 37.1205 | O4: 36.7612 | P4: 38.7201 | Q4: 35.8579 | R4: 38.3677 | S4: 37.6637 | T4: 34.2722 | U4: 36.668 | V4: 30.1143 | W4: 37.0305 | X4: 34.6685 | Y4: 34.0091 | Z4: 35.1909 | AA4: 38.8455 | AB4: 37.5991 | AC4: 26.4254 | AD4: 37.8995 | AE4: 36.4532 | AF4: 10 | AG4: 32.2152 | AH4: 32.8955 | AI4: 35.6961 | AJ4: 37.1587 | AK4: 27.8778 | AL4: 37.0634 | AM4: 38.7702 | AN4: 30.888 | AO4: 37.6369 | AP4: 37.8341 | AQ4: 35.6094 | AR4: 35.4193 | AS4: 34.1701 | AT4: 35.8909 | AU4: 37.3778 | AV4: 35.6394 | AW4: 38.5193 | AX4: 34.4214 | AY4: 38.0294 | AZ4: 25.9803 | BA4: 38.1715 | BB4: 36.0312 | BC4: 38.0119 | BD4: 37.7586 | BE4: 36.8667 | BF4: 37.1708 | BG4: 18.1385 | BH4: 27.5124 | BI4: 37.8232 | BJ4: 29.3226 | BK4: 38.7953 | BL4: 33.1301 | BM4: 10 | BN4: 35.9203 | BO4: 27.5185 | BP4: 35.5817 | BQ4: 35.1135 | BR4: 38.5695 | BS4: 35.1455 | BT4: 38.5695 | BU4: 37.3641 | BV4: 37.3728 | BW4: 37.718 | BX4: 37.7055 | BY4: 36.5924 | BZ4: 37.5988 | CA4: 36.2475 | CB4: 16.4456 | CC4: 38.695 | CD4: 36.4682 | CE4: 37.6055 | CF4: 37.7742 | CG4: 27.8708 | CH4: 34.4453 | CI4: 36.8083 | CJ4: 37.8064 | CK4: 25.3476 | CL4: 38.6448 | CM4: 36.0781 | CN4: 10 | CO4: 36.0249 | CP4: 23.8551 | CQ4: 36.7237 | CR4: 35.8409 | CS4: 38.7953 | CT4: 36.8302 | CU4: 38.7953 | CV4: 38.8957 | CW4: 34.9469 | CX4: 38.5946 | CY4: 36.4191 | CZ4: 35.8776 | DA4: 38.1099 | DB4: 38.7702 | DC4: 32.6723 | DD4: 34.6349 | DE4: 36.6638 | DF4: 35.8189 | DG4: 26.395 | DH4: 34.8506 | DI4: 37.7525 | DJ4: 38.0043 | DK4: 35.093 | DL4: 36.1572 | DM4: 35.2503 | DN4: 38.7512 | DO4: 38.2304 | DP4: 37.7012 | DQ4: 37.8674 | DR4: 35.8986 | DS4: 36.9538 | DT4: 36.5441 | DU4: 35.9666 | DV4: 36.8476 | DW4: 32.9775 | DX4: 37.0725 | DY4: 32.6296 | DZ4: 36.0101 | EA4: 36.6086 | EB4: 38.8455 | EC4: 35.7129 | ED4: 36.7779 | EE4: 36.6268 | EF4: 36.6146 | EG4: 34.8031 | EH4: 16.3832 | EI4: 29.8822 | EJ4: 38.6103 | EK4: 37.5567 | EL4: 36.2492 | EM4: 38.7953 | EN4: 36.4161 | EO4: 37.2193 | EP4: 37.0653 | EQ4: 38.0671 | ER4: 37.2376 | ES4: 37.2042 | ET4: 30.4317 | EU4: 36.4109 | EV4: 37.1736 | EW4: 37.8397 | EX4: 29.1983 | EY4: 37.3088 | EZ4: 32.4284 | FA4: 36.9269 | FB4: 17.3671 | FC4: 35.5016 | FD4: 32.9373 | FE4: 37.9327 | FF4: 38.695 | FG4: 38.5695 | FH4: 35.832 | FI4: 25.0212 | FJ4: 37.6782 | FK4: 35.6795 | FL4: 35.2864 | FM4: 36.6764 | FN4: 37.2867 | FO4: 38.6185 | FP4: 32.5687 | FQ4: 32.793 | FR4: 36.048 | FS4: 34.7231 | FT4: 38.5193 | FU4: 33.4061 | FV4: 33.5649 | FW4: 37.3419 | FX4: 35.7841 | FY4: 25.2677 | FZ4: 36.5695 | GA4: 36.8309 | GB4: 37.9934 | GC4: 30.4667 | GD4: 38.9961 | GE4: 38.4942 | GF4: 34.8757 | GG4: 26.8038 | GH4: 35.9967 | GI4: 38.695 | GJ4: 37.2263 | GK4: 36.4719 | GL4: 37.1538 | GM4: 36.9528 | GN4: 38.1223 | GO4: 36.211 | GP4: 35.9138 | GQ4: 37.5749 | GR4: 37.1291 | GS4: 34.6771 | GT4: 38.6699 | GU4: 38.1366 | GV4: 36.8148 | GW4: 35.2492 | GX4: 37.044 | GY4: 36.4567 | GZ4: 36.9695 | HA4: 37.9127 | HB4: 36.0915 | HC4: 36.5009 | HD4: 34.9525 | HE4: 18.9814 | HF4: 37.3916 | HG4: 36.0462 | HH4: 38.7702 | HI4: 34.866054 | HJ4: 7461.3356
A5: 4 | B5: 1.5 | C5: 34.3789 | D5: 12.8631 | E5: 34.0499 | F5: 31.0714 | G5: 36.335 | H5: 34.2995 | I5: 34.9416 | J5: 34.8198 | K5: 33.1385 | L5: 32.9147 | M5: 14.9028 | N5: 35.5958 | O5: 35.7866 | P5: 38.0801 | Q5: 35.2932 | R5: 36.2602 | S5: 34.9509 | T5: 32.6897 | U5: 36.0155 | V5: 29.4241 | W5: 35.2961 | X5: 33.8433 | Y5: 28.9651 | Z5: 33.6818 | AA5: 38.2683 | AB5: 36.9842 | AC5: 25.7352 | AD5: 35.9505 | AE5: 34.8386 | AF5: 10 | AG5: 31.6631 | AH5: 32.1927 | AI5: 35.0562 | AJ5: 35.0745 | AK5: 22.2512 | AL5: 36.4234 | AM5: 38.1554 | AN5: 28.6862 | AO5: 36.7283 | AP5: 36.6991 | AQ5: 34.5536 | AR5: 34.0325 | AS5: 33.5552 | AT5: 33.4065 | AU5: 36.6876 | AV5: 35.1249 | AW5: 35.5627 | AX5: 31.5928 | AY5: 34.5956 | AZ5: 22.678 | BA5: 36.4774 | BB5: 33.0672 | BC5: 36.7926 | BD5: 37.1186 | BE5: 33.9116 | BF5: 36.0544 | BG5: 10 | BH5: 26.3419 | BI5: 34.441 | BJ5: 28.6073 | BK5: 38.193 | BL5: 32.3772 | BM5: 10 | BN5: 33.2328 | BO5: 24.8084 | BP5: 34.9292 | BQ5: 34.4107 | BR5: 37.8542 | BS5: 34.2825 | BT5: 37.8542 | BU5: 36.6739 | BV5: 36.8206 | BW5: 36.8338 | BX5: 36.5499 | BY5: 34.4367 | BZ5: 36.9713 | CA5: 35.5574 | CB5: 15.768 | CC5: 38.0424 | CD5: 35.8408 | CE5: 37.0283 | CF5: 35.0269 | CG5: 25.6458 | CH5: 32.8145 | CI5: 34.6177 | CJ5: 36.2151 | CK5: 15.9252 | CL5: 37.887 | CM5: 34.0694 | CN5: 10 | CO5: 35.2246 | CP5: 10 | CQ5: 36.0712 | CR5: 35.1256 | CS5: 36.2976 | CT5: 35.9234 | CU5: 38.193 | CV5: 38.3436 | CW5: 33.277 | CX5: 37.8919 | CY5: 34.5898 | CZ5: 34.8898 | DA5: 36.1625 | DB5: 37.1983 | DC5: 28.4666 | DD5: 31.4689 | DE5: 34.2972 | DF5: 31.7513 | DG5: 18.054 | DH5: 34.2232 | DI5: 37.1377 | DJ5: 36.8722 | DK5: 32.2384 | DL5: 35.4168 | DM5: 34.1136 | DN5: 38.2493 | DO5: 34.564 | DP5: 37.0738 | DQ5: 35.4087 | DR5: 33.2297 | DS5: 36.3264 | DT5: 34.8603 | DU5: 32.7287 | DV5: 35.5267 | DW5: 28.4889 | DX5: 36.558 | DY5: 31.5161 | DZ5: 31.688 | EA5: 34.7922 | EB5: 38.2683 | EC5: 34.9613 | ED5: 36.1128 | EE5: 35.9994 | EF5: 35.7263 | EG5: 31.2888 | EH5: 11.2623 | EI5: 28.4587 | EJ5: 36.157 | EK5: 34.7261 | EL5: 35.1567 | EM5: 35.0472 | EN5: 35.4498 | EO5: 36.7676 | EP5: 36.4379 | EQ5: 37.5526 | ER5: 35.3836 | ES5: 36.4395 | ET5: 29.3518 | EU5: 33.2941 | EV5: 36.5462 | EW5: 35.5368 | EX5: 28.4705 | EY5: 34.9745 | EZ5: 28.0379 | FA5: 33.4764 | FB5: 13.6398 | FC5: 33.7295 | FD5: 32.3098 | FE5: 37.23 | FF5: 38.0424 | FG5: 36.53 | FH5: 35.3677 | FI5: 23.4525 | FJ5: 36.5173 | FK5: 33.4699 | FL5: 34.3709 | FM5: 36.0113 | FN5: 35.8276 | FO5: 37.3218 | FP5: 32.1169 | FQ5: 32.1656 | FR5: 35.3453 | FS5: 33.675 | FT5: 35.4138 | FU5: 28.8595 | FV5: 32.1144 | FW5: 36.6141 | FX5: 33.0783 | FY5: 24.6528 | FZ5: 34.8142 | GA5: 36.1533 | GB5: 35.1963 | GC5: 29.5416 | GD5: 35.4887 | GE5: 37.5377 | GF5: 33.3967 | GG5: 24.0296 | GH5: 35.1755 | GI5: 38.0424 | GJ5: 36.3178 | GK5: 35.4817 | GL5: 31.8227 | GM5: 34.6809 | GN5: 37.52 | GO5: 34.8502 | GP5: 34.0164 | GQ5: 36.4131 | GR5: 36.464 | GS5: 34.0873 | GT5: 38.0048 | GU5: 36.3462 | GV5: 35.5545 | GW5: 34.6344 | GX5: 34.1801 | GY5: 35.754 | GZ5: 36.455 | HA5: 36.0262 | HB5: 33.2219 | HC5: 35.4523 | HD5: 33.3239 | HE5: 10 | HF5: 35.2713 | HG5: 35.5192 | HH5: 38.1554 | HI5: 33.044306 | HJ5: 7071.4814
A6: 5 | B6: 2 | C6: 32.7844 | D6: 10 | E6: 32.6015 | F6: 30.582 | G6: 35.7327 | H6: 33.8352 | I6: 34.2389 | J6: 31.534 | K6: 31.1077 | L6: 30.1671 | M6: 10.4969 | N6: 34.2411 | O6: 35.1466 | P6: 37.4401 | Q6: 32.847 | R6: 35.8712 | S6: 33.4764 | T6: 30.4967 | U6: 35.3629 | V6: 26.785 | W6: 34.061 | X6: 30.3263 | Y6: 24.6113 | Z6: 31.3471 | AA6: 37.6911 | AB6: 36.3693 | AC6: 25.0451 | AD6: 34.6863 | AE6: 34.0658 | AF6: 10 | AG6: 31.1109 | AH6: 31.49 | AI6: 31.9491 | AJ6: 34.0583 | AK6: 19.6539 | AL6: 35.7834 | AM6: 37.5405 | AN6: 14.2989 | AO6: 35.2738 | AP6: 36.0842 | AQ6: 33.2674 | AR6: 32.1478 | AS6: 32.4813 | AT6: 30.4278 | AU6: 35.066 | AV6: 31.8992 | AW6: 34.8224 | AX6: 30.9905 | AY6: 34.0309 | AZ6: 20.156 | BA6: 35.7192 | BB6: 32.0625 | BC6: 35.8308 | BD6: 36.4786 | BE6: 32.7161 | BF6: 34.4268 | BG6: 10 | BH6: 23.3958 | BI6: 33.5061 | BJ6: 27.892 | BK6: 37.5907 | BL6: 29.1664 | BM6: 10 | BN6: 31.7686 | BO6: 22.603 | BP6: 32.5213 | BQ6: 29.752 | BR6: 37.1389 | BS6: 32.1859 | BT6: 37.1389 | BU6: 34.7281 | BV6: 35.0917 | BW6: 36.2063 | BX6: 35.2935 | BY6: 33.8093 | BZ6: 36.3439 | CA6: 33.4388 | CB6: 14.9038 | CC6: 37.3899 | CD6: 32.9365 | CE6: 36.4511 | CF6: 34.3869 | CG6: 24.9306 | CH6: 30.2066 | CI6: 33.2184 | CJ6: 35.5229 | CK6: 10 | CL6: 35.687 | CM6: 32.8645 | CN6: 10 | CO6: 33.9295 | CP6: 10 | CQ6: 34.2539 | CR6: 30.352 | CS6: 35.605 | CT6: 33.6604 | CU6: 37.5907 | CV6: 36.2085 | CW6: 31.2734 | CX6: 37.1891 | CY6: 33.0193 | CZ6: 32.4827 | DA6: 35.5225 | DB6: 36.5835 | DC6: 25.8244 | DD6: 28.4375 | DE6: 33.6698 | DF6: 30.053 | DG6: 10 | DH6: 31.0689 | DI6: 36.5228 | DJ6: 35.8108 | DK6: 29.3211 | DL6: 34.2945 | DM6: 29.5732 | DN6: 37.7473 | DO6: 33.8054 | DP6: 36.4464 | DQ6: 34.4644 | DR6: 30.9195 | DS6: 35.699 | DT6: 34.2203 | DU6: 32.1264 | DV6: 33.6952 | DW6: 27.4021 | DX6: 35.3532 | DY6: 30.8636 | DZ6: 29.6685 | EA6: 34.084 | EB6: 37.6911 | EC6: 34.3041 | ED6: 35.4477 | EE6: 34.6979 | EF6: 35.0235 | EG6: 29.6864 | EH6: 10.1112 | EI6: 26.7229 | EJ6: 35.5547 | EK6: 33.0446 | EL6: 33.1307 | EM6: 33.1741 | EN6: 34.0414 | EO6: 36.3159 | EP6: 35.8104 | EQ6: 36.787 | ER6: 34.4752 | ES6: 35.7493 | ET6: 26.9567 | EU6: 30.9215 | EV6: 34.3472 | EW6: 33.6265 | EX6: 27.2016 | EY6: 34.1877 | EZ6: 19.3666 | FA6: 32.8239 | FB6: 10.1407 | FC6: 31.4892 | FD6: 31.6824 | FE6: 36.5273 | FF6: 37.3899 | FG6: 35.8147 | FH6: 34.9034 | FI6: 21.6377 | FJ6: 35.3565 | FK6: 31.7126 | FL6: 30.5506 | FM6: 34.9838 | FN6: 35.1877 | FO6: 36.732 | FP6: 31.6652 | FQ6: 30.0614 | FR6: 34.6425 | FS6: 32.2107 | FT6: 29.2028 | FU6: 24.5125 | FV6: 27.7388 | FW6: 35.6191 | FX6: 30.4006 | FY6: 23.1792 | FZ6: 32.9501 | GA6: 33.9092 | GB6: 34.6066 | GC6: 27.6374 | GD6: 34.7369 | GE6: 35.6309 | GF6: 29.6556 | GG6: 23.007 | GH6: 32.7229 | GI6: 37.3899 | GJ6: 34.9124 | GK6: 32.443 | GL6: 31.0949 | GM6: 33.5344 | GN6: 34.8023 | GO6: 32.5362 | GP6: 32.3282 | GQ6: 35.5556 | GR6: 35.799 | GS6: 30.3741 | GT6: 37.3397 | GU6: 35.5436 | GV6: 32.8044 | GW6: 32.5151 | GX6: 33.4221 | GY6: 34.6626 | GZ6: 34.7579 | HA6: 35.4364 | HB6: 31.6785 | HC6: 33.5129 | HD6: 29.3212 | HE6: 10 | HF6: 34.5435 | HG6: 33.4946 | HH6: 37.5405 | HI6: 31.384434 | HJ6: 6716.2689
A7: 6 | B7: 2.5 | C7: 32.1319 | D7: 10 | E7: 30.3941 | F7: 29.2956 | G7: 35.1303 | H7: 33.3709 | I7: 32.0914 | J7: 30.3423 | K7: 28.2738 | L7: 29.4769 | M7: 10 | N7: 33.6513 | O7: 34.5066 | P7: 36.8001 | Q7: 29.8257 | R7: 33.0882 | S7: 31.9923 | T7: 27.7588 | U7: 32.6834 | V7: 26.0949 | W7: 32.6595 | X7: 29.8746 | Y7: 23.9713 | Z7: 28.0287 | AA7: 37.1138 | AB7: 35.7544 | AC7: 24.3549 | AD7: 33.7645 | AE7: 33.1728 | AF7: 10 | AG7: 30.5588 | AH7: 30.7873 | AI7: 30.7523 | AJ7: 31.53 | AK7: 17.5178 | AL7: 34.3151 | AM7: 36.9256 | AN7: 13.5805 | AO7: 34.5836 | AP7: 34.0131 | AQ7: 32.3222 | AR7: 30.9202 | AS7: 29.0106 | AT7: 27.478 | AU7: 34.0654 | AV7: 31.3847 | AW7: 32.3695 | AX7: 28.7691 | AY7: 30.4567 | AZ7: 19.0372 | BA7: 33.5572 | BB7: 31.1063 | BC7: 34.2252 | BD7: 35.8387 | BE7: 30.0962 | BF7: 32.7991 | BG7: 10 | BH7: 22.7934 | BI7: 32.7657 | BJ7: 27.1768 | BK7: 36.9884 | BL7: 27.3721 | BM7: 10 | BN7: 29.3088 | BO7: 21.1155 | BP7: 30.511 | BQ7: 28.5743 | BR7: 36.4237 | BS7: 29.2175 | BT7: 36.4237 | BU7: 34.038 | BV7: 34.1934 | BW7: 35.5789 | BX7: 33.4532 | BY7: 31.1269 | BZ7: 35.7165 | CA7: 30.9029 | CB7: 13.2933 | CC7: 36.7374 | CD7: 32.3091 | CE7: 34.9674 | CF7: 33.4316 | CG7: 23.7877 | CH7: 29.0276 | CI7: 31.426 | CJ7: 33.0325 | CK7: 10 | CL7: 35.0094 | CM7: 31.2381 | CN7: 10 | CO7: 31.9178 | CP7: 10 | CQ7: 32.795 | CR7: 29.6367 | CS7: 33.197 | CT7: 33.0079 | CU7: 36.9884 | CV7: 33.9696 | CW7: 30.2438 | CX7: 36.4864 | CY7: 31.7574 | CZ7: 30.4071 | DA7: 32.965 | DB7: 35.9686 | DC7: 17.0091 | DD7: 24.8871 | DE7: 31.6511 | DF7: 28.4791 | DG7: 10 | DH7: 27.3724 | DI7: 34.8902 | DJ7: 33.2458 | DK7: 26.5626 | DL7: 31.253 | DM7: 27.4737 | DN7: 35.8577 | DO7: 32.4939 | DP7: 34.2778 | DQ7: 32.9985 | DR7: 29.0986 | DS7: 34.4202 | DT7: 32.5365 | DU7: 28.5078 | DV7: 33.0552 | DW7: 24.7648 | DX7: 33.6305 | DY7: 28.6436 | DZ7: 26.5274 | EA7: 31.4105 | EB7: 37.1138 | EC7: 30.4872 | ED7: 34.7827 | EE7: 32.6262 | EF7: 34.228 | EG7: 26.8823 | EH7: 10 | EI7: 24.6007 | EJ7: 34.9524 | EK7: 31.4588 | EL7: 32.293 | EM7: 32.5718 | EN7: 32.2579 | EO7: 35.4375 | EP7: 35.183 | EQ7: 35.6197 | ER7: 33.9607 | ES7: 32.8298 | ET7: 26.3042 | EU7: 29.6086 | EV7: 33.7197 | EW7: 32.9866 | EX7: 25.9327 | EY7: 33.5728 | EZ7: 18.6786 | FA7: 30.2339 | FB7: 10 | FC7: 30.7865 | FD7: 31.055 | FE7: 35.8245 | FF7: 36.7374 | FG7: 34.059 | FH7: 34.4391 | FI7: 21.0103 | FJ7: 34.7416 | FK7: 30.4681 | FL7: 29.6574 | FM7: 32.6877 | FN7: 32.2953 | FO7: 35.3849 | FP7: 31.2135 | FQ7: 27.8856 | FR7: 33.9398 | FS7: 31.4957 | FT7: 28.4625 | FU7: 20.9052 | FV7: 26.5274 | FW7: 33.956 | FX7: 29.0576 | FY7: 20.9577 | FZ7: 31.0624 | GA7: 32.9842 | GB7: 32.0659 | GC7: 26.7123 | GD7: 34.235 | GE7: 34.878 | GF7: 28.8253 | GG7: 20.5579 | GH7: 32.0829 | GI7: 36.7374 | GJ7: 32.9468 | GK7: 31.5029 | GL7: 26.7601 | GM7: 30.9959 | GN7: 34.2 | GO7: 30.7807 | GP7: 30.9025 | GQ7: 33.278 | GR7: 33.5931 | GS7: 28.7645 | GT7: 36.6746 | GU7: 33.8142 | GV7: 31.6989 | GW7: 29.0029 | GX7: 31.6988 | GY7: 32.2107 | GZ7: 33.4246 | HA7: 34.8466 | HB7: 30.9633 | HC7: 31.9235 | HD7: 26.7474 | HE7: 10 | HF7: 31.2704 | HG7: 31.5654 | HH7: 36.9256 | HI7: 29.908575 | HJ7: 6400.4351
A8: 7 | B8: 3 | C8: 30.956 | D8: 10 | E8: 29.7918 | F8: 25.9567 | G8: 34.1667 | H8: 32.9066 | I8: 30.9638 | J8: 28.4295 | K8: 26.0748 | L8: 28.2648 | M8: 10 | N8: 33.0615 | O8: 33.8666 | P8: 36.1602 | Q8: 29.0522 | R8: 32.6992 | S8: 29.2891 | T8: 25.808 | U8: 32.0309 | V8: 25.1389 | W8: 31.0916 | X8: 26.7253 | Y8: 22.6113 | Z8: 27.3636 | AA8: 36.5366 | AB8: 35.1395 | AC8: 23.6647 | AD8: 31.4731 | AE8: 31.6785 | AF8: 10 | AG8: 30.0067 | AH8: 30.0846 | AI8: 30.1123 | AJ8: 29.8016 | AK8: 16.7195 | AL8: 32.8468 | AM8: 36.3107 | AN8: 11.1394 | AO8: 32.9107 | AP8: 33.3982 | AQ8: 29.8162 | AR8: 29.9391 | AS8: 28.3957 | AT8: 25.692 | AU8: 32.5059 | AV8: 30.8703 | AW8: 31.1255 | AX8: 27.5597 | AY8: 29.4477 | AZ8: 15.706 | BA8: 32.9549 | BB8: 28.0937 | BC8: 33.5852 | BD8: 34.3441 | BE8: 27.955 | BF8: 32.1089 | BG8: 10 | BH8: 21.2889 | BI8: 32.0254 | BJ8: 26.4615 | BK8: 36.386 | BL8: 25.1815 | BM8: 10 | BN8: 27.7556 | BO8: 19.9144 | BP8: 29.1464 | BQ8: 26.0473 | BR8: 35.7084 | BS8: 28.565 | BT8: 35.7084 | BU8: 32.0922 | BV8: 33.6413 | BW8: 33.6675 | BX8: 32.8258 | BY8: 29.3319 | BZ8: 35.0891 | CA8: 29.7351 | CB8: 12.6157 | CC8: 36.0849 | CD8: 31.2676 | CE8: 34.3902 | CF8: 31.9719 | CG8: 21.8943 | CH8: 25.9009 | CI8: 29.5706 | CJ8: 32.4302 | CK8: 10 | CL8: 32.7292 | CM8: 28.3229 | CN8: 10 | CO8: 29.7573 | CP8: 10 | CQ8: 31.784 | CR8: 27.3607 | CS8: 29.7619 | CT8: 30.7449 | CU8: 36.386 | CV8: 33.0038 | CW8: 28.7849 | CX8: 35.7837 | CY8: 30.3438 | CZ8: 29.5305 | DA8: 32.325 | DB8: 35.3537 | DC8: 15.8074 | DD8: 22.6476 | DE8: 30.5019 | DF8: 25.6812 | DG8: 10 | DH8: 26.5448 | DI8: 34.2753 | DJ8: 32.2926 | DK8: 25.7261 | DL8: 30.3426 | DM8: 26.8337 | DN8: 34.9476 | DO8: 29.8083 | DP8: 32.0371 | DQ8: 31.1153 | DR8: 27.4661 | DS8: 32.6528 | DT8: 30.8085 | DU8: 27.9055 | DV8: 30.5427 | DW8: 23.395 | DX8: 33.116 | DY8: 27.5301 | DZ8: 23.9456 | EA8: 30.9085 | EB8: 36.5366 | EC8: 29.9225 | ED8: 33.3436 | EE8: 31.9987 | EF8: 31.4525 | EG8: 26.3224 | EH8: 10 | EI8: 23.7807 | EJ8: 32.314 | EK8: 28.9266 | EL8: 30.3817 | EM8: 28.5218 | EN8: 31.6932 | EO8: 33.5352 | EP8: 34.5556 | EQ8: 35.1052 | ER8: 31.7128 | ES8: 31.2525 | ET8: 23.4817 | EU8: 27.1476 | EV8: 31.5207 | EW8: 29.4568 | EX8: 25.2049 | EY8: 32.786 | EZ8: 18.1766 | FA8: 29.2454 | FB8: 10 | FC8: 30.0838 | FD8: 30.4276 | FE8: 35.1218 | FF8: 35.6694 | FG8: 33.06 | FH8: 33.9748 | FI8: 19.6268 | FJ8: 34.1267 | FK8: 28.198 | FL8: 27.7315 | FM8: 32.0226 | FN8: 31.6553 | FO8: 34.6436 | FP8: 30.7617 | FQ8: 27.1249 | FR8: 32.3415 | FS8: 27.999 | FT8: 27.7221 | FU8: 18.5986 | FV8: 24.1849 | FW8: 33.2282 | FX8: 26.1428 | FY8: 20.3429 | FZ8: 30.4978 | GA8: 32.3066 | GB8: 30.3927 | GC8: 25.997 | GD8: 30.8794 | GE8: 32.7677 | GF8: 26.3283 | GG8: 18.8492 | GH8: 29.4491 | GI8: 36.0849 | GJ8: 31.3757 | GK8: 30.2623 | GL8: 24.9189 | GM8: 28.1884 | GN8: 32.3477 | GO8: 30.0529 | GP8: 27.6959 | GQ8: 32.8263 | GR8: 32.928 | GS8: 28.1747 | GT8: 36.0096 | GU8: 33.2244 | GV8: 29.1313 | GW8: 27.479 | GX8: 29.2034 | GY8: 31.508 | GZ8: 32.9101 | HA8: 32.9601 | HB8: 30.248 | HC8: 30.6264 | HD8: 25.3156 | HE8: 10 | HF8: 30.5426 | HG8: 31.0384 | HH8: 36.3107 | HI8: 28.606679 | HJ8: 6121.8294
A9: 8 | B9: 3.5 | C9: 28.524 | D9: 10 | E9: 25.8923 | F9: 24.8023 | G9: 32.9967 | H9: 32.4424 | I9: 29.1806 | J9: 25.8648 | K9: 23.0358 | L9: 25.1412 | M9: 10 | N9: 31.5368 | O9: 33.2267 | P9: 35.5202 | Q9: 25.873 | R9: 31.1778 | S9: 28.7746 | T9: 25.0001 | U9: 31.3784 | V9: 22.7656 | W9: 30.439 | X9: 25.5324 | Y9: 20.7113 | Z9: 22.3756 | AA9: 35.9594 | AB9: 34.5247 | AC9: 22.9745 | AD9: 30.8081 | AE9: 30.6652 | AF9: 10 | AG9: 29.4545 | AH9: 29.3819 | AI9: 27.3674 | AJ9: 28.6887 | AK9: 12.2758 | AL9: 31.9056 | AM9: 35.6959 | AN9: 10.6123 | AO9: 32.2205 | AP9: 32.5753 | AQ9: 28.1267 | AR9: 26.1763 | AS9: 25.4188 | AT9: 22.6994 | AU9: 31.4432 | AV9: 27.6446 | AW9: 29.4785 | AX9: 26.9573 | AY9: 27.8998 | AZ9: 13.7042 | BA9: 31.0269 | BB9: 27.5415 | BC9: 32.9452 | BD9: 33.5973 | BE9: 27.3526 | BF9: 30.6517 | BG9: 10 | BH9: 18.6768 | BI9: 28.379 | BJ9: 25.7462 | BK9: 35.7837 | BL9: 21.484 | BM9: 10 | BN9: 26.8466 | BO9: 17.691 | BP9: 27.9598 | BQ9: 22.7379 | BR9: 34.9931 | BS9: 25.6263 | BT9: 34.9931 | BU9: 31.402 | BV9: 32.0507 | BW9: 33.0401 | BX9: 31.6786 | BY9: 28.1481 | BZ9: 34.4616 | CA9: 26.2484 | CB9: 10.8187 | CC9: 35.4323 | CD9: 28.7773 | CE9: 33.8129 | CF9: 29.4137 | CG9: 20.2716 | CH9: 20.9661 | CI9: 26.5582 | CJ9: 30.0297 | CK9: 10 | CL9: 32.0516 | CM9: 27.6703 | CN9: 10 | CO9: 28.4127 | CP9: 10 | CQ9: 29.5187 | CR9: 24.3301 | CS9: 26.983 | CT9: 29.8381 | CU9: 35.7837 | CV9: 29.5956 | CW9: 26.7777 | CX9: 35.081 | CY9: 29.6788 | CZ9: 27.4559 | DA9: 30.2033 | DB9: 34.154 | DC9: 13.2767 | DD9: 20.4989 | DE9: 29.8745 | DF9: 24.5351 | DG9: 10 | DH9: 22.2664 | DI9: 33.6604 | DJ9: 31.3395 | DK9: 23.7437 | DL9: 28.8368 | DM9: 23.141 | DN9: 33.9558 | DO9: 27.297 | DP9: 31.4096 | DQ9: 29.6176 | DR9: 25.2502 | DS9: 31.944 | DT9: 28.0368 | DU9: 27.3031 | DV9: 29.9028 | DW9: 22.3419 | DX9: 32.6016 | DY9: 26.8776 | DZ9: 22.1912 | EA9: 29.4785 | EB9: 35.9594 | EC9: 29.3579 | ED9: 31.5605 | EE9: 29.253 | EF9: 30.7498 | EG9: 23.75 | EH9: 10 | EI9: 22.0247 | EJ9: 31.7117 | EK9: 27.5736 | EL9: 28.5845 | EM9: 27.5965 | EN9: 29.0659 | EO9: 33.0834 | EP9: 33.9282 | EQ9: 34.5907 | ER9: 31.1983 | ES9: 30.5623 | ET9: 22.7864 | EU9: 24.7751 | EV9: 30.8933 | EW9: 28.7734 | EX9: 23.395 | EY9: 30.4517 | EZ9: 15.2467 | FA9: 26.3154 | FB9: 10 | FC9: 25.9964 | FD9: 29.8001 | FE9: 34.4191 | FF9: 35.0168 | FG9: 32.3447 | FH9: 33.5105 | FI9: 17.6269 | FJ9: 32.4198 | FK9: 26.0948 | FL9: 25.0059 | FM9: 29.9077 | FN9: 31.0153 | FO9: 34.0539 | FP9: 29.3111 | FQ9: 24.144 | FR9: 31.6388 | FS9: 26.9052 | FT9: 26.9817 | FU9: 15.9605 | FV9: 20.0923 | FW9: 31.6319 | FX9: 24.364 | FY9: 19.0106 | FZ9: 27.3485 | GA9: 31.1343 | GB9: 28.7921 | GC9: 25.2817 | GD9: 29.9758 | GE9: 32.0148 | GF9: 23.0145 | GG9: 17.6007 | GH9: 28.8092 | GI9: 35.4323 | GJ9: 30.7985 | GK9: 27.5241 | GL9: 22.8897 | GM9: 23.9242 | GN9: 30.88 | GO9: 27.163 | GP9: 26.2323 | GQ9: 30.6501 | GR9: 32.263 | GS9: 25.5116 | GT9: 35.3445 | GU9: 32.6346 | GV9: 27.8432 | GW9: 24.5702 | GX9: 28.4881 | GY9: 28.7646 | GZ9: 30.3941 | HA9: 32.3703 | HB9: 27.8733 | HC9: 26.1967 | HD9: 20.8094 | HE9: 10 | HF9: 27.9182 | HG9: 27.7986 | HH9: 35.6959 | HI9: 27.034064 | HJ9: 5785.2896
A10: 9 | B10: 4 | C10: 27.8985 | D10: 10 | E10: 25.3331 | F10: 21.2029 | G10: 32.4159 | H10: 31.9942 | I10: 28.5102 | J10: 24.8029 | K10: 20.0413 | L10: 23.6525 | M10: 10 | N10: 30.2144 | O10: 32.6029 | P10: 34.9234 | Q10: 23.8097 | R10: 30.6432 | S10: 28.3033 | T10: 22.7662 | U10: 29.8315 | V10: 22.1078 | W10: 28.482 | X10: 23.7328 | Y10: 20.0137 | Z10: 21.7483 | AA10: 35.4199 | AB10: 33.926 | AC10: 22.3114 | AD10: 28.5383 | AE10: 16.8389 | AF10: 10 | AG10: 28.9456 | AH10: 28.7115 | AI10: 25.8463 | AJ10: 26.1202 | AK10: 10 | AL10: 29.9534 | AM10: 35.1242 | AN10: 10 | AO10: 31.5573 | AP10: 30.7284 | AQ10: 27.5173 | AR10: 25.5508 | AS10: 23.8727 | AT10: 20.9277 | AU10: 30.5424 | AV10: 27.1733 | AW10: 27.461 | AX10: 26.3766 | AY10: 26.9353 | AZ10: 11.3021 | BA10: 30.0724 | BB10: 25.0813 | BC10: 32.3268 | BD10: 32.9951 | BE10: 26.59 | BF10: 28.8967 | BG10: 10 | BH10: 18.1177 | BI10: 27.0445 | BJ10: 25.058 | BK10: 35.203 | BL10: 20.2847 | BM10: 10 | BN10: 25.637 | BO10: 16.4206 | BP10: 26.2202 | BQ10: 22.0783 | BR10: 34.3211 | BS10: 23.5216 | BT10: 34.3049 | BU10: 30.6025 | BV10: 31.0572 | BW10: 31.4071 | BX10: 30.4012 | BY10: 25.482 | BZ10: 32.731 | CA10: 25.5852 | CB10: 10.1734 | CC10: 34.823 | CD10: 28.1715 | CE10: 32.3563 | CF10: 27.6604 | CG10: 18.8053 | CH10: 16.736 | CI10: 26.0761 | CJ10: 29.2638 | CK10: 10 | CL10: 31.0859 | CM10: 24.4438 | CN10: 10 | CO10: 27.8265 | CP10: 10 | CQ10: 28.904 | CR10: 22.7799 | CS10: 26.4238 | CT10: 28.8897 | CU10: 35.2246 | CV10: 29.0866 | CW10: 25.1816 | CX10: 34.4214 | CY10: 27.7007 | CZ10: 25.3348 | DA10: 29.1599 | DB10: 33.1939 | DC10: 10.8736 | DD10: 18.2396 | DE10: 27.3772 | DF10: 19.9314 | DG10: 10 | DH10: 19.9374 | DI10: 33.0833 | DJ10: 28.9754 | DK10: 22.1009 | DL10: 26.9633 | DM10: 21.7101 | DN10: 32.1748 | DO10: 26.6986 | DP10: 29.7707 | DQ10: 26.8333 | DR10: 22.5086 | DS10: 29.6391 | DT10: 27.44 | DU10: 25.8602 | DV10: 27.6619 | DW10: 20.2803 | DX10: 32.1141 | DY10: 24.8798 | DZ10: 18.7985 | EA10: 27.9217 | EB10: 35.4253 | EC10: 25.4809 | ED10: 30.9333 | EE10: 28.6687 | EF10: 30.0849 | EG10: 22.8278 | EH10: 10 | EI10: 19.8127 | EJ10: 29.4814 | EK10: 27.0305 | EL10: 26.5377 | EM10: 26.3751 | EN10: 28.5228 | EO10: 29.3177 | EP10: 33.3223 | EQ10: 33.9417 | ER10: 30.0179 | ES10: 28.4145 | ET10: 20.9504 | EU10: 23.4946 | EV10: 28.7267 | EW10: 26.004 | EX10: 22.6942 | EY10: 29.8638 | EZ10: 14.4103 | FA10: 25.0387 | FB10: 10 | FC10: 25.0452 | FD10: 29.2051 | FE10: 33.7596 | FF10: 34.3859 | FG10: 31.3889 | FH10: 33.0678 | FI10: 16.4096 | FJ10: 31.8373 | FK10: 25.4245 | FL10: 24.0553 | FM10: 28.726 | FN10: 28.1553 | FO10: 32.5768 | FP10: 28.8864 | FQ10: 23.0105 | FR10: 30.0675 | FS10: 23.0529 | FT10: 26.2684 | FU10: 15.3726 | FV10: 19.5061 | FW10: 30.6025 | FX10: 21.029 | FY10: 15.8999 | FZ10: 26.3545 | GA10: 29.1645 | GB10: 27.4184 | GC10: 24.6043 | GD10: 27.7984 | GE10: 30.9657 | GF10: 20.9531 | GG10: 16.9949 | GH10: 28.1962 | GI10: 34.823 | GJ10: 28.0263 | GK10: 26.6056 | GL10: 18.9987 | GM10: 19.4165 | GN10: 30.2247 | GO10: 25.8503 | GP10: 24.0641 | GQ10: 29.7235 | GR10: 30.1003 | GS10: 22.8896 | GT10: 34.7064 | GU10: 30.2098 | GV10: 27.0741 | GW10: 21.3577 | GX10: 27.0355 | GY10: 27.9971 | GZ10: 29.9228 | HA10: 30.5161 | HB10: 25.8674 | HC10: 20.28 | HD10: 19.5364 | HE10: 10 | HF10: 26.5849 | HG10: 27.1278 | HH10: 35.1134 | HI10: 25.632061 | HJ10: 5485.2611
A11: 10 | B11: 4.5 | C11: 27.636 | D11: 10 | E11: 25.3527 | F11: 19.929 | G11: 31.1966 | H11: 31.764 | I11: 26.1057 | J11: 21.9926 | K11: 17.8638 | L11: 22.4557 | M11: 10 | N11: 30.0927 | O11: 32.1969 | P11: 34.9075 | Q11: 23.479 | R11: 30.8012 | S11: 25.8641 | T11: 20.9742 | U11: 28.4634 | V11: 21.8857 | W11: 27.8866 | X11: 21.6157 | Y11: 17.9518 | Z11: 18.5471 | AA11: 35.3888 | AB11: 33.5451 | AC11: 22.0113 | AD11: 27.9285 | AE11: 16.8105 | AF11: 10 | AG11: 29.0103 | AH11: 28.4769 | AI11: 25.7524 | AJ11: 25.6797 | AK11: 10 | AL11: 29.9375 | AM11: 35.1325 | AN11: 10.0874 | AO11: 30.2744 | AP11: 30.3476 | AQ11: 25.3427 | AR11: 22.1758 | AS11: 23.0089 | AT11: 19.0185 | AU11: 29.4048 | AV11: 26.7469 | AW11: 27.1887 | AX11: 24.1637 | AY11: 24.5632 | AZ11: 11.0647 | BA11: 29.1584 | BB11: 23.9064 | BC11: 27.3858 | BD11: 31.9397 | BE11: 23.2588 | BF11: 28.8306 | BG11: 10 | BH11: 15.7531 | BI11: 26.2154 | BJ11: 24.7328 | BK11: 34.9127 | BL11: 17.7748 | BM11: 10 | BN11: 22.9913 | BO11: 15.219 | BP11: 25.038 | BQ11: 19.8559 | BR11: 34.2299 | BS11: 22.6654 | BT11: 33.9797 | BU11: 29.0163 | BV11: 31.122 | BW11: 30.8349 | BX11: 30.3979 | BY11: 23.7896 | BZ11: 32.7277 | CA11: 22.7488 | CB11: 10 | CC11: 34.7946 | CD11: 25.5792 | CE11: 32.1691 | CF11: 26.1989 | CG11: 18.7142 | CH11: 12.9907 | CI11: 22.2746 | CJ11: 28.1762 | CK11: 10 | CL11: 29.5943 | CM11: 23.4624 | CN11: 10 | CO11: 23.2078 | CP11: 10 | CQ11: 28.7975 | CR11: 18.4006 | CS11: 24.821 | CT11: 27.3356 | CU11: 35.2441 | CV11: 28.676 | CW11: 22.8044 | CX11: 34.3428 | CY11: 26.5983 | CZ11: 25.2534 | DA11: 28.5522 | DB11: 32.9691 | DC11: 10.4112 | DD11: 15.0068 | DE11: 27.3739 | DF11: 19.4376 | DG11: 10 | DH11: 16.5952 | DI11: 33.0146 | DJ11: 28.2135 | DK11: 18.9528 | DL11: 25.6854 | DM11: 20.6153 | DN11: 32.0629 | DO11: 23.9775 | DP11: 29.6113 | DQ11: 25.9356 | DR11: 21.0483 | DS11: 29.4797 | DT11: 26.435 | DU11: 24.2544 | DV11: 27.0006 | DW11: 19.4402 | DX11: 31.9896 | DY11: 24.1279 | DZ11: 16.1551 | EA11: 27.1644 | EB11: 35.4675 | EC11: 25.3843 | ED11: 30.8143 | EE11: 28.5045 | EF11: 29.0623 | EG11: 21.6179 | EH11: 10 | EI11: 19.6031 | EJ11: 29.0549 | EK11: 25.5419 | EL11: 25.7661 | EM11: 22.7929 | EN11: 28.2702 | EO11: 29.4729 | EP11: 31.3271 | EQ11: 32.908 | ER11: 29.1032 | ES11: 26.3991 | ET11: 20.0214 | EU11: 21.0353 | EV11: 28.5673 | EW11: 25.2276 | EX11: 21.3345 | EY11: 28.0915 | EZ11: 12.4259 | FA11: 23.5608 | FB11: 10 | FC11: 22.953 | FD11: 29.0457 | FE11: 33.6809 | FF11: 34.0454 | FG11: 30.2573 | FH11: 32.9156 | FI11: 14.9107 | FJ11: 31.1445 | FK11: 20.6948 | FL11: 21.1937 | FM11: 27.0063 | FN11: 27.9834 | FO11: 32.2991 | FP11: 28.8247 | FQ11: 22.6203 | FR11: 29.7548 | FS11: 21.6785 | FT11: 25.9181 | FU11: 13.7867 | FV11: 18.5288 | FW11: 30.3427 | FX11: 17.2698 | FY11: 10 | FZ11: 24.7743 | GA11: 28.8769 | GB11: 26.2563 | GC11: 24.4351 | GD11: 26.1336 | GE11: 29.8188 | GF11: 18.5569 | GG11: 12.8298 | GH11: 26.1337 | GI11: 34.7946 | GJ11: 27.7611 | GK11: 25.8773 | GL11: 18.5829 | GM11: 18.8896 | GN11: 28.2273 | GO11: 24.4248 | GP11: 21.8182 | GQ11: 28.9283 | GR11: 30.0593 | GS11: 21.9175 | GT11: 34.4314 | GU11: 28.4143 | GV11: 25.1196 | GW11: 19.9377 | GX11: 24.7271 | GY11: 27.7624 | GZ11: 30.0215 | HA11: 30.3944 | HB11: 25.6202 | HC11: 19.952 | HD11: 17.286 | HE11: 10 | HF11: 25.8325 | HG11: 27.2151 | HH11: 34.9666 | HI11: 24.553457 | HJ11: 5254.4399
A12: 11 | B12: 5 | C12: 26.5048 | D12: 10 | E12: 24.3717 | F12: 20.577 | G12: 31.9679 | H12: 32.3311 | I12: 26.7409 | J12: 22.429 | K12: 15.9931 | L12: 22.9031 | M12: 10.2552 | N12: 31.5319 | O12: 32.606 | P12: 36.9582 | Q12: 22.6932 | R12: 30.9767 | S12: 27.4791 | T12: 21.1627 | U12: 29.5178 | V12: 21.7012 | W12: 28.941 | X12: 22.4398 | Y12: 19.3458 | Z12: 19.1302 | AA12: 37.1676 | AB12: 33.9767 | AC12: 23.0318 | AD12: 28.6433 | AE12: 16.2618 | AF12: 10.8305 | AG12: 31.1401 | AH12: 29.8145 | AI12: 27.1439 | AJ12: 26.0744 | AK12: 10 | AL12: 31.9882 | AM12: 37.2057 | AN12: 11.7229 | AO12: 31.295 | AP12: 29.9949 | AQ12: 27.3821 | AR12: 22.9365 | AS12: 23.4475 | AT12: 18.5418 | AU12: 31.082 | AV12: 27.5175 | AW12: 27.495 | AX12: 24.6617 | AY12: 24.1234 | AZ12: 10 | BA12: 30.1426 | BB12: 23.4446 | BC12: 23.4642 | BD12: 33.6621 | BE12: 25.3434 | BF12: 29.1485 | BG12: 10.0751 | BH12: 16.0535 | BI12: 26.7673 | BJ12: 25.7307 | BK12: 35.6839 | BL12: 16.1372 | BM12: 10 | BN12: 23.2832 | BO12: 13.7282 | BP12: 25.1265 | BQ12: 19.9816 | BR12: 36.2128 | BS12: 22.5438 | BT12: 34.9776 | BU12: 29.3801 | BV12: 33.2517 | BW12: 30.948 | BX12: 31.3683 | BY12: 22.266 | BZ12: 34.7897 | CA12: 23.1052 | CB12: 11.3601 | CC12: 36.834 | CD12: 26.3278 | CE12: 32.7474 | CF12: 26.23 | CG12: 20.4772 | CH12: 13.5103 | CI12: 23.7061 | CJ12: 27.4096 | CK12: 10.0226 | CL12: 30.9544 | CM12: 23.2953 | CN12: 11.0303 | CO12: 21.2543 | CP12: 11.3714 | CQ12: 28.7274 | CR12: 18.5778 | CS12: 26.5806 | CT12: 29.375 | CU12: 37.3287 | CV12: 28.2551 | CW12: 21.8322 | CX12: 36.3371 | CY12: 27.7452 | CZ12: 25.0328 | DA12: 28.6126 | DB12: 33.196 | DC12: 11.1855 | DD12: 15.499 | DE12: 28.3402 | DF12: 18.3188 | DG12: 10 | DH12: 16.6257 | DI12: 33.8435 | DJ12: 29.2451 | DK12: 18.9826 | DL12: 24.898 | DM12: 20.0859 | DN12: 32.0772 | DO12: 23.5872 | DP12: 30.0771 | DQ12: 27.7111 | DR12: 20.2915 | DS12: 29.2498 | DT12: 26.478 | DU12: 23.7182 | DV12: 27.2564 | DW12: 19.7782 | DX12: 33.1682 | DY12: 25.0921 | DZ12: 15.2276 | EA12: 27.76 | EB12: 37.5747 | EC12: 24.2228 | ED12: 32.0496 | EE12: 25.7774 | EF12: 30.0598 | EG12: 22.6069 | EH12: 11.2602 | EI12: 19.3033 | EJ12: 30.8112 | EK12: 25.4064 | EL12: 26.1503 | EM12: 22.9504 | EN12: 28.0397 | EO12: 30.0803 | EP12: 32.0757 | EQ12: 33.43 | ER12: 31.2668 | ES12: 27.0913 | ET12: 21.3686 | EU12: 20.5527 | EV12: 26.6724 | EW12: 27.2002 | EX12: 22.267 | EY12: 28.8703 | EZ12: 13.5779 | FA12: 23.7886 | FB12: 10 | FC12: 22.6329 | FD12: 30.4511 | FE12: 35.6752 | FF12: 34.7715 | FG12: 32.2402 | FH12: 33.8111 | FI12: 16.9727 | FJ12: 32.0697 | FK12: 20.0253 | FL12: 21.2716 | FM12: 26.3976 | FN12: 29.3774 | FO12: 33.0816 | FP12: 30.0598 | FQ12: 22.7102 | FR12: 30.7641 | FS12: 22.4069 | FT12: 26.8934 | FU12: 14.0331 | FV12: 16.2585 | FW12: 31.6577 | FX12: 18.2895 | FY12: 10.4316 | FZ12: 25.617 | GA12: 29.0183 | GB12: 26.698 | GC12: 26.0897 | GD12: 27.3236 | GE12: 31.7679 | GF12: 17.7558 | GG12: 11.294 | GH12: 27.0362 | GI12: 36.834 | GJ12: 28.5549 | GK12: 26.051 | GL12: 15.9196 | GM12: 16.703 | GN12: 30.3119 | GO12: 25.0749 | GP12: 23.1276 | GQ12: 29.2136 | GR12: 32.0875 | GS12: 20.6664 | GT12: 35.4745 | GU12: 28.8823 | GV12: 25.5869 | GW12: 21.7035 | GX12: 25.707 | GY12: 27.963 | GZ12: 30.3837 | HA12: 31.3084 | HB12: 24.9203 | HC12: 18.406 | HD12: 17.2566 | HE12: 10.1302 | HF12: 26.7825 | HG12: 29.0302 | HH12: 36.3832 | HI12: 25.042433 | HJ12: 5359.0806
A13: 12 | B13: 5.5 | C13: 29.174 | D13: 14.4119 | E13: 29.04 | F13: 22.7169 | G13: 34.0309 | H13: 33.8671 | I13: 29.0984 | J13: 23.4593 | K13: 15.5127 | L13: 26.6506 | M13: 13.5135 | N13: 33.3789 | O13: 33.9839 | P13: 41.5926 | Q13: 24.1389 | R13: 35.837 | S13: 30.9571 | T13: 20.6045 | U13: 32.187 | V13: 24.7486 | W13: 31.011 | X13: 22.7015 | Y13: 22.6776 | Z13: 22.4187 | AA13: 41.2072 | AB13: 35.3772 | AC13: 25.6671 | AD13: 29.0321 | AE13: 20.4264 | AF13: 14.712 | AG13: 35.8536 | AH13: 33.0898 | AI13: 29.0369 | AJ13: 29.9469 | AK13: 10 | AL13: 35.1315 | AM13: 41.8627 | AN13: 15.0808 | AO13: 33.9303 | AP13: 30.8337 | AQ13: 30.2817 | AR13: 25.0183 | AS13: 24.4247 | AT13: 23.1536 | AU13: 35.0199 | AV13: 31.7001 | AW13: 29.7392 | AX13: 26.4515 | AY13: 25.885 | AZ13: 11.4387 | BA13: 34.1596 | BB13: 24.2067 | BC13: 21.5413 | BD13: 37.2606 | BE13: 27.6413 | BF13: 33.7378 | BG13: 14.5832 | BH13: 19.9316 | BI13: 30.0087 | BJ13: 28.3434 | BK13: 37.747 | BL13: 17.4952 | BM13: 12.4434 | BN13: 24.2107 | BO13: 15.0609 | BP13: 23.8753 | BQ13: 24.3695 | BR13: 40.7795 | BS13: 23.2352 | BT13: 37.5903 | BU13: 29.5828 | BV13: 37.9652 | BW13: 32.4685 | BX13: 36.0139 | BY13: 22.9591 | BZ13: 39.4354 | CA13: 24.1226 | CB13: 14.2103 | CC13: 41.4571 | CD13: 28.3683 | CE13: 35.2124 | CF13: 28.2592 | CG13: 23.6458 | CH13: 16.7889 | CI13: 25.8788 | CJ13: 28.8214 | CK13: 13.2979 | CL13: 33.3149 | CM13: 24.4367 | CN13: 14.4916 | CO13: 20.0888 | CP13: 13.514 | CQ13: 32.6992 | CR13: 18.3818 | CS13: 30.5178 | CT13: 32.3198 | CU13: 41.997 | CV13: 32.9686 | CW13: 23.2327 | CX13: 40.915 | CY13: 29.4162 | CZ13: 28.0542 | DA13: 31.9444 | DB13: 35.8991 | DC13: 14.7492 | DD13: 14.3788 | DE13: 32.3215 | DF13: 17.8476 | DG13: 12.6597 | DH13: 21.0014 | DI13: 37.8492 | DJ13: 30.5455 | DK13: 21.532 | DL13: 26.8989 | DM13: 24.7203 | DN13: 34.4412 | DO13: 24.2365 | DP13: 33.4202 | DQ13: 30.9508 | DR13: 22.2756 | DS13: 32.5929 | DT13: 30.8232 | DU13: 19.2286 | DV13: 27.0851 | DW13: 24.4352 | DX13: 34.7967 | DY13: 27.9851 | DZ13: 12.8211 | EA13: 29.7921 | EB13: 42.2655 | EC13: 27.1192 | ED13: 34.7717 | EE13: 29.6828 | EF13: 33.4851 | EG13: 27.3656 | EH13: 15.8833 | EI13: 21.8505 | EJ13: 34.8282 | EK13: 26.38 | EL13: 30.1317 | EM13: 23.0193 | EN13: 29.2928 | EO13: 34.8073 | EP13: 33.91 | EQ13: 34.9208 | ER13: 34.7377 | ES13: 29.0753 | ET13: 24.7309 | EU13: 23.7216 | EV13: 28.387 | EW13: 30.1532 | EX13: 24.8685 | EY13: 30.877 | EZ13: 16.8545 | FA13: 24.478 | FB13: 10.9284 | FC13: 26.5006 | FD13: 31.3699 | FE13: 40.2531 | FF13: 36.7894 | FG13: 35.1394 | FH13: 35.9984 | FI13: 21.1266 | FJ13: 35.4241 | FK13: 23.3006 | FL13: 23.6415 | FM13: 28.0769 | FN13: 31.327 | FO13: 31.3534 | FP13: 32.9097 | FQ13: 26.0533 | FR13: 33.3881 | FS13: 21.2506 | FT13: 29.4835 | FU13: 14.7184 | FV13: 15.446 | FW13: 34.9104 | FX13: 22.3145 | FY13: 10.9281 | FZ13: 29.5856 | GA13: 30.9228 | GB13: 31.3776 | GC13: 28.809 | GD13: 29.4557 | GE13: 36.3006 | GF13: 17.9578 | GG13: 12.2654 | GH13: 29.7167 | GI13: 41.4571 | GJ13: 28.745 | GK13: 27.026 | GL13: 17.7307 | GM13: 17.3082 | GN13: 34.9802 | GO13: 29.6303 | GP13: 25.7197 | GQ13: 32.7148 | GR13: 36.6993 | GS13: 22.7271 | GT13: 38.1324 | GU13: 31.0812 | GV13: 28.3126 | GW13: 23.4453 | GX13: 28.6247 | GY13: 30.4512 | GZ13: 35.131 | HA13: 34.0435 | HB13: 26.7063 | HC13: 20.1723 | HD13: 21.6986 | HE13: 12.2629 | HF13: 30.8048 | HG13: 31.4937 | HH13: 39.7376 | HI13: 27.550279 | HJ13: 5895.7596
... A49: 48 | B49: 23.5 | C49: 49.7635 | D49: 72.8538 | E49: 74.2656 | F49: 59.3285 | G49: 10 | H49: 54.4445 | I49: 12.2871 | J49: 42.4104 | K49: 58.6079 | L49: 71.2289 | M49: 56.6329 | N49: 90.9578 | O49: 23.2579 | P49: 58.3616 | Q49: 84.2891 | R49: 30.4074 | S49: 87.0082 | T49: 72.7252 | U49: 41.9762 | V49: 10 | W49: 73.951 | X49: 36.4853 | Y49: 89.4146 | Z49: 10 | AA49: 49.441 | AB49: 65.0384 | AC49: 74.8742 | AD49: 15.9391 | AE49: 60.1609 | AF49: 10 | AG49: 74.2077 | AH49: 18.078 | AI49: 73.8114 | AJ49: 69.9487 | AK49: 38.4152 | AL49: 70.1662 | AM49: 61.0234 | AN49: 17.1001 | AO49: 75.3375 | AP49: 38.1122 | AQ49: 47.3884 | AR49: 84.8683 | AS49: 46.7039 | AT49: 77.0984 | AU49: 24.3788 | AV49: 26.8154 | AW49: 45.0843 | AX49: 46.3365 | AY49: 70.3339 | AZ49: 51.7914 | BA49: 62.5834 | BB49: 86.6309 | BC49: 10 | BD49: 21.9803 | BE49: 40.5167 | BF49: 20.7356 | BG49: 39.9539 | BH49: 79.8129 | BI49: 10 | BJ49: 88.1048 | BK49: 38.8804 | BL49: 21.0922 | BM49: 38.2928 | BN49: 32.3322 | BO49: 15.9711 | BP49: 45.9287 | BQ49: 33.8896 | BR49: 95.2411 | BS49: 72.3146 | BT49: 94.3101 | BU49: 13.2087 | BV49: 65.7317 | BW49: 28.1327 | BX49: 38.7445 | BY49: 22.228 | BZ49: 57.1616 | CA49: 10 | CB49: 61.7208 | CC49: 75.9836 | CD49: 40.4321 | CE49: 85.3805 | CF49: 28.6016 | CG49: 42.2803 | CH49: 37.2916 | CI49: 41.9042 | CJ49: 52.6877 | CK49: 13.3032 | CL49: 39.6149 | CM49: 85.8467 | CN49: 18.181 | CO49: 50.0747 | CP49: 37.7619 | CQ49: 46.2569 | CR49: 32.582 | CS49: 69.2273 | CT49: 91.9509 | CU49: 33.7687 | CV49: 41.2645 | CW49: 49.173 | CX49: 78.3175 | CY49: 35.9652 | CZ49: 10 | DA49: 17.3821 | DB49: 89.2376 | DC49: 85.4125 | DD49: 10 | DE49: 79.1003 | DF49: 10 | DG49: 24.9544 | DH49: 33.6331 | DI49: 31.7876 | DJ49: 41.9795 | DK49: 10 | DL49: 10 | DM49: 84.8125 | DN49: 47.5342 | DO49: 50.5507 | DP49: 88.2639 | DQ49: 35.0886 | DR49: 84.0264 | DS49: 90.964 | DT49: 70.8121 | DU49: 46.9122 | DV49: 88.4983 | DW49: 46.1899 | DX49: 54.0488 | DY49: 85.336 | DZ49: 10 | EA49: 89.8281 | EB49: 86.3972 | EC49: 29.85 | ED49: 62.7158 | EE49: 10 | EF49: 73.7648 | EG49: 10 | EH49: 44.7677 | EI49: 64.176 | EJ49: 14.838 | EK49: 65.8581 | EL49: 58.7701 | EM49: 58.4406 | EN49: 10 | EO49: 61.0133 | EP49: 90.6924 | EQ49: 16.9121 | ER49: 93.1797 | ES49: 87.1198 | ET49: 48.2966 | EU49: 41.5784 | EV49: 70.103 | EW49: 59.3752 | EX49: 40.0212 | EY49: 40.5661 | EZ49: 83.3825 | FA49: 75.3475 | FB49: 10 | FC49: 42.1838 | FD49: 52.0681 | FE49: 95.329 | FF49: 10 | FG49: 27.5131 | FH49: 53.49 | FI49: 43.9611 | FJ49: 55.7558 | FK49: 50.5723 | FL49: 10 | FM49: 86.6862 | FN49: 60.5638 | FO49: 70.212 | FP49: 31.0898 | FQ49: 86.8723 | FR49: 57.3269 | FS49: 82.8882 | FT49: 17.2098 | FU49: 57.9436 | FV49: 54.9636 | FW49: 10 | FX49: 39.3431 | FY49: 20.6037 | FZ49: 19.82 | GA49: 69.4492 | GB49: 22.8785 | GC49: 10 | GD49: 30.5323 | GE49: 51.1284 | GF49: 31.6507 | GG49: 89.6888 | GH49: 89.8941 | GI49: 42.0184 | GJ49: 45.9694 | GK49: 50.8125 | GL49: 35.526 | GM49: 63.849 | GN49: 80.3474 | GO49: 10 | GP49: 18.9219 | GQ49: 91.19 | GR49: 87.9797 | GS49: 12.6556 | GT49: 49.875 | GU49: 90.4412 | GV49: 74.7453 | GW49: 36.7257 | GX49: 46.5954 | GY49: 51.6169 | GZ49: 43.8311 | HA49: 58.0757 | HB49: 26.6165 | HC49: 86.4047 | HD49: 60.7474 | HE49: 10 | HF49: 10 | HG49: 88.6773 | HH49: 10 | HI49: 49.650557 | HJ49: 10625.219

Sheet Demand_kW
A1: period | B1: hour | C1: BES_TR5_one38_B | D1: BES_TR5_one195_C | E1: BES_TR5_one195_dup_C | F1: BES_TR5_one235_A | G1: BES_TR5_one235_dup_A | H1: BES_TR5_one242_dup_B | I1: BES_TR5_one252_C | J1: BES_TR5_one252_dup_C | K1: BES_TR5_one260_dup_C | L1: BES_TR5_one280_A | M1: BES_TR5_one287_B | N1: BES_TR5_one299_B | O1: BES_TR5_one299_dup_B | P1: BES_TR5_one313_A | Q1: BES_TR5_one313_dup_A | R1: BES_TR5_one42_B | S1: BES_TR5_one320_B | T1: BES_TR5_one321_C | U1: BES_TR5_one328_A | V1: BES_TR5_one345_dup_A | W1: BES_TR5_one346_C | X1: BES_TR5_one366_dup_B | Y1: BES_TR5_one375_C | Z1: BES_TR5_one375_dup_C | AA1: BES_TR5_one410_B | AB1: BES_TR5_one410_dup_B | AC1: BES_TR5_one50_A | AD1: BES_TR5_one416_C | AE1: BES_TR5_one416_dup_C | AF1: BES_TR5_one423_dup_B | AG1: BES_TR5_one446_dup_B | AH1: BES_TR5_one469_A | AI1: BES_TR5_one477_A | AJ1: BES_TR5_one477_dup_A | AK1: BES_TR5_one480_A | AL1: BES_TR5_one480_dup_A | AM1: BES_TR5_one521_dup_C | AN1: BES_TR5_one528_C | AO1: BES_TR5_one528_dup_C | AP1: BES_TR5_one61_dup_A | AQ1: BES_TR5_one544_A | AR1: BES_TR5_one544_dup_A | AS1: BES_TR5_one559_C | AT1: BES_TR5_one590_A | AU1: BES_TR5_one590_dup_A | AV1: BES_TR5_one605_A | AW1: BES_TR5_one605_dup_A | AX1: BES_TR5_one614_B | AY1: BES_TR5_one617_dup_A | AZ1: BES_TR5_one73_A | BA1: BES_TR5_one73_dup_A | BB1: BES_TR5_one76_A | BC1: BES_TR5_one133_A | BD1: BES_TR5_one137_A | BE1: BES_TR5_one176_A | BF1: BES_TR5_four1252_C | BG1: BES_TR5_four171_A | BH1: BES_TR5_four180_A | BI1: BES_TR5_four184_B | BJ1: BES_TR5_four200_A | BK1: BES_TR5_four239_A | BL1: BES_TR5_four259_B | BM1: BES_TR5_four54_C | BN1: BES_TR5_four279_B | BO1: BES_TR5_four288_B | BP1: BES_TR5_four301_C | BQ1: BES_TR5_four326_A | BR1: BES_TR5_four352_A | BS1: BES_TR5_four354_B | BT1: BES_TR5_four358_C | BU1: BES_TR5_four381_A | BV1: BES_TR5_four385_A | BW1: BES_TR5_four396_B | BX1: BES_TR5_four423_C | BY1: BES_TR5_four446_B | BZ1: BES_TR5_four451_C | CA1: BES_TR5_four532_A | CB1: BES_TR5_four548_B | CC1: BES_TR5_four553_B | CD1: BES_TR5_four562_C | CE1: BES_TR5_four70_B | CF1: BES_TR5_four659_B | CG1: BES_TR5_four675_C | CH1: BES_TR5_four704_B | CI1: BES_TR5_four710_C | CJ1: BES_TR5_four734_A | CK1: BES_TR5_four763_A | CL1: BES_TR5_four797_C | CM1: BES_TR5_four840_A | CN1: BES_TR5_four854_A | CO1: BES_TR5_four926_B | CP1: BES_TR5_four958_C | CQ1: BES_TR5_four1027_A | CR1: BES_TR5_four1063_C | CS1: BES_TR5_four1091_B | CT1: BES_TR5_four1103_C | CU1: BES_TR5_four1132_C | CV1: BES_TR5_four1140_A | CW1: BES_TR5_four126_A | CX1: BES_TR5_four1187_A | CY1: BES_TR5_four1207_B | CZ1: BES_TR5_four1216_C | DA1: BES_TR5_four1220_C | DB1: BES_TR5_four1226_A | DC1: BES_TR5_four1244_B | DD1: BES_TR5_five58_dup_C | DE1: BES_TR5_five147_dup_C | DF1: BES_TR5_five149_A | DG1: BES_TR5_five149_dup_A | DH1: BES_TR5_five160_C | DI1: BES_TR5_five160_dup_C | DJ1: BES_TR5_five168_A | DK1: BES_TR5_five170_A | DL1: BES_TR5_five177_A | DM1: BES_TR5_five194_C | DN1: BES_TR5_five194_dup_C | DO1: BES_TR5_five220_C | DP1: BES_TR5_five220_dup_C | DQ1: BES_TR5_five223_dup_A | DR1: BES_TR5_five242_dup_A | DS1: BES_TR5_five243_dup_B | DT1: BES_TR5_five284_C | DU1: BES_TR5_five284_dup_C | DV1: BES_TR5_five285_B | DW1: BES_TR5_five309_C | DX1: BES_TR5_five324_B | DY1: BES_TR5_five345_A | DZ1: BES_TR5_five355_A | EA1: BES_TR5_five78_dup_A | EB1: BES_TR5_five394_C | EC1: BES_TR5_five421_A | ED1: BES_TR5_five421_dup_A | EE1: BES_TR5_five457_B | EF1: BES_TR5_five457_dup_B | EG1: BES_TR5_five466_A | EH1: BES_TR5_five472_dup_A | EI1: BES_TR5_five488_B | EJ1: BES_TR5_five488_dup_B | EK1: BES_TR5_five494_dup_B | EL1: BES_TR5_five512_A | EM1: BES_TR5_five513_dup_B | EN1: BES_TR5_five537_C | EO1: BES_TR5_five537_dup_C | EP1: BES_TR5_five540_A | EQ1: BES_TR5_five545_dup_B | ER1: BES_TR5_five585_dup_A | ES1: BES_TR5_five588_dup_A | ET1: BES_TR5_five108_B | EU1: BES_TR5_five108_dup_B | EV1: BES_TR5_five663_C | EW1: BES_TR5_five663_dup_C | EX1: BES_TR5_five670_C | EY1: BES_TR5_five670_dup_C | EZ1: BES_TR5_five685_dup_B | FA1: BES_TR5_five695_dup_A | FB1: BES_TR5_five704_dup_A | FC1: BES_TR5_five719_A | FD1: BES_TR5_five719_dup_A | FE1: BES_TR5_five735_A | FF1: BES_TR5_five748_dup_B | FG1: BES_TR5_five117_dup_B | FH1: BES_TR5_five750_B | FI1: BES_TR5_five750_dup_B | FJ1: BES_TR5_five778_dup_B | FK1: BES_TR5_five793_A | FL1: BES_TR5_five793_dup_A | FM1: BES_TR5_five799_dup_C | FN1: BES_TR5_five801_dup_C | FO1: BES_TR5_five118_B | FP1: BES_TR5_six64_A | FQ1: BES_TR5_six173_C | FR1: BES_TR5_six186_A | FS1: BES_TR5_six203_A | FT1: BES_TR5_six238_A | FU1: BES_TR5_six249_B | FV1: BES_TR5_six254_B | FW1: BES_TR5_six68_C | FX1: BES_TR5_six317_C | FY1: BES_TR5_six326_A | FZ1: BES_TR5_six342_A | GA1: BES_TR5_six350_B | GB1: BES_TR5_six75_A | GC1: BES_TR5_six385_B | GD1: BES_TR5_six387_A | GE1: BES_TR5_six392_C | GF1: BES_TR5_six431_C | GG1: BES_TR5_six441_A | GH1: BES_TR5_six512_B | GI1: BES_TR5_six518_B | GJ1: BES_TR5_six523_C | GK1: BES_TR5_six534_B | GL1: BES_TR5_six591_C | GM1: BES_TR5_six595_B | GN1: BES_TR5_six643_A | GO1: BES_TR5_six646_B | GP1: BES_TR5_six651_C | GQ1: BES_TR5_six87_A | GR1: BES_TR5_six665_B | GS1: BES_TR5_six718_C | GT1: BES_TR5_six721_A | GU1: BES_TR5_six723_B | GV1: BES_TR5_six740_A | GW1: BES_TR5_six799_B | GX1: BES_TR5_six807_A | GY1: BES_TR5_six852_B | GZ1: BES_TR5_six860_C | HA1: BES_TR5_six885_A | HB1: BES_TR5_six909_C | HC1: BES_TR5_six921_B | HD1: BES_TR5_six929_A | HE1: BES_TR5_six952_A | HF1: BES_TR5_six967_B | HG1: BES_TR5_six111_C | HH1: BES_TR5_six1006_C | HI1: fleet_average | HJ1: fleet_total
A2: 1 | B2: 0 | C2: 0.23550933 | D2: 0.75801467 | E2: 0.17058 | F2: 0.28994133 | G2: 0.122034 | H2: 0.380275 | I2: 0.056 | J2: 0.16219467 | K2: 0.049 | L2: 0.27873867 | M2: 0.69988 | N2: 0.16214667 | O2: 0.155773 | P2: 0.051 | Q2: 0.192727 | R2: 0.04525 | S2: 0.14517967 | T2: 0.16684 | U2: 0.096054 | V2: 0.732798 | W2: 0.18464 | X2: 0.38886867 | Y2: 0.051 | Z2: 0.082752 | AA2: 0.046 | AB2: 0.14233333 | AC2: 0.604105 | AD2: 0.114389 | AE2: 0.084481333 | AF2: 2.0270787 | AG2: 0.34706667 | AH2: 0.51016667 | AI2: 0.152841 | AJ2: 0.13038967 | AK2: 0.591549 | AL2: 0.051 | AM2: 0.049 | AN2: 0.68414233 | AO2: 0.133318 | AP2: 0.049 | AQ2: 0.261164 | AR2: 0.130241 | AS2: 0.12154 | AT2: 0.082776 | AU2: 0.13912167 | AV2: 0.190574 | AW2: 0.059 | AX2: 0.39656467 | AY2: 0.065442667 | AZ2: 0.79908633 | BA2: 0.048 | BB2: 0.25796567 | BC2: 0.051 | BD2: 0.10208 | BE2: 0.14779433 | BF2: 0.055 | BG2: 0.93899767 | BH2: 0.532555 | BI2: 0.059 | BJ2: 0.79389333 | BK2: 0.048 | BL2: 0.23338433 | BM2: 2.9335367 | BN2: 0.24898733 | BO2: 0.462084 | BP2: 0.30009467 | BQ2: 0.24598467 | BR2: 0.057 | BS2: 0.150636 | BT2: 0.057 | BU2: 0.15506 | BV2: 0.10468333 | BW2: 0.05 | BX2: 0.05 | BY2: 0.05 | BZ2: 0.05 | CA2: 0.10963067 | CB2: 1.058745 | CC2: 0.052 | CD2: 0.23144867 | CE2: 0.14481833 | CF2: 0.051 | CG2: 0.863698 | CH2: 0.33297767 | CI2: 0.041 | CJ2: 0.048 | CK2: 0.588528 | CL2: 0.054 | CM2: 0.15471333 | CN2: 1.340528 | CO2: 0.166277 | CP2: 0.37647333 | CQ2: 0.20908733 | CR2: 0.250236 | CS2: 0.048 | CT2: 0.173584 | CU2: 0.048 | CV2: 0.044 | CW2: 0.23799 | CX2: 0.056 | CY2: 0.14578267 | CZ2: 0.13439367 | DA2: 0.051 | DB2: 0.049 | DC2: 0.244356 | DD2: 0.19788733 | DE2: 0.202004 | DF2: 0.275196 | DG2: 0.44088167 | DH2: 0.201129 | DI2: 0.049 | DJ2: 0.083085 | DK2: 0.25720433 | DL2: 0.11168967 | DM2: 0.17796 | DN2: 0.059516 | DO2: 0.098023 | DP2: 0.059243333 | DQ2: 0.054892 | DR2: 0.15025 | DS2: 0.19275067 | DT2: 0.106174 | DU2: 0.16801667 | DV2: 0.20021867 | DW2: 0.1152933 | DX2: 0.041 | DY2: 0.410441 | DZ2: 0.21248333 | EA2: 0.14552467 | EB2: 0.046 | EC2: 0.074497333 | ED2: 0.10097333 | EE2: 0.10371333 | EF2: 0.056 | EG2: 0.235582 | EH2: 0.964663 | EI2: 0.32485 | EJ2: 0.048 | EK2: 0.060706 | EL2: 0.17921067 | EM2: 0.048 | EN2: 0.20936933 | EO2: 0.036 | EP2: 0.05 | EQ2: 0.113036 | ER2: 0.179138 | ES2: 0.055 | ET2: 0.68658667 | EU2: 0.23366 | EV2: 0.075048 | EW2: 0.121158 | EX2: 0.74052 | EY2: 0.165467 | EZ2: 0.098262 | FA2: 0.16348833 | FB2: 0.838974 | FC2: 0.18663167 | FD2: 0.33816867 | FE2: 0.10874607 | FF2: 0.052 | FG2: 0.057 | FH2: 0.29515047 | FI2: 0.64393233 | FJ2: 0.12635467 | FK2: 0.234332 | FL2: 0.324627 | FM2: 0.081884 | FN2: 0.051 | FO2: 0.047 | FP2: 0.044844 | FQ2: 0.22124773 | FR2: 0.191535 | FS2: 0.152935 | FT2: 0.059 | FU2: 0.23911167 | FV2: 0.331777 | FW2: 0.058 | FX2: 0.087616 | FY2: 0.452902 | FZ2: 0.057991 | GA2: 0.152555 | GB2: 0.047 | GC2: 0.50430233 | GD2: 0.04 | GE2: 0.06 | GF2: 0.24279467 | GG2: 0.48913267 | GH2: 0.26802467 | GI2: 0.052 | GJ2: 0.12223867 | GK2: 0.18777333 | GL2: 0.168814 | GM2: 0.043 | GN2: 0.10163633 | GO2: 0.19844667 | GP2: 0.107688 | GQ2: 0.036 | GR2: 0.053 | GS2: 0.15567567 | GT2: 0.053 | GU2: 0.047 | GV2: 0.135634 | GW2: 0.12989733 | GX2: 0.124197 | GY2: 0.056 | GZ2: 0.041 | HA2: 0.119338 | HB2: 0.25446933 | HC2: 0.158075 | HD2: 0.14989433 | HE2: 0.965936 | HF2: 0.058 | HG2: 0.090495667 | HH2: 0.049 | HI2: 0.22911749 | HJ2: 49.031144
A3: 2 | B3: 0.5 | C3: 0.052 | D3: 0.62764767 | E3: 0.18817133 | F3: 0.06017 | G3: 0.048 | H3: 0.037 | I3: 0.29110467 | J3: 0.19462133 | K3: 0.400126 | L3: 0.11999 | M3: 0.598312 | N3: 0.06732 | O3: 0.10233333 | P3: 0.051 | Q3: 0.137359 | R3: 0.08483 | S3: 0.041 | T3: 0.28961133 | U3: 0.16947733 | V3: 0.055 | W3: 0.052 | X3: 0.036 | Y3: 0.42642133 | Z3: 0.300486 | AA3: 0.046 | AB3: 0.049 | AC3: 0.47766667 | AD3: 0.053 | AE3: 0.198166 | AF3: 1.257365 | AG3: 0.27331 | AH3: 0.056 | AI3: 0.190137 | AJ3: 0.096034 | AK3: 0.37447767 | AL3: 0.183022 | AM3: 0.049 | AN3: 0.042 | AO3: 0.055 | AP3: 0.123604 | AQ3: 0.088728 | AR3: 0.23480233 | AS3: 0.34305267 | AT3: 0.244682 | AU3: 0.069845 | AV3: 0.15692533 | AW3: 0.059 | AX3: 0.048 | AY3: 0.091599667 | AZ3: 0.31815333 | BA3: 0.097714667 | BB3: 0.058309333 | BC3: 0.10743 | BD3: 0.07654 | BE3: 0.10189833 | BF3: 0.170464 | BG3: 0.803165 | BH3: 0.462594 | BI3: 0.11447 | BJ3: 0.057 | BK3: 0.048 | BL3: 0.31408367 | BM3: 1.6400563 | BN3: 0.076124 | BO3: 0.53257533 | BP3: 0.052 | BQ3: 0.14342733 | BR3: 0.057 | BS3: 0.23621933 | BT3: 0.057 | BU3: 0.055 | BV3: 0.10468333 | BW3: 0.131856 | BX3: 0.132848 | BY3: 0.221556 | BZ3: 0.141356 | CA3: 0.18940533 | CB3: 0.81832267 | CC3: 0.052 | CD3: 0.05 | CE3: 0.046 | CF3: 0.126375 | CG3: 0.102888 | CH3: 0.10968033 | CI3: 0.213348 | CJ3: 0.12681133 | CK3: 0.57913333 | CL3: 0.054 | CM3: 0.157825 | CN3: 1.1761363 | CO3: 0.15050233 | CP3: 0.91012667 | CQ3: 0.052 | CR3: 0.081206667 | CS3: 0.048 | CT3: 0.079018667 | CU3: 0.048 | CV3: 0.044 | CW3: 0.164696 | CX3: 0.056 | CY3: 0.13958 | CZ3: 0.194121 | DA3: 0.099622 | DB3: 0.049 | DC3: 0.339592 | DD3: 0.22966 | DE3: 0.063859333 | DF3: 0.058 | DG3: 0.643309 | DH3: 0.20922867 | DI3: 0.130102 | DJ3: 0.075955 | DK3: 0.13383567 | DL3: 0.19454667 | DM3: 0.20055 | DN3: 0.04 | DO3: 0.043 | DP3: 0.12394667 | DQ3: 0.11505467 | DR3: 0.17659333 | DS3: 0.05 | DT3: 0.16923 | DU3: 0.153412 | DV3: 0.051 | DW3: 0.444332 | DX3: 0.192294 | DY3: 0.17691033 | DZ3: 0.105472 | EA3: 0.12474167 | EB3: 0.046 | EC3: 0.267142 | ED3: 0.1558 | EE3: 0.1651 | EF3: 0.213782 | EG3: 0.17856667 | EH3: 0.91738233 | EI3: 0.481443 | EJ3: 0.06275 | EK3: 0.13400067 | EL3: 0.11968967 | EM3: 0.048 | EN3: 0.076233333 | EO3: 0.18559267 | EP3: 0.18387 | EQ3: 0.041 | ER3: 0.041 | ES3: 0.167803 | ET3: 0.075921 | EU3: 0.052355667 | EV3: 0.150192 | EW3: 0.051 | EX3: 0.12027867 | EY3: 0.049 | EZ3: 0.505124 | FA3: 0.081408 | FB3: 0.96466 | FC3: 0.17185233 | FD3: 0.22466667 | FE3: 0.056 | FF3: 0.052 | FG3: 0.057 | FH3: 0.037 | FI3: 0.54974333 | FJ3: 0.058669333 | FK3: 0.10997 | FL3: 0.051 | FM3: 0.182978 | FN3: 0.165226 | FO3: 0.063094667 | FP3: 0.547363 | FQ3: 0.35308033 | FR3: 0.123405 | FS3: 0.26758267 | FT3: 0.059 | FU3: 0.28635967 | FV3: 0.18104233 | FW3: 0.153826 | FX3: 0.24835467 | FY3: 0.721129 | FZ3: 0.21538433 | GA3: 0.099992333 | GB3: 0.11291 | GC3: 0.25541233 | GD3: 0.04 | GE3: 0.06 | GF3: 0.16556633 | GG3: 0.562484 | GH3: 0.051 | GI3: 0.052 | GJ3: 0.0988 | GK3: 0.093387333 | GL3: 0.058 | GM3: 0.19983667 | GN3: 0.048 | GO3: 0.1035 | GP3: 0.217944 | GQ3: 0.157255 | GR3: 0.17578467 | GS3: 0.268509 | GT3: 0.053 | GU3: 0.101492 | GV3: 0.118198 | GW3: 0.248694 | GX3: 0.11137 | GY3: 0.226368 | GZ3: 0.2005 | HA3: 0.047 | HB3: 0.057 | HC3: 0.120775 | HD3: 0.25234233 | HE3: 0.709054 | HF3: 0.14986533 | HG3: 0.22458367 | HH3: 0.049 | HI3: 0.19497567 | HJ3: 41.724792
A4: 3 | B4: 1 | C4: 0.16043733 | D4: 0.77690033 | E4: 0.115419 | F4: 0.361418 | G4: 0.122034 | H4: 0.037 | I4: 0.056 | J4: 0.056 | K4: 0.09767 | L4: 0.16590667 | M4: 0.701821 | N4: 0.12150667 | O4: 0.077666667 | P4: 0.051 | Q4: 0.045 | R4: 0.16795 | S4: 0.21618667 | T4: 0.12611 | U4: 0.052 | V4: 0.055 | W4: 0.138216 | X4: 0.065767333 | Y4: 0.40196 | Z4: 0.120266 | AA4: 0.046 | AB4: 0.049 | AC4: 0.055 | AD4: 0.155315 | AE4: 0.12866667 | AF4: 0.61036667 | AG4: 0.044 | AH4: 0.056 | AI4: 0.051 | AJ4: 0.16609067 | AK4: 0.448391 | AL4: 0.051 | AM4: 0.049 | AN4: 0.17546687 | AO4: 0.072404 | AP4: 0.090446667 | AQ4: 0.084137 | AR4: 0.110512 | AS4: 0.049 | AT4: 0.197984 | AU4: 0.055 | AV4: 0.041 | AW4: 0.23560867 | AX4: 0.225408 | AY4: 0.27363967 | AZ4: 0.26316667 | BA4: 0.13500067 | BB4: 0.236206 | BC4: 0.09717 | BD4: 0.051 | BE4: 0.23549833 | BF4: 0.08896 | BG4: 0.7648 | BH4: 0.093272333 | BI4: 0.26953 | BJ4: 0.057 | BK4: 0.048 | BL4: 0.06 | BM4: 0.14104433 | BN4: 0.21417467 | BO4: 0.21597033 | BP4: 0.052 | BQ4: 0.056 | BR4: 0.057 | BS4: 0.068778 | BT4: 0.057 | BU4: 0.055 | BV4: 0.044 | BW4: 0.070464 | BX4: 0.092094667 | BY4: 0.17178667 | BZ4: 0.05 | CA4: 0.055 | CB4: 0.054 | CC4: 0.052 | CD4: 0.05 | CE4: 0.046 | CF4: 0.21893833 | CG4: 0.17730933 | CH4: 0.12996067 | CI4: 0.17457333 | CJ4: 0.12681133 | CK4: 0.75087667 | CL4: 0.060385333 | CM4: 0.16007833 | CN4: 0.71658033 | CO4: 0.063774667 | CP4: 2.6996 | CQ4: 0.052 | CR4: 0.057 | CS4: 0.199046 | CT4: 0.072264 | CU4: 0.048 | CV4: 0.044 | CW4: 0.133075 | CX4: 0.056 | CY4: 0.14578267 | CZ4: 0.078717333 | DA4: 0.15519 | DB4: 0.125266 | DC4: 0.33515767 | DD4: 0.25230533 | DE4: 0.18859333 | DF4: 0.324147 | DG4: 0.664704 | DH4: 0.05 | DI4: 0.049 | DJ4: 0.090215 | DK4: 0.22749067 | DL4: 0.059 | DM4: 0.090581333 | DN4: 0.04 | DO4: 0.29217567 | DP4: 0.05 | DQ4: 0.19593733 | DR4: 0.212689 | DS4: 0.05 | DT4: 0.134184 | DU4: 0.258024 | DV4: 0.10526133 | DW4: 0.357706 | DX4: 0.041 | DY4: 0.088738333 | DZ4: 0.34443367 | EA4: 0.14474933 | EB4: 0.046 | EC4: 0.059900667 | ED4: 0.053 | EE4: 0.05 | EF4: 0.070796 | EG4: 0.28005467 | EH4: 0.40808733 | EI4: 0.11343967 | EJ4: 0.1955 | EK4: 0.225576 | EL4: 0.087063667 | EM4: 0.298693 | EN4: 0.077003333 | EO4: 0.036 | EP4: 0.05 | EQ4: 0.041 | ER4: 0.147743 | ES4: 0.060937 | ET4: 0.086053333 | EU4: 0.24838033 | EV4: 0.05 | EW4: 0.18352067 | EX4: 0.058 | EY4: 0.18602 | EZ4: 0.34988 | FA4: 0.27497667 | FB4: 0.29703467 | FC4: 0.14122067 | FD4: 0.05 | FE4: 0.056 | FF4: 0.052 | FG4: 0.16252733 | FH4: 0.037 | FI4: 0.12500533 | FJ4: 0.092512 | FK4: 0.17608733 | FL4: 0.072959 | FM4: 0.053 | FN4: 0.116272 | FO4: 0.10333133 | FP4: 0.036 | FQ4: 0.05 | FR4: 0.056 | FS4: 0.083529333 | FT4: 0.24747667 | FU4: 0.362324 | FV4: 0.11559133 | FW4: 0.058 | FX4: 0.21562667 | FY4: 0.049 | FZ4: 0.139888 | GA4: 0.054 | GB4: 0.22289667 | GC4: 0.073721 | GD4: 0.279506 | GE4: 0.076226 | GF4: 0.117864 | GG4: 0.22107467 | GH4: 0.065444667 | GI4: 0.052 | GJ4: 0.0724 | GK4: 0.07891 | GL4: 0.42483933 | GM4: 0.18105 | GN4: 0.048 | GO4: 0.10844467 | GP4: 0.15120667 | GQ4: 0.092585667 | GR4: 0.053 | GS4: 0.047 | GT4: 0.053 | GU4: 0.14268333 | GV4: 0.10043 | GW4: 0.049 | GX4: 0.22822733 | GY4: 0.056 | GZ4: 0.041 | HA4: 0.15034 | HB4: 0.22868267 | HC4: 0.083561667 | HD4: 0.12978867 | HE4: 0.732674 | HF4: 0.168968 | HG4: 0.042 | HH4: 0.049 | HI4: 0.16011424 | HJ4: 34.264448
A5: 4 | B5: 1.5 | C5: 0.127072 | D5: 0.231162 | E5: 0.115419 | F5: 0.039 | G5: 0.048 | H5: 0.037 | I5: 0.056 | J5: 0.26184533 | K5: 0.16184 | L5: 0.21895867 | M5: 0.35111367 | N5: 0.10796 | O5: 0.051 | P5: 0.051 | Q5: 0.19494433 | R5: 0.031 | S5: 0.11750633 | T5: 0.17476133 | U5: 0.052 | V5: 0.21031267 | W5: 0.098424 | X5: 0.280266 | Y5: 0.34695633 | Z5: 0.18605467 | AA5: 0.046 | AB5: 0.049 | AC5: 0.055 | AD5: 0.100747 | AE5: 0.061583333 | AF5: 0.06 | AG5: 0.044 | AH5: 0.056 | AI5: 0.24760467 | AJ5: 0.080982667 | AK5: 0.20698 | AL5: 0.051 | AM5: 0.049 | AN5: 1.14653 | AO5: 0.115914 | AP5: 0.049 | AQ5: 0.102501 | AR5: 0.150195 | AS5: 0.085582 | AT5: 0.237372 | AU5: 0.129225 | AV5: 0.25705733 | AW5: 0.059 | AX5: 0.048 | AY5: 0.045 | AZ5: 0.20097633 | BA5: 0.060428667 | BB5: 0.080067667 | BC5: 0.07665 | BD5: 0.051 | BE5: 0.095271 | BF5: 0.129712 | BG5: 0.76803367 | BH5: 0.23478433 | BI5: 0.074506 | BJ5: 0.057 | BK5: 0.048 | BL5: 0.25586833 | BM5: 0.049 | BN5: 0.11668467 | BO5: 0.17574773 | BP5: 0.19188733 | BQ5: 0.37126033 | BR5: 0.057 | BS5: 0.16707533 | BT5: 0.057 | BU5: 0.15506 | BV5: 0.13778333 | BW5: 0.05 | BX5: 0.10012 | BY5: 0.05 | BZ5: 0.05 | CA5: 0.16883 | CB5: 0.068868 | CC5: 0.052 | CD5: 0.23144867 | CE5: 0.046 | CF5: 0.051 | CG5: 0.057 | CH5: 0.20782867 | CI5: 0.111506 | CJ5: 0.055164667 | CK5: 0.67540333 | CL5: 0.17532133 | CM5: 0.09602 | CN5: 0.22041733 | CO5: 0.10321133 | CP5: 2.552 | CQ5: 0.14482433 | CR5: 0.38041333 | CS5: 0.055192667 | CT5: 0.18033867 | CU5: 0.048 | CV5: 0.17014533 | CW5: 0.159665 | CX5: 0.056 | CY5: 0.12515 | CZ5: 0.19182833 | DA5: 0.051 | DB5: 0.049 | DC5: 0.21056233 | DD5: 0.24157467 | DE5: 0.05 | DF5: 0.135345 | DG5: 0.679326 | DH5: 0.25137 | DI5: 0.049 | DJ5: 0.084586667 | DK5: 0.23247733 | DL5: 0.089438333 | DM5: 0.36182533 | DN5: 0.04 | DO5: 0.060457 | DP5: 0.05 | DQ5: 0.075253333 | DR5: 0.18410233 | DS5: 0.05 | DT5: 0.051 | DU5: 0.048 | DV5: 0.14595733 | DW5: 0.086603333 | DX5: 0.096016 | DY5: 0.052 | DZ5: 0.16093533 | EA5: 0.056436 | EB5: 0.046 | EC5: 0.052374333 | ED5: 0.053 | EE5: 0.10371333 | EF5: 0.056 | EG5: 0.127694 | EH5: 0.091726 | EI5: 0.138331 | EJ5: 0.048 | EK5: 0.13400067 | EL5: 0.16145467 | EM5: 0.14927 | EN5: 0.112242 | EO5: 0.036 | EP5: 0.05 | EQ5: 0.06101 | ER5: 0.072395 | ES5: 0.055 | ET5: 0.19087133 | EU5: 0.189078 | EV5: 0.17524 | EW5: 0.15222667 | EX5: 0.101116 | EY5: 0.062702 | EZ5: 0.69102267 | FA5: 0.052 | FB5: 0.27884033 | FC5: 0.17852667 | FD5: 0.05 | FE5: 0.056 | FF5: 0.052 | FG5: 0.057 | FH5: 0.037 | FI5: 0.14462467 | FJ5: 0.092512 | FK5: 0.14004133 | FL5: 0.304444 | FM5: 0.081884 | FN5: 0.051 | FO5: 0.047 | FP5: 0.036 | FQ5: 0.16768867 | FR5: 0.056 | FS5: 0.11669067 | FT5: 0.494959 | FU5: 0.346416 | FV5: 0.348693 | FW5: 0.079294667 | FX5: 0.213384 | FY5: 0.117435 | FZ5: 0.14854867 | GA5: 0.17883633 | GB5: 0.047 | GC5: 0.15175233 | GD5: 0.059912667 | GE5: 0.15194733 | GF5: 0.29812567 | GG5: 0.081495333 | GH5: 0.19544667 | GI5: 0.052 | GJ5: 0.112 | GK5: 0.24215267 | GL5: 0.058 | GM5: 0.09136 | GN5: 0.21657133 | GO5: 0.184402 | GP5: 0.134532 | GQ5: 0.068334667 | GR5: 0.053 | GS5: 0.295913 | GT5: 0.053 | GU5: 0.063958667 | GV5: 0.21916167 | GW5: 0.16888667 | GX5: 0.060407667 | GY5: 0.086976 | GZ5: 0.13525 | HA5: 0.047 | HB5: 0.12299267 | HC5: 0.15454833 | HD5: 0.31897293 | HE5: 0.61989867 | HF5: 0.058 | HG5: 0.16133933 | HH5: 0.049 | HI5: 0.15336568 | HJ5: 32.820255
A6: 5 | B6: 2 | C6: 0.052 | D6: 0.266407 | E6: 0.17591333 | F6: 0.10251 | G6: 0.048 | H6: 0.037 | I6: 0.17113533 | J6: 0.09497 | K6: 0.225836 | L6: 0.055 | M6: 0.48584167 | N6: 0.047 | O6: 0.051 | P6: 0.051 | Q6: 0.240767 | R6: 0.22178 | S6: 0.11826767 | T6: 0.218192 | U6: 0.21353133 | V6: 0.055 | W6: 0.111688 | X6: 0.036 | Y6: 0.051 | Z6: 0.26444333 | AA6: 0.046 | AB6: 0.049 | AC6: 0.055 | AD6: 0.073463 | AE6: 0.071166667 | AF6: 0.129966 | AG6: 0.044 | AH6: 0.056 | AI6: 0.095373333 | AJ6: 0.20148633 | AK6: 0.17022333 | AL6: 0.117011 | AM6: 0.049 | AN6: 0.057253333 | AO6: 0.055 | AP6: 0.16505067 | AQ6: 0.075322 | AR6: 0.097824333 | AS6: 0.27657867 | AT6: 0.23507133 | AU6: 0.079741667 | AV6: 0.041 | AW6: 0.19547033 | AX6: 0.177024 | AY6: 0.284833 | AZ6: 0.089158 | BA6: 0.17228667 | BB6: 0.076196 | BC6: 0.12795 | BD6: 0.051 | BE6: 0.20877833 | BF6: 0.129712 | BG6: 0.23410667 | BH6: 0.048 | BI6: 0.059 | BJ6: 0.057 | BK6: 0.048 | BL6: 0.14298767 | BM6: 0.20782933 | BN6: 0.19602 | BO6: 0.1185444 | BP6: 0.16020267 | BQ6: 0.093848 | BR6: 0.057 | BS6: 0.236558 | BT6: 0.057 | BU6: 0.055 | BV6: 0.071583333 | BW6: 0.05 | BX6: 0.146656 | BY6: 0.213758 | BZ6: 0.05 | CA6: 0.20209033 | CB6: 0.12834 | CC6: 0.052 | CD6: 0.05 | CE6: 0.118234 | CF6: 0.076125 | CG6: 0.091078333 | CH6: 0.093949333 | CI6: 0.142842 | CJ6: 0.198458 | CK6: 0.54533667 | CL6: 0.054 | CM6: 0.129605 | CN6: 0.052 | CO6: 0.16030827 | CP6: 0.053 | CQ6: 0.116263 | CR6: 0.057 | CS6: 0.1919 | CT6: 0.052 | CU6: 0.048 | CV6: 0.17842133 | CW6: 0.082056 | CX6: 0.056 | CY6: 0.10056667 | CZ6: 0.16540367 | DA6: 0.203812 | DB6: 0.049 | DC6: 0.70249333 | DD6: 0.28293267 | DE6: 0.16087467 | DF6: 0.125423 | DG6: 0.359058 | DH6: 0.294575 | DI6: 0.130102 | DJ6: 0.20440967 | DK6: 0.219832 | DL6: 0.24237833 | DM6: 0.16731667 | DN6: 0.15059067 | DO6: 0.104512 | DP6: 0.17281333 | DQ6: 0.11682 | DR6: 0.145108 | DS6: 0.10190933 | DT6: 0.134184 | DU6: 0.28836933 | DV6: 0.051 | DW6: 0.21016867 | DX6: 0.137278 | DY6: 0.17691033 | DZ6: 0.25031933 | EA6: 0.213054 | EB6: 0.046 | EC6: 0.30416567 | ED6: 0.053 | EE6: 0.1651 | EF6: 0.063398 | EG6: 0.22346633 | EH6: 0.13354033 | EI6: 0.169118 | EJ6: 0.048 | EK6: 0.12637 | EL6: 0.066756 | EM6: 0.048 | EN6: 0.14212733 | EO6: 0.069998333 | EP6: 0.05 | EQ6: 0.093026 | ER6: 0.041 | ES6: 0.23265667 | ET6: 0.052 | EU6: 0.10462367 | EV6: 0.05 | EW6: 0.051 | EX6: 0.101116 | EY6: 0.049 | EZ6: 0.054833333 | FA6: 0.206392 | FB6: 0.41859167 | FC6: 0.056 | FD6: 0.05 | FE6: 0.056 | FF6: 0.052 | FG6: 0.13991433 | FH6: 0.037 | FI6: 0.05 | FJ6: 0.049 | FK6: 0.099176 | FL6: 0.071183 | FM6: 0.182978 | FN6: 0.230498 | FO6: 0.107355 | FP6: 0.036 | FQ6: 0.173392 | FR6: 0.056 | FS6: 0.056980667 | FT6: 0.059 | FU6: 0.28746667 | FV6: 0.096538 | FW6: 0.13253133 | FX6: 0.107024 | FY6: 0.177027 | FZ6: 0.15042933 | GA6: 0.073711 | GB6: 0.20246667 | GC6: 0.073721 | GD6: 0.04 | GE6: 0.06 | GF6: 0.066172333 | GG6: 0.19516867 | GH6: 0.051 | GI6: 0.052 | GJ6: 0.15664 | GK6: 0.07492 | GL6: 0.34544667 | GM6: 0.20229333 | GN6: 0.048 | GO6: 0.1399 | GP6: 0.113616 | GQ6: 0.181506 | GR6: 0.17578467 | GS6: 0.12827167 | GT6: 0.053 | GU6: 0.13782 | GV6: 0.0881 | GW6: 0.279888 | GX6: 0.13732933 | GY6: 0.195392 | GZ6: 0.10625 | HA6: 0.047 | HB6: 0.057 | HC6: 0.12666 | HD6: 0.20510937 | HE6: 0.13040533 | HF6: 0.26083333 | HG6: 0.15374 | HH6: 0.049 | HI6: 0.13142737 | HJ6: 28.125457
A7: 6 | B7: 2.5 | C7: 0.093706667 | D7: 0.17461367 | E7: 0.048 | F7: 0.266086 | G7: 0.076791 | H7: 0.037 | I7: 0.089863333 | J7: 0.15242767 | K7: 0.17524 | L7: 0.09659 | M7: 0.381659 | N7: 0.047 | O7: 0.051 | P7: 0.051 | Q7: 0.061642667 | R7: 0.031 | S7: 0.215423 | T7: 0.155456 | U7: 0.052 | V7: 0.076179 | W7: 0.124952 | X7: 0.25097 | Y7: 0.10837867 | Z7: 0.053 | AA7: 0.046 | AB7: 0.049 | AC7: 0.055 | AD7: 0.182599 | AE7: 0.11908333 | AF7: 0.06 | AG7: 0.044 | AH7: 0.056 | AI7: 0.051 | AJ7: 0.13773167 | AK7: 0.063620333 | AL7: 0.117011 | AM7: 0.049 | AN7: 0.19453333 | AO7: 0.133318 | AP7: 0.049 | AQ7: 0.199706 | AR7: 0.078185333 | AS7: 0.049 | AT7: 0.142328 | AU7: 0.12427667 | AV7: 0.041 | AW7: 0.099138333 | AX7: 0.096384 | AY7: 0.080406333 | AZ7: 0.265467 | BA7: 0.048 | BB7: 0.240081 | BC7: 0.051 | BD7: 0.11910667 | BE7: 0.170637 | BF7: 0.055 | BG7: 0.054 | BH7: 0.11989367 | BI7: 0.059 | BJ7: 0.057 | BK7: 0.048 | BL7: 0.17457533 | BM7: 0.114254 | BN7: 0.12377733 | BO7: 0.095714667 | BP7: 0.10874933 | BQ7: 0.20138467 | BR7: 0.057 | BS7: 0.052 | BT7: 0.057 | BU7: 0.15506 | BV7: 0.044 | BW7: 0.15232 | BX7: 0.05 | BY7: 0.14304867 | BZ7: 0.05 | CA7: 0.093058 | CB7: 0.054 | CC7: 0.052 | CD7: 0.082990667 | CE7: 0.046 | CF7: 0.116325 | CG7: 0.15088033 | CH7: 0.24917 | CI7: 0.14785867 | CJ7: 0.048 | CK7: 0.1059 | CL7: 0.18170667 | CM7: 0.23231833 | CN7: 0.052 | CO7: 0.172176 | CP7: 0.21532333 | CQ7: 0.080561333 | CR7: 0.181376 | CS7: 0.27374667 | CT7: 0.18033867 | CU7: 0.048 | CV7: 0.076964 | CW7: 0.11626 | CX7: 0.056 | CY7: 0.112646 | CZ7: 0.069857333 | DA7: 0.051 | DB7: 0.049 | DC7: 0.095765667 | DD7: 0.17846867 | DE7: 0.091578 | DF7: 0.222969 | DG7: 0.137 | DH7: 0.065951333 | DI7: 0.049 | DJ7: 0.075955 | DK7: 0.066658667 | DL7: 0.072554667 | DM7: 0.051 | DN7: 0.072526667 | DO7: 0.21401733 | DP7: 0.17857 | DQ7: 0.15007333 | DR7: 0.13009 | DS7: 0.14084133 | DT7: 0.137702 | DU7: 0.048 | DV7: 0.20021867 | DW7: 0.10916533 | DX7: 0.041 | DY7: 0.088738333 | DZ7: 0.20574533 | EA7: 0.04 | EB7: 0.046 | EC7: 0.045 | ED7: 0.11468 | EE7: 0.05 | EF7: 0.22118 | EG7: 0.044615667 | EH7: 0.17535633 | EI7: 0.065347 | EJ7: 0.21025 | EK7: 0.20179467 | EL7: 0.15231567 | EM7: 0.32274133 | EN7: 0.045 | EO7: 0.15159433 | EP7: 0.05 | EQ7: 0.041 | ER7: 0.179138 | ES7: 0.1257 | ET7: 0.224924 | EU7: 0.19612233 | EV7: 0.17524 | EW7: 0.281289 | EX7: 0.058 | EY7: 0.062702 | EZ7: 0.04 | FA7: 0.078775 | FB7: 0.45838 | FC7: 0.056 | FD7: 0.05 | FE7: 0.056 | FF7: 0.085112267 | FG7: 0.079613 | FH7: 0.037 | FI7: 0.11025067 | FJ7: 0.049 | FK7: 0.18090667 | FL7: 0.15347533 | FM7: 0.053 | FN7: 0.051 | FO7: 0.059071 | FP7: 0.036 | FQ7: 0.060621333 | FR7: 0.12737 | FS7: 0.27864733 | FT7: 0.059 | FU7: 0.183816 | FV7: 0.18668 | FW7: 0.058 | FX7: 0.23228267 | FY7: 0.049 | FZ7: 0.045 | GA7: 0.054 | GB7: 0.13334 | GC7: 0.057 | GD7: 0.26741067 | GE7: 0.16817333 | GF7: 0.198986 | GG7: 0.13616733 | GH7: 0.20989133 | GI7: 0.052 | GJ7: 0.1252 | GK7: 0.09886 | GL7: 0.146726 | GM7: 0.22373333 | GN7: 0.14761033 | GO7: 0.058 | GP7: 0.25553467 | GQ7: 0.036 | GR7: 0.053 | GS7: 0.047 | GT7: 0.053 | GU7: 0.047 | GV7: 0.204609 | GW7: 0.121445 | GX7: 0.19886033 | GY7: 0.056 | GZ7: 0.041 | HA7: 0.15034 | HB7: 0.057 | HC7: 0.103373 | HD7: 0.1141 | HE7: 0.13192 | HF7: 0.058 | HG7: 0.042 | HH7: 0.049 | HI7: 0.11337704 | HJ7: 24.262688
A8: 7 | B8: 3 | C8: 0.19380267 | D8: 0.134423 | E8: 0.31075133 | F8: 0.091992 | G8: 0.093243 | H8: 0.037 | I8: 0.142106 | J8: 0.204385 | K8: 0.242176 | L8: 0.248928 | M8: 0.24626967 | N8: 0.12150667 | O8: 0.051 | P8: 0.051 | Q8: 0.253354 | R8: 0.12124 | S8: 0.041 | T8: 0.064384 | U8: 0.052 | V8: 0.18913367 | W8: 0.052 | X8: 0.095063333 | Y8: 0.15141267 | Z8: 0.397498 | AA8: 0.046 | AB8: 0.049 | AC8: 0.055 | AD8: 0.053 | AE8: 0.08075 | AF8: 0.129966 | AG8: 0.044 | AH8: 0.056 | AI8: 0.218748 | AJ8: 0.088692 | AK8: 0.354122 | AL8: 0.075004 | AM8: 0.049 | AN8: 0.042 | AO8: 0.055 | AP8: 0.065578667 | AQ8: 0.134638 | AR8: 0.29986067 | AS8: 0.237235 | AT8: 0.238482 | AU8: 0.08469 | AV8: 0.25705733 | AW8: 0.131249 | AX8: 0.048 | AY8: 0.12335333 | AZ8: 0.15952367 | BA8: 0.15364367 | BB8: 0.044 | BC8: 0.051 | BD8: 0.059513333 | BE8: 0.048 | BF8: 0.116128 | BG8: 0.062186667 | BH8: 0.208163 | BI8: 0.290583 | BJ8: 0.057 | BK8: 0.048 | BL8: 0.294659 | BM8: 0.077321333 | BN8: 0.072436667 | BO8: 0.17718533 | BP8: 0.094562 | BQ8: 0.263728 | BR8: 0.057 | BS8: 0.23418733 | BT8: 0.057 | BU8: 0.055 | BV8: 0.12675 | BW8: 0.05 | BX8: 0.091424 | BY8: 0.094334 | BZ8: 0.05 | CA8: 0.27786233 | CB8: 0.143208 | CC8: 0.052 | CD8: 0.198458 | CE8: 0.046 | CF8: 0.20386333 | CG8: 0.12931833 | CH8: 0.39325867 | CI8: 0.24006267 | CJ8: 0.19129333 | CK8: 0.18906667 | CL8: 0.054 | CM8: 0.052 | CN8: 0.15748067 | CO8: 0.107155 | CP8: 0.053 | CQ8: 0.180526 | CR8: 0.24151333 | CS8: 0.22145067 | CT8: 0.072264 | CU8: 0.048 | CV8: 0.27160433 | CW8: 0.159952 | CX8: 0.056 | CY8: 0.053 | CZ8: 0.165326 | DA8: 0.169082 | DB8: 0.095607 | DC8: 0.20167133 | DD8: 0.17123 | DE8: 0.05 | DF8: 0.09133 | DG8: 0.089635 | DH8: 0.340951 | DI8: 0.049 | DJ8: 0.075955 | DK8: 0.15797533 | DL8: 0.119996 | DM8: 0.29427667 | DN8: 0.079032 | DO8: 0.20012733 | DP8: 0.05 | DQ8: 0.119352 | DR8: 0.17659333 | DS8: 0.056488667 | DT8: 0.220886 | DU8: 0.048 | DV8: 0.051 | DW8: 0.08392 | DX8: 0.041 | DY8: 0.052 | DZ8: 0.13980733 | EA8: 0.113962 | EB8: 0.046 | EC8: 0.045 | ED8: 0.14209333 | EE8: 0.21881333 | EF8: 0.056 | EG8: 0.205 | EH8: 0.052 | EI8: 0.139937 | EJ8: 0.048 | EK8: 0.107824 | EL8: 0.14321767 | EM8: 0.073742 | EN8: 0.20936933 | EO8: 0.036 | EP8: 0.05 | EQ8: 0.041 | ER8: 0.041 | ES8: 0.055 | ET8: 0.055405333 | EU8: 0.189068 | EV8: 0.05 | EW8: 0.054458333 | EX8: 0.144232 | EY8: 0.18602 | EZ8: 0.23348867 | FA8: 0.23349767 | FB8: 0.057 | FC8: 0.325726 | FD8: 0.05 | FE8: 0.056 | FF8: 0.052 | FG8: 0.057 | FH8: 0.037 | FI8: 0.15937633 | FJ8: 0.136024 | FK8: 0.167604 | FL8: 0.2172 | FM8: 0.168536 | FN8: 0.051 | FO8: 0.047 | FP8: 0.115596 | FQ8: 0.237547 | FR8: 0.056 | FS8: 0.087172 | FT8: 0.059 | FU8: 0.21023367 | FV8: 0.32614067 | FW8: 0.12720767 | FX8: 0.14175467 | FY8: 0.10617 | FZ8: 0.25096733 | GA8: 0.093422 | GB8: 0.12755667 | GC8: 0.057 | GD8: 0.072008 | GE8: 0.06 | GF8: 0.26408267 | GG8: 0.099492667 | GH8: 0.051 | GI8: 0.052 | GJ8: 0.046 | GK8: 0.21821067 | GL8: 0.16170533 | GM8: 0.339816 | GN8: 0.116961 | GO8: 0.23029667 | GP8: 0.116636 | GQ8: 0.17342233 | GR8: 0.053 | GS8: 0.21222233 | GT8: 0.053 | GU8: 0.047 | GV8: 0.10265067 | GW8: 0.23180233 | GX8: 0.057 | GY8: 0.218624 | GZ8: 0.2005 | HA8: 0.047 | HB8: 0.18923967 | HC8: 0.35300467 | HD8: 0.35910533 | HE8: 0.25171067 | HF8: 0.20914267 | HG8: 0.25818067 | HH8: 0.049 | HI8: 0.13233262 | HJ8: 28.31918
A9: 8 | B9: 3.5 | C9: 0.052 | D9: 0.21581367 | E9: 0.048 | F9: 0.28898667 | G9: 0.048 | H9: 0.037 | I9: 0.056 | J9: 0.086341333 | K9: 0.2395 | L9: 0.122074 | M9: 0.532433 | N9: 0.10796 | O9: 0.051 | P9: 0.051 | Q9: 0.16571467 | R9: 0.04604 | S9: 0.041 | T9: 0.179744 | U9: 0.12542333 | V9: 0.055 | W9: 0.158112 | X9: 0.14513467 | Y9: 0.058172333 | Z9: 0.053 | AA9: 0.046 | AB9: 0.049 | AC9: 0.055 | AD9: 0.182599 | AE9: 1.1052683 | AF9: 0.06 | AG9: 0.044 | AH9: 0.056 | AI9: 0.12423 | AJ9: 0.20812467 | AK9: 0.26259233 | AL9: 0.159018 | AM9: 0.049 | AN9: 0.20978667 | AO9: 0.055 | AP9: 0.148472 | AQ9: 0.052 | AR9: 0.052 | AS9: 0.12492567 | AT9: 0.144632 | AU9: 0.074793333 | AV9: 0.041 | AW9: 0.16335967 | AX9: 0.048 | AY9: 0.07858 | AZ9: 0.19357933 | BA9: 0.079071667 | BB9: 0.19778033 | BC9: 0.051 | BD9: 0.051 | BE9: 0.064215333 | BF9: 0.143296 | BG9: 0.22592 | BH9: 0.048 | BI9: 0.108923 | BJ9: 0.057 | BK9: 0.048 | BL9: 0.097721667 | BM9: 0.176446 | BN9: 0.097684 | BO9: 0.102528 | BP9: 0.13991467 | BQ9: 0.056 | BR9: 0.057 | BS9: 0.169446 | BT9: 0.057 | BU9: 0.065006 | BV9: 0.082616667 | BW9: 0.131856 | BX9: 0.105232 | BY9: 0.213758 | BZ9: 0.141356 | CA9: 0.055 | CB9: 0.054 | CC9: 0.052 | CD9: 0.05 | CE9: 0.118234 | CF9: 0.14145 | CG9: 0.12028833 | CH9: 0.34053867 | CI9: 0.041 | CJ9: 0.062329333 | CK9: 0.056 | CL9: 0.079541333 | CM9: 0.25884833 | CN9: 0.052 | CO9: 0.048 | CP9: 0.082513333 | CQ9: 0.052 | CR9: 0.124828 | CS9: 0.048 | CT9: 0.079018667 | CU9: 0.048 | CV9: 0.044 | CW9: 0.12848567 | CX9: 0.056 | CY9: 0.16021267 | CZ9: 0.17204867 | DA9: 0.08573 | DB9: 0.078659 | DC9: 0.19494533 | DD9: 0.18176267 | DE9: 0.20245267 | DF9: 0.368162 | DG9: 0.29595633 | DH9: 0.18904167 | DI9: 0.049 | DJ9: 0.190975 | DK9: 0.133502 | DL9: 0.15145367 | DM9: 0.11746667 | DN9: 0.14408533 | DO9: 0.049834667 | DP9: 0.13319 | DQ9: 0.22489333 | DR9: 0.220198 | DS9: 0.186262 | DT9: 0.051 | DU9: 0.116277 | DV9: 0.17987067 | DW9: 0.167728 | DX9: 0.041 | DY9: 0.162215 | DZ9: 0.271656 | EA9: 0.126645 | EB9: 0.046 | EC9: 0.31154 | ED9: 0.053 | EE9: 0.05 | EF9: 0.056 | EG9: 0.076925333 | EH9: 0.131452 | EI9: 0.178859 | EJ9: 0.18075 | EK9: 0.045 | EL9: 0.166558 | EM9: 0.099484 | EN9: 0.045 | EO9: 0.30353267 | EP9: 0.05 | EQ9: 0.053006 | ER9: 0.097511 | ES9: 0.17287833 | ET9: 0.149759 | EU9: 0.10462367 | EV9: 0.17524 | EW9: 0.224142 | EX9: 0.058 | EY9: 0.049 | EZ9: 0.069666667 | FA9: 0.103464 | FB9: 0.18658533 | FC9: 0.079242 | FD9: 0.05 | FE9: 0.056 | FF9: 0.052 | FG9: 0.079613 | FH9: 0.037 | FI9: 0.10044233 | FJ9: 0.049 | FK9: 0.056 | FL9: 0.077910667 | FM9: 0.096326 | FN9: 0.230498 | FO9: 0.119426 | FP9: 0.036 | FQ9: 0.092912333 | FR9: 0.12737 | FS9: 0.30914067 | FT9: 0.059 | FU9: 0.049 | FV9: 0.048 | FW9: 0.084618333 | FX9: 0.26921333 | FY9: 0.24918533 | FZ9: 0.082653333 | GA9: 0.15912533 | GB9: 0.11291 | GC9: 0.057 | GD9: 0.17566467 | GE9: 0.087043333 | GF9: 0.165564 | GG9: 0.05 | GH9: 0.051 | GI9: 0.052 | GJ9: 0.22263633 | GK9: 0.07492 | GL9: 0.31180067 | GM9: 0.36051833 | GN9: 0.055662333 | GO9: 0.10805 | GP9: 0.176224 | GQ9: 0.076418333 | GR9: 0.17578467 | GS9: 0.21196233 | GT9: 0.053 | GU9: 0.19538567 | GV9: 0.06344 | GW9: 0.259447 | GX9: 0.118338 | GY9: 0.063744 | GZ9: 0.041 | HA9: 0.15034 | HB9: 0.16243567 | HC9: 0.473228 | HD9: 0.10488667 | HE9: 0.048 | HF9: 0.10969067 | HG9: 0.056898667 | HH9: 0.049 | HI9: 0.12485107 | HJ9: 26.718128
A10: 9 | B10: 4 | C10: 0.052 | D10: 0.14821633 | E10: 0.048 | F10: 0.13260133 | G10: 0.122034 | H10: 0.037 | I10: 0.228917 | J10: 0.24882567 | K10: 0.185954 | L10: 0.14511167 | M10: 0.05 | N10: 0.047 | O10: 0.051 | P10: 0.051 | Q10: 0.045 | R10: 0.03575 | S10: 0.24411333 | T10: 0.16767333 | U10: 0.140108 | V10: 0.055 | W10: 0.078528 | X10: 0.19357467 | Y10: 0.201619 | Z10: 0.298625 | AA10: 0.046 | AB10: 0.049 | AC10: 0.055 | AD10: 0.073463 | AE10: 0.052 | AF10: 0.06 | AG10: 0.044 | AH10: 0.056 | AI10: 0.051 | AJ10: 0.084837333 | AK10: 0.26898433 | AL10: 0.051 | AM10: 0.049 | AN10: 0.042 | AO10: 0.133318 | AP10: 0.049 | AQ10: 0.223028 | AR10: 0.30004067 | AS10: 0.093711333 | AT10: 0.20188 | AU10: 0.13417333 | AV10: 0.083709333 | AW10: 0.059 | AX10: 0.201216 | AY10: 0.21390267 | AZ10: 0.05 | BA10: 0.11635767 | BB10: 0.11849333 | BC10: 0.41862433 | BD10: 0.12762 | BE10: 0.3152 | BF10: 0.055 | BG10: 0.054 | BH10: 0.23816923 | BI10: 0.103376 | BJ10: 0.057 | BK10: 0.048 | BL10: 0.23109467 | BM10: 0.796874 | BN10: 0.229488 | BO10: 0.11441 | BP10: 0.112864 | BQ10: 0.226842 | BR10: 0.057 | BS10: 0.093098333 | BT10: 0.057 | BU10: 0.145054 | BV10: 0.044 | BW10: 0.070464 | BX10: 0.05 | BY10: 0.15351867 | BZ10: 0.05 | CA10: 0.25711767 | CB10: 0.054 | CC10: 0.052 | CD10: 0.23144867 | CE10: 0.046 | CF10: 0.14132833 | CG10: 0.057 | CH10: 0.34820133 | CI10: 0.34024267 | CJ10: 0.10531733 | CK10: 0.12253333 | CL10: 0.15616533 | CM10: 0.103075 | CN10: 0.052 | CO10: 0.38671763 | CP10: 0.18581 | CQ10: 0.052 | CR10: 0.36763867 | CS10: 0.177468 | CT10: 0.173584 | CU10: 0.048 | CV10: 0.082458 | CW10: 0.20808833 | CX10: 0.056 | CY10: 0.12515 | CZ10: 0.05 | DA10: 0.08573 | DB10: 0.049 | DC10: 0.086587 | DD10: 0.28249467 | DE10: 0.05 | DF10: 0.058 | DG10: 0.137 | DH10: 0.316074 | DI10: 0.049 | DJ10: 0.098021333 | DK10: 0.28817267 | DL10: 0.13292167 | DM10: 0.13697767 | DN10: 0.04 | DO10: 0.24793 | DP10: 0.05 | DQ10: 0.11505467 | DR10: 0.14124033 | DS10: 0.05 | DT10: 0.12982 | DU10: 0.14662233 | DV10: 0.071348 | DW10: 0.116686 | DX10: 0.041 | DY10: 0.10343367 | DZ10: 0.229307 | EA10: 0.097644667 | EB10: 0.046 | EC10: 0.045 | ED10: 0.053 | EE10: 0.062822 | EF10: 0.125006 | EG10: 0.14615667 | EH10: 0.108451 | EI10: 0.054 | EJ10: 0.0775 | EK10: 0.143496 | EL10: 0.11121933 | EM10: 0.31655533 | EN10: 0.045 | EO10: 0.036 | EP10: 0.18387 | EQ10: 0.10103 | ER10: 0.122627 | ES10: 0.185477 | ET10: 0.123763 | EU10: 0.23328233 | EV10: 0.05 | EW10: 0.11160533 | EX10: 0.13944133 | EY10: 0.172318 | EZ10: 0.20165033 | FA10: 0.14264067 | FB10: 0.095113333 | FC10: 0.21646367 | FD10: 0.05 | FE10: 0.056 | FF10: 0.052 | FG10: 0.13991433 | FH10: 0.037 | FI10: 0.169188 | FJ10: 0.092512 | FK10: 0.41421367 | FL10: 0.25912633 | FM10: 0.16812333 | FN10: 0.051 | FO10: 0.047 | FP10: 0.036 | FQ10: 0.068391 | FR10: 0.056 | FS10: 0.14060733 | FT10: 0.059 | FU10: 0.15746733 | FV10: 0.096538 | FW10: 0.058 | FX10: 0.34930533 | FY10: 1.119962 | FZ10: 0.17566067 | GA10: 0.054 | GB10: 0.14234 | GC10: 0.057 | GD10: 0.163754 | GE10: 0.14113 | GF10: 0.20960033 | GG10: 0.35678667 | GH10: 0.19544667 | GI10: 0.052 | GJ10: 0.046 | GK10: 0.0829 | GL10: 0.058 | GM10: 0.060635 | GN10: 0.208909 | GO10: 0.163335 | GP10: 0.22871867 | GQ10: 0.10066933 | GR10: 0.053 | GS10: 0.120986 | GT10: 0.053 | GU10: 0.174169 | GV10: 0.186843 | GW10: 0.16289233 | GX10: 0.22125933 | GY10: 0.056 | GZ10: 0.041 | HA10: 0.047 | HB10: 0.057 | HC10: 0.051 | HD10: 0.229074 | HE10: 0.249802 | HF10: 0.10969067 | HG10: 0.042 | HH10: 0.049 | HI10: 0.13398744 | HJ10: 28.673312
A11: 10 | B11: 4.5 | C11: 0.23550933 | D11: 0.266541 | E11: 0.31075133 | F11: 0.087984 | G11: 0.048 | H11: 0.037 | I11: 0.11818767 | J11: 0.07765 | K11: 0.207228 | L11: 0.19295367 | M11: 0.180904 | N11: 0.047 | O11: 0.051 | P11: 0.051 | Q11: 0.14983667 | R11: 0.21703 | S11: 0.089577667 | T11: 0.099590667 | U11: 0.052 | V11: 0.18913367 | W11: 0.052 | X11: 0.043324 | Y11: 0.051 | Z11: 0.151873 | AA11: 0.046 | AB11: 0.049 | AC11: 0.055 | AD11: 0.053 | AE11: 0.27629567 | AF11: 0.129966 | AG11: 0.044 | AH11: 0.056 | AI11: 0.080292 | AJ11: 0.19763167 | AK11: 0.22890367 | AL11: 0.051 | AM11: 0.049 | AN11: 0.08776 | AO11: 0.055 | AP11: 0.11531467 | AQ11: 0.052 | AR11: 0.078005333 | AS11: 0.077452667 | AT11: 0.27056367 | AU11: 0.055 | AV11: 0.164342 | AW11: 0.14730433 | AX11: 0.072192 | AY11: 0.15133667 | AZ11: 0.303201 | BA11: 0.11635767 | BB11: 0.15308667 | BC11: 0.428802 | BD11: 0.051 | BE11: 0.048 | BF11: 0.204424 | BG11: 0.22592 | BH11: 0.20597467 | BI11: 0.125564 | BJ11: 0.057 | BK11: 0.048 | BL11: 0.27586133 | BM11: 0.629454 | BN11: 0.061374667 | BO11: 0.206018 | BP11: 0.079382 | BQ11: 0.22144467 | BR11: 0.057 | BS11: 0.125977 | BT11: 0.057 | BU11: 0.055 | BV11: 0.044 | BW11: 0.106276 | BX11: 0.146656 | BY11: 0.208632 | BZ11: 0.05 | CA11: 0.11380233 | CB11: 0.054 | CC11: 0.052 | CD11: 0.05 | CE11: 0.094156 | CF11: 0.113535 | CG11: 0.076473333 | CH11: 0.18656667 | CI11: 0.047678667 | CJ11: 0.14830533 | CK11: 0.17243333 | CL11: 0.054 | CM11: 0.129605 | CN11: 0.11227467 | CO11: 0.24289267 | CP11: 0.053 | CQ11: 0.20908733 | CR11: 0.071524 | CS11: 0.076770667 | CT11: 0.052 | CU11: 0.048 | CV11: 0.26611233 | CW11: 0.164696 | CX11: 0.056 | CY11: 0.072882 | CZ11: 0.22108 | DA11: 0.169082 | DB11: 0.125266 | DC11: 0.164011 | DD11: 0.072708 | DE11: 0.14701533 | DF11: 0.176375 | DG11: 0.23891133 | DH11: 0.22987233 | DI11: 0.130102 | DJ11: 0.083085 | DK11: 0.17179533 | DL11: 0.20810133 | DM11: 0.27476567 | DN11: 0.14408533 | DO11: 0.176467 | DP11: 0.13319 | DQ11: 0.046297333 | DR11: 0.17659333 | DS11: 0.19275067 | DT11: 0.228768 | DU11: 0.12994667 | DV11: 0.064565333 | DW11: 0.202648 | DX11: 0.041 | DY11: 0.118129 | DZ11: 0.16113067 | EA11: 0.12170013 | EB11: 0.046 | EC11: 0.26699 | ED11: 0.09412 | EE11: 0.44989413 | EF11: 0.115184 | EG11: 0.145 | EH11: 0.12099567 | EI11: 0.19832 | EJ11: 0.048 | EK11: 0.12708 | EL11: 0.19855633 | EM11: 0.13141133 | EN11: 0.134656 | EO11: 0.178793 | EP11: 0.05 | EQ11: 0.041 | ER11: 0.041 | ES11: 0.055 | ET11: 0.113296 | EU11: 0.21288733 | EV11: 0.3254395 | EW11: 0.057916667 | EX11: 0.062790667 | EY11: 0.076404 | EZ11: 0.101505 | FA11: 0.096112 | FB11: 0.13322667 | FC11: 0.25808567 | FD11: 0.05 | FE11: 0.056 | FF11: 0.052 | FG11: 0.057 | FH11: 0.037 | FI11: 0.05 | FJ11: 0.092512 | FK11: 0.22777933 | FL11: 0.13845967 | FM11: 0.19387 | FN11: 0.051 | FO11: 0.047 | FP11: 0.036 | FQ11: 0.16647633 | FR11: 0.056 | FS11: 0.080864667 | FT11: 0.059 | FU11: 0.12354133 | FV11: 0.26813833 | FW11: 0.058 | FX11: 0.142292 | FY11: 0.049 | FZ11: 0.15796 | GA11: 0.132844 | GB11: 0.19346667 | GC11: 0.057 | GD11: 0.04 | GE11: 0.06 | GF11: 0.15105833 | GG11: 0.23868 | GH11: 0.065444667 | GI11: 0.052 | GJ11: 0.046 | GK11: 0.10090933 | GL11: 0.32852667 | GM11: 0.26146833 | GN11: 0.048 | GO11: 0.17501167 | GP11: 0.116636 | GQ11: 0.14917133 | GR11: 0.053 | GS11: 0.30319867 | GT11: 0.053 | GU11: 0.10392367 | GV11: 0.103979 | GW11: 0.076231 | GX11: 0.087669 | GY11: 0.156672 | GZ11: 0.2005 | HA11: 0.093503 | HB11: 0.23020867 | HC11: 0.23949 | HD11: 0.234918 | HE11: 0.13382867 | HF11: 0.14845867 | HG11: 0.071864 | HH11: 0.049 | HI11: 0.12940793 | HJ11: 27.693297
A12: 11 | B12: 5 | C12: 0.052 | D12: 0.070698 | E12: 0.048 | F12: 0.098869333 | G12: 0.048 | H12: 0.037 | I12: 0.137272 | J12: 0.13943867 | K12: 0.153614 | L12: 0.12952667 | M12: 0.11517667 | N12: 0.18246667 | O12: 0.051 | P12: 0.051 | Q12: 0.045 | R12: 0.031 | S12: 0.15338933 | T12: 0.27515867 | U12: 0.052 | V12: 0.076179 | W12: 0.105056 | X12: 0.20749733 | Y12: 0.051 | Z12: 0.112504 | AA12: 0.046 | AB12: 0.049 | AC12: 0.055 | AD12: 0.196241 | AE12: 0.092601667 | AF12: 0.06 | AG12: 0.044 | AH12: 0.056 | AI12: 0.236062 | AJ12: 0.11845833 | AK12: 0.26865 | AL12: 0.183022 | AM12: 0.049 | AN12: 0.16402667 | AO12: 0.055 | AP12: 0.098736 | AQ12: 0.204604 | AR12: 0.10401067 | AS12: 0.14414433 | AT12: 0.053 | AU12: 0.055 | AV12: 0.091006 | AW12: 0.14730433 | AX12: 0.072192 | AY12: 0.074692 | AZ12: 0.16094767 | BA12: 0.048 | BB12: 0.16318933 | BC12: 0.38391 | BD12: 0.085053333 | BE12: 0.25788267 | BF12: 0.055 | BG12: 0.062186667 | BH12: 0.11796633 | BI12: 0.059 | BJ12: 0.057 | BK12: 0.048 | BL12: 0.1681 | BM12: 0.245 | BN12: 0.090873333 | BO12: 0.055 | BP12: 0.27271267 | BQ12: 0.072821333 | BR12: 0.057 | BS12: 0.169446 | BT12: 0.057 | BU12: 0.15506 | BV12: 0.044 | BW12: 0.096044 | BX12: 0.05 | BY12: 0.11163867 | BZ12: 0.05 | CA12: 0.19825867 | CB12: 0.093648 | CC12: 0.052 | CD12: 0.05 | CE12: 0.070078 | CF12: 0.051 | CG12: 0.18078133 | CH12: 0.171048 | CI12: 0.15363533 | CJ12: 0.048 | CK12: 0.056 | CL12: 0.13700933 | CM12: 0.129605 | CN12: 0.097206 | CO12: 0.26588033 | CP12: 0.15629667 | CQ12: 0.052 | CR12: 0.18862667 | CS12: 0.112734 | CT12: 0.20060267 | CU12: 0.048 | CV12: 0.044 | CW12: 0.049 | CX12: 0.056 | CY12: 0.19805067 | CZ12: 0.136152 | DA12: 0.051 | DB12: 0.049 | DC12: 0.145804 | DD12: 0.319939 | DE12: 0.10882213 | DF12: 0.210555 | DG12: 0.16818 | DH12: 0.07391 | DI12: 0.049 | DJ12: 0.23086633 | DK12: 0.12026933 | DL12: 0.11118 | DM12: 0.051 | DN12: 0.079032 | DO12: 0.23084833 | DP12: 0.05 | DQ12: 0.11682 | DR12: 0.055 | DS12: 0.05 | DT12: 0.0766088 | DU12: 0.53078233 | DV12: 0.18665333 | DW12: 0.049 | DX12: 0.144155 | DY12: 0.14751967 | DZ12: 0.364777 | EA12: 0.16607933 | EB12: 0.046 | EC12: 0.08955 | ED12: 0.16265333 | EE12: 0.1155518 | EF12: 0.100388 | EG12: 0.04 | EH12: 0.052 | EI12: 0.120476 | EJ12: 0.048 | EK12: 0.14447133 | EL12: 0.10881433 | EM12: 0.28223333 | EN12: 0.11971333 | EO12: 0.042799667 | EP12: 0.068255 | EQ12: 0.041 | ER12: 0.154022 | ES12: 0.055 | ET12: 0.16363133 | EU12: 0.065422667 | EV12: 0.194192 | EW12: 0.19987733 | EX12: 0.058 | EY12: 0.110659 | EZ12: 0.113552 | FA12: 0.169632 | FB12: 0.148472 | FC12: 0.11888433 | FD12: 0.2646453 | FE12: 0.056 | FF12: 0.052 | FG12: 0.20463567 | FH12: 0.037 | FI12: 0.093544667 | FJ12: 0.049 | FK12: 0.056 | FL12: 0.078502667 | FM12: 0.139652 | FN12: 0.173385 | FO12: 0.36839333 | FP12: 0.036 | FQ12: 0.05 | FR12: 0.056 | FS12: 0.38048733 | FT12: 0.059 | FU12: 0.22765633 | FV12: 0.237744 | FW12: 0.058 | FX12: 0.10495267 | FY12: 0.129038 | FZ12: 0.109955 | GA12: 0.11970333 | GB12: 0.047 | GC12: 0.16289967 | GD12: 0.099553333 | GE12: 0.06 | GF12: 0.155118 | GG12: 0.144656 | GH12: 0.051 | GI12: 0.052 | GJ12: 0.21383967 | GK12: 0.14434133 | GL12: 0.070312667 | GM12: 0.11941833 | GN12: 0.048 | GO12: 0.058 | GP12: 0.23183067 | GQ12: 0.036 | GR12: 0.053 | GS12: 0.22121933 | GT12: 0.053 | GU12: 0.093636333 | GV12: 0.047 | GW12: 0.307119 | GX12: 0.087669 | GY12: 0.125696 | GZ12: 0.041 | HA12: 0.103837 | HB12: 0.18786667 | HC12: 0.07428 | HD12: 0.068033333 | HE12: 0.099503333 | HF12: 0.10519867 | HG12: 0.24321533 | HH12: 0.049 | HI12: 0.11773193 | HJ12: 25.194633
A13: 12 | B13: 5.5 | C13: 0.052 | D13: 0.15034933 | E13: 0.163122 | F13: 0.27373467 | G13: 0.048 | H13: 0.037 | I13: 0.20983267 | J13: 0.21737667 | K13: 0.338676 | L13: 0.055 | M13: 0.14650767 | N13: 0.047 | O13: 0.051 | P13: 0.051 | Q13: 0.28587467 | R13: 0.14658 | S13: 0.18030133 | T13: 0.139508 | U13: 0.19150433 | V13: 0.055 | W13: 0.131584 | X13: 0.138536 | Y13: 0.19444667 | Z13: 0.173572 | AA13: 0.046 | AB13: 0.049 | AC13: 0.055 | AD13: 0.059821 | AE13: 0.14611533 | AF13: 0.094983 | AG13: 0.044 | AH13: 0.056 | AI13: 0.077624 | AJ13: 0.10796533 | AK13: 0.264804 | AL13: 0.051 | AM13: 0.049 | AN13: 0.042 | AO13: 0.055 | AP13: 0.049 | AQ13: 0.153062 | AR13: 0.27403533 | AS13: 0.21801633 | AT13: 0.23059567 | AU13: 0.055 | AV13: 0.169128 | AW13: 0.059 | AX13: 0.201216 | AY13: 0.178614 | AZ13: 0.113072 | BA13: 0.048 | BB13: 0.044 | BC13: 0.24705667 | BD13: 0.093566667 | BE13: 0.12153267 | BF13: 0.055 | BG13: 0.10312 | BH13: 0.10238033 | BI13: 0.059 | BJ13: 0.057 | BK13: 0.048 | BL13: 0.23323533 | BM13: 0.049 | BN13: 0.23639267 | BO13: 0.155997 | BP13: 0.052 | BQ13: 0.17710933 | BR13: 0.057 | BS13: 0.119112 | BT13: 0.057 | BU13: 0.055 | BV13: 0.15985 | BW13: 0.05 | BX13: 0.070712 | BY13: 0.149138 | BZ13: 0.13120533 | CA13: 0.172661 | CB13: 0.10356 | CC13: 0.052 | CD13: 0.198458 | CE13: 0.058039 | CF13: 0.30128467 | CG13: 0.079944 | CH13: 0.137048 | CI13: 0.234286 | CJ13: 0.20562267 | CK13: 0.064316667 | CL13: 0.098697333 | CM13: 0.15471333 | CN13: 0.052 | CO13: 0.20137233 | CP13: 0.11202667 | CQ13: 0.052 | CR13: 0.24878667 | CS13: 0.14150467 | CT13: 0.052 | CU13: 0.048 | CV13: 0.15637633 | CW13: 0.23799 | CX13: 0.056 | CY13: 0.06743 | CZ13: 0.099643333 | DA13: 0.203812 | DB13: 0.049 | DC13: 0.23145667 | DD13: 0.22227633 | DE13: 0.05 | DF13: 0.130562 | DG13: 0.146408 | DH13: 0.34889767 | DI13: 0.049 | DJ13: 0.051 | DK13: 0.299178 | DL13: 0.19352733 | DM13: 0.08274 | DN13: 0.092042667 | DO13: 0.049829667 | DP13: 0.11470333 | DQ13: 0.22742533 | DR13: 0.23271967 | DS13: 0.108398 | DT13: 0.221938 | DU13: 0.048 | DV13: 0.051 | DW13: 0.14462567 | DX13: 0.089139 | DY13: 0.052 | DZ13: 0.13481867 | EA13: 0.10830567 | EB13: 0.046 | EC13: 0.045 | ED13: 0.053 | EE13: 0.15748887 | EF13: 0.056 | EG13: 0.243082 | EH13: 0.155144 | EI13: 0.060487 | EJ13: 0.21025 | EK13: 0.23081133 | EL13: 0.222234 | EM13: 0.088508 | EN13: 0.045 | EO13: 0.13119533 | EP13: 0.165615 | EQ13: 0.041 | ER13: 0.066116 | ES13: 0.30335133 | ET13: 0.10989067 | EU13: 0.289906 | EV13: 0.05 | EW13: 0.12895333 | EX13: 0.058 | EY13: 0.138063 | EZ13: 0.18960333 | FA13: 0.14264067 | FB13: 0.072245333 | FC13: 0.237073 | FD13: 0.05 | FE13: 0.056 | FF13: 0.052 | FG13: 0.057447967 | FH13: 0.037 | FI13: 0.176085 | FJ13: 0.136024 | FK13: 0.29251067 | FL13: 0.31908333 | FM13: 0.053 | FN13: 0.108113 | FO13: 0.52729 | FP13: 0.036 | FQ13: 0.18486733 | FR13: 0.107545 | FS13: 0.119794 | FT13: 0.059 | FU13: 0.21944867 | FV13: 0.145076 | FW13: 0.058 | FX13: 0.38664467 | FY13: 0.083302 | FZ13: 0.216135 | GA13: 0.067140667 | GB13: 0.14234 | GC13: 0.062573667 | GD13: 0.063821333 | GE13: 0.16817333 | GF13: 0.23935973 | GG13: 0.05 | GH13: 0.051 | GI13: 0.052 | GJ13: 0.0548 | GK13: 0.05098 | GL13: 0.234169 | GM13: 0.043 | GN13: 0.21657133 | GO13: 0.12625 | GP13: 0.13732 | GQ13: 0.21384067 | GR13: 0.17578467 | GS13: 0.047 | GT13: 0.053 | GU13: 0.14205967 | GV13: 0.098872 | GW13: 0.049 | GX13: 0.057 | GY13: 0.056 | GZ13: 0.13525 | HA13: 0.047 | HB13: 0.10126667 | HC13: 0.13007833 | HD13: 0.30150367 | HE13: 0.099503333 | HF13: 0.21363467 | HG13: 0.042 | HH13: 0.049 | HI13: 0.12717219 | HJ13: 27.214848
... A49: 48 | B49: 23.5 | C49: 0.684389 | D49: 0.21550867 | E49: 0.24253233 | F49: 0.13636733 | G49: 0.105582 | H49: 0.723764 | I49: 1.2063367 | J49: 0.24664 | K49: 0.13159 | L49: 0.32778133 | M49: 0.057423667 | N49: 0.047 | O49: 0.051 | P49: 0.29372 | Q49: 0.12737167 | R49: 0.05277 | S49: 0.13206233 | T49: 0.144072 | U49: 0.052 | V49: 0.56109133 | W49: 0.105056 | X49: 0.49439333 | Y49: 0.051 | Z49: 1.4502627 | AA49: 0.27186133 | AB49: 0.049 | AC49: 1.0218333 | AD49: 0.053 | AE49: 0.27283133 | AF49: 0.129966 | AG49: 0.58632733 | AH49: 0.397703 | AI49: 0.1743556 | AJ49: 0.17147687 | AK49: 0.45226267 | AL49: 0.051 | AM49: 0.049 | AN49: 0.14114667 | AO49: 0.055 | AP49: 0.15676133 | AQ49: 0.215254 | AR49: 0.18202667 | AS49: 0.10977167 | AT49: 0.053 | AU49: 0.069845 | AV49: 0.84898733 | AW49: 0.067027667 | AX49: 1.2859 | AY49: 0.18627233 | AZ49: 0.19357933 | BA49: 0.36987733 | BB49: 0.272272 | BC49: 0.92229233 | BD49: 0.34115067 | BE49: 0.20786167 | BF49: 0.28532967 | BG49: 0.18498667 | BH49: 0.226553 | BI49: 0.14003 | BJ49: 0.057 | BK49: 0.60097533 | BL49: 0.22884467 | BM49: 0.21647867 | BN49: 0.312884 | BO49: 0.102528 | BP49: 0.66162693 | BQ49: 0.14836067 | BR49: 0.057 | BS49: 0.052 | BT49: 0.057 | BU49: 0.71470167 | BV49: 0.13226667 | BW49: 0.44715667 | BX49: 0.146656 | BY49: 0.31744933 | BZ49: 0.05 | CA49: 0.28762533 | CB49: 0.058956 | CC49: 0.052 | CD49: 0.42583333 | CE49: 0.52612667 | CF49: 0.064611533 | CG49: 0.47466067 | CH49: 0.62325233 | CI49: 0.17457333 | CJ49: 0.15649333 | CK49: 0.18570667 | CL49: 0.370714 | CM49: 0.052 | CN49: 0.052 | CO49: 0.118986 | CP49: 0.47243167 | CQ49: 0.137684 | CR49: 0.590338 | CS49: 0.048 | CT49: 0.20060267 | CU49: 0.45325033 | CV49: 0.64933467 | CW49: 0.15012333 | CX49: 0.44285867 | CY49: 0.55077233 | CZ49: 0.071538 | DA49: 0.196866 | DB49: 0.125266 | DC49: 0.047 | DD49: 0.14354 | DE49: 0.05 | DF49: 0.142185 | DG49: 0.159178 | DH49: 0.097854 | DI49: 0.17229 | DJ49: 0.231279 | DK49: 0.11261067 | DL49: 0.20810133 | DM49: 0.070044 | DN49: 0.176612 | DO49: 0.58379867 | DP49: 0.58392333 | DQ49: 0.38854467 | DR49: 0.055 | DS49: 0.19275067 | DT49: 0.051 | DU49: 0.21489933 | DV49: 0.057782667 | DW49: 0.21876267 | DX49: 0.171663 | DY49: 0.756732 | DZ49: 1.449575 | EA49: 0.04 | EB49: 0.046 | EC49: 0.861402 | ED49: 0.053 | EE49: 0.42737133 | EF49: 0.20940967 | EG49: 1.8771263 | EH49: 0.131452 | EI49: 0.34166867 | EJ49: 0.1955 | EK49: 0.066651333 | EL49: 0.14369867 | EM49: 0.28776167 | EN49: 0.045 | EO49: 0.036 | EP49: 0.05 | EQ49: 0.49001 | ER49: 0.179138 | ES49: 0.22767433 | ET49: 0.113296 | EU49: 0.237638 | EV49: 0.17550667 | EW49: 0.22249733 | EX49: 0.144232 | EY49: 0.839261 | EZ49: 0.10304167 | FA49: 0.30204567 | FB49: 0.057 | FC49: 0.377024 | FD49: 0.10539733 | FE49: 0.056 | FF49: 0.56877133 | FG49: 0.681864 | FH49: 0.493005 | FI49: 0.73583767 | FJ49: 0.136024 | FK49: 0.43417367 | FL49: 0.610403 | FM49: 0.053 | FN49: 0.051 | FO49: 0.119426 | FP49: 0.225344 | FQ49: 0.11903867 | FR49: 0.15295 | FS49: 0.072903333 | FT49: 0.984827 | FU49: 0.49751733 | FV49: 0.233014 | FW49: 0.153826 | FX49: 0.34948567 | FY49: 0.25084667 | FZ49: 0.72878367 | GA49: 0.054 | GB49: 0.81184933 | GC49: 0.11831033 | GD49: 1.1191983 | GE49: 0.06 | GF49: 0.38769 | GG49: 0.20416733 | GH49: 0.087111667 | GI49: 0.052 | GJ49: 0.29696667 | GK49: 0.10165133 | GL49: 0.183488 | GM49: 0.32611167 | GN49: 0.048 | GO49: 0.163335 | GP49: 0.217944 | GQ49: 0.133004 | GR49: 0.053 | GS49: 0.14899933 | GT49: 0.17753133 | GU49: 0.134204 | GV49: 0.047 | GW49: 0.395353 | GX49: 0.48617 | GY49: 0.203136 | GZ49: 0.128 | HA49: 0.29909333 | HB49: 0.14725333 | HC49: 0.145245 | HD49: 0.05882 | HE49: 0.048 | HF49: 0.18076533 | HG49: 0.042 | HH49: 0.049 | HI49: 0.27751476 | HJ49: 59.38816

Sheet PV_kW
A1: period | B1: hour | C1: BES_TR5_one38_B | D1: BES_TR5_one195_C | E1: BES_TR5_one195_dup_C | F1: BES_TR5_one235_A | G1: BES_TR5_one235_dup_A | H1: BES_TR5_one242_dup_B | I1: BES_TR5_one252_C | J1: BES_TR5_one252_dup_C | K1: BES_TR5_one260_dup_C | L1: BES_TR5_one280_A | M1: BES_TR5_one287_B | N1: BES_TR5_one299_B | O1: BES_TR5_one299_dup_B | P1: BES_TR5_one313_A | Q1: BES_TR5_one313_dup_A | R1: BES_TR5_one42_B | S1: BES_TR5_one320_B | T1: BES_TR5_one321_C | U1: BES_TR5_one328_A | V1: BES_TR5_one345_dup_A | W1: BES_TR5_one346_C | X1: BES_TR5_one366_dup_B | Y1: BES_TR5_one375_C | Z1: BES_TR5_one375_dup_C | AA1: BES_TR5_one410_B | AB1: BES_TR5_one410_dup_B | AC1: BES_TR5_one50_A | AD1: BES_TR5_one416_C | AE1: BES_TR5_one416_dup_C | AF1: BES_TR5_one423_dup_B | AG1: BES_TR5_one446_dup_B | AH1: BES_TR5_one469_A | AI1: BES_TR5_one477_A | AJ1: BES_TR5_one477_dup_A | AK1: BES_TR5_one480_A | AL1: BES_TR5_one480_dup_A | AM1: BES_TR5_one521_dup_C | AN1: BES_TR5_one528_C | AO1: BES_TR5_one528_dup_C | AP1: BES_TR5_one61_dup_A | AQ1: BES_TR5_one544_A | AR1: BES_TR5_one544_dup_A | AS1: BES_TR5_one559_C | AT1: BES_TR5_one590_A | AU1: BES_TR5_one590_dup_A | AV1: BES_TR5_one605_A | AW1: BES_TR5_one605_dup_A | AX1: BES_TR5_one614_B | AY1: BES_TR5_one617_dup_A | AZ1: BES_TR5_one73_A | BA1: BES_TR5_one73_dup_A | BB1: BES_TR5_one76_A | BC1: BES_TR5_one133_A | BD1: BES_TR5_one137_A | BE1: BES_TR5_one176_A | BF1: BES_TR5_four1252_C | BG1: BES_TR5_four171_A | BH1: BES_TR5_four180_A | BI1: BES_TR5_four184_B | BJ1: BES_TR5_four200_A | BK1: BES_TR5_four239_A | BL1: BES_TR5_four259_B | BM1: BES_TR5_four54_C | BN1: BES_TR5_four279_B | BO1: BES_TR5_four288_B | BP1: BES_TR5_four301_C | BQ1: BES_TR5_four326_A | BR1: BES_TR5_four352_A | BS1: BES_TR5_four354_B | BT1: BES_TR5_four358_C | BU1: BES_TR5_four381_A | BV1: BES_TR5_four385_A | BW1: BES_TR5_four396_B | BX1: BES_TR5_four423_C | BY1: BES_TR5_four446_B | BZ1: BES_TR5_four451_C | CA1: BES_TR5_four532_A | CB1: BES_TR5_four548_B | CC1: BES_TR5_four553_B | CD1: BES_TR5_four562_C | CE1: BES_TR5_four70_B | CF1: BES_TR5_four659_B | CG1: BES_TR5_four675_C | CH1: BES_TR5_four704_B | CI1: BES_TR5_four710_C | CJ1: BES_TR5_four734_A | CK1: BES_TR5_four763_A | CL1: BES_TR5_four797_C | CM1: BES_TR5_four840_A | CN1: BES_TR5_four854_A | CO1: BES_TR5_four926_B | CP1: BES_TR5_four958_C | CQ1: BES_TR5_four1027_A | CR1: BES_TR5_four1063_C | CS1: BES_TR5_four1091_B | CT1: BES_TR5_four1103_C | CU1: BES_TR5_four1132_C | CV1: BES_TR5_four1140_A | CW1: BES_TR5_four126_A | CX1: BES_TR5_four1187_A | CY1: BES_TR5_four1207_B | CZ1: BES_TR5_four1216_C | DA1: BES_TR5_four1220_C | DB1: BES_TR5_four1226_A | DC1: BES_TR5_four1244_B | DD1: BES_TR5_five58_dup_C | DE1: BES_TR5_five147_dup_C | DF1: BES_TR5_five149_A | DG1: BES_TR5_five149_dup_A | DH1: BES_TR5_five160_C | DI1: BES_TR5_five160_dup_C | DJ1: BES_TR5_five168_A | DK1: BES_TR5_five170_A | DL1: BES_TR5_five177_A | DM1: BES_TR5_five194_C | DN1: BES_TR5_five194_dup_C | DO1: BES_TR5_five220_C | DP1: BES_TR5_five220_dup_C | DQ1: BES_TR5_five223_dup_A | DR1: BES_TR5_five242_dup_A | DS1: BES_TR5_five243_dup_B | DT1: BES_TR5_five284_C | DU1: BES_TR5_five284_dup_C | DV1: BES_TR5_five285_B | DW1: BES_TR5_five309_C | DX1: BES_TR5_five324_B | DY1: BES_TR5_five345_A | DZ1: BES_TR5_five355_A | EA1: BES_TR5_five78_dup_A | EB1: BES_TR5_five394_C | EC1: BES_TR5_five421_A | ED1: BES_TR5_five421_dup_A | EE1: BES_TR5_five457_B | EF1: BES_TR5_five457_dup_B | EG1: BES_TR5_five466_A | EH1: BES_TR5_five472_dup_A | EI1: BES_TR5_five488_B | EJ1: BES_TR5_five488_dup_B | EK1: BES_TR5_five494_dup_B | EL1: BES_TR5_five512_A | EM1: BES_TR5_five513_dup_B | EN1: BES_TR5_five537_C | EO1: BES_TR5_five537_dup_C | EP1: BES_TR5_five540_A | EQ1: BES_TR5_five545_dup_B | ER1: BES_TR5_five585_dup_A | ES1: BES_TR5_five588_dup_A | ET1: BES_TR5_five108_B | EU1: BES_TR5_five108_dup_B | EV1: BES_TR5_five663_C | EW1: BES_TR5_five663_dup_C | EX1: BES_TR5_five670_C | EY1: BES_TR5_five670_dup_C | EZ1: BES_TR5_five685_dup_B | FA1: BES_TR5_five695_dup_A | FB1: BES_TR5_five704_dup_A | FC1: BES_TR5_five719_A | FD1: BES_TR5_five719_dup_A | FE1: BES_TR5_five735_A | FF1: BES_TR5_five748_dup_B | FG1: BES_TR5_five117_dup_B | FH1: BES_TR5_five750_B | FI1: BES_TR5_five750_dup_B | FJ1: BES_TR5_five778_dup_B | FK1: BES_TR5_five793_A | FL1: BES_TR5_five793_dup_A | FM1: BES_TR5_five799_dup_C | FN1: BES_TR5_five801_dup_C | FO1: BES_TR5_five118_B | FP1: BES_TR5_six64_A | FQ1: BES_TR5_six173_C | FR1: BES_TR5_six186_A | FS1: BES_TR5_six203_A | FT1: BES_TR5_six238_A | FU1: BES_TR5_six249_B | FV1: BES_TR5_six254_B | FW1: BES_TR5_six68_C | FX1: BES_TR5_six317_C | FY1: BES_TR5_six326_A | FZ1: BES_TR5_six342_A | GA1: BES_TR5_six350_B | GB1: BES_TR5_six75_A | GC1: BES_TR5_six385_B | GD1: BES_TR5_six387_A | GE1: BES_TR5_six392_C | GF1: BES_TR5_six431_C | GG1: BES_TR5_six441_A | GH1: BES_TR5_six512_B | GI1: BES_TR5_six518_B | GJ1: BES_TR5_six523_C | GK1: BES_TR5_six534_B | GL1: BES_TR5_six591_C | GM1: BES_TR5_six595_B | GN1: BES_TR5_six643_A | GO1: BES_TR5_six646_B | GP1: BES_TR5_six651_C | GQ1: BES_TR5_six87_A | GR1: BES_TR5_six665_B | GS1: BES_TR5_six718_C | GT1: BES_TR5_six721_A | GU1: BES_TR5_six723_B | GV1: BES_TR5_six740_A | GW1: BES_TR5_six799_B | GX1: BES_TR5_six807_A | GY1: BES_TR5_six852_B | GZ1: BES_TR5_six860_C | HA1: BES_TR5_six885_A | HB1: BES_TR5_six909_C | HC1: BES_TR5_six921_B | HD1: BES_TR5_six929_A | HE1: BES_TR5_six952_A | HF1: BES_TR5_six967_B | HG1: BES_TR5_six111_C | HH1: BES_TR5_six1006_C | HI1: fleet_average | HJ1: fleet_total
A2: 1 | B2: 0 | C2: 0 | D2: 0 | E2: 0 | F2: 0 | G2: 0 | H2: 0 | I2: 0 | J2: 0 | K2: 0 | L2: 0 | M2: 0 | N2: 0 | O2: 0 | P2: 0 | Q2: 0 | R2: 0 | S2: 0 | T2: 0 | U2: 0 | V2: 0 | W2: 0 | X2: 0 | Y2: 0 | Z2: 0 | AA2: 0 | AB2: 0 | AC2: 0 | AD2: 0 | AE2: 0 | AF2: 0 | AG2: 0 | AH2: 0 | AI2: 0 | AJ2: 0 | AK2: 0 | AL2: 0 | AM2: 0 | AN2: 0 | AO2: 0 | AP2: 0 | AQ2: 0 | AR2: 0 | AS2: 0 | AT2: 0 | AU2: 0 | AV2: 0 | AW2: 0 | AX2: 0 | AY2: 0 | AZ2: 0 | BA2: 0 | BB2: 0 | BC2: 0 | BD2: 0 | BE2: 0 | BF2: 0 | BG2: 0 | BH2: 0 | BI2: 0 | BJ2: 0 | BK2: 0 | BL2: 0 | BM2: 0 | BN2: 0 | BO2: 0 | BP2: 0 | BQ2: 0 | BR2: 0 | BS2: 0 | BT2: 0 | BU2: 0 | BV2: 0 | BW2: 0 | BX2: 0 | BY2: 0 | BZ2: 0 | CA2: 0 | CB2: 0 | CC2: 0 | CD2: 0 | CE2: 0 | CF2: 0 | CG2: 0 | CH2: 0 | CI2: 0 | CJ2: 0 | CK2: 0 | CL2: 0 | CM2: 0 | CN2: 0 | CO2: 0 | CP2: 0 | CQ2: 0 | CR2: 0 | CS2: 0 | CT2: 0 | CU2: 0 | CV2: 0 | CW2: 0 | CX2: 0 | CY2: 0 | CZ2: 0 | DA2: 0 | DB2: 0 | DC2: 0 | DD2: 0 | DE2: 0 | DF2: 0 | DG2: 0 | DH2: 0 | DI2: 0 | DJ2: 0 | DK2: 0 | DL2: 0 | DM2: 0 | DN2: 0 | DO2: 0 | DP2: 0 | DQ2: 0 | DR2: 0 | DS2: 0 | DT2: 0 | DU2: 0 | DV2: 0 | DW2: 0 | DX2: 0 | DY2: 0 | DZ2: 0 | EA2: 0 | EB2: 0 | EC2: 0 | ED2: 0 | EE2: 0 | EF2: 0 | EG2: 0 | EH2: 0 | EI2: 0 | EJ2: 0 | EK2: 0 | EL2: 0 | EM2: 0 | EN2: 0 | EO2: 0 | EP2: 0 | EQ2: 0 | ER2: 0 | ES2: 0 | ET2: 0 | EU2: 0 | EV2: 0 | EW2: 0 | EX2: 0 | EY2: 0 | EZ2: 0 | FA2: 0 | FB2: 0 | FC2: 0 | FD2: 0 | FE2: 0 | FF2: 0 | FG2: 0 | FH2: 0 | FI2: 0 | FJ2: 0 | FK2: 0 | FL2: 0 | FM2: 0 | FN2: 0 | FO2: 0 | FP2: 0 | FQ2: 0 | FR2: 0 | FS2: 0 | FT2: 0 | FU2: 0 | FV2: 0 | FW2: 0 | FX2: 0 | FY2: 0 | FZ2: 0 | GA2: 0 | GB2: 0 | GC2: 0 | GD2: 0 | GE2: 0 | GF2: 0 | GG2: 0 | GH2: 0 | GI2: 0 | GJ2: 0 | GK2: 0 | GL2: 0 | GM2: 0 | GN2: 0 | GO2: 0 | GP2: 0 | GQ2: 0 | GR2: 0 | GS2: 0 | GT2: 0 | GU2: 0 | GV2: 0 | GW2: 0 | GX2: 0 | GY2: 0 | GZ2: 0 | HA2: 0 | HB2: 0 | HC2: 0 | HD2: 0 | HE2: 0 | HF2: 0 | HG2: 0 | HH2: 0 | HI2: 0 | HJ2: 0
A3: 2 | B3: 0.5 | C3: 0 | D3: 0 | E3: 0 | F3: 0 | G3: 0 | H3: 0 | I3: 0 | J3: 0 | K3: 0 | L3: 0 | M3: 0 | N3: 0 | O3: 0 | P3: 0 | Q3: 0 | R3: 0 | S3: 0 | T3: 0 | U3: 0 | V3: 0 | W3: 0 | X3: 0 | Y3: 0 | Z3: 0 | AA3: 0 | AB3: 0 | AC3: 0 | AD3: 0 | AE3: 0 | AF3: 0 | AG3: 0 | AH3: 0 | AI3: 0 | AJ3: 0 | AK3: 0 | AL3: 0 | AM3: 0 | AN3: 0 | AO3: 0 | AP3: 0 | AQ3: 0 | AR3: 0 | AS3: 0 | AT3: 0 | AU3: 0 | AV3: 0 | AW3: 0 | AX3: 0 | AY3: 0 | AZ3: 0 | BA3: 0 | BB3: 0 | BC3: 0 | BD3: 0 | BE3: 0 | BF3: 0 | BG3: 0 | BH3: 0 | BI3: 0 | BJ3: 0 | BK3: 0 | BL3: 0 | BM3: 0 | BN3: 0 | BO3: 0 | BP3: 0 | BQ3: 0 | BR3: 0 | BS3: 0 | BT3: 0 | BU3: 0 | BV3: 0 | BW3: 0 | BX3: 0 | BY3: 0 | BZ3: 0 | CA3: 0 | CB3: 0 | CC3: 0 | CD3: 0 | CE3: 0 | CF3: 0 | CG3: 0 | CH3: 0 | CI3: 0 | CJ3: 0 | CK3: 0 | CL3: 0 | CM3: 0 | CN3: 0 | CO3: 0 | CP3: 0 | CQ3: 0 | CR3: 0 | CS3: 0 | CT3: 0 | CU3: 0 | CV3: 0 | CW3: 0 | CX3: 0 | CY3: 0 | CZ3: 0 | DA3: 0 | DB3: 0 | DC3: 0 | DD3: 0 | DE3: 0 | DF3: 0 | DG3: 0 | DH3: 0 | DI3: 0 | DJ3: 0 | DK3: 0 | DL3: 0 | DM3: 0 | DN3: 0 | DO3: 0 | DP3: 0 | DQ3: 0 | DR3: 0 | DS3: 0 | DT3: 0 | DU3: 0 | DV3: 0 | DW3: 0 | DX3: 0 | DY3: 0 | DZ3: 0 | EA3: 0 | EB3: 0 | EC3: 0 | ED3: 0 | EE3: 0 | EF3: 0 | EG3: 0 | EH3: 0 | EI3: 0 | EJ3: 0 | EK3: 0 | EL3: 0 | EM3: 0 | EN3: 0 | EO3: 0 | EP3: 0 | EQ3: 0 | ER3: 0 | ES3: 0 | ET3: 0 | EU3: 0 | EV3: 0 | EW3: 0 | EX3: 0 | EY3: 0 | EZ3: 0 | FA3: 0 | FB3: 0 | FC3: 0 | FD3: 0 | FE3: 0 | FF3: 0 | FG3: 0 | FH3: 0 | FI3: 0 | FJ3: 0 | FK3: 0 | FL3: 0 | FM3: 0 | FN3: 0 | FO3: 0 | FP3: 0 | FQ3: 0 | FR3: 0 | FS3: 0 | FT3: 0 | FU3: 0 | FV3: 0 | FW3: 0 | FX3: 0 | FY3: 0 | FZ3: 0 | GA3: 0 | GB3: 0 | GC3: 0 | GD3: 0 | GE3: 0 | GF3: 0 | GG3: 0 | GH3: 0 | GI3: 0 | GJ3: 0 | GK3: 0 | GL3: 0 | GM3: 0 | GN3: 0 | GO3: 0 | GP3: 0 | GQ3: 0 | GR3: 0 | GS3: 0 | GT3: 0 | GU3: 0 | GV3: 0 | GW3: 0 | GX3: 0 | GY3: 0 | GZ3: 0 | HA3: 0 | HB3: 0 | HC3: 0 | HD3: 0 | HE3: 0 | HF3: 0 | HG3: 0 | HH3: 0 | HI3: 0 | HJ3: 0
A4: 3 | B4: 1 | C4: 0 | D4: 0 | E4: 0 | F4: 0 | G4: 0 | H4: 0 | I4: 0 | J4: 0 | K4: 0 | L4: 0 | M4: 0 | N4: 0 | O4: 0 | P4: 0 | Q4: 0 | R4: 0 | S4: 0 | T4: 0 | U4: 0 | V4: 0 | W4: 0 | X4: 0 | Y4: 0 | Z4: 0 | AA4: 0 | AB4: 0 | AC4: 0 | AD4: 0 | AE4: 0 | AF4: 0 | AG4: 0 | AH4: 0 | AI4: 0 | AJ4: 0 | AK4: 0 | AL4: 0 | AM4: 0 | AN4: 0 | AO4: 0 | AP4: 0 | AQ4: 0 | AR4: 0 | AS4: 0 | AT4: 0 | AU4: 0 | AV4: 0 | AW4: 0 | AX4: 0 | AY4: 0 | AZ4: 0 | BA4: 0 | BB4: 0 | BC4: 0 | BD4: 0 | BE4: 0 | BF4: 0 | BG4: 0 | BH4: 0 | BI4: 0 | BJ4: 0 | BK4: 0 | BL4: 0 | BM4: 0 | BN4: 0 | BO4: 0 | BP4: 0 | BQ4: 0 | BR4: 0 | BS4: 0 | BT4: 0 | BU4: 0 | BV4: 0 | BW4: 0 | BX4: 0 | BY4: 0 | BZ4: 0 | CA4: 0 | CB4: 0 | CC4: 0 | CD4: 0 | CE4: 0 | CF4: 0 | CG4: 0 | CH4: 0 | CI4: 0 | CJ4: 0 | CK4: 0 | CL4: 0 | CM4: 0 | CN4: 0 | CO4: 0 | CP4: 0 | CQ4: 0 | CR4: 0 | CS4: 0 | CT4: 0 | CU4: 0 | CV4: 0 | CW4: 0 | CX4: 0 | CY4: 0 | CZ4: 0 | DA4: 0 | DB4: 0 | DC4: 0 | DD4: 0 | DE4: 0 | DF4: 0 | DG4: 0 | DH4: 0 | DI4: 0 | DJ4: 0 | DK4: 0 | DL4: 0 | DM4: 0 | DN4: 0 | DO4: 0 | DP4: 0 | DQ4: 0 | DR4: 0 | DS4: 0 | DT4: 0 | DU4: 0 | DV4: 0 | DW4: 0 | DX4: 0 | DY4: 0 | DZ4: 0 | EA4: 0 | EB4: 0 | EC4: 0 | ED4: 0 | EE4: 0 | EF4: 0 | EG4: 0 | EH4: 0 | EI4: 0 | EJ4: 0 | EK4: 0 | EL4: 0 | EM4: 0 | EN4: 0 | EO4: 0 | EP4: 0 | EQ4: 0 | ER4: 0 | ES4: 0 | ET4: 0 | EU4: 0 | EV4: 0 | EW4: 0 | EX4: 0 | EY4: 0 | EZ4: 0 | FA4: 0 | FB4: 0 | FC4: 0 | FD4: 0 | FE4: 0 | FF4: 0 | FG4: 0 | FH4: 0 | FI4: 0 | FJ4: 0 | FK4: 0 | FL4: 0 | FM4: 0 | FN4: 0 | FO4: 0 | FP4: 0 | FQ4: 0 | FR4: 0 | FS4: 0 | FT4: 0 | FU4: 0 | FV4: 0 | FW4: 0 | FX4: 0 | FY4: 0 | FZ4: 0 | GA4: 0 | GB4: 0 | GC4: 0 | GD4: 0 | GE4: 0 | GF4: 0 | GG4: 0 | GH4: 0 | GI4: 0 | GJ4: 0 | GK4: 0 | GL4: 0 | GM4: 0 | GN4: 0 | GO4: 0 | GP4: 0 | GQ4: 0 | GR4: 0 | GS4: 0 | GT4: 0 | GU4: 0 | GV4: 0 | GW4: 0 | GX4: 0 | GY4: 0 | GZ4: 0 | HA4: 0 | HB4: 0 | HC4: 0 | HD4: 0 | HE4: 0 | HF4: 0 | HG4: 0 | HH4: 0 | HI4: 0 | HJ4: 0
A5: 4 | B5: 1.5 | C5: 0 | D5: 0 | E5: 0 | F5: 0 | G5: 0 | H5: 0 | I5: 0 | J5: 0 | K5: 0 | L5: 0 | M5: 0 | N5: 0 | O5: 0 | P5: 0 | Q5: 0 | R5: 0 | S5: 0 | T5: 0 | U5: 0 | V5: 0 | W5: 0 | X5: 0 | Y5: 0 | Z5: 0 | AA5: 0 | AB5: 0 | AC5: 0 | AD5: 0 | AE5: 0 | AF5: 0 | AG5: 0 | AH5: 0 | AI5: 0 | AJ5: 0 | AK5: 0 | AL5: 0 | AM5: 0 | AN5: 0 | AO5: 0 | AP5: 0 | AQ5: 0 | AR5: 0 | AS5: 0 | AT5: 0 | AU5: 0 | AV5: 0 | AW5: 0 | AX5: 0 | AY5: 0 | AZ5: 0 | BA5: 0 | BB5: 0 | BC5: 0 | BD5: 0 | BE5: 0 | BF5: 0 | BG5: 0 | BH5: 0 | BI5: 0 | BJ5: 0 | BK5: 0 | BL5: 0 | BM5: 0 | BN5: 0 | BO5: 0 | BP5: 0 | BQ5: 0 | BR5: 0 | BS5: 0 | BT5: 0 | BU5: 0 | BV5: 0 | BW5: 0 | BX5: 0 | BY5: 0 | BZ5: 0 | CA5: 0 | CB5: 0 | CC5: 0 | CD5: 0 | CE5: 0 | CF5: 0 | CG5: 0 | CH5: 0 | CI5: 0 | CJ5: 0 | CK5: 0 | CL5: 0 | CM5: 0 | CN5: 0 | CO5: 0 | CP5: 0 | CQ5: 0 | CR5: 0 | CS5: 0 | CT5: 0 | CU5: 0 | CV5: 0 | CW5: 0 | CX5: 0 | CY5: 0 | CZ5: 0 | DA5: 0 | DB5: 0 | DC5: 0 | DD5: 0 | DE5: 0 | DF5: 0 | DG5: 0 | DH5: 0 | DI5: 0 | DJ5: 0 | DK5: 0 | DL5: 0 | DM5: 0 | DN5: 0 | DO5: 0 | DP5: 0 | DQ5: 0 | DR5: 0 | DS5: 0 | DT5: 0 | DU5: 0 | DV5: 0 | DW5: 0 | DX5: 0 | DY5: 0 | DZ5: 0 | EA5: 0 | EB5: 0 | EC5: 0 | ED5: 0 | EE5: 0 | EF5: 0 | EG5: 0 | EH5: 0 | EI5: 0 | EJ5: 0 | EK5: 0 | EL5: 0 | EM5: 0 | EN5: 0 | EO5: 0 | EP5: 0 | EQ5: 0 | ER5: 0 | ES5: 0 | ET5: 0 | EU5: 0 | EV5: 0 | EW5: 0 | EX5: 0 | EY5: 0 | EZ5: 0 | FA5: 0 | FB5: 0 | FC5: 0 | FD5: 0 | FE5: 0 | FF5: 0 | FG5: 0 | FH5: 0 | FI5: 0 | FJ5: 0 | FK5: 0 | FL5: 0 | FM5: 0 | FN5: 0 | FO5: 0 | FP5: 0 | FQ5: 0 | FR5: 0 | FS5: 0 | FT5: 0 | FU5: 0 | FV5: 0 | FW5: 0 | FX5: 0 | FY5: 0 | FZ5: 0 | GA5: 0 | GB5: 0 | GC5: 0 | GD5: 0 | GE5: 0 | GF5: 0 | GG5: 0 | GH5: 0 | GI5: 0 | GJ5: 0 | GK5: 0 | GL5: 0 | GM5: 0 | GN5: 0 | GO5: 0 | GP5: 0 | GQ5: 0 | GR5: 0 | GS5: 0 | GT5: 0 | GU5: 0 | GV5: 0 | GW5: 0 | GX5: 0 | GY5: 0 | GZ5: 0 | HA5: 0 | HB5: 0 | HC5: 0 | HD5: 0 | HE5: 0 | HF5: 0 | HG5: 0 | HH5: 0 | HI5: 0 | HJ5: 0
A6: 5 | B6: 2 | C6: 0 | D6: 0 | E6: 0 | F6: 0 | G6: 0 | H6: 0 | I6: 0 | J6: 0 | K6: 0 | L6: 0 | M6: 0 | N6: 0 | O6: 0 | P6: 0 | Q6: 0 | R6: 0 | S6: 0 | T6: 0 | U6: 0 | V6: 0 | W6: 0 | X6: 0 | Y6: 0 | Z6: 0 | AA6: 0 | AB6: 0 | AC6: 0 | AD6: 0 | AE6: 0 | AF6: 0 | AG6: 0 | AH6: 0 | AI6: 0 | AJ6: 0 | AK6: 0 | AL6: 0 | AM6: 0 | AN6: 0 | AO6: 0 | AP6: 0 | AQ6: 0 | AR6: 0 | AS6: 0 | AT6: 0 | AU6: 0 | AV6: 0 | AW6: 0 | AX6: 0 | AY6: 0 | AZ6: 0 | BA6: 0 | BB6: 0 | BC6: 0 | BD6: 0 | BE6: 0 | BF6: 0 | BG6: 0 | BH6: 0 | BI6: 0 | BJ6: 0 | BK6: 0 | BL6: 0 | BM6: 0 | BN6: 0 | BO6: 0 | BP6: 0 | BQ6: 0 | BR6: 0 | BS6: 0 | BT6: 0 | BU6: 0 | BV6: 0 | BW6: 0 | BX6: 0 | BY6: 0 | BZ6: 0 | CA6: 0 | CB6: 0 | CC6: 0 | CD6: 0 | CE6: 0 | CF6: 0 | CG6: 0 | CH6: 0 | CI6: 0 | CJ6: 0 | CK6: 0 | CL6: 0 | CM6: 0 | CN6: 0 | CO6: 0 | CP6: 0 | CQ6: 0 | CR6: 0 | CS6: 0 | CT6: 0 | CU6: 0 | CV6: 0 | CW6: 0 | CX6: 0 | CY6: 0 | CZ6: 0 | DA6: 0 | DB6: 0 | DC6: 0 | DD6: 0 | DE6: 0 | DF6: 0 | DG6: 0 | DH6: 0 | DI6: 0 | DJ6: 0 | DK6: 0 | DL6: 0 | DM6: 0 | DN6: 0 | DO6: 0 | DP6: 0 | DQ6: 0 | DR6: 0 | DS6: 0 | DT6: 0 | DU6: 0 | DV6: 0 | DW6: 0 | DX6: 0 | DY6: 0 | DZ6: 0 | EA6: 0 | EB6: 0 | EC6: 0 | ED6: 0 | EE6: 0 | EF6: 0 | EG6: 0 | EH6: 0 | EI6: 0 | EJ6: 0 | EK6: 0 | EL6: 0 | EM6: 0 | EN6: 0 | EO6: 0 | EP6: 0 | EQ6: 0 | ER6: 0 | ES6: 0 | ET6: 0 | EU6: 0 | EV6: 0 | EW6: 0 | EX6: 0 | EY6: 0 | EZ6: 0 | FA6: 0 | FB6: 0 | FC6: 0 | FD6: 0 | FE6: 0 | FF6: 0 | FG6: 0 | FH6: 0 | FI6: 0 | FJ6: 0 | FK6: 0 | FL6: 0 | FM6: 0 | FN6: 0 | FO6: 0 | FP6: 0 | FQ6: 0 | FR6: 0 | FS6: 0 | FT6: 0 | FU6: 0 | FV6: 0 | FW6: 0 | FX6: 0 | FY6: 0 | FZ6: 0 | GA6: 0 | GB6: 0 | GC6: 0 | GD6: 0 | GE6: 0 | GF6: 0 | GG6: 0 | GH6: 0 | GI6: 0 | GJ6: 0 | GK6: 0 | GL6: 0 | GM6: 0 | GN6: 0 | GO6: 0 | GP6: 0 | GQ6: 0 | GR6: 0 | GS6: 0 | GT6: 0 | GU6: 0 | GV6: 0 | GW6: 0 | GX6: 0 | GY6: 0 | GZ6: 0 | HA6: 0 | HB6: 0 | HC6: 0 | HD6: 0 | HE6: 0 | HF6: 0 | HG6: 0 | HH6: 0 | HI6: 0 | HJ6: 0
A7: 6 | B7: 2.5 | C7: 0 | D7: 0 | E7: 0 | F7: 0 | G7: 0 | H7: 0 | I7: 0 | J7: 0 | K7: 0 | L7: 0 | M7: 0 | N7: 0 | O7: 0 | P7: 0 | Q7: 0 | R7: 0 | S7: 0 | T7: 0 | U7: 0 | V7: 0 | W7: 0 | X7: 0 | Y7: 0 | Z7: 0 | AA7: 0 | AB7: 0 | AC7: 0 | AD7: 0 | AE7: 0 | AF7: 0 | AG7: 0 | AH7: 0 | AI7: 0 | AJ7: 0 | AK7: 0 | AL7: 0 | AM7: 0 | AN7: 0 | AO7: 0 | AP7: 0 | AQ7: 0 | AR7: 0 | AS7: 0 | AT7: 0 | AU7: 0 | AV7: 0 | AW7: 0 | AX7: 0 | AY7: 0 | AZ7: 0 | BA7: 0 | BB7: 0 | BC7: 0 | BD7: 0 | BE7: 0 | BF7: 0 | BG7: 0 | BH7: 0 | BI7: 0 | BJ7: 0 | BK7: 0 | BL7: 0 | BM7: 0 | BN7: 0 | BO7: 0 | BP7: 0 | BQ7: 0 | BR7: 0 | BS7: 0 | BT7: 0 | BU7: 0 | BV7: 0 | BW7: 0 | BX7: 0 | BY7: 0 | BZ7: 0 | CA7: 0 | CB7: 0 | CC7: 0 | CD7: 0 | CE7: 0 | CF7: 0 | CG7: 0 | CH7: 0 | CI7: 0 | CJ7: 0 | CK7: 0 | CL7: 0 | CM7: 0 | CN7: 0 | CO7: 0 | CP7: 0 | CQ7: 0 | CR7: 0 | CS7: 0 | CT7: 0 | CU7: 0 | CV7: 0 | CW7: 0 | CX7: 0 | CY7: 0 | CZ7: 0 | DA7: 0 | DB7: 0 | DC7: 0 | DD7: 0 | DE7: 0 | DF7: 0 | DG7: 0 | DH7: 0 | DI7: 0 | DJ7: 0 | DK7: 0 | DL7: 0 | DM7: 0 | DN7: 0 | DO7: 0 | DP7: 0 | DQ7: 0 | DR7: 0 | DS7: 0 | DT7: 0 | DU7: 0 | DV7: 0 | DW7: 0 | DX7: 0 | DY7: 0 | DZ7: 0 | EA7: 0 | EB7: 0 | EC7: 0 | ED7: 0 | EE7: 0 | EF7: 0 | EG7: 0 | EH7: 0 | EI7: 0 | EJ7: 0 | EK7: 0 | EL7: 0 | EM7: 0 | EN7: 0 | EO7: 0 | EP7: 0 | EQ7: 0 | ER7: 0 | ES7: 0 | ET7: 0 | EU7: 0 | EV7: 0 | EW7: 0 | EX7: 0 | EY7: 0 | EZ7: 0 | FA7: 0 | FB7: 0 | FC7: 0 | FD7: 0 | FE7: 0 | FF7: 0 | FG7: 0 | FH7: 0 | FI7: 0 | FJ7: 0 | FK7: 0 | FL7: 0 | FM7: 0 | FN7: 0 | FO7: 0 | FP7: 0 | FQ7: 0 | FR7: 0 | FS7: 0 | FT7: 0 | FU7: 0 | FV7: 0 | FW7: 0 | FX7: 0 | FY7: 0 | FZ7: 0 | GA7: 0 | GB7: 0 | GC7: 0 | GD7: 0 | GE7: 0 | GF7: 0 | GG7: 0 | GH7: 0 | GI7: 0 | GJ7: 0 | GK7: 0 | GL7: 0 | GM7: 0 | GN7: 0 | GO7: 0 | GP7: 0 | GQ7: 0 | GR7: 0 | GS7: 0 | GT7: 0 | GU7: 0 | GV7: 0 | GW7: 0 | GX7: 0 | GY7: 0 | GZ7: 0 | HA7: 0 | HB7: 0 | HC7: 0 | HD7: 0 | HE7: 0 | HF7: 0 | HG7: 0 | HH7: 0 | HI7: 0 | HJ7: 0
A8: 7 | B8: 3 | C8: 0 | D8: 0 | E8: 0 | F8: 0 | G8: 0 | H8: 0 | I8: 0 | J8: 0 | K8: 0 | L8: 0 | M8: 0 | N8: 0 | O8: 0 | P8: 0 | Q8: 0 | R8: 0 | S8: 0 | T8: 0 | U8: 0 | V8: 0 | W8: 0 | X8: 0 | Y8: 0 | Z8: 0 | AA8: 0 | AB8: 0 | AC8: 0 | AD8: 0 | AE8: 0 | AF8: 0 | AG8: 0 | AH8: 0 | AI8: 0 | AJ8: 0 | AK8: 0 | AL8: 0 | AM8: 0 | AN8: 0 | AO8: 0 | AP8: 0 | AQ8: 0 | AR8: 0 | AS8: 0 | AT8: 0 | AU8: 0 | AV8: 0 | AW8: 0 | AX8: 0 | AY8: 0 | AZ8: 0 | BA8: 0 | BB8: 0 | BC8: 0 | BD8: 0 | BE8: 0 | BF8: 0 | BG8: 0 | BH8: 0 | BI8: 0 | BJ8: 0 | BK8: 0 | BL8: 0 | BM8: 0 | BN8: 0 | BO8: 0 | BP8: 0 | BQ8: 0 | BR8: 0 | BS8: 0 | BT8: 0 | BU8: 0 | BV8: 0 | BW8: 0 | BX8: 0 | BY8: 0 | BZ8: 0 | CA8: 0 | CB8: 0 | CC8: 0 | CD8: 0 | CE8: 0 | CF8: 0 | CG8: 0 | CH8: 0 | CI8: 0 | CJ8: 0 | CK8: 0 | CL8: 0 | CM8: 0 | CN8: 0 | CO8: 0 | CP8: 0 | CQ8: 0 | CR8: 0 | CS8: 0 | CT8: 0 | CU8: 0 | CV8: 0 | CW8: 0 | CX8: 0 | CY8: 0 | CZ8: 0 | DA8: 0 | DB8: 0 | DC8: 0 | DD8: 0 | DE8: 0 | DF8: 0 | DG8: 0 | DH8: 0 | DI8: 0 | DJ8: 0 | DK8: 0 | DL8: 0 | DM8: 0 | DN8: 0 | DO8: 0 | DP8: 0 | DQ8: 0 | DR8: 0 | DS8: 0 | DT8: 0 | DU8: 0 | DV8: 0 | DW8: 0 | DX8: 0 | DY8: 0 | DZ8: 0 | EA8: 0 | EB8: 0 | EC8: 0 | ED8: 0 | EE8: 0 | EF8: 0 | EG8: 0 | EH8: 0 | EI8: 0 | EJ8: 0 | EK8: 0 | EL8: 0 | EM8: 0 | EN8: 0 | EO8: 0 | EP8: 0 | EQ8: 0 | ER8: 0 | ES8: 0 | ET8: 0 | EU8: 0 | EV8: 0 | EW8: 0 | EX8: 0 | EY8: 0 | EZ8: 0 | FA8: 0 | FB8: 0 | FC8: 0 | FD8: 0 | FE8: 0 | FF8: 0 | FG8: 0 | FH8: 0 | FI8: 0 | FJ8: 0 | FK8: 0 | FL8: 0 | FM8: 0 | FN8: 0 | FO8: 0 | FP8: 0 | FQ8: 0 | FR8: 0 | FS8: 0 | FT8: 0 | FU8: 0 | FV8: 0 | FW8: 0 | FX8: 0 | FY8: 0 | FZ8: 0 | GA8: 0 | GB8: 0 | GC8: 0 | GD8: 0 | GE8: 0 | GF8: 0 | GG8: 0 | GH8: 0 | GI8: 0 | GJ8: 0 | GK8: 0 | GL8: 0 | GM8: 0 | GN8: 0 | GO8: 0 | GP8: 0 | GQ8: 0 | GR8: 0 | GS8: 0 | GT8: 0 | GU8: 0 | GV8: 0 | GW8: 0 | GX8: 0 | GY8: 0 | GZ8: 0 | HA8: 0 | HB8: 0 | HC8: 0 | HD8: 0 | HE8: 0 | HF8: 0 | HG8: 0 | HH8: 0 | HI8: 0 | HJ8: 0
A9: 8 | B9: 3.5 | C9: 0.0021505022 | D9: 0.0034408035 | E9: 0.0034408035 | F9: 0.0021505022 | G9: 0.0017204017 | H9: 0.0012903013 | I9: 0.0025806026 | J9: 0.0017204017 | K9: 0.00086020087 | L9: 0.0034408035 | M9: 0.003010703 | N9: 0.0025806026 | O9: 0.0012903013 | P9: 0.0034408035 | Q9: 0.0012903013 | R9: 0.0034408035 | S9: 0.0034408035 | T9: 0.0017204017 | U9: 0.0021505022 | V9: 0.0025806026 | W9: 0.0021505022 | X9: 0.0017204017 | Y9: 0.0025806026 | Z9: 0.003010703 | AA9: 0.003010703 | AB9: 0.0012903013 | AC9: 0.0021505022 | AD9: 0.0017204017 | AE9: 0.0034408035 | AF9: 0.003010703 | AG9: 0.0034408035 | AH9: 0.0025806026 | AI9: 0.003010703 | AJ9: 0.0034408035 | AK9: 0.0017204017 | AL9: 0.0034408035 | AM9: 0.0034408035 | AN9: 0.0034408035 | AO9: 0.0021505022 | AP9: 0.0012903013 | AQ9: 0.0034408035 | AR9: 0.0021505022 | AS9: 0.0017204017 | AT9: 0.0034408035 | AU9: 0.003010703 | AV9: 0.0034408035 | AW9: 0.0025806026 | AX9: 0.0017204017 | AY9: 0.0017204017 | AZ9: 0.0021505022 | BA9: 0.003010703 | BB9: 0.0017204017 | BC9: 0.0017204017 | BD9: 0.003010703 | BE9: 0.0034408035 | BF9: 0.0034408035 | BG9: 0.0034408035 | BH9: 0.0034408035 | BI9: 0.0025806026 | BJ9: 0.0021505022 | BK9: 0.0017204017 | BL9: 0.0021505022 | BM9: 0.0034408035 | BN9: 0.0012903013 | BO9: 0.0012903013 | BP9: 0.0012903013 | BQ9: 0.0034408035 | BR9: 0.0034408035 | BS9: 0.0017204017 | BT9: 0.0021505022 | BU9: 0.0012903013 | BV9: 0.0034408035 | BW9: 0.0017204017 | BX9: 0.0034408035 | BY9: 0.0012903013 | BZ9: 0.0034408035 | CA9: 0.0021505022 | CB9: 0.0025806026 | CC9: 0.0034408035 | CD9: 0.0017204017 | CE9: 0.0021505022 | CF9: 0.0017204017 | CG9: 0.0034408035 | CH9: 0.0034408035 | CI9: 0.0025806026 | CJ9: 0.0012903013 | CK9: 0.0025806026 | CL9: 0.0025806026 | CM9: 0.0017204017 | CN9: 0.003010703 | CO9: 0.0012903013 | CP9: 0.0025806026 | CQ9: 0.003010703 | CR9: 0.0012903013 | CS9: 0.0034408035 | CT9: 0.0034408035 | CU9: 0.0034408035 | CV9: 0.0034408035 | CW9: 0.0012903013 | CX9: 0.0034408035 | CY9: 0.0025806026 | CZ9: 0.003010703 | DA9: 0.0025806026 | DB9: 0.0021505022 | DC9: 0.0034408035 | DD9: 0.0017204017 | DE9: 0.0034408035 | DF9: 0.0012903013 | DG9: 0.003010703 | DH9: 0.0034408035 | DI9: 0.003010703 | DJ9: 0.0025806026 | DK9: 0.0025806026 | DL9: 0.0021505022 | DM9: 0.0034408035 | DN9: 0.0021505022 | DO9: 0.0021505022 | DP9: 0.0025806026 | DQ9: 0.003010703 | DR9: 0.0017204017 | DS9: 0.0025806026 | DT9: 0.0034408035 | DU9: 0.0012903013 | DV9: 0.0012903013 | DW9: 0.0034408035 | DX9: 0.0021505022 | DY9: 0.003010703 | DZ9: 0.0012903013 | EA9: 0.0025806026 | EB9: 0.0034408035 | EC9: 0.0025806026 | ED9: 0.003010703 | EE9: 0.0034408035 | EF9: 0.003010703 | EG9: 0.0034408035 | EH9: 0.0034408035 | EI9: 0.0025806026 | EJ9: 0.003010703 | EK9: 0.0017204017 | EL9: 0.0034408035 | EM9: 0.0021505022 | EN9: 0.0017204017 | EO9: 0.0034408035 | EP9: 0.0017204017 | EQ9: 0.0012903013 | ER9: 0.0034408035 | ES9: 0.0017204017 | ET9: 0.0034408035 | EU9: 0.0025806026 | EV9: 0.0025806026 | EW9: 0.0034408035 | EX9: 0.0021505022 | EY9: 0.0021505022 | EZ9: 0.003010703 | FA9: 0.0017204017 | FB9: 0.0017204017 | FC9: 0.0034408035 | FD9: 0.0025806026 | FE9: 0.0034408035 | FF9: 0.0017204017 | FG9: 0.0034408035 | FH9: 0.0017204017 | FI9: 0.0034408035 | FJ9: 0.0025806026 | FK9: 0.0025806026 | FL9: 0.0021505022 | FM9: 0.0021505022 | FN9: 0.0025806026 | FO9: 0.0017204017 | FP9: 0.0021505022 | FQ9: 0.0025806026 | FR9: 0.0021505022 | FS9: 0.0021505022 | FT9: 0.0021505022 | FU9: 0.0021505022 | FV9: 0.0012903013 | FW9: 0.0025806026 | FX9: 0.0034408035 | FY9: 0.0012903013 | FZ9: 0.0034408035 | GA9: 0.0021505022 | GB9: 0.0034408035 | GC9: 0.003010703 | GD9: 0.0021505022 | GE9: 0.0034408035 | GF9: 0.0012903013 | GG9: 0.0017204017 | GH9: 0.0021505022 | GI9: 0.0034408035 | GJ9: 0.0017204017 | GK9: 0.0017204017 | GL9: 0.0017204017 | GM9: 0.0012903013 | GN9: 0.0034408035 | GO9: 0.0034408035 | GP9: 0.0034408035 | GQ9: 0.0025806026 | GR9: 0.0034408035 | GS9: 0.003010703 | GT9: 0.0021505022 | GU9: 0.0021505022 | GV9: 0.0021505022 | GW9: 0.0034408035 | GX9: 0.0025806026 | GY9: 0.0025806026 | GZ9: 0.0034408035 | HA9: 0.0025806026 | HB9: 0.0025806026 | HC9: 0.0017204017 | HD9: 0.0034408035 | HE9: 0.0021505022 | HF9: 0.0034408035 | HG9: 0.0034408035 | HH9: 0.0025806026 | HI9: 0.0025383965 | HJ9: 0.54321685
A10: 9 | B10: 4 | C10: 0.031084058 | D10: 0.049734493 | E10: 0.049734493 | F10: 0.031084058 | G10: 0.024867246 | H10: 0.018650435 | I10: 0.037300869 | J10: 0.024867246 | K10: 0.012433623 | L10: 0.049734493 | M10: 0.043517681 | N10: 0.037300869 | O10: 0.018650435 | P10: 0.049734493 | Q10: 0.018650435 | R10: 0.049734493 | S10: 0.049734493 | T10: 0.024867246 | U10: 0.031084058 | V10: 0.037300869 | W10: 0.031084058 | X10: 0.024867246 | Y10: 0.037300869 | Z10: 0.043517681 | AA10: 0.043517681 | AB10: 0.018650435 | AC10: 0.031084058 | AD10: 0.024867246 | AE10: 0.049734493 | AF10: 0.043517681 | AG10: 0.049734493 | AH10: 0.037300869 | AI10: 0.043517681 | AJ10: 0.049734493 | AK10: 0.024867246 | AL10: 0.049734493 | AM10: 0.049734493 | AN10: 0.049734493 | AO10: 0.031084058 | AP10: 0.018650435 | AQ10: 0.049734493 | AR10: 0.031084058 | AS10: 0.024867246 | AT10: 0.049734493 | AU10: 0.043517681 | AV10: 0.049734493 | AW10: 0.037300869 | AX10: 0.024867246 | AY10: 0.024867246 | AZ10: 0.031084058 | BA10: 0.043517681 | BB10: 0.024867246 | BC10: 0.024867246 | BD10: 0.043517681 | BE10: 0.049734493 | BF10: 0.049734493 | BG10: 0.049734493 | BH10: 0.049734493 | BI10: 0.037300869 | BJ10: 0.031084058 | BK10: 0.024867246 | BL10: 0.031084058 | BM10: 0.049734493 | BN10: 0.018650435 | BO10: 0.018650435 | BP10: 0.018650435 | BQ10: 0.049734493 | BR10: 0.049734493 | BS10: 0.024867246 | BT10: 0.031084058 | BU10: 0.018650435 | BV10: 0.049734493 | BW10: 0.024867246 | BX10: 0.049734493 | BY10: 0.018650435 | BZ10: 0.049734493 | CA10: 0.031084058 | CB10: 0.037300869 | CC10: 0.049734493 | CD10: 0.024867246 | CE10: 0.031084058 | CF10: 0.024867246 | CG10: 0.049734493 | CH10: 0.049734493 | CI10: 0.037300869 | CJ10: 0.018650435 | CK10: 0.037300869 | CL10: 0.037300869 | CM10: 0.024867246 | CN10: 0.043517681 | CO10: 0.018650435 | CP10: 0.037300869 | CQ10: 0.043517681 | CR10: 0.018650435 | CS10: 0.049734493 | CT10: 0.049734493 | CU10: 0.049734493 | CV10: 0.049734493 | CW10: 0.018650435 | CX10: 0.049734493 | CY10: 0.037300869 | CZ10: 0.043517681 | DA10: 0.037300869 | DB10: 0.031084058 | DC10: 0.049734493 | DD10: 0.024867246 | DE10: 0.049734493 | DF10: 0.018650435 | DG10: 0.043517681 | DH10: 0.049734493 | DI10: 0.043517681 | DJ10: 0.037300869 | DK10: 0.037300869 | DL10: 0.031084058 | DM10: 0.049734493 | DN10: 0.031084058 | DO10: 0.031084058 | DP10: 0.037300869 | DQ10: 0.043517681 | DR10: 0.024867246 | DS10: 0.037300869 | DT10: 0.049734493 | DU10: 0.018650435 | DV10: 0.018650435 | DW10: 0.049734493 | DX10: 0.031084058 | DY10: 0.043517681 | DZ10: 0.018650435 | EA10: 0.037300869 | EB10: 0.049734493 | EC10: 0.037300869 | ED10: 0.043517681 | EE10: 0.049734493 | EF10: 0.043517681 | EG10: 0.049734493 | EH10: 0.049734493 | EI10: 0.037300869 | EJ10: 0.043517681 | EK10: 0.024867246 | EL10: 0.049734493 | EM10: 0.031084058 | EN10: 0.024867246 | EO10: 0.049734493 | EP10: 0.024867246 | EQ10: 0.018650435 | ER10: 0.049734493 | ES10: 0.024867246 | ET10: 0.049734493 | EU10: 0.037300869 | EV10: 0.037300869 | EW10: 0.049734493 | EX10: 0.031084058 | EY10: 0.031084058 | EZ10: 0.043517681 | FA10: 0.024867246 | FB10: 0.024867246 | FC10: 0.049734493 | FD10: 0.037300869 | FE10: 0.049734493 | FF10: 0.024867246 | FG10: 0.049734493 | FH10: 0.024867246 | FI10: 0.049734493 | FJ10: 0.037300869 | FK10: 0.037300869 | FL10: 0.031084058 | FM10: 0.031084058 | FN10: 0.037300869 | FO10: 0.024867246 | FP10: 0.031084058 | FQ10: 0.037300869 | FR10: 0.031084058 | FS10: 0.031084058 | FT10: 0.031084058 | FU10: 0.031084058 | FV10: 0.018650435 | FW10: 0.037300869 | FX10: 0.049734493 | FY10: 0.018650435 | FZ10: 0.049734493 | GA10: 0.031084058 | GB10: 0.049734493 | GC10: 0.043517681 | GD10: 0.031084058 | GE10: 0.049734493 | GF10: 0.018650435 | GG10: 0.024867246 | GH10: 0.031084058 | GI10: 0.049734493 | GJ10: 0.024867246 | GK10: 0.024867246 | GL10: 0.024867246 | GM10: 0.018650435 | GN10: 0.049734493 | GO10: 0.049734493 | GP10: 0.049734493 | GQ10: 0.037300869 | GR10: 0.049734493 | GS10: 0.043517681 | GT10: 0.031084058 | GU10: 0.031084058 | GV10: 0.031084058 | GW10: 0.049734493 | GX10: 0.037300869 | GY10: 0.037300869 | GZ10: 0.049734493 | HA10: 0.037300869 | HB10: 0.037300869 | HC10: 0.024867246 | HD10: 0.049734493 | HE10: 0.031084058 | HF10: 0.049734493 | HG10: 0.049734493 | HH10: 0.037300869 | HI10: 0.036690808 | HJ10: 7.851833
A11: 10 | B11: 4.5 | C11: 0.14535847 | D11: 0.23257356 | E11: 0.23257356 | F11: 0.14535847 | G11: 0.11628678 | H11: 0.087215084 | I11: 0.17443017 | J11: 0.11628678 | K11: 0.058143389 | L11: 0.23257356 | M11: 0.20350186 | N11: 0.17443017 | O11: 0.087215084 | P11: 0.23257356 | Q11: 0.087215084 | R11: 0.23257356 | S11: 0.23257356 | T11: 0.11628678 | U11: 0.14535847 | V11: 0.17443017 | W11: 0.14535847 | X11: 0.11628678 | Y11: 0.17443017 | Z11: 0.20350186 | AA11: 0.20350186 | AB11: 0.087215084 | AC11: 0.14535847 | AD11: 0.11628678 | AE11: 0.23257356 | AF11: 0.20350186 | AG11: 0.23257356 | AH11: 0.17443017 | AI11: 0.20350186 | AJ11: 0.23257356 | AK11: 0.11628678 | AL11: 0.23257356 | AM11: 0.23257356 | AN11: 0.23257356 | AO11: 0.14535847 | AP11: 0.087215084 | AQ11: 0.23257356 | AR11: 0.14535847 | AS11: 0.11628678 | AT11: 0.23257356 | AU11: 0.20350186 | AV11: 0.23257356 | AW11: 0.17443017 | AX11: 0.11628678 | AY11: 0.11628678 | AZ11: 0.14535847 | BA11: 0.20350186 | BB11: 0.11628678 | BC11: 0.11628678 | BD11: 0.20350186 | BE11: 0.23257356 | BF11: 0.23257356 | BG11: 0.23257356 | BH11: 0.23257356 | BI11: 0.17443017 | BJ11: 0.14535847 | BK11: 0.11628678 | BL11: 0.14535847 | BM11: 0.23257356 | BN11: 0.087215084 | BO11: 0.087215084 | BP11: 0.087215084 | BQ11: 0.23257356 | BR11: 0.23257356 | BS11: 0.11628678 | BT11: 0.14535847 | BU11: 0.087215084 | BV11: 0.23257356 | BW11: 0.11628678 | BX11: 0.23257356 | BY11: 0.087215084 | BZ11: 0.23257356 | CA11: 0.14535847 | CB11: 0.17443017 | CC11: 0.23257356 | CD11: 0.11628678 | CE11: 0.14535847 | CF11: 0.11628678 | CG11: 0.23257356 | CH11: 0.23257356 | CI11: 0.17443017 | CJ11: 0.087215084 | CK11: 0.17443017 | CL11: 0.17443017 | CM11: 0.11628678 | CN11: 0.20350186 | CO11: 0.087215084 | CP11: 0.17443017 | CQ11: 0.20350186 | CR11: 0.087215084 | CS11: 0.23257356 | CT11: 0.23257356 | CU11: 0.23257356 | CV11: 0.23257356 | CW11: 0.087215084 | CX11: 0.23257356 | CY11: 0.17443017 | CZ11: 0.20350186 | DA11: 0.17443017 | DB11: 0.14535847 | DC11: 0.23257356 | DD11: 0.11628678 | DE11: 0.23257356 | DF11: 0.087215084 | DG11: 0.20350186 | DH11: 0.23257356 | DI11: 0.20350186 | DJ11: 0.17443017 | DK11: 0.17443017 | DL11: 0.14535847 | DM11: 0.23257356 | DN11: 0.14535847 | DO11: 0.14535847 | DP11: 0.17443017 | DQ11: 0.20350186 | DR11: 0.11628678 | DS11: 0.17443017 | DT11: 0.23257356 | DU11: 0.087215084 | DV11: 0.087215084 | DW11: 0.23257356 | DX11: 0.14535847 | DY11: 0.20350186 | DZ11: 0.087215084 | EA11: 0.17443017 | EB11: 0.23257356 | EC11: 0.17443017 | ED11: 0.20350186 | EE11: 0.23257356 | EF11: 0.20350186 | EG11: 0.23257356 | EH11: 0.23257356 | EI11: 0.17443017 | EJ11: 0.20350186 | EK11: 0.11628678 | EL11: 0.23257356 | EM11: 0.14535847 | EN11: 0.11628678 | EO11: 0.23257356 | EP11: 0.11628678 | EQ11: 0.087215084 | ER11: 0.23257356 | ES11: 0.11628678 | ET11: 0.23257356 | EU11: 0.17443017 | EV11: 0.17443017 | EW11: 0.23257356 | EX11: 0.14535847 | EY11: 0.14535847 | EZ11: 0.20350186 | FA11: 0.11628678 | FB11: 0.11628678 | FC11: 0.23257356 | FD11: 0.17443017 | FE11: 0.23257356 | FF11: 0.11628678 | FG11: 0.23257356 | FH11: 0.11628678 | FI11: 0.23257356 | FJ11: 0.17443017 | FK11: 0.17443017 | FL11: 0.14535847 | FM11: 0.14535847 | FN11: 0.17443017 | FO11: 0.11628678 | FP11: 0.14535847 | FQ11: 0.17443017 | FR11: 0.14535847 | FS11: 0.14535847 | FT11: 0.14535847 | FU11: 0.14535847 | FV11: 0.087215084 | FW11: 0.17443017 | FX11: 0.23257356 | FY11: 0.087215084 | FZ11: 0.23257356 | GA11: 0.14535847 | GB11: 0.23257356 | GC11: 0.20350186 | GD11: 0.14535847 | GE11: 0.23257356 | GF11: 0.087215084 | GG11: 0.11628678 | GH11: 0.14535847 | GI11: 0.23257356 | GJ11: 0.11628678 | GK11: 0.11628678 | GL11: 0.11628678 | GM11: 0.087215084 | GN11: 0.23257356 | GO11: 0.23257356 | GP11: 0.23257356 | GQ11: 0.17443017 | GR11: 0.23257356 | GS11: 0.20350186 | GT11: 0.14535847 | GU11: 0.14535847 | GV11: 0.14535847 | GW11: 0.23257356 | GX11: 0.17443017 | GY11: 0.17443017 | GZ11: 0.23257356 | HA11: 0.17443017 | HB11: 0.17443017 | HC11: 0.11628678 | HD11: 0.23257356 | HE11: 0.14535847 | HF11: 0.23257356 | HG11: 0.23257356 | HH11: 0.17443017 | HI11: 0.17157734 | HJ11: 36.71755
A12: 11 | B12: 5 | C12: 0.28833768 | D12: 0.46134029 | E12: 0.46134029 | F12: 0.28833768 | G12: 0.23067014 | H12: 0.17300261 | I12: 0.34600522 | J12: 0.23067014 | K12: 0.11533507 | L12: 0.46134029 | M12: 0.40367275 | N12: 0.34600522 | O12: 0.17300261 | P12: 0.46134029 | Q12: 0.17300261 | R12: 0.46134029 | S12: 0.46134029 | T12: 0.23067014 | U12: 0.28833768 | V12: 0.34600522 | W12: 0.28833768 | X12: 0.23067014 | Y12: 0.34600522 | Z12: 0.40367275 | AA12: 0.40367275 | AB12: 0.17300261 | AC12: 0.28833768 | AD12: 0.23067014 | AE12: 0.46134029 | AF12: 0.40367275 | AG12: 0.46134029 | AH12: 0.34600522 | AI12: 0.40367275 | AJ12: 0.46134029 | AK12: 0.23067014 | AL12: 0.46134029 | AM12: 0.46134029 | AN12: 0.46134029 | AO12: 0.28833768 | AP12: 0.17300261 | AQ12: 0.46134029 | AR12: 0.28833768 | AS12: 0.23067014 | AT12: 0.46134029 | AU12: 0.40367275 | AV12: 0.46134029 | AW12: 0.34600522 | AX12: 0.23067014 | AY12: 0.23067014 | AZ12: 0.28833768 | BA12: 0.40367275 | BB12: 0.23067014 | BC12: 0.23067014 | BD12: 0.40367275 | BE12: 0.46134029 | BF12: 0.46134029 | BG12: 0.46134029 | BH12: 0.46134029 | BI12: 0.34600522 | BJ12: 0.28833768 | BK12: 0.23067014 | BL12: 0.28833768 | BM12: 0.46134029 | BN12: 0.17300261 | BO12: 0.17300261 | BP12: 0.17300261 | BQ12: 0.46134029 | BR12: 0.46134029 | BS12: 0.23067014 | BT12: 0.28833768 | BU12: 0.17300261 | BV12: 0.46134029 | BW12: 0.23067014 | BX12: 0.46134029 | BY12: 0.17300261 | BZ12: 0.46134029 | CA12: 0.28833768 | CB12: 0.34600522 | CC12: 0.46134029 | CD12: 0.23067014 | CE12: 0.28833768 | CF12: 0.23067014 | CG12: 0.46134029 | CH12: 0.46134029 | CI12: 0.34600522 | CJ12: 0.17300261 | CK12: 0.34600522 | CL12: 0.34600522 | CM12: 0.23067014 | CN12: 0.40367275 | CO12: 0.17300261 | CP12: 0.34600522 | CQ12: 0.40367275 | CR12: 0.17300261 | CS12: 0.46134029 | CT12: 0.46134029 | CU12: 0.46134029 | CV12: 0.46134029 | CW12: 0.17300261 | CX12: 0.46134029 | CY12: 0.34600522 | CZ12: 0.40367275 | DA12: 0.34600522 | DB12: 0.28833768 | DC12: 0.46134029 | DD12: 0.23067014 | DE12: 0.46134029 | DF12: 0.17300261 | DG12: 0.40367275 | DH12: 0.46134029 | DI12: 0.40367275 | DJ12: 0.34600522 | DK12: 0.34600522 | DL12: 0.28833768 | DM12: 0.46134029 | DN12: 0.28833768 | DO12: 0.28833768 | DP12: 0.34600522 | DQ12: 0.40367275 | DR12: 0.23067014 | DS12: 0.34600522 | DT12: 0.46134029 | DU12: 0.17300261 | DV12: 0.17300261 | DW12: 0.46134029 | DX12: 0.28833768 | DY12: 0.40367275 | DZ12: 0.17300261 | EA12: 0.34600522 | EB12: 0.46134029 | EC12: 0.34600522 | ED12: 0.40367275 | EE12: 0.46134029 | EF12: 0.40367275 | EG12: 0.46134029 | EH12: 0.46134029 | EI12: 0.34600522 | EJ12: 0.40367275 | EK12: 0.23067014 | EL12: 0.46134029 | EM12: 0.28833768 | EN12: 0.23067014 | EO12: 0.46134029 | EP12: 0.23067014 | EQ12: 0.17300261 | ER12: 0.46134029 | ES12: 0.23067014 | ET12: 0.46134029 | EU12: 0.34600522 | EV12: 0.34600522 | EW12: 0.46134029 | EX12: 0.28833768 | EY12: 0.28833768 | EZ12: 0.40367275 | FA12: 0.23067014 | FB12: 0.23067014 | FC12: 0.46134029 | FD12: 0.34600522 | FE12: 0.46134029 | FF12: 0.23067014 | FG12: 0.46134029 | FH12: 0.23067014 | FI12: 0.46134029 | FJ12: 0.34600522 | FK12: 0.34600522 | FL12: 0.28833768 | FM12: 0.28833768 | FN12: 0.34600522 | FO12: 0.23067014 | FP12: 0.28833768 | FQ12: 0.34600522 | FR12: 0.28833768 | FS12: 0.28833768 | FT12: 0.28833768 | FU12: 0.28833768 | FV12: 0.17300261 | FW12: 0.34600522 | FX12: 0.46134029 | FY12: 0.17300261 | FZ12: 0.46134029 | GA12: 0.28833768 | GB12: 0.46134029 | GC12: 0.40367275 | GD12: 0.28833768 | GE12: 0.46134029 | GF12: 0.17300261 | GG12: 0.23067014 | GH12: 0.28833768 | GI12: 0.46134029 | GJ12: 0.23067014 | GK12: 0.23067014 | GL12: 0.23067014 | GM12: 0.17300261 | GN12: 0.46134029 | GO12: 0.46134029 | GP12: 0.46134029 | GQ12: 0.34600522 | GR12: 0.46134029 | GS12: 0.40367275 | GT12: 0.28833768 | GU12: 0.28833768 | GV12: 0.28833768 | GW12: 0.46134029 | GX12: 0.34600522 | GY12: 0.34600522 | GZ12: 0.46134029 | HA12: 0.34600522 | HB12: 0.34600522 | HC12: 0.23067014 | HD12: 0.46134029 | HE12: 0.28833768 | HF12: 0.46134029 | HG12: 0.46134029 | HH12: 0.34600522 | HI12: 0.34034625 | HJ12: 72.834098
A13: 12 | B13: 5.5 | C13: 0.46366124 | D13: 0.74185798 | E13: 0.74185798 | F13: 0.46366124 | G13: 0.37092899 | H13: 0.27819674 | I13: 0.55639348 | J13: 0.37092899 | K13: 0.18546449 | L13: 0.74185798 | M13: 0.64912573 | N13: 0.55639348 | O13: 0.27819674 | P13: 0.74185798 | Q13: 0.27819674 | R13: 0.74185798 | S13: 0.74185798 | T13: 0.37092899 | U13: 0.46366124 | V13: 0.55639348 | W13: 0.46366124 | X13: 0.37092899 | Y13: 0.55639348 | Z13: 0.64912573 | AA13: 0.64912573 | AB13: 0.27819674 | AC13: 0.46366124 | AD13: 0.37092899 | AE13: 0.74185798 | AF13: 0.64912573 | AG13: 0.74185798 | AH13: 0.55639348 | AI13: 0.64912573 | AJ13: 0.74185798 | AK13: 0.37092899 | AL13: 0.74185798 | AM13: 0.74185798 | AN13: 0.74185798 | AO13: 0.46366124 | AP13: 0.27819674 | AQ13: 0.74185798 | AR13: 0.46366124 | AS13: 0.37092899 | AT13: 0.74185798 | AU13: 0.64912573 | AV13: 0.74185798 | AW13: 0.55639348 | AX13: 0.37092899 | AY13: 0.37092899 | AZ13: 0.46366124 | BA13: 0.64912573 | BB13: 0.37092899 | BC13: 0.37092899 | BD13: 0.64912573 | BE13: 0.74185798 | BF13: 0.74185798 | BG13: 0.74185798 | BH13: 0.74185798 | BI13: 0.55639348 | BJ13: 0.46366124 | BK13: 0.37092899 | BL13: 0.46366124 | BM13: 0.74185798 | BN13: 0.27819674 | BO13: 0.27819674 | BP13: 0.27819674 | BQ13: 0.74185798 | BR13: 0.74185798 | BS13: 0.37092899 | BT13: 0.46366124 | BU13: 0.27819674 | BV13: 0.74185798 | BW13: 0.37092899 | BX13: 0.74185798 | BY13: 0.27819674 | BZ13: 0.74185798 | CA13: 0.46366124 | CB13: 0.55639348 | CC13: 0.74185798 | CD13: 0.37092899 | CE13: 0.46366124 | CF13: 0.37092899 | CG13: 0.74185798 | CH13: 0.74185798 | CI13: 0.55639348 | CJ13: 0.27819674 | CK13: 0.55639348 | CL13: 0.55639348 | CM13: 0.37092899 | CN13: 0.64912573 | CO13: 0.27819674 | CP13: 0.55639348 | CQ13: 0.64912573 | CR13: 0.27819674 | CS13: 0.74185798 | CT13: 0.74185798 | CU13: 0.74185798 | CV13: 0.74185798 | CW13: 0.27819674 | CX13: 0.74185798 | CY13: 0.55639348 | CZ13: 0.64912573 | DA13: 0.55639348 | DB13: 0.46366124 | DC13: 0.74185798 | DD13: 0.37092899 | DE13: 0.74185798 | DF13: 0.27819674 | DG13: 0.64912573 | DH13: 0.74185798 | DI13: 0.64912573 | DJ13: 0.55639348 | DK13: 0.55639348 | DL13: 0.46366124 | DM13: 0.74185798 | DN13: 0.46366124 | DO13: 0.46366124 | DP13: 0.55639348 | DQ13: 0.64912573 | DR13: 0.37092899 | DS13: 0.55639348 | DT13: 0.74185798 | DU13: 0.27819674 | DV13: 0.27819674 | DW13: 0.74185798 | DX13: 0.46366124 | DY13: 0.64912573 | DZ13: 0.27819674 | EA13: 0.55639348 | EB13: 0.74185798 | EC13: 0.55639348 | ED13: 0.64912573 | EE13: 0.74185798 | EF13: 0.64912573 | EG13: 0.74185798 | EH13: 0.74185798 | EI13: 0.55639348 | EJ13: 0.64912573 | EK13: 0.37092899 | EL13: 0.74185798 | EM13: 0.46366124 | EN13: 0.37092899 | EO13: 0.74185798 | EP13: 0.37092899 | EQ13: 0.27819674 | ER13: 0.74185798 | ES13: 0.37092899 | ET13: 0.74185798 | EU13: 0.55639348 | EV13: 0.55639348 | EW13: 0.74185798 | EX13: 0.46366124 | EY13: 0.46366124 | EZ13: 0.64912573 | FA13: 0.37092899 | FB13: 0.37092899 | FC13: 0.74185798 | FD13: 0.55639348 | FE13: 0.74185798 | FF13: 0.37092899 | FG13: 0.74185798 | FH13: 0.37092899 | FI13: 0.74185798 | FJ13: 0.55639348 | FK13: 0.55639348 | FL13: 0.46366124 | FM13: 0.46366124 | FN13: 0.55639348 | FO13: 0.37092899 | FP13: 0.46366124 | FQ13: 0.55639348 | FR13: 0.46366124 | FS13: 0.46366124 | FT13: 0.46366124 | FU13: 0.46366124 | FV13: 0.27819674 | FW13: 0.55639348 | FX13: 0.74185798 | FY13: 0.27819674 | FZ13: 0.74185798 | GA13: 0.46366124 | GB13: 0.74185798 | GC13: 0.64912573 | GD13: 0.46366124 | GE13: 0.74185798 | GF13: 0.27819674 | GG13: 0.37092899 | GH13: 0.46366124 | GI13: 0.74185798 | GJ13: 0.37092899 | GK13: 0.37092899 | GL13: 0.37092899 | GM13: 0.27819674 | GN13: 0.74185798 | GO13: 0.74185798 | GP13: 0.74185798 | GQ13: 0.55639348 | GR13: 0.74185798 | GS13: 0.64912573 | GT13: 0.46366124 | GU13: 0.46366124 | GV13: 0.46366124 | GW13: 0.74185798 | GX13: 0.55639348 | GY13: 0.55639348 | GZ13: 0.74185798 | HA13: 0.55639348 | HB13: 0.55639348 | HC13: 0.37092899 | HD13: 0.74185798 | HE13: 0.46366124 | HF13: 0.74185798 | HG13: 0.74185798 | HH13: 0.55639348 | HI13: 0.54729359 | HJ13: 117.12083
... A49: 48 | B49: 23.5 | C49: 0 | D49: 0 | E49: 0 | F49: 0 | G49: 0 | H49: 0 | I49: 0 | J49: 0 | K49: 0 | L49: 0 | M49: 0 | N49: 0 | O49: 0 | P49: 0 | Q49: 0 | R49: 0 | S49: 0 | T49: 0 | U49: 0 | V49: 0 | W49: 0 | X49: 0 | Y49: 0 | Z49: 0 | AA49: 0 | AB49: 0 | AC49: 0 | AD49: 0 | AE49: 0 | AF49: 0 | AG49: 0 | AH49: 0 | AI49: 0 | AJ49: 0 | AK49: 0 | AL49: 0 | AM49: 0 | AN49: 0 | AO49: 0 | AP49: 0 | AQ49: 0 | AR49: 0 | AS49: 0 | AT49: 0 | AU49: 0 | AV49: 0 | AW49: 0 | AX49: 0 | AY49: 0 | AZ49: 0 | BA49: 0 | BB49: 0 | BC49: 0 | BD49: 0 | BE49: 0 | BF49: 0 | BG49: 0 | BH49: 0 | BI49: 0 | BJ49: 0 | BK49: 0 | BL49: 0 | BM49: 0 | BN49: 0 | BO49: 0 | BP49: 0 | BQ49: 0 | BR49: 0 | BS49: 0 | BT49: 0 | BU49: 0 | BV49: 0 | BW49: 0 | BX49: 0 | BY49: 0 | BZ49: 0 | CA49: 0 | CB49: 0 | CC49: 0 | CD49: 0 | CE49: 0 | CF49: 0 | CG49: 0 | CH49: 0 | CI49: 0 | CJ49: 0 | CK49: 0 | CL49: 0 | CM49: 0 | CN49: 0 | CO49: 0 | CP49: 0 | CQ49: 0 | CR49: 0 | CS49: 0 | CT49: 0 | CU49: 0 | CV49: 0 | CW49: 0 | CX49: 0 | CY49: 0 | CZ49: 0 | DA49: 0 | DB49: 0 | DC49: 0 | DD49: 0 | DE49: 0 | DF49: 0 | DG49: 0 | DH49: 0 | DI49: 0 | DJ49: 0 | DK49: 0 | DL49: 0 | DM49: 0 | DN49: 0 | DO49: 0 | DP49: 0 | DQ49: 0 | DR49: 0 | DS49: 0 | DT49: 0 | DU49: 0 | DV49: 0 | DW49: 0 | DX49: 0 | DY49: 0 | DZ49: 0 | EA49: 0 | EB49: 0 | EC49: 0 | ED49: 0 | EE49: 0 | EF49: 0 | EG49: 0 | EH49: 0 | EI49: 0 | EJ49: 0 | EK49: 0 | EL49: 0 | EM49: 0 | EN49: 0 | EO49: 0 | EP49: 0 | EQ49: 0 | ER49: 0 | ES49: 0 | ET49: 0 | EU49: 0 | EV49: 0 | EW49: 0 | EX49: 0 | EY49: 0 | EZ49: 0 | FA49: 0 | FB49: 0 | FC49: 0 | FD49: 0 | FE49: 0 | FF49: 0 | FG49: 0 | FH49: 0 | FI49: 0 | FJ49: 0 | FK49: 0 | FL49: 0 | FM49: 0 | FN49: 0 | FO49: 0 | FP49: 0 | FQ49: 0 | FR49: 0 | FS49: 0 | FT49: 0 | FU49: 0 | FV49: 0 | FW49: 0 | FX49: 0 | FY49: 0 | FZ49: 0 | GA49: 0 | GB49: 0 | GC49: 0 | GD49: 0 | GE49: 0 | GF49: 0 | GG49: 0 | GH49: 0 | GI49: 0 | GJ49: 0 | GK49: 0 | GL49: 0 | GM49: 0 | GN49: 0 | GO49: 0 | GP49: 0 | GQ49: 0 | GR49: 0 | GS49: 0 | GT49: 0 | GU49: 0 | GV49: 0 | GW49: 0 | GX49: 0 | GY49: 0 | GZ49: 0 | HA49: 0 | HB49: 0 | HC49: 0 | HD49: 0 | HE49: 0 | HF49: 0 | HG49: 0 | HH49: 0 | HI49: 0 | HJ49: 0

Sheet Charge_kW
A1: period | B1: hour | C1: BES_TR5_one38_B | D1: BES_TR5_one195_C | E1: BES_TR5_one195_dup_C | F1: BES_TR5_one235_A | G1: BES_TR5_one235_dup_A | H1: BES_TR5_one242_dup_B | I1: BES_TR5_one252_C | J1: BES_TR5_one252_dup_C | K1: BES_TR5_one260_dup_C | L1: BES_TR5_one280_A | M1: BES_TR5_one287_B | N1: BES_TR5_one299_B | O1: BES_TR5_one299_dup_B | P1: BES_TR5_one313_A | Q1: BES_TR5_one313_dup_A | R1: BES_TR5_one42_B | S1: BES_TR5_one320_B | T1: BES_TR5_one321_C | U1: BES_TR5_one328_A | V1: BES_TR5_one345_dup_A | W1: BES_TR5_one346_C | X1: BES_TR5_one366_dup_B | Y1: BES_TR5_one375_C | Z1: BES_TR5_one375_dup_C | AA1: BES_TR5_one410_B | AB1: BES_TR5_one410_dup_B | AC1: BES_TR5_one50_A | AD1: BES_TR5_one416_C | AE1: BES_TR5_one416_dup_C | AF1: BES_TR5_one423_dup_B | AG1: BES_TR5_one446_dup_B | AH1: BES_TR5_one469_A | AI1: BES_TR5_one477_A | AJ1: BES_TR5_one477_dup_A | AK1: BES_TR5_one480_A | AL1: BES_TR5_one480_dup_A | AM1: BES_TR5_one521_dup_C | AN1: BES_TR5_one528_C | AO1: BES_TR5_one528_dup_C | AP1: BES_TR5_one61_dup_A | AQ1: BES_TR5_one544_A | AR1: BES_TR5_one544_dup_A | AS1: BES_TR5_one559_C | AT1: BES_TR5_one590_A | AU1: BES_TR5_one590_dup_A | AV1: BES_TR5_one605_A | AW1: BES_TR5_one605_dup_A | AX1: BES_TR5_one614_B | AY1: BES_TR5_one617_dup_A | AZ1: BES_TR5_one73_A | BA1: BES_TR5_one73_dup_A | BB1: BES_TR5_one76_A | BC1: BES_TR5_one133_A | BD1: BES_TR5_one137_A | BE1: BES_TR5_one176_A | BF1: BES_TR5_four1252_C | BG1: BES_TR5_four171_A | BH1: BES_TR5_four180_A | BI1: BES_TR5_four184_B | BJ1: BES_TR5_four200_A | BK1: BES_TR5_four239_A | BL1: BES_TR5_four259_B | BM1: BES_TR5_four54_C | BN1: BES_TR5_four279_B | BO1: BES_TR5_four288_B | BP1: BES_TR5_four301_C | BQ1: BES_TR5_four326_A | BR1: BES_TR5_four352_A | BS1: BES_TR5_four354_B | BT1: BES_TR5_four358_C | BU1: BES_TR5_four381_A | BV1: BES_TR5_four385_A | BW1: BES_TR5_four396_B | BX1: BES_TR5_four423_C | BY1: BES_TR5_four446_B | BZ1: BES_TR5_four451_C | CA1: BES_TR5_four532_A | CB1: BES_TR5_four548_B | CC1: BES_TR5_four553_B | CD1: BES_TR5_four562_C | CE1: BES_TR5_four70_B | CF1: BES_TR5_four659_B | CG1: BES_TR5_four675_C | CH1: BES_TR5_four704_B | CI1: BES_TR5_four710_C | CJ1: BES_TR5_four734_A | CK1: BES_TR5_four763_A | CL1: BES_TR5_four797_C | CM1: BES_TR5_four840_A | CN1: BES_TR5_four854_A | CO1: BES_TR5_four926_B | CP1: BES_TR5_four958_C | CQ1: BES_TR5_four1027_A | CR1: BES_TR5_four1063_C | CS1: BES_TR5_four1091_B | CT1: BES_TR5_four1103_C | CU1: BES_TR5_four1132_C | CV1: BES_TR5_four1140_A | CW1: BES_TR5_four126_A | CX1: BES_TR5_four1187_A | CY1: BES_TR5_four1207_B | CZ1: BES_TR5_four1216_C | DA1: BES_TR5_four1220_C | DB1: BES_TR5_four1226_A | DC1: BES_TR5_four1244_B | DD1: BES_TR5_five58_dup_C | DE1: BES_TR5_five147_dup_C | DF1: BES_TR5_five149_A | DG1: BES_TR5_five149_dup_A | DH1: BES_TR5_five160_C | DI1: BES_TR5_five160_dup_C | DJ1: BES_TR5_five168_A | DK1: BES_TR5_five170_A | DL1: BES_TR5_five177_A | DM1: BES_TR5_five194_C | DN1: BES_TR5_five194_dup_C | DO1: BES_TR5_five220_C | DP1: BES_TR5_five220_dup_C | DQ1: BES_TR5_five223_dup_A | DR1: BES_TR5_five242_dup_A | DS1: BES_TR5_five243_dup_B | DT1: BES_TR5_five284_C | DU1: BES_TR5_five284_dup_C | DV1: BES_TR5_five285_B | DW1: BES_TR5_five309_C | DX1: BES_TR5_five324_B | DY1: BES_TR5_five345_A | DZ1: BES_TR5_five355_A | EA1: BES_TR5_five78_dup_A | EB1: BES_TR5_five394_C | EC1: BES_TR5_five421_A | ED1: BES_TR5_five421_dup_A | EE1: BES_TR5_five457_B | EF1: BES_TR5_five457_dup_B | EG1: BES_TR5_five466_A | EH1: BES_TR5_five472_dup_A | EI1: BES_TR5_five488_B | EJ1: BES_TR5_five488_dup_B | EK1: BES_TR5_five494_dup_B | EL1: BES_TR5_five512_A | EM1: BES_TR5_five513_dup_B | EN1: BES_TR5_five537_C | EO1: BES_TR5_five537_dup_C | EP1: BES_TR5_five540_A | EQ1: BES_TR5_five545_dup_B | ER1: BES_TR5_five585_dup_A | ES1: BES_TR5_five588_dup_A | ET1: BES_TR5_five108_B | EU1: BES_TR5_five108_dup_B | EV1: BES_TR5_five663_C | EW1: BES_TR5_five663_dup_C | EX1: BES_TR5_five670_C | EY1: BES_TR5_five670_dup_C | EZ1: BES_TR5_five685_dup_B | FA1: BES_TR5_five695_dup_A | FB1: BES_TR5_five704_dup_A | FC1: BES_TR5_five719_A | FD1: BES_TR5_five719_dup_A | FE1: BES_TR5_five735_A | FF1: BES_TR5_five748_dup_B | FG1: BES_TR5_five117_dup_B | FH1: BES_TR5_five750_B | FI1: BES_TR5_five750_dup_B | FJ1: BES_TR5_five778_dup_B | FK1: BES_TR5_five793_A | FL1: BES_TR5_five793_dup_A | FM1: BES_TR5_five799_dup_C | FN1: BES_TR5_five801_dup_C | FO1: BES_TR5_five118_B | FP1: BES_TR5_six64_A | FQ1: BES_TR5_six173_C | FR1: BES_TR5_six186_A | FS1: BES_TR5_six203_A | FT1: BES_TR5_six238_A | FU1: BES_TR5_six249_B | FV1: BES_TR5_six254_B | FW1: BES_TR5_six68_C | FX1: BES_TR5_six317_C | FY1: BES_TR5_six326_A | FZ1: BES_TR5_six342_A | GA1: BES_TR5_six350_B | GB1: BES_TR5_six75_A | GC1: BES_TR5_six385_B | GD1: BES_TR5_six387_A | GE1: BES_TR5_six392_C | GF1: BES_TR5_six431_C | GG1: BES_TR5_six441_A | GH1: BES_TR5_six512_B | GI1: BES_TR5_six518_B | GJ1: BES_TR5_six523_C | GK1: BES_TR5_six534_B | GL1: BES_TR5_six591_C | GM1: BES_TR5_six595_B | GN1: BES_TR5_six643_A | GO1: BES_TR5_six646_B | GP1: BES_TR5_six651_C | GQ1: BES_TR5_six87_A | GR1: BES_TR5_six665_B | GS1: BES_TR5_six718_C | GT1: BES_TR5_six721_A | GU1: BES_TR5_six723_B | GV1: BES_TR5_six740_A | GW1: BES_TR5_six799_B | GX1: BES_TR5_six807_A | GY1: BES_TR5_six852_B | GZ1: BES_TR5_six860_C | HA1: BES_TR5_six885_A | HB1: BES_TR5_six909_C | HC1: BES_TR5_six921_B | HD1: BES_TR5_six929_A | HE1: BES_TR5_six952_A | HF1: BES_TR5_six967_B | HG1: BES_TR5_six111_C | HH1: BES_TR5_six1006_C | HI1: fleet_average | HJ1: fleet_total
A2: 1 | B2: 0 | C2: 0 | D2: 0 | E2: 0 | F2: 0 | G2: 0 | H2: 0 | I2: 0 | J2: 0 | K2: 0 | L2: 0 | M2: 0 | N2: 0 | O2: 0 | P2: 0 | Q2: 0 | R2: 0 | S2: 0 | T2: 0 | U2: 0 | V2: 0 | W2: 0 | X2: 0 | Y2: 0 | Z2: 0 | AA2: 0 | AB2: 0 | AC2: 0 | AD2: 0 | AE2: 0 | AF2: 0 | AG2: 0 | AH2: 0 | AI2: 0 | AJ2: 0 | AK2: 0 | AL2: 0 | AM2: 0 | AN2: 0 | AO2: 0 | AP2: 0 | AQ2: 0 | AR2: 0 | AS2: 0 | AT2: 0 | AU2: 0 | AV2: 0 | AW2: 0 | AX2: 0 | AY2: 0 | AZ2: 0 | BA2: 0 | BB2: 0 | BC2: 0 | BD2: 0 | BE2: 0 | BF2: 0 | BG2: 0 | BH2: 0 | BI2: 0 | BJ2: 0 | BK2: 0 | BL2: 0 | BM2: 0 | BN2: 0 | BO2: 0 | BP2: 0 | BQ2: 0 | BR2: 0 | BS2: 0 | BT2: 0 | BU2: 0 | BV2: 0 | BW2: 0 | BX2: 0 | BY2: 0 | BZ2: 0 | CA2: 0 | CB2: 0 | CC2: 0 | CD2: 0 | CE2: 0 | CF2: 0 | CG2: 0 | CH2: 0 | CI2: 0 | CJ2: 0 | CK2: 0 | CL2: 0 | CM2: 0 | CN2: 0 | CO2: 0 | CP2: 0 | CQ2: 0 | CR2: 0 | CS2: 0 | CT2: 0 | CU2: 0 | CV2: 0 | CW2: 0 | CX2: 0 | CY2: 0 | CZ2: 0 | DA2: 0 | DB2: 0 | DC2: 0 | DD2: 0 | DE2: 0 | DF2: 0 | DG2: 0 | DH2: 0 | DI2: 0 | DJ2: 0 | DK2: 0 | DL2: 0 | DM2: 0 | DN2: 0 | DO2: 0 | DP2: 0 | DQ2: 0 | DR2: 0 | DS2: 0 | DT2: 0 | DU2: 0 | DV2: 0 | DW2: 0 | DX2: 0 | DY2: 0 | DZ2: 0 | EA2: 0 | EB2: 0 | EC2: 0 | ED2: 0 | EE2: 0 | EF2: 0 | EG2: 0 | EH2: 0 | EI2: 0 | EJ2: 0 | EK2: 0 | EL2: 0 | EM2: 0 | EN2: 0 | EO2: 0 | EP2: 0 | EQ2: 0 | ER2: 0 | ES2: 0 | ET2: 0 | EU2: 0 | EV2: 0 | EW2: 0 | EX2: 0 | EY2: 0 | EZ2: 0 | FA2: 0 | FB2: 0 | FC2: 0 | FD2: 0 | FE2: 0 | FF2: 0 | FG2: 0 | FH2: 0 | FI2: 0 | FJ2: 0 | FK2: 0 | FL2: 0 | FM2: 0 | FN2: 0 | FO2: 0 | FP2: 0 | FQ2: 0 | FR2: 0 | FS2: 0 | FT2: 0 | FU2: 0 | FV2: 0 | FW2: 0 | FX2: 0 | FY2: 0 | FZ2: 0 | GA2: 0 | GB2: 0 | GC2: 0 | GD2: 0 | GE2: 0 | GF2: 0 | GG2: 0 | GH2: 0 | GI2: 0 | GJ2: 0 | GK2: 0 | GL2: 0 | GM2: 0 | GN2: 0 | GO2: 0 | GP2: 0 | GQ2: 0 | GR2: 0 | GS2: 0 | GT2: 0 | GU2: 0 | GV2: 0 | GW2: 0 | GX2: 0 | GY2: 0 | GZ2: 0 | HA2: 0 | HB2: 0 | HC2: 0 | HD2: 0 | HE2: 0 | HF2: 0 | HG2: 0 | HH2: 0 | HI2: 0 | HJ2: 0
A3: 2 | B3: 0.5 | C3: 0 | D3: 0 | E3: 0 | F3: 0 | G3: 0 | H3: 0 | I3: 0 | J3: 0 | K3: 0 | L3: 0 | M3: 0 | N3: 0 | O3: 0 | P3: 0 | Q3: 0 | R3: 0 | S3: 0 | T3: 0 | U3: 0 | V3: 0 | W3: 0 | X3: 0 | Y3: 0 | Z3: 0 | AA3: 0 | AB3: 0 | AC3: 0 | AD3: 0 | AE3: 0 | AF3: 0 | AG3: 0 | AH3: 0 | AI3: 0 | AJ3: 0 | AK3: 0 | AL3: 0 | AM3: 0 | AN3: 0 | AO3: 0 | AP3: 0 | AQ3: 0 | AR3: 0 | AS3: 0 | AT3: 0 | AU3: 0 | AV3: 0 | AW3: 0 | AX3: 0 | AY3: 0 | AZ3: 0 | BA3: 0 | BB3: 0 | BC3: 0 | BD3: 0 | BE3: 0 | BF3: 0 | BG3: 0 | BH3: 0 | BI3: 0 | BJ3: 0 | BK3: 0 | BL3: 0 | BM3: 0 | BN3: 0 | BO3: 0 | BP3: 0 | BQ3: 0 | BR3: 0 | BS3: 0 | BT3: 0 | BU3: 0 | BV3: 0 | BW3: 0 | BX3: 0 | BY3: 0 | BZ3: 0 | CA3: 0 | CB3: 0 | CC3: 0 | CD3: 0 | CE3: 0 | CF3: 0 | CG3: 0 | CH3: 0 | CI3: 0 | CJ3: 0 | CK3: 0 | CL3: 0 | CM3: 0 | CN3: 0 | CO3: 0 | CP3: 0 | CQ3: 0 | CR3: 0 | CS3: 0 | CT3: 0 | CU3: 0 | CV3: 0 | CW3: 0 | CX3: 0 | CY3: 0 | CZ3: 0 | DA3: 0 | DB3: 0 | DC3: 0 | DD3: 0 | DE3: 0 | DF3: 0 | DG3: 0 | DH3: 0 | DI3: 0 | DJ3: 0 | DK3: 0 | DL3: 0 | DM3: 0 | DN3: 0 | DO3: 0 | DP3: 0 | DQ3: 0 | DR3: 0 | DS3: 0 | DT3: 0 | DU3: 0 | DV3: 0 | DW3: 0 | DX3: 0 | DY3: 0 | DZ3: 0 | EA3: 0 | EB3: 0 | EC3: 0 | ED3: 0 | EE3: 0 | EF3: 0 | EG3: 0 | EH3: 0 | EI3: 0 | EJ3: 0 | EK3: 0 | EL3: 0 | EM3: 0 | EN3: 0 | EO3: 0 | EP3: 0 | EQ3: 0 | ER3: 0 | ES3: 0 | ET3: 0 | EU3: 0 | EV3: 0 | EW3: 0 | EX3: 0 | EY3: 0 | EZ3: 0 | FA3: 0 | FB3: 0 | FC3: 0 | FD3: 0 | FE3: 0 | FF3: 0 | FG3: 0 | FH3: 0 | FI3: 0 | FJ3: 0 | FK3: 0 | FL3: 0 | FM3: 0 | FN3: 0 | FO3: 0 | FP3: 0 | FQ3: 0 | FR3: 0 | FS3: 0 | FT3: 0 | FU3: 0 | FV3: 0 | FW3: 0 | FX3: 0 | FY3: 0 | FZ3: 0 | GA3: 0 | GB3: 0 | GC3: 0 | GD3: 0 | GE3: 0 | GF3: 0 | GG3: 0 | GH3: 0 | GI3: 0 | GJ3: 0 | GK3: 0 | GL3: 0 | GM3: 0 | GN3: 0 | GO3: 0 | GP3: 0 | GQ3: 0 | GR3: 0 | GS3: 0 | GT3: 0 | GU3: 0 | GV3: 0 | GW3: 0 | GX3: 0 | GY3: 0 | GZ3: 0 | HA3: 0 | HB3: 0 | HC3: 0 | HD3: 0 | HE3: 0 | HF3: 0 | HG3: 0 | HH3: 0 | HI3: 0 | HJ3: 0
A4: 3 | B4: 1 | C4: 0 | D4: 0 | E4: 0 | F4: 0 | G4: 0 | H4: 0 | I4: 0 | J4: 0 | K4: 0 | L4: 0 | M4: 0 | N4: 0 | O4: 0 | P4: 0 | Q4: 0 | R4: 0 | S4: 0 | T4: 0 | U4: 0 | V4: 0 | W4: 0 | X4: 0 | Y4: 0 | Z4: 0 | AA4: 0 | AB4: 0 | AC4: 0 | AD4: 0 | AE4: 0 | AF4: 0 | AG4: 0 | AH4: 0 | AI4: 0 | AJ4: 0 | AK4: 0 | AL4: 0 | AM4: 0 | AN4: 0 | AO4: 0 | AP4: 0 | AQ4: 0 | AR4: 0 | AS4: 0 | AT4: 0 | AU4: 0 | AV4: 0 | AW4: 0 | AX4: 0 | AY4: 0 | AZ4: 0 | BA4: 0 | BB4: 0 | BC4: 0 | BD4: 0 | BE4: 0 | BF4: 0 | BG4: 0 | BH4: 0 | BI4: 0 | BJ4: 0 | BK4: 0 | BL4: 0 | BM4: 0 | BN4: 0 | BO4: 0 | BP4: 0 | BQ4: 0 | BR4: 0 | BS4: 0 | BT4: 0 | BU4: 0 | BV4: 0 | BW4: 0 | BX4: 0 | BY4: 0 | BZ4: 0 | CA4: 0 | CB4: 0 | CC4: 0 | CD4: 0 | CE4: 0 | CF4: 0 | CG4: 0 | CH4: 0 | CI4: 0 | CJ4: 0 | CK4: 0 | CL4: 0 | CM4: 0 | CN4: 0 | CO4: 0 | CP4: 0 | CQ4: 0 | CR4: 0 | CS4: 0 | CT4: 0 | CU4: 0 | CV4: 0 | CW4: 0 | CX4: 0 | CY4: 0 | CZ4: 0 | DA4: 0 | DB4: 0 | DC4: 0 | DD4: 0 | DE4: 0 | DF4: 0 | DG4: 0 | DH4: 0 | DI4: 0 | DJ4: 0 | DK4: 0 | DL4: 0 | DM4: 0 | DN4: 0 | DO4: 0 | DP4: 0 | DQ4: 0 | DR4: 0 | DS4: 0 | DT4: 0 | DU4: 0 | DV4: 0 | DW4: 0 | DX4: 0 | DY4: 0 | DZ4: 0 | EA4: 0 | EB4: 0 | EC4: 0 | ED4: 0 | EE4: 0 | EF4: 0 | EG4: 0 | EH4: 0 | EI4: 0 | EJ4: 0 | EK4: 0 | EL4: 0 | EM4: 0 | EN4: 0 | EO4: 0 | EP4: 0 | EQ4: 0 | ER4: 0 | ES4: 0 | ET4: 0 | EU4: 0 | EV4: 0 | EW4: 0 | EX4: 0 | EY4: 0 | EZ4: 0 | FA4: 0 | FB4: 0 | FC4: 0 | FD4: 0 | FE4: 0 | FF4: 0 | FG4: 0 | FH4: 0 | FI4: 0 | FJ4: 0 | FK4: 0 | FL4: 0 | FM4: 0 | FN4: 0 | FO4: 0 | FP4: 0 | FQ4: 0 | FR4: 0 | FS4: 0 | FT4: 0 | FU4: 0 | FV4: 0 | FW4: 0 | FX4: 0 | FY4: 0 | FZ4: 0 | GA4: 0 | GB4: 0 | GC4: 0 | GD4: 0 | GE4: 0 | GF4: 0 | GG4: 0 | GH4: 0 | GI4: 0 | GJ4: 0 | GK4: 0 | GL4: 0 | GM4: 0 | GN4: 0 | GO4: 0 | GP4: 0 | GQ4: 0 | GR4: 0 | GS4: 0 | GT4: 0 | GU4: 0 | GV4: 0 | GW4: 0 | GX4: 0 | GY4: 0 | GZ4: 0 | HA4: 0 | HB4: 0 | HC4: 0 | HD4: 0 | HE4: 0 | HF4: 0 | HG4: 0 | HH4: 0 | HI4: 0 | HJ4: 0
A5: 4 | B5: 1.5 | C5: 0 | D5: 0 | E5: 0 | F5: 0 | G5: 0 | H5: 0 | I5: 0 | J5: 0 | K5: 0 | L5: 0 | M5: 0 | N5: 0 | O5: 0 | P5: 0 | Q5: 0 | R5: 0 | S5: 0 | T5: 0 | U5: 0 | V5: 0 | W5: 0 | X5: 0 | Y5: 0 | Z5: 0 | AA5: 0 | AB5: 0 | AC5: 0 | AD5: 0 | AE5: 0 | AF5: 0 | AG5: 0 | AH5: 0 | AI5: 0 | AJ5: 0 | AK5: 0 | AL5: 0 | AM5: 0 | AN5: 0 | AO5: 0 | AP5: 0 | AQ5: 0 | AR5: 0 | AS5: 0 | AT5: 0 | AU5: 0 | AV5: 0 | AW5: 0 | AX5: 0 | AY5: 0 | AZ5: 0 | BA5: 0 | BB5: 0 | BC5: 0 | BD5: 0 | BE5: 0 | BF5: 0 | BG5: 0 | BH5: 0 | BI5: 0 | BJ5: 0 | BK5: 0 | BL5: 0 | BM5: 0 | BN5: 0 | BO5: 0 | BP5: 0 | BQ5: 0 | BR5: 0 | BS5: 0 | BT5: 0 | BU5: 0 | BV5: 0 | BW5: 0 | BX5: 0 | BY5: 0 | BZ5: 0 | CA5: 0 | CB5: 0 | CC5: 0 | CD5: 0 | CE5: 0 | CF5: 0 | CG5: 0 | CH5: 0 | CI5: 0 | CJ5: 0 | CK5: 0 | CL5: 0 | CM5: 0 | CN5: 0 | CO5: 0 | CP5: 0 | CQ5: 0 | CR5: 0 | CS5: 0 | CT5: 0 | CU5: 0 | CV5: 0 | CW5: 0 | CX5: 0 | CY5: 0 | CZ5: 0 | DA5: 0 | DB5: 0 | DC5: 0 | DD5: 0 | DE5: 0 | DF5: 0 | DG5: 0 | DH5: 0 | DI5: 0 | DJ5: 0 | DK5: 0 | DL5: 0 | DM5: 0 | DN5: 0 | DO5: 0 | DP5: 0 | DQ5: 0 | DR5: 0 | DS5: 0 | DT5: 0 | DU5: 0 | DV5: 0 | DW5: 0 | DX5: 0 | DY5: 0 | DZ5: 0 | EA5: 0 | EB5: 0 | EC5: 0 | ED5: 0 | EE5: 0 | EF5: 0 | EG5: 0 | EH5: 0 | EI5: 0 | EJ5: 0 | EK5: 0 | EL5: 0 | EM5: 0 | EN5: 0 | EO5: 0 | EP5: 0 | EQ5: 0 | ER5: 0 | ES5: 0 | ET5: 0 | EU5: 0 | EV5: 0 | EW5: 0 | EX5: 0 | EY5: 0 | EZ5: 0 | FA5: 0 | FB5: 0 | FC5: 0 | FD5: 0 | FE5: 0 | FF5: 0 | FG5: 0 | FH5: 0 | FI5: 0 | FJ5: 0 | FK5: 0 | FL5: 0 | FM5: 0 | FN5: 0 | FO5: 0 | FP5: 0 | FQ5: 0 | FR5: 0 | FS5: 0 | FT5: 0 | FU5: 0 | FV5: 0 | FW5: 0 | FX5: 0 | FY5: 0 | FZ5: 0 | GA5: 0 | GB5: 0 | GC5: 0 | GD5: 0 | GE5: 0 | GF5: 0 | GG5: 0 | GH5: 0 | GI5: 0 | GJ5: 0 | GK5: 0 | GL5: 0 | GM5: 0 | GN5: 0 | GO5: 0 | GP5: 0 | GQ5: 0 | GR5: 0 | GS5: 0 | GT5: 0 | GU5: 0 | GV5: 0 | GW5: 0 | GX5: 0 | GY5: 0 | GZ5: 0 | HA5: 0 | HB5: 0 | HC5: 0 | HD5: 0 | HE5: 0 | HF5: 0 | HG5: 0 | HH5: 0 | HI5: 0 | HJ5: 0
A6: 5 | B6: 2 | C6: 0 | D6: 0 | E6: 0 | F6: 0 | G6: 0 | H6: 0 | I6: 0 | J6: 0 | K6: 0 | L6: 0 | M6: 0 | N6: 0 | O6: 0 | P6: 0 | Q6: 0 | R6: 0 | S6: 0 | T6: 0 | U6: 0 | V6: 0 | W6: 0 | X6: 0 | Y6: 0 | Z6: 0 | AA6: 0 | AB6: 0 | AC6: 0 | AD6: 0 | AE6: 0 | AF6: 0 | AG6: 0 | AH6: 0 | AI6: 0 | AJ6: 0 | AK6: 0 | AL6: 0 | AM6: 0 | AN6: 0 | AO6: 0 | AP6: 0 | AQ6: 0 | AR6: 0 | AS6: 0 | AT6: 0 | AU6: 0 | AV6: 0 | AW6: 0 | AX6: 0 | AY6: 0 | AZ6: 0 | BA6: 0 | BB6: 0 | BC6: 0 | BD6: 0 | BE6: 0 | BF6: 0 | BG6: 0 | BH6: 0 | BI6: 0 | BJ6: 0 | BK6: 0 | BL6: 0 | BM6: 0 | BN6: 0 | BO6: 0 | BP6: 0 | BQ6: 0 | BR6: 0 | BS6: 0 | BT6: 0 | BU6: 0 | BV6: 0 | BW6: 0 | BX6: 0 | BY6: 0 | BZ6: 0 | CA6: 0 | CB6: 0 | CC6: 0 | CD6: 0 | CE6: 0 | CF6: 0 | CG6: 0 | CH6: 0 | CI6: 0 | CJ6: 0 | CK6: 0 | CL6: 0 | CM6: 0 | CN6: 0 | CO6: 0 | CP6: 0 | CQ6: 0 | CR6: 0 | CS6: 0 | CT6: 0 | CU6: 0 | CV6: 0 | CW6: 0 | CX6: 0 | CY6: 0 | CZ6: 0 | DA6: 0 | DB6: 0 | DC6: 0 | DD6: 0 | DE6: 0 | DF6: 0 | DG6: 0 | DH6: 0 | DI6: 0 | DJ6: 0 | DK6: 0 | DL6: 0 | DM6: 0 | DN6: 0 | DO6: 0 | DP6: 0 | DQ6: 0 | DR6: 0 | DS6: 0 | DT6: 0 | DU6: 0 | DV6: 0 | DW6: 0 | DX6: 0 | DY6: 0 | DZ6: 0 | EA6: 0 | EB6: 0 | EC6: 0 | ED6: 0 | EE6: 0 | EF6: 0 | EG6: 0 | EH6: 0 | EI6: 0 | EJ6: 0 | EK6: 0 | EL6: 0 | EM6: 0 | EN6: 0 | EO6: 0 | EP6: 0 | EQ6: 0 | ER6: 0 | ES6: 0 | ET6: 0 | EU6: 0 | EV6: 0 | EW6: 0 | EX6: 0 | EY6: 0 | EZ6: 0 | FA6: 0 | FB6: 0 | FC6: 0 | FD6: 0 | FE6: 0 | FF6: 0 | FG6: 0 | FH6: 0 | FI6: 0 | FJ6: 0 | FK6: 0 | FL6: 0 | FM6: 0 | FN6: 0 | FO6: 0 | FP6: 0 | FQ6: 0 | FR6: 0 | FS6: 0 | FT6: 0 | FU6: 0 | FV6: 0 | FW6: 0 | FX6: 0 | FY6: 0 | FZ6: 0 | GA6: 0 | GB6: 0 | GC6: 0 | GD6: 0 | GE6: 0 | GF6: 0 | GG6: 0 | GH6: 0 | GI6: 0 | GJ6: 0 | GK6: 0 | GL6: 0 | GM6: 0 | GN6: 0 | GO6: 0 | GP6: 0 | GQ6: 0 | GR6: 0 | GS6: 0 | GT6: 0 | GU6: 0 | GV6: 0 | GW6: 0 | GX6: 0 | GY6: 0 | GZ6: 0 | HA6: 0 | HB6: 0 | HC6: 0 | HD6: 0 | HE6: 0 | HF6: 0 | HG6: 0 | HH6: 0 | HI6: 0 | HJ6: 0
A7: 6 | B7: 2.5 | C7: 0 | D7: 0 | E7: 0 | F7: 0 | G7: 0 | H7: 0 | I7: 0 | J7: 0 | K7: 0 | L7: 0 | M7: 0 | N7: 0 | O7: 0 | P7: 0 | Q7: 0 | R7: 0 | S7: 0 | T7: 0 | U7: 0 | V7: 0 | W7: 0 | X7: 0 | Y7: 0 | Z7: 0 | AA7: 0 | AB7: 0 | AC7: 0 | AD7: 0 | AE7: 0 | AF7: 0 | AG7: 0 | AH7: 0 | AI7: 0 | AJ7: 0 | AK7: 0 | AL7: 0 | AM7: 0 | AN7: 0 | AO7: 0 | AP7: 0 | AQ7: 0 | AR7: 0 | AS7: 0 | AT7: 0 | AU7: 0 | AV7: 0 | AW7: 0 | AX7: 0 | AY7: 0 | AZ7: 0 | BA7: 0 | BB7: 0 | BC7: 0 | BD7: 0 | BE7: 0 | BF7: 0 | BG7: 0 | BH7: 0 | BI7: 0 | BJ7: 0 | BK7: 0 | BL7: 0 | BM7: 0 | BN7: 0 | BO7: 0 | BP7: 0 | BQ7: 0 | BR7: 0 | BS7: 0 | BT7: 0 | BU7: 0 | BV7: 0 | BW7: 0 | BX7: 0 | BY7: 0 | BZ7: 0 | CA7: 0 | CB7: 0 | CC7: 0 | CD7: 0 | CE7: 0 | CF7: 0 | CG7: 0 | CH7: 0 | CI7: 0 | CJ7: 0 | CK7: 0 | CL7: 0 | CM7: 0 | CN7: 0 | CO7: 0 | CP7: 0 | CQ7: 0 | CR7: 0 | CS7: 0 | CT7: 0 | CU7: 0 | CV7: 0 | CW7: 0 | CX7: 0 | CY7: 0 | CZ7: 0 | DA7: 0 | DB7: 0 | DC7: 0 | DD7: 0 | DE7: 0 | DF7: 0 | DG7: 0 | DH7: 0 | DI7: 0 | DJ7: 0 | DK7: 0 | DL7: 0 | DM7: 0 | DN7: 0 | DO7: 0 | DP7: 0 | DQ7: 0 | DR7: 0 | DS7: 0 | DT7: 0 | DU7: 0 | DV7: 0 | DW7: 0 | DX7: 0 | DY7: 0 | DZ7: 0 | EA7: 0 | EB7: 0 | EC7: 0 | ED7: 0 | EE7: 0 | EF7: 0 | EG7: 0 | EH7: 0 | EI7: 0 | EJ7: 0 | EK7: 0 | EL7: 0 | EM7: 0 | EN7: 0 | EO7: 0 | EP7: 0 | EQ7: 0 | ER7: 0 | ES7: 0 | ET7: 0 | EU7: 0 | EV7: 0 | EW7: 0 | EX7: 0 | EY7: 0 | EZ7: 0 | FA7: 0 | FB7: 0 | FC7: 0 | FD7: 0 | FE7: 0 | FF7: 0 | FG7: 0 | FH7: 0 | FI7: 0 | FJ7: 0 | FK7: 0 | FL7: 0 | FM7: 0 | FN7: 0 | FO7: 0 | FP7: 0 | FQ7: 0 | FR7: 0 | FS7: 0 | FT7: 0 | FU7: 0 | FV7: 0 | FW7: 0 | FX7: 0 | FY7: 0 | FZ7: 0 | GA7: 0 | GB7: 0 | GC7: 0 | GD7: 0 | GE7: 0 | GF7: 0 | GG7: 0 | GH7: 0 | GI7: 0 | GJ7: 0 | GK7: 0 | GL7: 0 | GM7: 0 | GN7: 0 | GO7: 0 | GP7: 0 | GQ7: 0 | GR7: 0 | GS7: 0 | GT7: 0 | GU7: 0 | GV7: 0 | GW7: 0 | GX7: 0 | GY7: 0 | GZ7: 0 | HA7: 0 | HB7: 0 | HC7: 0 | HD7: 0 | HE7: 0 | HF7: 0 | HG7: 0 | HH7: 0 | HI7: 0 | HJ7: 0
A8: 7 | B8: 3 | C8: 0 | D8: 0 | E8: 0 | F8: 0 | G8: 0 | H8: 0 | I8: 0 | J8: 0 | K8: 0 | L8: 0 | M8: 0 | N8: 0 | O8: 0 | P8: 0 | Q8: 0 | R8: 0 | S8: 0 | T8: 0 | U8: 0 | V8: 0 | W8: 0 | X8: 0 | Y8: 0 | Z8: 0 | AA8: 0 | AB8: 0 | AC8: 0 | AD8: 0 | AE8: 0 | AF8: 0 | AG8: 0 | AH8: 0 | AI8: 0 | AJ8: 0 | AK8: 0 | AL8: 0 | AM8: 0 | AN8: 0 | AO8: 0 | AP8: 0 | AQ8: 0 | AR8: 0 | AS8: 0 | AT8: 0 | AU8: 0 | AV8: 0 | AW8: 0 | AX8: 0 | AY8: 0 | AZ8: 0 | BA8: 0 | BB8: 0 | BC8: 0 | BD8: 0 | BE8: 0 | BF8: 0 | BG8: 0 | BH8: 0 | BI8: 0 | BJ8: 0 | BK8: 0 | BL8: 0 | BM8: 0 | BN8: 0 | BO8: 0 | BP8: 0 | BQ8: 0 | BR8: 0 | BS8: 0 | BT8: 0 | BU8: 0 | BV8: 0 | BW8: 0 | BX8: 0 | BY8: 0 | BZ8: 0 | CA8: 0 | CB8: 0 | CC8: 0 | CD8: 0 | CE8: 0 | CF8: 0 | CG8: 0 | CH8: 0 | CI8: 0 | CJ8: 0 | CK8: 0 | CL8: 0 | CM8: 0 | CN8: 0 | CO8: 0 | CP8: 0 | CQ8: 0 | CR8: 0 | CS8: 0 | CT8: 0 | CU8: 0 | CV8: 0 | CW8: 0 | CX8: 0 | CY8: 0 | CZ8: 0 | DA8: 0 | DB8: 0 | DC8: 0 | DD8: 0 | DE8: 0 | DF8: 0 | DG8: 0 | DH8: 0 | DI8: 0 | DJ8: 0 | DK8: 0 | DL8: 0 | DM8: 0 | DN8: 0 | DO8: 0 | DP8: 0 | DQ8: 0 | DR8: 0 | DS8: 0 | DT8: 0 | DU8: 0 | DV8: 0 | DW8: 0 | DX8: 0 | DY8: 0 | DZ8: 0 | EA8: 0 | EB8: 0 | EC8: 0 | ED8: 0 | EE8: 0 | EF8: 0 | EG8: 0 | EH8: 0 | EI8: 0 | EJ8: 0 | EK8: 0 | EL8: 0 | EM8: 0 | EN8: 0 | EO8: 0 | EP8: 0 | EQ8: 0 | ER8: 0 | ES8: 0 | ET8: 0 | EU8: 0 | EV8: 0 | EW8: 0 | EX8: 0 | EY8: 0 | EZ8: 0 | FA8: 0 | FB8: 0 | FC8: 0 | FD8: 0 | FE8: 0 | FF8: 0 | FG8: 0 | FH8: 0 | FI8: 0 | FJ8: 0 | FK8: 0 | FL8: 0 | FM8: 0 | FN8: 0 | FO8: 0 | FP8: 0 | FQ8: 0 | FR8: 0 | FS8: 0 | FT8: 0 | FU8: 0 | FV8: 0 | FW8: 0 | FX8: 0 | FY8: 0 | FZ8: 0 | GA8: 0 | GB8: 0 | GC8: 0 | GD8: 0 | GE8: 0 | GF8: 0 | GG8: 0 | GH8: 0 | GI8: 0 | GJ8: 0 | GK8: 0 | GL8: 0 | GM8: 0 | GN8: 0 | GO8: 0 | GP8: 0 | GQ8: 0 | GR8: 0 | GS8: 0 | GT8: 0 | GU8: 0 | GV8: 0 | GW8: 0 | GX8: 0 | GY8: 0 | GZ8: 0 | HA8: 0 | HB8: 0 | HC8: 0 | HD8: 0 | HE8: 0 | HF8: 0 | HG8: 0 | HH8: 0 | HI8: 0 | HJ8: 0
A9: 8 | B9: 3.5 | C9: 0 | D9: 0 | E9: 0 | F9: 0 | G9: 0 | H9: 0 | I9: 0 | J9: 0 | K9: 0 | L9: 0 | M9: 0 | N9: 0 | O9: 0 | P9: 0 | Q9: 0 | R9: 0 | S9: 0 | T9: 0 | U9: 0 | V9: 0 | W9: 0 | X9: 0 | Y9: 0 | Z9: 0 | AA9: 0 | AB9: 0 | AC9: 0 | AD9: 0 | AE9: 0 | AF9: 0 | AG9: 0 | AH9: 0 | AI9: 0 | AJ9: 0 | AK9: 0 | AL9: 0 | AM9: 0 | AN9: 0 | AO9: 0 | AP9: 0 | AQ9: 0 | AR9: 0 | AS9: 0 | AT9: 0 | AU9: 0 | AV9: 0 | AW9: 0 | AX9: 0 | AY9: 0 | AZ9: 0 | BA9: 0 | BB9: 0 | BC9: 0 | BD9: 0 | BE9: 0 | BF9: 0 | BG9: 0 | BH9: 0 | BI9: 0 | BJ9: 0 | BK9: 0 | BL9: 0 | BM9: 0 | BN9: 0 | BO9: 0 | BP9: 0 | BQ9: 0 | BR9: 0 | BS9: 0 | BT9: 0 | BU9: 0 | BV9: 0 | BW9: 0 | BX9: 0 | BY9: 0 | BZ9: 0 | CA9: 0 | CB9: 0 | CC9: 0 | CD9: 0 | CE9: 0 | CF9: 0 | CG9: 0 | CH9: 0 | CI9: 0 | CJ9: 0 | CK9: 0 | CL9: 0 | CM9: 0 | CN9: 0 | CO9: 0 | CP9: 0 | CQ9: 0 | CR9: 0 | CS9: 0 | CT9: 0 | CU9: 0 | CV9: 0 | CW9: 0 | CX9: 0 | CY9: 0 | CZ9: 0 | DA9: 0 | DB9: 0 | DC9: 0 | DD9: 0 | DE9: 0 | DF9: 0 | DG9: 0 | DH9: 0 | DI9: 0 | DJ9: 0 | DK9: 0 | DL9: 0 | DM9: 0 | DN9: 0 | DO9: 0 | DP9: 0 | DQ9: 0 | DR9: 0 | DS9: 0 | DT9: 0 | DU9: 0 | DV9: 0 | DW9: 0 | DX9: 0 | DY9: 0 | DZ9: 0 | EA9: 0 | EB9: 0 | EC9: 0 | ED9: 0 | EE9: 0 | EF9: 0 | EG9: 0 | EH9: 0 | EI9: 0 | EJ9: 0 | EK9: 0 | EL9: 0 | EM9: 0 | EN9: 0 | EO9: 0 | EP9: 0 | EQ9: 0 | ER9: 0 | ES9: 0 | ET9: 0 | EU9: 0 | EV9: 0 | EW9: 0 | EX9: 0 | EY9: 0 | EZ9: 0 | FA9: 0 | FB9: 0 | FC9: 0 | FD9: 0 | FE9: 0 | FF9: 0 | FG9: 0 | FH9: 0 | FI9: 0 | FJ9: 0 | FK9: 0 | FL9: 0 | FM9: 0 | FN9: 0 | FO9: 0 | FP9: 0 | FQ9: 0 | FR9: 0 | FS9: 0 | FT9: 0 | FU9: 0 | FV9: 0 | FW9: 0 | FX9: 0 | FY9: 0 | FZ9: 0 | GA9: 0 | GB9: 0 | GC9: 0 | GD9: 0 | GE9: 0 | GF9: 0 | GG9: 0 | GH9: 0 | GI9: 0 | GJ9: 0 | GK9: 0 | GL9: 0 | GM9: 0 | GN9: 0 | GO9: 0 | GP9: 0 | GQ9: 0 | GR9: 0 | GS9: 0 | GT9: 0 | GU9: 0 | GV9: 0 | GW9: 0 | GX9: 0 | GY9: 0 | GZ9: 0 | HA9: 0 | HB9: 0 | HC9: 0 | HD9: 0 | HE9: 0 | HF9: 0 | HG9: 0 | HH9: 0 | HI9: 0 | HJ9: 0
A10: 9 | B10: 4 | C10: 0 | D10: 0 | E10: 0.002 | F10: 0 | G10: 0 | H10: 0 | I10: 0 | J10: 0 | K10: 0 | L10: 0 | M10: 0 | N10: 0 | O10: 0 | P10: 0 | Q10: 0 | R10: 0.014 | S10: 0 | T10: 0 | U10: 0 | V10: 0 | W10: 0 | X10: 0 | Y10: 0 | Z10: 0 | AA10: 0 | AB10: 0 | AC10: 0 | AD10: 0 | AE10: 0 | AF10: 0 | AG10: 0.006 | AH10: 0 | AI10: 0 | AJ10: 0 | AK10: 0 | AL10: 0 | AM10: 0.001 | AN10: 0.008 | AO10: 0 | AP10: 0 | AQ10: 0 | AR10: 0 | AS10: 0 | AT10: 0 | AU10: 0 | AV10: 0 | AW10: 0 | AX10: 0 | AY10: 0 | AZ10: 0 | BA10: 0 | BB10: 0 | BC10: 0 | BD10: 0 | BE10: 0 | BF10: 0 | BG10: 0 | BH10: 0 | BI10: 0 | BJ10: 0 | BK10: 0 | BL10: 0 | BM10: 0 | BN10: 0 | BO10: 0 | BP10: 0 | BQ10: 0 | BR10: 0 | BS10: 0 | BT10: 0 | BU10: 0 | BV10: 0.006 | BW10: 0 | BX10: 0 | BY10: 0 | BZ10: 0 | CA10: 0 | CB10: 0 | CC10: 0 | CD10: 0 | CE10: 0 | CF10: 0 | CG10: 0 | CH10: 0 | CI10: 0 | CJ10: 0 | CK10: 0 | CL10: 0 | CM10: 0 | CN10: 0 | CO10: 0 | CP10: 0 | CQ10: 0 | CR10: 0 | CS10: 0 | CT10: 0 | CU10: 0.002 | CV10: 0 | CW10: 0 | CX10: 0 | CY10: 0 | CZ10: 0 | DA10: 0 | DB10: 0 | DC10: 0 | DD10: 0 | DE10: 0 | DF10: 0 | DG10: 0 | DH10: 0 | DI10: 0 | DJ10: 0 | DK10: 0 | DL10: 0 | DM10: 0 | DN10: 0 | DO10: 0 | DP10: 0 | DQ10: 0 | DR10: 0 | DS10: 0 | DT10: 0 | DU10: 0 | DV10: 0 | DW10: 0 | DX10: 0 | DY10: 0 | DZ10: 0 | EA10: 0 | EB10: 0.004 | EC10: 0 | ED10: 0 | EE10: 0 | EF10: 0 | EG10: 0 | EH10: 0 | EI10: 0 | EJ10: 0 | EK10: 0 | EL10: 0 | EM10: 0 | EN10: 0 | EO10: 0.014 | EP10: 0 | EQ10: 0 | ER10: 0 | ES10: 0 | ET10: 0 | EU10: 0 | EV10: 0 | EW10: 0 | EX10: 0 | EY10: 0 | EZ10: 0 | FA10: 0 | FB10: 0 | FC10: 0 | FD10: 0 | FE10: 0 | FF10: 0 | FG10: 0 | FH10: 0 | FI10: 0 | FJ10: 0 | FK10: 0 | FL10: 0 | FM10: 0 | FN10: 0 | FO10: 0 | FP10: 0 | FQ10: 0 | FR10: 0 | FS10: 0 | FT10: 0 | FU10: 0 | FV10: 0 | FW10: 0 | FX10: 0 | FY10: 0 | FZ10: 0 | GA10: 0 | GB10: 0 | GC10: 0 | GD10: 0 | GE10: 0 | GF10: 0 | GG10: 0 | GH10: 0 | GI10: 0 | GJ10: 0 | GK10: 0 | GL10: 0 | GM10: 0 | GN10: 0 | GO10: 0 | GP10: 0 | GQ10: 0 | GR10: 0 | GS10: 0 | GT10: 0 | GU10: 0 | GV10: 0 | GW10: 0 | GX10: 0 | GY10: 0 | GZ10: 0.009 | HA10: 0 | HB10: 0 | HC10: 0 | HD10: 0 | HE10: 0 | HF10: 0 | HG10: 0.008 | HH10: 0 | HI10: 0.00034579439 | HJ10: 0.074
A11: 10 | B11: 4.5 | C11: 0 | D11: 0 | E11: 0 | F11: 0.057 | G11: 0.068 | H11: 0.05 | I11: 0.056 | J11: 0.039 | K11: 0 | L11: 0.04 | M11: 0.023 | N11: 0.127 | O11: 0.036 | P11: 0.182 | Q11: 0 | R11: 0.016 | S11: 0.143 | T11: 0.017 | U11: 0.093 | V11: 0 | W11: 0.093 | X11: 0.073 | Y11: 0.123 | Z11: 0.052 | AA11: 0.158 | AB11: 0.038 | AC11: 0.09 | AD11: 0.063 | AE11: 0 | AF11: 0.074 | AG11: 0.189 | AH11: 0.118 | AI11: 0.123 | AJ11: 0.035 | AK11: 0 | AL11: 0.182 | AM11: 0.184 | AN11: 0.145 | AO11: 0.09 | AP11: 0 | AQ11: 0.181 | AR11: 0.067 | AS11: 0.039 | AT11: 0 | AU11: 0.149 | AV11: 0.068 | AW11: 0.027 | AX11: 0.044 | AY11: 0 | AZ11: 0 | BA11: 0.087 | BB11: 0 | BC11: 0 | BD11: 0.153 | BE11: 0.185 | BF11: 0.028 | BG11: 0.007 | BH11: 0.027 | BI11: 0.049 | BJ11: 0.088 | BK11: 0.068 | BL11: 0 | BM11: 0 | BN11: 0.026 | BO11: 0 | BP11: 0.008 | BQ11: 0.011 | BR11: 0.176 | BS11: 0 | BT11: 0.088 | BU11: 0.032 | BV11: 0.189 | BW11: 0.01 | BX11: 0.086 | BY11: 0 | BZ11: 0.183 | CA11: 0.032 | CB11: 0.12 | CC11: 0.181 | CD11: 0.066 | CE11: 0.051 | CF11: 0.003 | CG11: 0.156 | CH11: 0.046 | CI11: 0.127 | CJ11: 0 | CK11: 0.002 | CL11: 0.12 | CM11: 0 | CN11: 0.091 | CO11: 0 | CP11: 0.121 | CQ11: 0 | CR11: 0.016 | CS11: 0.156 | CT11: 0.181 | CU11: 0.185 | CV11: 0 | CW11: 0 | CX11: 0.177 | CY11: 0.102 | CZ11: 0 | DA11: 0.005 | DB11: 0.02 | DC11: 0.069 | DD11: 0.044 | DE11: 0.086 | DF11: 0 | DG11: 0 | DH11: 0.003 | DI11: 0.073 | DJ11: 0.091 | DK11: 0.003 | DL11: 0 | DM11: 0 | DN11: 0.001 | DO11: 0 | DP11: 0.041 | DQ11: 0.157 | DR11: 0 | DS11: 0 | DT11: 0.004 | DU11: 0 | DV11: 0.023 | DW11: 0.03 | DX11: 0.104 | DY11: 0.085 | DZ11: 0 | EA11: 0.053 | EB11: 0.187 | EC11: 0 | ED11: 0.109 | EE11: 0 | EF11: 0.088 | EG11: 0.088 | EH11: 0.112 | EI11: 0 | EJ11: 0.156 | EK11: 0 | EL11: 0.034 | EM11: 0.014 | EN11: 0 | EO11: 0.054 | EP11: 0.066 | EQ11: 0.046 | ER11: 0.192 | ES11: 0.061 | ET11: 0.119 | EU11: 0 | EV11: 0 | EW11: 0.175 | EX11: 0.083 | EY11: 0.069 | EZ11: 0.102 | FA11: 0.02 | FB11: 0 | FC11: 0 | FD11: 0.124 | FE11: 0.177 | FF11: 0.064 | FG11: 0.176 | FH11: 0.079 | FI11: 0.183 | FJ11: 0.082 | FK11: 0 | FL11: 0.007 | FM11: 0 | FN11: 0.123 | FO11: 0.069 | FP11: 0.109 | FQ11: 0.008 | FR11: 0.089 | FS11: 0.064 | FT11: 0.086 | FU11: 0.022 | FV11: 0 | FW11: 0.116 | FX11: 0.09 | FY11: 0.038 | FZ11: 0.075 | GA11: 0.013 | GB11: 0.039 | GC11: 0.147 | GD11: 0.105 | GE11: 0.173 | GF11: 0 | GG11: 0 | GH11: 0.08 | GI11: 0.181 | GJ11: 0.07 | GK11: 0.015 | GL11: 0 | GM11: 0 | GN11: 0.185 | GO11: 0.058 | GP11: 0.116 | GQ11: 0.025 | GR11: 0.18 | GS11: 0 | GT11: 0.092 | GU11: 0.041 | GV11: 0.041 | GW11: 0.156 | GX11: 0.087 | GY11: 0.018 | GZ11: 0.032 | HA11: 0.081 | HB11: 0 | HC11: 0 | HD11: 0 | HE11: 0.012 | HF11: 0.084 | HG11: 0.161 | HH11: 0.125 | HI11: 0.06332243 | HJ11: 13.551
A12: 11 | B12: 5 | C12: 0.236 | D12: 0.391 | E12: 0.413 | F12: 0.189 | G12: 0.183 | H12: 0.136 | I12: 0.209 | J12: 0.091 | K12: 0 | L12: 0.332 | M12: 0.288 | N12: 0.164 | O12: 0.122 | P12: 0.41 | Q12: 0.128 | R12: 0.43 | S12: 0.308 | T12: 0 | U12: 0.236 | V12: 0.27 | W12: 0.183 | X12: 0.023 | Y12: 0.295 | Z12: 0.291 | AA12: 0.358 | AB12: 0.124 | AC12: 0.233 | AD12: 0.034 | AE12: 0.369 | AF12: 0.344 | AG12: 0.417 | AH12: 0.29 | AI12: 0.168 | AJ12: 0.343 | AK12: 0 | AL12: 0.278 | AM12: 0.412 | AN12: 0.297 | AO12: 0.233 | AP12: 0.074 | AQ12: 0.257 | AR12: 0.184 | AS12: 0.087 | AT12: 0.408 | AU12: 0.349 | AV12: 0.37 | AW12: 0.199 | AX12: 0.158 | AY12: 0.156 | AZ12: 0.127 | BA12: 0.356 | BB12: 0.067 | BC12: 0 | BD12: 0.319 | BE12: 0.203 | BF12: 0.406 | BG12: 0.399 | BH12: 0.343 | BI12: 0.287 | BJ12: 0.231 | BK12: 0.183 | BL12: 0.12 | BM12: 0.216 | BN12: 0.082 | BO12: 0.118 | BP12: 0 | BQ12: 0.389 | BR12: 0.404 | BS12: 0.061 | BT12: 0.231 | BU12: 0.018 | BV12: 0.417 | BW12: 0.135 | BX12: 0.411 | BY12: 0.061 | BZ12: 0.411 | CA12: 0.09 | CB12: 0.252 | CC12: 0.409 | CD12: 0.181 | CE12: 0.218 | CF12: 0.18 | CG12: 0.281 | CH12: 0.29 | CI12: 0.192 | CJ12: 0.125 | CK12: 0.29 | CL12: 0.209 | CM12: 0.101 | CN12: 0.306 | CO12: 0 | CP12: 0.19 | CQ12: 0.352 | CR12: 0 | CS12: 0.349 | CT12: 0.261 | CU12: 0.413 | CV12: 0.417 | CW12: 0.124 | CX12: 0.405 | CY12: 0.148 | CZ12: 0.268 | DA12: 0.295 | DB12: 0.239 | DC12: 0.316 | DD12: 0 | DE12: 0.353 | DF12: 0 | DG12: 0.235 | DH12: 0.387 | DI12: 0.355 | DJ12: 0.115 | DK12: 0.226 | DL12: 0.177 | DM12: 0.41 | DN12: 0.209 | DO12: 0.057 | DP12: 0.296 | DQ12: 0.287 | DR12: 0.176 | DS12: 0.296 | DT12: 0.385 | DU12: 0 | DV12: 0 | DW12: 0.412 | DX12: 0.144 | DY12: 0.256 | DZ12: 0 | EA12: 0.18 | EB12: 0.415 | EC12: 0.256 | ED12: 0.241 | EE12: 0.346 | EF12: 0.303 | EG12: 0.421 | EH12: 0.409 | EI12: 0.226 | EJ12: 0.356 | EK12: 0.086 | EL12: 0.353 | EM12: 0.006 | EN12: 0.111 | EO12: 0.419 | EP12: 0.162 | EQ12: 0.132 | ER12: 0.307 | ES12: 0.176 | ET12: 0.298 | EU12: 0.281 | EV12: 0.152 | EW12: 0.261 | EX12: 0.23 | EY12: 0.178 | EZ12: 0.29 | FA12: 0.061 | FB12: 0.082 | FC12: 0.342 | FD12: 0.081 | FE12: 0.405 | FF12: 0.179 | FG12: 0.257 | FH12: 0.194 | FI12: 0.368 | FJ12: 0.297 | FK12: 0.29 | FL12: 0.21 | FM12: 0.149 | FN12: 0.173 | FO12: 0 | FP12: 0.252 | FQ12: 0.296 | FR12: 0.232 | FS12: 0 | FT12: 0.229 | FU12: 0.061 | FV12: 0 | FW12: 0.288 | FX12: 0.356 | FY12: 0.044 | FZ12: 0.351 | GA12: 0.169 | GB12: 0.414 | GC12: 0.241 | GD12: 0.189 | GE12: 0.401 | GF12: 0.018 | GG12: 0.086 | GH12: 0.237 | GI12: 0.409 | GJ12: 0.017 | GK12: 0.086 | GL12: 0.16 | GM12: 0.054 | GN12: 0.413 | GO12: 0.403 | GP12: 0.23 | GQ12: 0.31 | GR12: 0.408 | GS12: 0.182 | GT12: 0.235 | GU12: 0.195 | GV12: 0.241 | GW12: 0.154 | GX12: 0.258 | GY12: 0.22 | GZ12: 0.42 | HA12: 0.242 | HB12: 0.158 | HC12: 0.156 | HD12: 0.393 | HE12: 0.189 | HF12: 0.356 | HG12: 0.218 | HH12: 0.297 | HI12: 0.22940654 | HJ12: 49.093
A13: 12 | B13: 5.5 | C13: 0.412 | D13: 0.592 | E13: 0.579 | F13: 0.19 | G13: 0.323 | H13: 0.241 | I13: 0.347 | J13: 0.154 | K13: 0 | L13: 0.687 | M13: 0.503 | N13: 0.509 | O13: 0.227 | P13: 0.691 | Q13: 0 | R13: 0.595 | S13: 0.562 | T13: 0.231 | U13: 0.272 | V13: 0.501 | W13: 0.332 | X13: 0.232 | Y13: 0.362 | Z13: 0.476 | AA13: 0.603 | AB13: 0.229 | AC13: 0.409 | AD13: 0.311 | AE13: 0.596 | AF13: 0.554 | AG13: 0.698 | AH13: 0.5 | AI13: 0.572 | AJ13: 0.634 | AK13: 0.106 | AL13: 0.691 | AM13: 0.693 | AN13: 0.7 | AO13: 0.409 | AP13: 0.229 | AQ13: 0.589 | AR13: 0.19 | AS13: 0.153 | AT13: 0.511 | AU13: 0.594 | AV13: 0.573 | AW13: 0.497 | AX13: 0.17 | AY13: 0.192 | AZ13: 0.351 | BA13: 0.601 | BB13: 0.327 | BC13: 0.124 | BD13: 0.556 | BE13: 0.62 | BF13: 0.687 | BG13: 0.639 | BH13: 0.639 | BI13: 0.497 | BJ13: 0.407 | BK13: 0.323 | BL13: 0.23 | BM13: 0.693 | BN13: 0.042 | BO13: 0.122 | BP13: 0.226 | BQ13: 0.565 | BR13: 0.685 | BS13: 0.252 | BT13: 0.407 | BU13: 0.223 | BV13: 0.582 | BW13: 0.321 | BX13: 0.671 | BY13: 0.129 | BZ13: 0.611 | CA13: 0.291 | CB13: 0.453 | CC13: 0.69 | CD13: 0.172 | CE13: 0.406 | CF13: 0.07 | CG13: 0.662 | CH13: 0.605 | CI13: 0.322 | CJ13: 0.073 | CK13: 0.492 | CL13: 0.458 | CM13: 0.216 | CN13: 0.597 | CO13: 0.077 | CP13: 0.444 | CQ13: 0.597 | CR13: 0.029 | CS13: 0.6 | CT13: 0.69 | CU13: 0.694 | CV13: 0.585 | CW13: 0.04 | CX13: 0.686 | CY13: 0.489 | CZ13: 0.549 | DA13: 0.353 | DB13: 0.415 | DC13: 0.51 | DD13: 0.149 | DE13: 0.692 | DF13: 0.148 | DG13: 0.503 | DH13: 0.393 | DI13: 0.6 | DJ13: 0.505 | DK13: 0.257 | DL13: 0.27 | DM13: 0.659 | DN13: 0.372 | DO13: 0.414 | DP13: 0.442 | DQ13: 0.422 | DR13: 0.138 | DS13: 0.448 | DT13: 0.52 | DU13: 0.23 | DV13: 0.227 | DW13: 0.597 | DX13: 0.375 | DY13: 0.597 | DZ13: 0.143 | EA13: 0.448 | EB13: 0.696 | EC13: 0.511 | ED13: 0.596 | EE13: 0.584 | EF13: 0.593 | EG13: 0.499 | EH13: 0.587 | EI13: 0.496 | EJ13: 0.439 | EK13: 0.14 | EL13: 0.52 | EM13: 0.375 | EN13: 0.326 | EO13: 0.611 | EP13: 0.205 | EQ13: 0.237 | ER13: 0.676 | ES13: 0.068 | ET13: 0.632 | EU13: 0.266 | EV13: 0.506 | EW13: 0.613 | EX13: 0.406 | EY13: 0.326 | EZ13: 0.46 | FA13: 0.228 | FB13: 0.299 | FC13: 0.505 | FD13: 0.506 | FE13: 0.686 | FF13: 0.319 | FG13: 0.684 | FH13: 0.334 | FI13: 0.566 | FJ13: 0.42 | FK13: 0.264 | FL13: 0.145 | FM13: 0.411 | FN13: 0.448 | FO13: 0 | FP13: 0.428 | FQ13: 0.372 | FR13: 0.356 | FS13: 0.344 | FT13: 0.405 | FU13: 0.244 | FV13: 0.133 | FW13: 0.498 | FX13: 0.355 | FY13: 0.195 | FZ13: 0.526 | GA13: 0.397 | GB13: 0.6 | GC13: 0.587 | GD13: 0.4 | GE13: 0.574 | GF13: 0.039 | GG13: 0.321 | GH13: 0.413 | GI13: 0.69 | GJ13: 0.316 | GK13: 0.32 | GL13: 0.137 | GM13: 0.235 | GN13: 0.525 | GO13: 0.616 | GP13: 0.605 | GQ13: 0.343 | GR13: 0.566 | GS13: 0.602 | GT13: 0.411 | GU13: 0.322 | GV13: 0.365 | GW13: 0.693 | GX13: 0.499 | GY13: 0.5 | GZ13: 0.607 | HA13: 0.509 | HB13: 0.455 | HC13: 0.241 | HD13: 0.44 | HE13: 0.364 | HF13: 0.528 | HG13: 0.7 | HH13: 0.507 | HI13: 0.42164019 | HJ13: 90.231
... A49: 48 | B49: 23.5 | C49: 0 | D49: 0 | E49: 0 | F49: 0 | G49: 0 | H49: 0 | I49: 0 | J49: 0 | K49: 0 | L49: 0 | M49: 0 | N49: 0 | O49: 0 | P49: 0 | Q49: 0 | R49: 0 | S49: 0 | T49: 0 | U49: 0 | V49: 0 | W49: 0 | X49: 0 | Y49: 0 | Z49: 0 | AA49: 0 | AB49: 0 | AC49: 0 | AD49: 0 | AE49: 0 | AF49: 0 | AG49: 0 | AH49: 0 | AI49: 0 | AJ49: 0 | AK49: 0 | AL49: 0 | AM49: 0 | AN49: 0 | AO49: 0 | AP49: 0 | AQ49: 0 | AR49: 0 | AS49: 0 | AT49: 0 | AU49: 0 | AV49: 0 | AW49: 0 | AX49: 0 | AY49: 0 | AZ49: 0 | BA49: 0 | BB49: 0 | BC49: 0 | BD49: 0 | BE49: 0 | BF49: 0 | BG49: 0 | BH49: 0 | BI49: 0 | BJ49: 0 | BK49: 0 | BL49: 0 | BM49: 0 | BN49: 0 | BO49: 0 | BP49: 0 | BQ49: 0 | BR49: 0 | BS49: 0 | BT49: 0 | BU49: 0 | BV49: 0 | BW49: 0 | BX49: 0 | BY49: 0 | BZ49: 0 | CA49: 0 | CB49: 0 | CC49: 0 | CD49: 0 | CE49: 0 | CF49: 0 | CG49: 0 | CH49: 0 | CI49: 0 | CJ49: 0 | CK49: 0 | CL49: 0 | CM49: 0 | CN49: 0 | CO49: 0 | CP49: 0 | CQ49: 0 | CR49: 0 | CS49: 0 | CT49: 0 | CU49: 0 | CV49: 0 | CW49: 0 | CX49: 0 | CY49: 0 | CZ49: 0 | DA49: 0 | DB49: 0 | DC49: 0 | DD49: 0 | DE49: 0 | DF49: 0 | DG49: 0 | DH49: 0 | DI49: 0 | DJ49: 0 | DK49: 0 | DL49: 0 | DM49: 0 | DN49: 0 | DO49: 0 | DP49: 0 | DQ49: 0 | DR49: 0 | DS49: 0 | DT49: 0 | DU49: 0 | DV49: 0 | DW49: 0 | DX49: 0 | DY49: 0 | DZ49: 0 | EA49: 0 | EB49: 0 | EC49: 0 | ED49: 0 | EE49: 0 | EF49: 0 | EG49: 0 | EH49: 0 | EI49: 0 | EJ49: 0 | EK49: 0 | EL49: 0 | EM49: 0 | EN49: 0 | EO49: 0 | EP49: 0 | EQ49: 0 | ER49: 0 | ES49: 0 | ET49: 0 | EU49: 0 | EV49: 0 | EW49: 0 | EX49: 0 | EY49: 0 | EZ49: 0 | FA49: 0 | FB49: 0 | FC49: 0 | FD49: 0 | FE49: 0 | FF49: 0 | FG49: 0 | FH49: 0 | FI49: 0 | FJ49: 0 | FK49: 0 | FL49: 0 | FM49: 0 | FN49: 0 | FO49: 0 | FP49: 0 | FQ49: 0 | FR49: 0 | FS49: 0 | FT49: 0 | FU49: 0 | FV49: 0 | FW49: 0 | FX49: 0 | FY49: 0 | FZ49: 0 | GA49: 0 | GB49: 0 | GC49: 0 | GD49: 0 | GE49: 0 | GF49: 0 | GG49: 0 | GH49: 0 | GI49: 0 | GJ49: 0 | GK49: 0 | GL49: 0 | GM49: 0 | GN49: 0 | GO49: 0 | GP49: 0 | GQ49: 0 | GR49: 0 | GS49: 0 | GT49: 0 | GU49: 0 | GV49: 0 | GW49: 0 | GX49: 0 | GY49: 0 | GZ49: 0 | HA49: 0 | HB49: 0 | HC49: 0 | HD49: 0 | HE49: 0 | HF49: 0 | HG49: 0 | HH49: 0 | HI49: 0 | HJ49: 0

Sheet Discharge_kW
A1: period | B1: hour | C1: BES_TR5_one38_B | D1: BES_TR5_one195_C | E1: BES_TR5_one195_dup_C | F1: BES_TR5_one235_A | G1: BES_TR5_one235_dup_A | H1: BES_TR5_one242_dup_B | I1: BES_TR5_one252_C | J1: BES_TR5_one252_dup_C | K1: BES_TR5_one260_dup_C | L1: BES_TR5_one280_A | M1: BES_TR5_one287_B | N1: BES_TR5_one299_B | O1: BES_TR5_one299_dup_B | P1: BES_TR5_one313_A | Q1: BES_TR5_one313_dup_A | R1: BES_TR5_one42_B | S1: BES_TR5_one320_B | T1: BES_TR5_one321_C | U1: BES_TR5_one328_A | V1: BES_TR5_one345_dup_A | W1: BES_TR5_one346_C | X1: BES_TR5_one366_dup_B | Y1: BES_TR5_one375_C | Z1: BES_TR5_one375_dup_C | AA1: BES_TR5_one410_B | AB1: BES_TR5_one410_dup_B | AC1: BES_TR5_one50_A | AD1: BES_TR5_one416_C | AE1: BES_TR5_one416_dup_C | AF1: BES_TR5_one423_dup_B | AG1: BES_TR5_one446_dup_B | AH1: BES_TR5_one469_A | AI1: BES_TR5_one477_A | AJ1: BES_TR5_one477_dup_A | AK1: BES_TR5_one480_A | AL1: BES_TR5_one480_dup_A | AM1: BES_TR5_one521_dup_C | AN1: BES_TR5_one528_C | AO1: BES_TR5_one528_dup_C | AP1: BES_TR5_one61_dup_A | AQ1: BES_TR5_one544_A | AR1: BES_TR5_one544_dup_A | AS1: BES_TR5_one559_C | AT1: BES_TR5_one590_A | AU1: BES_TR5_one590_dup_A | AV1: BES_TR5_one605_A | AW1: BES_TR5_one605_dup_A | AX1: BES_TR5_one614_B | AY1: BES_TR5_one617_dup_A | AZ1: BES_TR5_one73_A | BA1: BES_TR5_one73_dup_A | BB1: BES_TR5_one76_A | BC1: BES_TR5_one133_A | BD1: BES_TR5_one137_A | BE1: BES_TR5_one176_A | BF1: BES_TR5_four1252_C | BG1: BES_TR5_four171_A | BH1: BES_TR5_four180_A | BI1: BES_TR5_four184_B | BJ1: BES_TR5_four200_A | BK1: BES_TR5_four239_A | BL1: BES_TR5_four259_B | BM1: BES_TR5_four54_C | BN1: BES_TR5_four279_B | BO1: BES_TR5_four288_B | BP1: BES_TR5_four301_C | BQ1: BES_TR5_four326_A | BR1: BES_TR5_four352_A | BS1: BES_TR5_four354_B | BT1: BES_TR5_four358_C | BU1: BES_TR5_four381_A | BV1: BES_TR5_four385_A | BW1: BES_TR5_four396_B | BX1: BES_TR5_four423_C | BY1: BES_TR5_four446_B | BZ1: BES_TR5_four451_C | CA1: BES_TR5_four532_A | CB1: BES_TR5_four548_B | CC1: BES_TR5_four553_B | CD1: BES_TR5_four562_C | CE1: BES_TR5_four70_B | CF1: BES_TR5_four659_B | CG1: BES_TR5_four675_C | CH1: BES_TR5_four704_B | CI1: BES_TR5_four710_C | CJ1: BES_TR5_four734_A | CK1: BES_TR5_four763_A | CL1: BES_TR5_four797_C | CM1: BES_TR5_four840_A | CN1: BES_TR5_four854_A | CO1: BES_TR5_four926_B | CP1: BES_TR5_four958_C | CQ1: BES_TR5_four1027_A | CR1: BES_TR5_four1063_C | CS1: BES_TR5_four1091_B | CT1: BES_TR5_four1103_C | CU1: BES_TR5_four1132_C | CV1: BES_TR5_four1140_A | CW1: BES_TR5_four126_A | CX1: BES_TR5_four1187_A | CY1: BES_TR5_four1207_B | CZ1: BES_TR5_four1216_C | DA1: BES_TR5_four1220_C | DB1: BES_TR5_four1226_A | DC1: BES_TR5_four1244_B | DD1: BES_TR5_five58_dup_C | DE1: BES_TR5_five147_dup_C | DF1: BES_TR5_five149_A | DG1: BES_TR5_five149_dup_A | DH1: BES_TR5_five160_C | DI1: BES_TR5_five160_dup_C | DJ1: BES_TR5_five168_A | DK1: BES_TR5_five170_A | DL1: BES_TR5_five177_A | DM1: BES_TR5_five194_C | DN1: BES_TR5_five194_dup_C | DO1: BES_TR5_five220_C | DP1: BES_TR5_five220_dup_C | DQ1: BES_TR5_five223_dup_A | DR1: BES_TR5_five242_dup_A | DS1: BES_TR5_five243_dup_B | DT1: BES_TR5_five284_C | DU1: BES_TR5_five284_dup_C | DV1: BES_TR5_five285_B | DW1: BES_TR5_five309_C | DX1: BES_TR5_five324_B | DY1: BES_TR5_five345_A | DZ1: BES_TR5_five355_A | EA1: BES_TR5_five78_dup_A | EB1: BES_TR5_five394_C | EC1: BES_TR5_five421_A | ED1: BES_TR5_five421_dup_A | EE1: BES_TR5_five457_B | EF1: BES_TR5_five457_dup_B | EG1: BES_TR5_five466_A | EH1: BES_TR5_five472_dup_A | EI1: BES_TR5_five488_B | EJ1: BES_TR5_five488_dup_B | EK1: BES_TR5_five494_dup_B | EL1: BES_TR5_five512_A | EM1: BES_TR5_five513_dup_B | EN1: BES_TR5_five537_C | EO1: BES_TR5_five537_dup_C | EP1: BES_TR5_five540_A | EQ1: BES_TR5_five545_dup_B | ER1: BES_TR5_five585_dup_A | ES1: BES_TR5_five588_dup_A | ET1: BES_TR5_five108_B | EU1: BES_TR5_five108_dup_B | EV1: BES_TR5_five663_C | EW1: BES_TR5_five663_dup_C | EX1: BES_TR5_five670_C | EY1: BES_TR5_five670_dup_C | EZ1: BES_TR5_five685_dup_B | FA1: BES_TR5_five695_dup_A | FB1: BES_TR5_five704_dup_A | FC1: BES_TR5_five719_A | FD1: BES_TR5_five719_dup_A | FE1: BES_TR5_five735_A | FF1: BES_TR5_five748_dup_B | FG1: BES_TR5_five117_dup_B | FH1: BES_TR5_five750_B | FI1: BES_TR5_five750_dup_B | FJ1: BES_TR5_five778_dup_B | FK1: BES_TR5_five793_A | FL1: BES_TR5_five793_dup_A | FM1: BES_TR5_five799_dup_C | FN1: BES_TR5_five801_dup_C | FO1: BES_TR5_five118_B | FP1: BES_TR5_six64_A | FQ1: BES_TR5_six173_C | FR1: BES_TR5_six186_A | FS1: BES_TR5_six203_A | FT1: BES_TR5_six238_A | FU1: BES_TR5_six249_B | FV1: BES_TR5_six254_B | FW1: BES_TR5_six68_C | FX1: BES_TR5_six317_C | FY1: BES_TR5_six326_A | FZ1: BES_TR5_six342_A | GA1: BES_TR5_six350_B | GB1: BES_TR5_six75_A | GC1: BES_TR5_six385_B | GD1: BES_TR5_six387_A | GE1: BES_TR5_six392_C | GF1: BES_TR5_six431_C | GG1: BES_TR5_six441_A | GH1: BES_TR5_six512_B | GI1: BES_TR5_six518_B | GJ1: BES_TR5_six523_C | GK1: BES_TR5_six534_B | GL1: BES_TR5_six591_C | GM1: BES_TR5_six595_B | GN1: BES_TR5_six643_A | GO1: BES_TR5_six646_B | GP1: BES_TR5_six651_C | GQ1: BES_TR5_six87_A | GR1: BES_TR5_six665_B | GS1: BES_TR5_six718_C | GT1: BES_TR5_six721_A | GU1: BES_TR5_six723_B | GV1: BES_TR5_six740_A | GW1: BES_TR5_six799_B | GX1: BES_TR5_six807_A | GY1: BES_TR5_six852_B | GZ1: BES_TR5_six860_C | HA1: BES_TR5_six885_A | HB1: BES_TR5_six909_C | HC1: BES_TR5_six921_B | HD1: BES_TR5_six929_A | HE1: BES_TR5_six952_A | HF1: BES_TR5_six967_B | HG1: BES_TR5_six111_C | HH1: BES_TR5_six1006_C | HI1: fleet_average | HJ1: fleet_total
A2: 1 | B2: 0 | C2: 0.236 | D2: 0.758 | E2: 0.171 | F2: 0.29 | G2: 0.122 | H2: 0.38 | I2: 0.056 | J2: 0.162 | K2: 0.049 | L2: 0.279 | M2: 0.7 | N2: 0.162 | O2: 0.156 | P2: 0.051 | Q2: 0.193 | R2: 0.045 | S2: 0.145 | T2: 0.167 | U2: 0.096 | V2: 0.733 | W2: 0.185 | X2: 0.389 | Y2: 0.051 | Z2: 0.083 | AA2: 0.046 | AB2: 0.142 | AC2: 0.604 | AD2: 0.114 | AE2: 0.084 | AF2: 2.027 | AG2: 0.347 | AH2: 0.51 | AI2: 0.153 | AJ2: 0.13 | AK2: 0.592 | AL2: 0.051 | AM2: 0.049 | AN2: 0.684 | AO2: 0.133 | AP2: 0.049 | AQ2: 0.261 | AR2: 0.13 | AS2: 0.122 | AT2: 0.083 | AU2: 0.139 | AV2: 0.191 | AW2: 0.059 | AX2: 0.397 | AY2: 0.065 | AZ2: 0.799 | BA2: 0.048 | BB2: 0.258 | BC2: 0.051 | BD2: 0.102 | BE2: 0.148 | BF2: 0.055 | BG2: 0.939 | BH2: 0.533 | BI2: 0.059 | BJ2: 0.794 | BK2: 0.048 | BL2: 0.233 | BM2: 2.391 | BN2: 0.249 | BO2: 0.462 | BP2: 0.3 | BQ2: 0.246 | BR2: 0.057 | BS2: 0.151 | BT2: 0.057 | BU2: 0.155 | BV2: 0.105 | BW2: 0.05 | BX2: 0.05 | BY2: 0.05 | BZ2: 0.05 | CA2: 0.11 | CB2: 1.059 | CC2: 0.052 | CD2: 0.231 | CE2: 0.145 | CF2: 0.051 | CG2: 0.864 | CH2: 0.333 | CI2: 0.041 | CJ2: 0.048 | CK2: 0.589 | CL2: 0.054 | CM2: 0.155 | CN2: 1.341 | CO2: 0.166 | CP2: 0.376 | CQ2: 0.209 | CR2: 0.25 | CS2: 0.048 | CT2: 0.174 | CU2: 0.048 | CV2: 0.044 | CW2: 0.238 | CX2: 0.056 | CY2: 0.146 | CZ2: 0.134 | DA2: 0.051 | DB2: 0.049 | DC2: 0.244 | DD2: 0.198 | DE2: 0.202 | DF2: 0.275 | DG2: 0.441 | DH2: 0.201 | DI2: 0.049 | DJ2: 0.083 | DK2: 0.257 | DL2: 0.112 | DM2: 0.178 | DN2: 0.06 | DO2: 0.098 | DP2: 0.059 | DQ2: 0.055 | DR2: 0.15 | DS2: 0.193 | DT2: 0.106 | DU2: 0.168 | DV2: 0.2 | DW2: 0.115 | DX2: 0.041 | DY2: 0.41 | DZ2: 0.212 | EA2: 0.146 | EB2: 0.046 | EC2: 0.074 | ED2: 0.101 | EE2: 0.104 | EF2: 0.056 | EG2: 0.236 | EH2: 0.965 | EI2: 0.325 | EJ2: 0.048 | EK2: 0.061 | EL2: 0.179 | EM2: 0.048 | EN2: 0.209 | EO2: 0.036 | EP2: 0.05 | EQ2: 0.113 | ER2: 0.179 | ES2: 0.055 | ET2: 0.687 | EU2: 0.234 | EV2: 0.075 | EW2: 0.121 | EX2: 0.741 | EY2: 0.165 | EZ2: 0.098 | FA2: 0.163 | FB2: 0.839 | FC2: 0.187 | FD2: 0.338 | FE2: 0.109 | FF2: 0.052 | FG2: 0.057 | FH2: 0.295 | FI2: 0.644 | FJ2: 0.126 | FK2: 0.234 | FL2: 0.325 | FM2: 0.082 | FN2: 0.051 | FO2: 0.047 | FP2: 0.045 | FQ2: 0.221 | FR2: 0.192 | FS2: 0.153 | FT2: 0.059 | FU2: 0.239 | FV2: 0.332 | FW2: 0.058 | FX2: 0.088 | FY2: 0.453 | FZ2: 0.058 | GA2: 0.153 | GB2: 0.047 | GC2: 0.504 | GD2: 0.04 | GE2: 0.06 | GF2: 0.243 | GG2: 0.489 | GH2: 0.268 | GI2: 0.052 | GJ2: 0.122 | GK2: 0.188 | GL2: 0.169 | GM2: 0.043 | GN2: 0.102 | GO2: 0.198 | GP2: 0.108 | GQ2: 0.036 | GR2: 0.053 | GS2: 0.156 | GT2: 0.053 | GU2: 0.047 | GV2: 0.136 | GW2: 0.13 | GX2: 0.124 | GY2: 0.056 | GZ2: 0.041 | HA2: 0.119 | HB2: 0.254 | HC2: 0.158 | HD2: 0.15 | HE2: 0.966 | HF2: 0.058 | HG2: 0.09 | HH2: 0.049 | HI2: 0.22659346 | HJ2: 48.491
A3: 2 | B3: 0.5 | C3: 0.052 | D3: 0.628 | E3: 0.188 | F3: 0.06 | G3: 0.048 | H3: 0.037 | I3: 0.291 | J3: 0.195 | K3: 0.4 | L3: 0.12 | M3: 0.598 | N3: 0.067 | O3: 0.102 | P3: 0.051 | Q3: 0.137 | R3: 0.085 | S3: 0.041 | T3: 0.29 | U3: 0.169 | V3: 0.055 | W3: 0.052 | X3: 0.036 | Y3: 0.426 | Z3: 0.3 | AA3: 0.046 | AB3: 0.049 | AC3: 0.478 | AD3: 0.053 | AE3: 0.198 | AF3: 0.364 | AG3: 0.273 | AH3: 0.056 | AI3: 0.19 | AJ3: 0.096 | AK3: 0.374 | AL3: 0.183 | AM3: 0.049 | AN3: 0.042 | AO3: 0.055 | AP3: 0.124 | AQ3: 0.089 | AR3: 0.235 | AS3: 0.343 | AT3: 0.245 | AU3: 0.07 | AV3: 0.157 | AW3: 0.059 | AX3: 0.048 | AY3: 0.092 | AZ3: 0.318 | BA3: 0.098 | BB3: 0.058 | BC3: 0.107 | BD3: 0.077 | BE3: 0.102 | BF3: 0.17 | BG3: 0.803 | BH3: 0.463 | BI3: 0.114 | BJ3: 0.057 | BK3: 0.048 | BL3: 0.314 | BM3: 0 | BN3: 0.076 | BO3: 0.533 | BP3: 0.052 | BQ3: 0.143 | BR3: 0.057 | BS3: 0.236 | BT3: 0.057 | BU3: 0.055 | BV3: 0.105 | BW3: 0.132 | BX3: 0.133 | BY3: 0.222 | BZ3: 0.141 | CA3: 0.189 | CB3: 0.818 | CC3: 0.052 | CD3: 0.05 | CE3: 0.046 | CF3: 0.126 | CG3: 0.103 | CH3: 0.11 | CI3: 0.213 | CJ3: 0.127 | CK3: 0.579 | CL3: 0.054 | CM3: 0.158 | CN3: 1.05 | CO3: 0.151 | CP3: 0.91 | CQ3: 0.052 | CR3: 0.081 | CS3: 0.048 | CT3: 0.079 | CU3: 0.048 | CV3: 0.044 | CW3: 0.165 | CX3: 0.056 | CY3: 0.14 | CZ3: 0.194 | DA3: 0.1 | DB3: 0.049 | DC3: 0.34 | DD3: 0.23 | DE3: 0.064 | DF3: 0.058 | DG3: 0.643 | DH3: 0.209 | DI3: 0.13 | DJ3: 0.076 | DK3: 0.134 | DL3: 0.195 | DM3: 0.201 | DN3: 0.04 | DO3: 0.043 | DP3: 0.124 | DQ3: 0.115 | DR3: 0.177 | DS3: 0.05 | DT3: 0.169 | DU3: 0.153 | DV3: 0.051 | DW3: 0.444 | DX3: 0.192 | DY3: 0.177 | DZ3: 0.105 | EA3: 0.125 | EB3: 0.046 | EC3: 0.267 | ED3: 0.156 | EE3: 0.165 | EF3: 0.214 | EG3: 0.179 | EH3: 0.917 | EI3: 0.481 | EJ3: 0.063 | EK3: 0.134 | EL3: 0.12 | EM3: 0.048 | EN3: 0.076 | EO3: 0.186 | EP3: 0.184 | EQ3: 0.041 | ER3: 0.041 | ES3: 0.168 | ET3: 0.076 | EU3: 0.052 | EV3: 0.15 | EW3: 0.051 | EX3: 0.12 | EY3: 0.049 | EZ3: 0.505 | FA3: 0.081 | FB3: 0.965 | FC3: 0.172 | FD3: 0.225 | FE3: 0.056 | FF3: 0.052 | FG3: 0.057 | FH3: 0.037 | FI3: 0.55 | FJ3: 0.059 | FK3: 0.11 | FL3: 0.051 | FM3: 0.183 | FN3: 0.165 | FO3: 0.063 | FP3: 0.547 | FQ3: 0.353 | FR3: 0.123 | FS3: 0.268 | FT3: 0.059 | FU3: 0.286 | FV3: 0.181 | FW3: 0.154 | FX3: 0.248 | FY3: 0.721 | FZ3: 0.215 | GA3: 0.1 | GB3: 0.113 | GC3: 0.255 | GD3: 0.04 | GE3: 0.06 | GF3: 0.166 | GG3: 0.562 | GH3: 0.051 | GI3: 0.052 | GJ3: 0.099 | GK3: 0.093 | GL3: 0.058 | GM3: 0.2 | GN3: 0.048 | GO3: 0.104 | GP3: 0.218 | GQ3: 0.157 | GR3: 0.176 | GS3: 0.269 | GT3: 0.053 | GU3: 0.101 | GV3: 0.118 | GW3: 0.249 | GX3: 0.111 | GY3: 0.226 | GZ3: 0.201 | HA3: 0.047 | HB3: 0.057 | HC3: 0.121 | HD3: 0.252 | HE3: 0.709 | HF3: 0.15 | HG3: 0.225 | HH3: 0.049 | HI3: 0.18254206 | HJ3: 39.064
A4: 3 | B4: 1 | C4: 0.16 | D4: 0.777 | E4: 0.115 | F4: 0.361 | G4: 0.122 | H4: 0.037 | I4: 0.056 | J4: 0.056 | K4: 0.098 | L4: 0.166 | M4: 0.702 | N4: 0.122 | O4: 0.078 | P4: 0.051 | Q4: 0.045 | R4: 0.168 | S4: 0.216 | T4: 0.126 | U4: 0.052 | V4: 0.055 | W4: 0.138 | X4: 0.066 | Y4: 0.402 | Z4: 0.12 | AA4: 0.046 | AB4: 0.049 | AC4: 0.055 | AD4: 0.155 | AE4: 0.129 | AF4: 0 | AG4: 0.044 | AH4: 0.056 | AI4: 0.051 | AJ4: 0.166 | AK4: 0.448 | AL4: 0.051 | AM4: 0.049 | AN4: 0.175 | AO4: 0.072 | AP4: 0.09 | AQ4: 0.084 | AR4: 0.111 | AS4: 0.049 | AT4: 0.198 | AU4: 0.055 | AV4: 0.041 | AW4: 0.236 | AX4: 0.225 | AY4: 0.274 | AZ4: 0.263 | BA4: 0.135 | BB4: 0.236 | BC4: 0.097 | BD4: 0.051 | BE4: 0.235 | BF4: 0.089 | BG4: 0.649 | BH4: 0.093 | BI4: 0.27 | BJ4: 0.057 | BK4: 0.048 | BL4: 0.06 | BM4: 0 | BN4: 0.214 | BO4: 0.216 | BP4: 0.052 | BQ4: 0.056 | BR4: 0.057 | BS4: 0.069 | BT4: 0.057 | BU4: 0.055 | BV4: 0.044 | BW4: 0.07 | BX4: 0.092 | BY4: 0.172 | BZ4: 0.05 | CA4: 0.055 | CB4: 0.054 | CC4: 0.052 | CD4: 0.05 | CE4: 0.046 | CF4: 0.219 | CG4: 0.177 | CH4: 0.13 | CI4: 0.175 | CJ4: 0.127 | CK4: 0.751 | CL4: 0.06 | CM4: 0.16 | CN4: 0 | CO4: 0.064 | CP4: 1.104 | CQ4: 0.052 | CR4: 0.057 | CS4: 0.199 | CT4: 0.072 | CU4: 0.048 | CV4: 0.044 | CW4: 0.133 | CX4: 0.056 | CY4: 0.146 | CZ4: 0.079 | DA4: 0.155 | DB4: 0.125 | DC4: 0.335 | DD4: 0.252 | DE4: 0.189 | DF4: 0.324 | DG4: 0.665 | DH4: 0.05 | DI4: 0.049 | DJ4: 0.09 | DK4: 0.227 | DL4: 0.059 | DM4: 0.091 | DN4: 0.04 | DO4: 0.292 | DP4: 0.05 | DQ4: 0.196 | DR4: 0.213 | DS4: 0.05 | DT4: 0.134 | DU4: 0.258 | DV4: 0.105 | DW4: 0.358 | DX4: 0.041 | DY4: 0.089 | DZ4: 0.344 | EA4: 0.145 | EB4: 0.046 | EC4: 0.06 | ED4: 0.053 | EE4: 0.05 | EF4: 0.071 | EG4: 0.28 | EH4: 0.408 | EI4: 0.113 | EJ4: 0.196 | EK4: 0.226 | EL4: 0.087 | EM4: 0.299 | EN4: 0.077 | EO4: 0.036 | EP4: 0.05 | EQ4: 0.041 | ER4: 0.148 | ES4: 0.061 | ET4: 0.086 | EU4: 0.248 | EV4: 0.05 | EW4: 0.184 | EX4: 0.058 | EY4: 0.186 | EZ4: 0.35 | FA4: 0.275 | FB4: 0.297 | FC4: 0.141 | FD4: 0.05 | FE4: 0.056 | FF4: 0.052 | FG4: 0.163 | FH4: 0.037 | FI4: 0.125 | FJ4: 0.093 | FK4: 0.176 | FL4: 0.073 | FM4: 0.053 | FN4: 0.116 | FO4: 0.103 | FP4: 0.036 | FQ4: 0.05 | FR4: 0.056 | FS4: 0.084 | FT4: 0.247 | FU4: 0.362 | FV4: 0.116 | FW4: 0.058 | FX4: 0.216 | FY4: 0.049 | FZ4: 0.14 | GA4: 0.054 | GB4: 0.223 | GC4: 0.074 | GD4: 0.28 | GE4: 0.076 | GF4: 0.118 | GG4: 0.221 | GH4: 0.065 | GI4: 0.052 | GJ4: 0.072 | GK4: 0.079 | GL4: 0.425 | GM4: 0.181 | GN4: 0.048 | GO4: 0.108 | GP4: 0.151 | GQ4: 0.093 | GR4: 0.053 | GS4: 0.047 | GT4: 0.053 | GU4: 0.143 | GV4: 0.1 | GW4: 0.049 | GX4: 0.228 | GY4: 0.056 | GZ4: 0.041 | HA4: 0.15 | HB4: 0.229 | HC4: 0.084 | HD4: 0.13 | HE4: 0.716 | HF4: 0.169 | HG4: 0.042 | HH4: 0.049 | HI4: 0.14517757 | HJ4: 31.068
A5: 4 | B5: 1.5 | C5: 0.127 | D5: 0.228 | E5: 0.115 | F5: 0.039 | G5: 0.048 | H5: 0.037 | I5: 0.056 | J5: 0.262 | K5: 0.162 | L5: 0.219 | M5: 0.351 | N5: 0.108 | O5: 0.051 | P5: 0.051 | Q5: 0.195 | R5: 0.031 | S5: 0.118 | T5: 0.175 | U5: 0.052 | V5: 0.21 | W5: 0.098 | X5: 0.28 | Y5: 0.347 | Z5: 0.186 | AA5: 0.046 | AB5: 0.049 | AC5: 0.055 | AD5: 0.101 | AE5: 0.062 | AF5: 0 | AG5: 0.044 | AH5: 0.056 | AI5: 0.248 | AJ5: 0.081 | AK5: 0.207 | AL5: 0.051 | AM5: 0.049 | AN5: 1.147 | AO5: 0.116 | AP5: 0.049 | AQ5: 0.103 | AR5: 0.15 | AS5: 0.086 | AT5: 0.237 | AU5: 0.129 | AV5: 0.257 | AW5: 0.059 | AX5: 0.048 | AY5: 0.045 | AZ5: 0.201 | BA5: 0.06 | BB5: 0.08 | BC5: 0.077 | BD5: 0.051 | BE5: 0.095 | BF5: 0.13 | BG5: 0 | BH5: 0.235 | BI5: 0.075 | BJ5: 0.057 | BK5: 0.048 | BL5: 0.256 | BM5: 0 | BN5: 0.117 | BO5: 0.176 | BP5: 0.192 | BQ5: 0.371 | BR5: 0.057 | BS5: 0.167 | BT5: 0.057 | BU5: 0.155 | BV5: 0.138 | BW5: 0.05 | BX5: 0.1 | BY5: 0.05 | BZ5: 0.05 | CA5: 0.169 | CB5: 0.069 | CC5: 0.052 | CD5: 0.231 | CE5: 0.046 | CF5: 0.051 | CG5: 0.057 | CH5: 0.208 | CI5: 0.112 | CJ5: 0.055 | CK5: 0.472 | CL5: 0.175 | CM5: 0.096 | CN5: 0 | CO5: 0.103 | CP5: 0 | CQ5: 0.145 | CR5: 0.38 | CS5: 0.055 | CT5: 0.18 | CU5: 0.048 | CV5: 0.17 | CW5: 0.16 | CX5: 0.056 | CY5: 0.125 | CZ5: 0.192 | DA5: 0.051 | DB5: 0.049 | DC5: 0.211 | DD5: 0.242 | DE5: 0.05 | DF5: 0.135 | DG5: 0.642 | DH5: 0.251 | DI5: 0.049 | DJ5: 0.085 | DK5: 0.232 | DL5: 0.089 | DM5: 0.362 | DN5: 0.04 | DO5: 0.06 | DP5: 0.05 | DQ5: 0.075 | DR5: 0.184 | DS5: 0.05 | DT5: 0.051 | DU5: 0.048 | DV5: 0.146 | DW5: 0.087 | DX5: 0.096 | DY5: 0.052 | DZ5: 0.161 | EA5: 0.056 | EB5: 0.046 | EC5: 0.052 | ED5: 0.053 | EE5: 0.104 | EF5: 0.056 | EG5: 0.128 | EH5: 0.092 | EI5: 0.138 | EJ5: 0.048 | EK5: 0.134 | EL5: 0.161 | EM5: 0.149 | EN5: 0.112 | EO5: 0.036 | EP5: 0.05 | EQ5: 0.061 | ER5: 0.072 | ES5: 0.055 | ET5: 0.191 | EU5: 0.189 | EV5: 0.175 | EW5: 0.152 | EX5: 0.101 | EY5: 0.063 | EZ5: 0.691 | FA5: 0.052 | FB5: 0.279 | FC5: 0.179 | FD5: 0.05 | FE5: 0.056 | FF5: 0.052 | FG5: 0.057 | FH5: 0.037 | FI5: 0.145 | FJ5: 0.093 | FK5: 0.14 | FL5: 0.304 | FM5: 0.082 | FN5: 0.051 | FO5: 0.047 | FP5: 0.036 | FQ5: 0.168 | FR5: 0.056 | FS5: 0.117 | FT5: 0.495 | FU5: 0.346 | FV5: 0.349 | FW5: 0.079 | FX5: 0.213 | FY5: 0.117 | FZ5: 0.149 | GA5: 0.179 | GB5: 0.047 | GC5: 0.152 | GD5: 0.06 | GE5: 0.152 | GF5: 0.298 | GG5: 0.081 | GH5: 0.195 | GI5: 0.052 | GJ5: 0.112 | GK5: 0.242 | GL5: 0.058 | GM5: 0.091 | GN5: 0.217 | GO5: 0.184 | GP5: 0.135 | GQ5: 0.068 | GR5: 0.053 | GS5: 0.296 | GT5: 0.053 | GU5: 0.064 | GV5: 0.219 | GW5: 0.169 | GX5: 0.06 | GY5: 0.087 | GZ5: 0.135 | HA5: 0.047 | HB5: 0.123 | HC5: 0.155 | HD5: 0.319 | HE5: 0 | HF5: 0.058 | HG5: 0.161 | HH5: 0.049 | HI5: 0.13227103 | HJ5: 28.306
