Workbook

Sheet ReadMe
A1: README
A2: Data behind the TR6 rolling-dispatch figures (SOC, demand/PV/dispatch, net, self-consumption, metrics histogram).
A3: Each quantity sheet: rows = 48 half-hour periods (with hour of day), columns = prosumers, plus fleet_average / fleet_total.
A4: Dispatch is the committed slot-1 execution of the rolling horizon (self-consumption baseline, Term 2 + Term 3).
A5: SOC is the realised state at the START of each step (fraction of capacity).
A6: net_kW = (demand - PV) + (charge - discharge); positive = import, negative = export.
A7: Regenerate: python build_workbook.py --force (see README.md for other transformers).

Sheet Summary
A1: quantity | B1: value
A2: run | B2: TR6 exact-QCP rolling (FOR_PolyS=0, FOR_LinearizeVmax=0), 48 steps, all Optimal
A3: source dispatch | B3: FOR_rolling_soc_TR6.csv
A4: source load/PV | B4: TR6_load_PV_48periods.xlsx
A5: prosumers | B5: 262
A6: PV generated kWh/day | B6: 6477.2
A7: demand kWh/day | B7: 1888.9
A8: exported kWh/day | B8: 4455.8
A9: imported kWh/day | B9: 56.7
A10: SCR % (PV used locally) | B10: 31.2
A11: SSR % (demand met locally) | B11: 97
A12: prosumer-periods |net|<50W % | B12: 57.5
A13: SOC min/max over day | B13: 0.10 / 1.00
A14: simultaneous chg+dis rows | B14: 0

Sheet FleetAverage
A1: period | B1: hour | C1: demand_avg_kW | D1: PV_avg_kW | E1: charge_avg_kW | F1: discharge_avg_kW | G1: net_avg_kW | H1: SOC_avg_pct | I1: demand_total_kW | J1: PV_total_kW | K1: net_total_kW
A2: =Demand_kW!A2 -> 1 | B2: =Demand_kW!B2 -> 0 | C2: =AVERAGE(Demand_kW!$C2:$JD2) -> 0.24250943 | D2: =AVERAGE(PV_kW!$C2:$JD2) -> 0 | E2: =AVERAGE(Charge_kW!$C2:$JD2) -> 0 | F2: =AVERAGE(Discharge_kW!$C2:$JD2) -> 0.24233588 | G2: =C2-D2+E2-F2 -> 0.00017354847 | H2: =AVERAGE(SOC_pct!$C2:$JD2) -> 40 | I2: =SUM(Demand_kW!$C2:$JD2) -> 63.53747 | J2: =SUM(PV_kW!$C2:$JD2) -> 0 | K2: =I2-J2+SUM(Charge_kW!$C2:$JD2)-SUM(Discharge_kW!$C2:$JD2) -> 0.0454697
A3: =Demand_kW!A3 -> 2 | B3: =Demand_kW!B3 -> 0.5 | C3: =AVERAGE(Demand_kW!$C3:$JD3) -> 0.17665719 | D3: =AVERAGE(PV_kW!$C3:$JD3) -> 0 | E3: =AVERAGE(Charge_kW!$C3:$JD3) -> 0 | F3: =AVERAGE(Discharge_kW!$C3:$JD3) -> 0.17425573 | G3: =C3-D3+E3-F3 -> 0.002401467 | H3: =AVERAGE(SOC_pct!$C3:$JD3) -> 36.959162 | I3: =SUM(Demand_kW!$C3:$JD3) -> 46.284184 | J3: =SUM(PV_kW!$C3:$JD3) -> 0 | K3: =I3-J3+SUM(Charge_kW!$C3:$JD3)-SUM(Discharge_kW!$C3:$JD3) -> 0.62918437
A4: =Demand_kW!A4 -> 3 | B4: =Demand_kW!B4 -> 1 | C4: =AVERAGE(Demand_kW!$C4:$JD4) -> 0.15792867 | D4: =AVERAGE(PV_kW!$C4:$JD4) -> 0 | E4: =AVERAGE(Charge_kW!$C4:$JD4) -> 0 | F4: =AVERAGE(Discharge_kW!$C4:$JD4) -> 0.1510229 | G4: =C4-D4+E4-F4 -> 0.0069057724 | H4: =AVERAGE(SOC_pct!$C4:$JD4) -> 34.772638 | I4: =SUM(Demand_kW!$C4:$JD4) -> 41.377312 | J4: =SUM(PV_kW!$C4:$JD4) -> 0 | K4: =I4-J4+SUM(Charge_kW!$C4:$JD4)-SUM(Discharge_kW!$C4:$JD4) -> 1.8093124
A5: =Demand_kW!A5 -> 4 | B5: =Demand_kW!B5 -> 1.5 | C5: =AVERAGE(Demand_kW!$C5:$JD5) -> 0.14414048 | D5: =AVERAGE(PV_kW!$C5:$JD5) -> 0 | E5: =AVERAGE(Charge_kW!$C5:$JD5) -> 0 | F5: =AVERAGE(Discharge_kW!$C5:$JD5) -> 0.13312595 | G5: =C5-D5+E5-F5 -> 0.011014531 | H5: =AVERAGE(SOC_pct!$C5:$JD5) -> 32.877325 | I5: =SUM(Demand_kW!$C5:$JD5) -> 37.764807 | J5: =SUM(PV_kW!$C5:$JD5) -> 0 | K5: =I5-J5+SUM(Charge_kW!$C5:$JD5)-SUM(Discharge_kW!$C5:$JD5) -> 2.885807
A6: =Demand_kW!A6 -> 5 | B6: =Demand_kW!B6 -> 2 | C6: =AVERAGE(Demand_kW!$C6:$JD6) -> 0.1319296 | D6: =AVERAGE(PV_kW!$C6:$JD6) -> 0 | E6: =AVERAGE(Charge_kW!$C6:$JD6) -> 0 | F6: =AVERAGE(Discharge_kW!$C6:$JD6) -> 0.12270992 | G6: =C6-D6+E6-F6 -> 0.0092196794 | H6: =AVERAGE(SOC_pct!$C6:$JD6) -> 31.206634 | I6: =SUM(Demand_kW!$C6:$JD6) -> 34.565556 | J6: =SUM(PV_kW!$C6:$JD6) -> 0 | K6: =I6-J6+SUM(Charge_kW!$C6:$JD6)-SUM(Discharge_kW!$C6:$JD6) -> 2.415556
A7: =Demand_kW!A7 -> 6 | B7: =Demand_kW!B7 -> 2.5 | C7: =AVERAGE(Demand_kW!$C7:$JD7) -> 0.12875602 | D7: =AVERAGE(PV_kW!$C7:$JD7) -> 0 | E7: =AVERAGE(Charge_kW!$C7:$JD7) -> 0 | F7: =AVERAGE(Discharge_kW!$C7:$JD7) -> 0.12060687 | G7: =C7-D7+E7-F7 -> 0.0081491524 | H7: =AVERAGE(SOC_pct!$C7:$JD7) -> 29.666644 | I7: =SUM(Demand_kW!$C7:$JD7) -> 33.734078 | J7: =SUM(PV_kW!$C7:$JD7) -> 0 | K7: =I7-J7+SUM(Charge_kW!$C7:$JD7)-SUM(Discharge_kW!$C7:$JD7) -> 2.1350779
A8: =Demand_kW!A8 -> 7 | B8: =Demand_kW!B8 -> 3 | C8: =AVERAGE(Demand_kW!$C8:$JD8) -> 0.12085754 | D8: =AVERAGE(PV_kW!$C8:$JD8) -> 0 | E8: =AVERAGE(Charge_kW!$C8:$JD8) -> 0 | F8: =AVERAGE(Discharge_kW!$C8:$JD8) -> 0.10964885 | G8: =C8-D8+E8-F8 -> 0.011208688 | H8: =AVERAGE(SOC_pct!$C8:$JD8) -> 28.153251 | I8: =SUM(Demand_kW!$C8:$JD8) -> 31.664676 | J8: =SUM(PV_kW!$C8:$JD8) -> 0 | K8: =I8-J8+SUM(Charge_kW!$C8:$JD8)-SUM(Discharge_kW!$C8:$JD8) -> 2.9366763
A9: =Demand_kW!A9 -> 8 | B9: =Demand_kW!B9 -> 3.5 | C9: =AVERAGE(Demand_kW!$C9:$JD9) -> 0.13354529 | D9: =AVERAGE(PV_kW!$C9:$JD9) -> 0.002633134 | E9: =AVERAGE(Charge_kW!$C9:$JD9) -> 0 | F9: =AVERAGE(Discharge_kW!$C9:$JD9) -> 0.11508779 | G9: =C9-D9+E9-F9 -> 0.015824371 | H9: =AVERAGE(SOC_pct!$C9:$JD9) -> 26.777397 | I9: =SUM(Demand_kW!$C9:$JD9) -> 34.988866 | J9: =SUM(PV_kW!$C9:$JD9) -> 0.6898811 | K9: =I9-J9+SUM(Charge_kW!$C9:$JD9)-SUM(Discharge_kW!$C9:$JD9) -> 4.1459852
A10: =Demand_kW!A10 -> 9 | B10: =Demand_kW!B10 -> 4 | C10: =AVERAGE(Demand_kW!$C10:$JD10) -> 0.11333703 | D10: =AVERAGE(PV_kW!$C10:$JD10) -> 0.038060175 | E10: =AVERAGE(Charge_kW!$C10:$JD10) -> 0.00034351145 | F10: =AVERAGE(Discharge_kW!$C10:$JD10) -> 0.068360423 | G10: =C10-D10+E10-F10 -> 0.0072599396 | H10: =AVERAGE(SOC_pct!$C10:$JD10) -> 25.333597 | I10: =SUM(Demand_kW!$C10:$JD10) -> 29.694301 | J10: =SUM(PV_kW!$C10:$JD10) -> 9.9717658 | K10: =I10-J10+SUM(Charge_kW!$C10:$JD10)-SUM(Discharge_kW!$C10:$JD10) -> 1.9021042
A11: =Demand_kW!A11 -> 10 | B11: =Demand_kW!B11 -> 4.5 | C11: =AVERAGE(Demand_kW!$C11:$JD11) -> 0.12087219 | D11: =AVERAGE(PV_kW!$C11:$JD11) -> 0.17798091 | E11: =AVERAGE(Charge_kW!$C11:$JD11) -> 0.072698473 | F11: =AVERAGE(Discharge_kW!$C11:$JD11) -> 0.013251908 | G11: =C11-D11+E11-F11 -> 0.0023378497 | H11: =AVERAGE(SOC_pct!$C11:$JD11) -> 24.479179 | I11: =SUM(Demand_kW!$C11:$JD11) -> 31.668515 | J11: =SUM(PV_kW!$C11:$JD11) -> 46.630998 | K11: =I11-J11+SUM(Charge_kW!$C11:$JD11)-SUM(Discharge_kW!$C11:$JD11) -> 0.61251661
A12: =Demand_kW!A12 -> 11 | B12: =Demand_kW!B12 -> 5 | C12: =AVERAGE(Demand_kW!$C12:$JD12) -> 0.11873846 | D12: =AVERAGE(PV_kW!$C12:$JD12) -> 0.35304858 | E12: =AVERAGE(Charge_kW!$C12:$JD12) -> 0.23527099 | F12: =AVERAGE(Discharge_kW!$C12:$JD12) -> 0.00059541985 | G12: =C12-D12+E12-F12 -> 0.00036545777 | H12: =AVERAGE(SOC_pct!$C12:$JD12) -> 25.134405 | I12: =SUM(Demand_kW!$C12:$JD12) -> 31.109478 | J12: =SUM(PV_kW!$C12:$JD12) -> 92.498728 | K12: =I12-J12+SUM(Charge_kW!$C12:$JD12)-SUM(Discharge_kW!$C12:$JD12) -> 0.095749936
A13: =Demand_kW!A13 -> 12 | B13: =Demand_kW!B13 -> 5.5 | C13: =AVERAGE(Demand_kW!$C13:$JD13) -> 0.12401865 | D13: =AVERAGE(PV_kW!$C13:$JD13) -> 0.56771956 | E13: =AVERAGE(Charge_kW!$C13:$JD13) -> 0.44755725 | F13: =AVERAGE(Discharge_kW!$C13:$JD13) -> 0.0038816794 | G13: =C13-D13+E13-F13 -> -2.5331787e-05 | H13: =AVERAGE(SOC_pct!$C13:$JD13) -> 27.784296 | I13: =SUM(Demand_kW!$C13:$JD13) -> 32.492887 | J13: =SUM(PV_kW!$C13:$JD13) -> 148.74252 | K13: =I13-J13+SUM(Charge_kW!$C13:$JD13)-SUM(Discharge_kW!$C13:$JD13) -> -0.0066369283
... A49: =Demand_kW!A49 -> 48 | B49: =Demand_kW!B49 -> 23.5 | C49: =AVERAGE(Demand_kW!$C49:$JD49) -> 0.24186827 | D49: =AVERAGE(PV_kW!$C49:$JD49) -> 0 | E49: =AVERAGE(Charge_kW!$C49:$JD49) -> 0 | F49: =AVERAGE(Discharge_kW!$C49:$JD49) -> 0.18771374 | G49: =C49-D49+E49-F49 -> 0.054154529 | H49: =AVERAGE(SOC_pct!$C49:$JD49) -> 51.583709 | I49: =SUM(Demand_kW!$C49:$JD49) -> 63.369487 | J49: =SUM(PV_kW!$C49:$JD49) -> 0 | K49: =I49-J49+SUM(Charge_kW!$C49:$JD49)-SUM(Discharge_kW!$C49:$JD49) -> 14.188487

Sheet SOC_pct
A1: period | B1: hour | C1: BES_TR6_one38_B | D1: BES_TR6_one242_B | E1: BES_TR6_one252_C | F1: BES_TR6_one260_C | G1: BES_TR6_one280_A | H1: BES_TR6_one287_B | I1: BES_TR6_one299_B | J1: BES_TR6_one313_A | K1: BES_TR6_one320_B | L1: BES_TR6_one346_C | M1: BES_TR6_one416_C | N1: BES_TR6_one446_B | O1: BES_TR6_one477_A | P1: BES_TR6_one480_A | Q1: BES_TR6_one482_B | R1: BES_TR6_one521_C | S1: BES_TR6_one537_A | T1: BES_TR6_one559_C | U1: BES_TR6_one570_B | V1: BES_TR6_one590_A | W1: BES_TR6_one605_A | X1: BES_TR6_one614_B | Y1: BES_TR6_one73_A | Z1: BES_TR6_one76_A | AA1: BES_TR6_one137_A | AB1: BES_TR6_one176_A | AC1: BES_TR6_four149_B | AD1: BES_TR6_four163_C | AE1: BES_TR6_four171_A | AF1: BES_TR6_four184_B | AG1: BES_TR6_four200_A | AH1: BES_TR6_four239_A | AI1: BES_TR6_four259_B | AJ1: BES_TR6_four288_B | AK1: BES_TR6_four289_B | AL1: BES_TR6_four301_C | AM1: BES_TR6_four317_B | AN1: BES_TR6_four354_B | AO1: BES_TR6_four358_C | AP1: BES_TR6_four65_B | AQ1: BES_TR6_four384_B | AR1: BES_TR6_four385_A | AS1: BES_TR6_four396_B | AT1: BES_TR6_four423_C | AU1: BES_TR6_four446_B | AV1: BES_TR6_four451_C | AW1: BES_TR6_four466_C | AX1: BES_TR6_four558_C | AY1: BES_TR6_four70_B | AZ1: BES_TR6_four573_A | BA1: BES_TR6_four664_A | BB1: BES_TR6_four675_C | BC1: BES_TR6_four710_C | BD1: BES_TR6_four727_B | BE1: BES_TR6_four732_B | BF1: BES_TR6_four818_B | BG1: BES_TR6_four821_A | BH1: BES_TR6_four832_A | BI1: BES_TR6_four840_A | BJ1: BES_TR6_four957_A | BK1: BES_TR6_four978_A | BL1: BES_TR6_four988_A | BM1: BES_TR6_four1013_B | BN1: BES_TR6_four1027_A | BO1: BES_TR6_four1063_C | BP1: BES_TR6_four1103_C | BQ1: BES_TR6_four1140_A | BR1: BES_TR6_four1152_B | BS1: BES_TR6_four1220_C | BT1: BES_TR6_five147_dup_C | BU1: BES_TR6_five149_A | BV1: BES_TR6_five168_A | BW1: BES_TR6_five170_A | BX1: BES_TR6_five170_dup_A | BY1: BES_TR6_five186_C | BZ1: BES_TR6_five186_dup_C | CA1: BES_TR6_five194_C | CB1: BES_TR6_five199_dup_C | CC1: BES_TR6_five67_C | CD1: BES_TR6_five67_dup_C | CE1: BES_TR6_five223_A | CF1: BES_TR6_five223_dup_A | CG1: BES_TR6_five242_dup_A | CH1: BES_TR6_five243_B | CI1: BES_TR6_five243_dup_B | CJ1: BES_TR6_five284_C | CK1: BES_TR6_five284_dup_C | CL1: BES_TR6_five285_B | CM1: BES_TR6_five285_dup_B | CN1: BES_TR6_five303_B | CO1: BES_TR6_five78_A | CP1: BES_TR6_five78_dup_A | CQ1: BES_TR6_five394_C | CR1: BES_TR6_five394_dup_C | CS1: BES_TR6_five421_A | CT1: BES_TR6_five445_dup_C | CU1: BES_TR6_five457_B | CV1: BES_TR6_five494_B | CW1: BES_TR6_five499_B | CX1: BES_TR6_five92_dup_A | CY1: BES_TR6_five512_dup_A | CZ1: BES_TR6_five513_B | DA1: BES_TR6_five513_dup_B | DB1: BES_TR6_five520_C | DC1: BES_TR6_five520_dup_C | DD1: BES_TR6_five537_C | DE1: BES_TR6_five537_dup_C | DF1: BES_TR6_five551_C | DG1: BES_TR6_five585_A | DH1: BES_TR6_five588_dup_A | DI1: BES_TR6_five108_dup_B | DJ1: BES_TR6_five649_A | DK1: BES_TR6_five663_C | DL1: BES_TR6_five663_dup_C | DM1: BES_TR6_five670_dup_C | DN1: BES_TR6_five704_A | DO1: BES_TR6_five733_C | DP1: BES_TR6_five735_A | DQ1: BES_TR6_five735_dup_A | DR1: BES_TR6_five748_B | DS1: BES_TR6_five117_dup_B | DT1: BES_TR6_five750_B | DU1: BES_TR6_five778_dup_B | DV1: BES_TR6_five793_A | DW1: BES_TR6_five881_C | DX1: BES_TR6_five905_B | DY1: BES_TR6_five118_B | DZ1: BES_TR6_five118_dup_B | EA1: BES_TR6_five123_B | EB1: BES_TR6_five123_dup_B | EC1: BES_TR6_five129_C | ED1: BES_TR6_six64_A | EE1: BES_TR6_six64_dup_A | EF1: BES_TR6_six154_dup_C | EG1: BES_TR6_six154_tri_C | EH1: BES_TR6_six173_C | EI1: BES_TR6_six173_dup_C | EJ1: BES_TR6_six191_B | EK1: BES_TR6_six191_dup_B | EL1: BES_TR6_six203_A | EM1: BES_TR6_six203_dup_A | EN1: BES_TR6_six203_tri_A | EO1: BES_TR6_six232_C | EP1: BES_TR6_six238_A | EQ1: BES_TR6_six238_tri_A | ER1: BES_TR6_six249_dup_B | ES1: BES_TR6_six269_tri_C | ET1: BES_TR6_six68_C | EU1: BES_TR6_six68_dup_C | EV1: BES_TR6_six68_tri_C | EW1: BES_TR6_six289_C | EX1: BES_TR6_six289_tri_C | EY1: BES_TR6_six317_dup_C | EZ1: BES_TR6_six317_tri_C | FA1: BES_TR6_six326_tri_A | FB1: BES_TR6_six329_A | FC1: BES_TR6_six329_tri_A | FD1: BES_TR6_six342_A | FE1: BES_TR6_six349_dup_A | FF1: BES_TR6_six349_tri_A | FG1: BES_TR6_six350_dup_B | FH1: BES_TR6_six350_tri_B | FI1: BES_TR6_six362_tri_C | FJ1: BES_TR6_six365_tri_C | FK1: BES_TR6_six378_dup_A | FL1: BES_TR6_six378_tri_A | FM1: BES_TR6_six75_tri_A | FN1: BES_TR6_six385_B | FO1: BES_TR6_six385_tri_B | FP1: BES_TR6_six387_dup_A | FQ1: BES_TR6_six392_C | FR1: BES_TR6_six410_tri_A | FS1: BES_TR6_six431_dup_C | FT1: BES_TR6_six431_tri_C | FU1: BES_TR6_six441_dup_A | FV1: BES_TR6_six441_tri_A | FW1: BES_TR6_six484_dup_B | FX1: BES_TR6_six501_dup_A | FY1: BES_TR6_six512_dup_B | FZ1: BES_TR6_six512_tri_B | GA1: BES_TR6_six82_A | GB1: BES_TR6_six82_dup_A | GC1: BES_TR6_six523_dup_C | GD1: BES_TR6_six571_C | GE1: BES_TR6_six571_tri_C | GF1: BES_TR6_six583_dup_A | GG1: BES_TR6_six591_C | GH1: BES_TR6_six591_dup_C | GI1: BES_TR6_six595_tri_B | GJ1: BES_TR6_six625_A | GK1: BES_TR6_six643_A | GL1: BES_TR6_six646_B | GM1: BES_TR6_six646_dup_B | GN1: BES_TR6_six651_dup_C | GO1: BES_TR6_six651_tri_C | GP1: BES_TR6_six87_dup_A | GQ1: BES_TR6_six652_dup_A | GR1: BES_TR6_six652_tri_A | GS1: BES_TR6_six665_tri_B | GT1: BES_TR6_six667_A | GU1: BES_TR6_six667_tri_A | GV1: BES_TR6_six699_C | GW1: BES_TR6_six699_dup_C | GX1: BES_TR6_six699_tri_C | GY1: BES_TR6_six721_A | GZ1: BES_TR6_six723_B | HA1: BES_TR6_six723_dup_B | HB1: BES_TR6_six740_A | HC1: BES_TR6_six740_dup_A | HD1: BES_TR6_six740_tri_A | HE1: BES_TR6_six758_B | HF1: BES_TR6_six758_dup_B | HG1: BES_TR6_six784_dup_B | HH1: BES_TR6_six784_tri_B | HI1: BES_TR6_six90_B | HJ1: BES_TR6_six90_dup_B | HK1: BES_TR6_six799_tri_B | HL1: BES_TR6_six801_C | HM1: BES_TR6_six801_dup_C | HN1: BES_TR6_six801_tri_C | HO1: BES_TR6_six807_A | HP1: BES_TR6_six844_C | HQ1: BES_TR6_six844_dup_C | HR1: BES_TR6_six844_tri_C | HS1: BES_TR6_six852_B | HT1: BES_TR6_six860_C | HU1: BES_TR6_six860_dup_C | HV1: BES_TR6_six869_C | HW1: BES_TR6_six869_tri_C | HX1: BES_TR6_six885_A | HY1: BES_TR6_six885_tri_A | HZ1: BES_TR6_six894_B | IA1: BES_TR6_six894_tri_B | IB1: BES_TR6_six105_dup_A | IC1: BES_TR6_six105_tri_A | ID1: BES_TR6_six914_A | IE1: BES_TR6_six914_tri_A | IF1: BES_TR6_six921_B | IG1: BES_TR6_six929_tri_A | IH1: BES_TR6_six938_dup_A | II1: BES_TR6_six938_tri_A | IJ1: BES_TR6_six945_dup_C | IK1: BES_TR6_six952_A | IL1: BES_TR6_six952_dup_A | IM1: BES_TR6_six967_B | IN1: BES_TR6_six967_tri_B | IO1: BES_TR6_six974_dup_C | IP1: BES_TR6_six974_tri_C | IQ1: BES_TR6_six979_A | IR1: BES_TR6_six990_B | IS1: BES_TR6_six990_dup_B | IT1: BES_TR6_six990_tri_B | IU1: BES_TR6_six111_dup_C | IV1: BES_TR6_six111_tri_C | IW1: BES_TR6_six1006_C | IX1: BES_TR6_six1006_dup_C | IY1: BES_TR6_six1020_A | IZ1: BES_TR6_six1020_dup_A | JA1: BES_TR6_six1020_tri_A | JB1: BES_TR6_six1025_B | JC1: BES_TR6_six1064_C | JD1: BES_TR6_six1064_tri_C | JE1: fleet_average | JF1: fleet_total
A2: 1 | B2: 0 | C2: 40 | D2: 40 | E2: 40 | F2: 40 | G2: 40 | H2: 40 | I2: 40 | J2: 40 | K2: 40 | L2: 40 | M2: 40 | N2: 40 | O2: 40 | P2: 40 | Q2: 40 | R2: 40 | S2: 40 | T2: 40 | U2: 40 | V2: 40 | W2: 40 | X2: 40 | Y2: 40 | Z2: 40 | AA2: 40 | AB2: 40 | AC2: 40 | AD2: 40 | AE2: 40 | AF2: 40 | AG2: 40 | AH2: 40 | AI2: 40 | AJ2: 40 | AK2: 40 | AL2: 40 | AM2: 40 | AN2: 40 | AO2: 40 | AP2: 40 | AQ2: 40 | AR2: 40 | AS2: 40 | AT2: 40 | AU2: 40 | AV2: 40 | AW2: 40 | AX2: 40 | AY2: 40 | AZ2: 40 | BA2: 40 | BB2: 40 | BC2: 40 | BD2: 40 | BE2: 40 | BF2: 40 | BG2: 40 | BH2: 40 | BI2: 40 | BJ2: 40 | BK2: 40 | BL2: 40 | BM2: 40 | BN2: 40 | BO2: 40 | BP2: 40 | BQ2: 40 | BR2: 40 | BS2: 40 | BT2: 40 | BU2: 40 | BV2: 40 | BW2: 40 | BX2: 40 | BY2: 40 | BZ2: 40 | CA2: 40 | CB2: 40 | CC2: 40 | CD2: 40 | CE2: 40 | CF2: 40 | CG2: 40 | CH2: 40 | CI2: 40 | CJ2: 40 | CK2: 40 | CL2: 40 | CM2: 40 | CN2: 40 | CO2: 40 | CP2: 40 | CQ2: 40 | CR2: 40 | CS2: 40 | CT2: 40 | CU2: 40 | CV2: 40 | CW2: 40 | CX2: 40 | CY2: 40 | CZ2: 40 | DA2: 40 | DB2: 40 | DC2: 40 | DD2: 40 | DE2: 40 | DF2: 40 | DG2: 40 | DH2: 40 | DI2: 40 | DJ2: 40 | DK2: 40 | DL2: 40 | DM2: 40 | DN2: 40 | DO2: 40 | DP2: 40 | DQ2: 40 | DR2: 40 | DS2: 40 | DT2: 40 | DU2: 40 | DV2: 40 | DW2: 40 | DX2: 40 | DY2: 40 | DZ2: 40 | EA2: 40 | EB2: 40 | EC2: 40 | ED2: 40 | EE2: 40 | EF2: 40 | EG2: 40 | EH2: 40 | EI2: 40 | EJ2: 40 | EK2: 40 | EL2: 40 | EM2: 40 | EN2: 40 | EO2: 40 | EP2: 40 | EQ2: 40 | ER2: 40 | ES2: 40 | ET2: 40 | EU2: 40 | EV2: 40 | EW2: 40 | EX2: 40 | EY2: 40 | EZ2: 40 | FA2: 40 | FB2: 40 | FC2: 40 | FD2: 40 | FE2: 40 | FF2: 40 | FG2: 40 | FH2: 40 | FI2: 40 | FJ2: 40 | FK2: 40 | FL2: 40 | FM2: 40 | FN2: 40 | FO2: 40 | FP2: 40 | FQ2: 40 | FR2: 40 | FS2: 40 | FT2: 40 | FU2: 40 | FV2: 40 | FW2: 40 | FX2: 40 | FY2: 40 | FZ2: 40 | GA2: 40 | GB2: 40 | GC2: 40 | GD2: 40 | GE2: 40 | GF2: 40 | GG2: 40 | GH2: 40 | GI2: 40 | GJ2: 40 | GK2: 40 | GL2: 40 | GM2: 40 | GN2: 40 | GO2: 40 | GP2: 40 | GQ2: 40 | GR2: 40 | GS2: 40 | GT2: 40 | GU2: 40 | GV2: 40 | GW2: 40 | GX2: 40 | GY2: 40 | GZ2: 40 | HA2: 40 | HB2: 40 | HC2: 40 | HD2: 40 | HE2: 40 | HF2: 40 | HG2: 40 | HH2: 40 | HI2: 40 | HJ2: 40 | HK2: 40 | HL2: 40 | HM2: 40 | HN2: 40 | HO2: 40 | HP2: 40 | HQ2: 40 | HR2: 40 | HS2: 40 | HT2: 40 | HU2: 40 | HV2: 40 | HW2: 40 | HX2: 40 | HY2: 40 | HZ2: 40 | IA2: 40 | IB2: 40 | IC2: 40 | ID2: 40 | IE2: 40 | IF2: 40 | IG2: 40 | IH2: 40 | II2: 40 | IJ2: 40 | IK2: 40 | IL2: 40 | IM2: 40 | IN2: 40 | IO2: 40 | IP2: 40 | IQ2: 40 | IR2: 40 | IS2: 40 | IT2: 40 | IU2: 40 | IV2: 40 | IW2: 40 | IX2: 40 | IY2: 40 | IZ2: 40 | JA2: 40 | JB2: 40 | JC2: 40 | JD2: 40 | JE2: 40 | JF2: 10480
A3: 2 | B3: 0.5 | C3: 33.8087 | D3: 38.5739 | E3: 39.2722 | F3: 38.3101 | G3: 37.0713 | H3: 36.1342 | I3: 37.469 | J3: 38.7017 | K3: 36.9451 | L3: 39.3726 | M3: 39.36 | N3: 36.054 | O3: 25.6393 | P3: 11.3743 | Q3: 38.6496 | R3: 37.6181 | S3: 34.3164 | T3: 35.2227 | U3: 28.3455 | V3: 39.4604 | W3: 38.2415 | X3: 38.5724 | Y3: 37.8265 | Z3: 39.5608 | AA3: 39.2222 | AB3: 33.6871 | AC3: 39.4228 | AD3: 37.0585 | AE3: 39.3475 | AF3: 38.6444 | AG3: 39.3349 | AH3: 38.0029 | AI3: 31.5423 | AJ3: 38.1509 | AK3: 37.3303 | AL3: 39.1181 | AM3: 39.2118 | AN3: 33.7262 | AO3: 39.1389 | AP3: 37.3799 | AQ3: 38.5265 | AR3: 38.7822 | AS3: 38.5298 | AT3: 38.7697 | AU3: 39.3224 | AV3: 37.142 | AW3: 39.4102 | AX3: 39.3851 | AY3: 39.3145 | AZ3: 39.4604 | BA3: 38.9858 | BB3: 38.113 | BC3: 38.0567 | BD3: 38.1166 | BE3: 38.3451 | BF3: 38.0053 | BG3: 37.9222 | BH3: 33.3477 | BI3: 39.2973 | BJ3: 38.4062 | BK3: 38.3468 | BL3: 37.3194 | BM3: 37.8314 | BN3: 36.7201 | BO3: 37.6999 | BP3: 32.307 | BQ3: 38.631 | BR3: 38.8151 | BS3: 39.611 | BT3: 37.2273 | BU3: 35.253 | BV3: 35.5687 | BW3: 37.1295 | BX3: 38.3716 | BY3: 35.2519 | BZ3: 38.6564 | CA3: 37.2409 | CB3: 38.3836 | CC3: 39.3977 | CD3: 39.3726 | CE3: 10 | CF3: 38.8061 | CG3: 39.4228 | CH3: 39.4981 | CI3: 33.4458 | CJ3: 38.3303 | CK3: 37.5324 | CL3: 31.7818 | CM3: 36.924 | CN3: 38.5438 | CO3: 39.2596 | CP3: 35.0878 | CQ3: 33.399 | CR3: 39.3349 | CS3: 35.4186 | CT3: 39.473 | CU3: 38.3239 | CV3: 39.2973 | CW3: 33.0624 | CX3: 37.1531 | CY3: 38.5061 | CZ3: 39.4102 | DA3: 34.9732 | DB3: 38.4137 | DC3: 37.8744 | DD3: 38.4524 | DE3: 38.8729 | DF3: 37.6874 | DG3: 39.3349 | DH3: 38.2704 | DI3: 36.4255 | DJ3: 17.5159 | DK3: 37.8865 | DL3: 39.2272 | DM3: 35.4453 | DN3: 38.7262 | DO3: 34.6598 | DP3: 37.1693 | DQ3: 37.8954 | DR3: 30.4645 | DS3: 39.3977 | DT3: 39.3977 | DU3: 29.8745 | DV3: 39.0783 | DW3: 37.4153 | DX3: 37.7938 | DY3: 37.9733 | DZ3: 38.0063 | EA3: 37.4238 | EB3: 38.5005 | EC3: 39.4228 | ED3: 39.3045 | EE3: 31.4953 | EF3: 38.5059 | EG3: 38.2603 | EH3: 38.6464 | EI3: 37.6121 | EJ3: 39.3475 | EK3: 38.816 | EL3: 37.2716 | EM3: 39.3726 | EN3: 39.3726 | EO3: 34.8571 | EP3: 39.3851 | EQ3: 37.6797 | ER3: 20.3589 | ES3: 21.2785 | ET3: 39.3224 | EU3: 39.4981 | EV3: 39.2722 | EW3: 36.774 | EX3: 38.9151 | EY3: 38.4395 | EZ3: 39.2847 | FA3: 36.4661 | FB3: 32.6188 | FC3: 39.5483 | FD3: 37.3751 | FE3: 31.1093 | FF3: 37.3478 | FG3: 39.473 | FH3: 39.3224 | FI3: 37.3177 | FJ3: 39.3349 | FK3: 39.2722 | FL3: 39.3851 | FM3: 39.3726 | FN3: 37.2981 | FO3: 38.0404 | FP3: 37.5893 | FQ3: 38.1937 | FR3: 37.7621 | FS3: 32.3426 | FT3: 39.3977 | FU3: 39.6361 | FV3: 35.3921 | FW3: 39.2166 | FX3: 37.9985 | FY3: 28.6891 | FZ3: 36.0669 | GA3: 39.5232 | GB3: 38.865 | GC3: 38.3752 | GD3: 38.5369 | GE3: 32.5501 | GF3: 37.3522 | GG3: 38.1804 | GH3: 38.042 | GI3: 35.5528 | GJ3: 31.1459 | GK3: 39.3726 | GL3: 26.5668 | GM3: 38.0977 | GN3: 27.1012 | GO3: 36.5773 | GP3: 39.4228 | GQ3: 39.2345 | GR3: 38.9205 | GS3: 37.4719 | GT3: 39.3851 | GU3: 36.3899 | GV3: 39.4353 | GW3: 39.3098 | GX3: 37.9396 | GY3: 39.2973 | GZ3: 27.9319 | HA3: 37.6201 | HB3: 39.4228 | HC3: 39.4228 | HD3: 35.2258 | HE3: 39.3977 | HF3: 39.3475 | HG3: 35.7366 | HH3: 39.5859 | HI3: 39.4228 | HJ3: 38.021 | HK3: 39.3224 | HL3: 32.4785 | HM3: 39.0983 | HN3: 38.1876 | HO3: 37.9289 | HP3: 38.3509 | HQ3: 38.1364 | HR3: 39.3977 | HS3: 38.1296 | HT3: 38.1451 | HU3: 38.6251 | HV3: 38.9835 | HW3: 39.3224 | HX3: 39.2471 | HY3: 39.4855 | HZ3: 39.3475 | IA3: 39.3349 | IB3: 39.3096 | IC3: 39.4604 | ID3: 38.1311 | IE3: 39.0128 | IF3: 38.2699 | IG3: 31.9831 | IH3: 39.3349 | II3: 21.0899 | IJ3: 31.4304 | IK3: 38.7202 | IL3: 39.2722 | IM3: 38.3305 | IN3: 37.8898 | IO3: 37.4058 | IP3: 35.3608 | IQ3: 37.4831 | IR3: 36.9563 | IS3: 38.4466 | IT3: 32.7895 | IU3: 35.7597 | IV3: 38.9463 | IW3: 38.3828 | IX3: 37.0941 | IY3: 33.8766 | IZ3: 36.0893 | JA3: 38.7955 | JB3: 37.6558 | JC3: 32.6612 | JD3: 39.2408 | JE3: 36.959162 | JF3: 9683.3004
A4: 3 | B4: 1 | C4: 26.9034 | D4: 37.9213 | E4: 38.5444 | F4: 35.1299 | G4: 34.7472 | H4: 35.4691 | I4: 34.1689 | J4: 35.3719 | K4: 36.3428 | L4: 38.1836 | M4: 37.9472 | N4: 30.207 | O4: 18.9001 | P4: 10 | Q4: 37.5256 | R4: 35.6504 | S4: 33.7517 | T4: 33.0822 | U4: 21.7861 | V4: 37.8869 | W4: 35.6577 | X4: 37.9199 | Y4: 36.1145 | Z4: 39.1216 | AA4: 36.4399 | AB4: 30.1956 | AC4: 37.744 | AD4: 35.2685 | AE4: 38.695 | AF4: 35.3217 | AG4: 38.6699 | AH4: 36.4751 | AI4: 30.0023 | AJ4: 37.5611 | AK4: 36.0329 | AL4: 38.2361 | AM4: 38.7224 | AN4: 31.7616 | AO4: 35.7882 | AP4: 35.4345 | AQ4: 37.9744 | AR4: 37.3801 | AS4: 33.4811 | AT4: 38.1046 | AU4: 36.9725 | AV4: 35.5693 | AW4: 36.3408 | AX4: 36.3911 | AY4: 37.7295 | AZ4: 36.6351 | BA4: 35.7102 | BB4: 36.7604 | BC4: 37.4293 | BD4: 36.5926 | BE4: 35.2892 | BF4: 37.3654 | BG4: 37.3199 | BH4: 24.2281 | BI4: 38.5946 | BJ4: 37.9544 | BK4: 36.1324 | BL4: 36.7798 | BM4: 35.9641 | BN4: 34.8331 | BO4: 34.6832 | BP4: 29.7978 | BQ4: 36.7248 | BR4: 38.3131 | BS4: 38.0217 | BT4: 36.5998 | BU4: 30.4581 | BV4: 29.254 | BW4: 36.0748 | BX4: 36.7432 | BY4: 32.5399 | BZ4: 38.0666 | CA4: 35.9362 | CB4: 37.7186 | CC4: 38.7953 | CD4: 38.7451 | CE4: 10 | CF4: 37.4957 | CG4: 37.3267 | CH4: 38.1337 | CI4: 32.2339 | CJ4: 37.7029 | CK4: 36.8423 | CL4: 23.0833 | CM4: 32.0516 | CN4: 38.0293 | CO4: 35.5823 | CP4: 34.4981 | CQ4: 27.794 | CR4: 37.6874 | CS4: 34.9292 | CT4: 37.8818 | CU4: 36.1661 | CV4: 36.7766 | CW4: 31.3678 | CX4: 36.2766 | CY4: 36.8114 | CZ4: 36.4716 | DA4: 33.8306 | DB4: 36.8274 | DC4: 36.959 | DD4: 35.5423 | DE4: 36.3837 | DF4: 36.8313 | DG4: 38.6699 | DH4: 35.7007 | DI4: 33.4545 | DJ4: 12.8768 | DK4: 36.8302 | DL4: 34.9693 | DM4: 34.981 | DN4: 36.7136 | DO4: 33.9194 | DP4: 36.5042 | DQ4: 37.1927 | DR4: 29.812 | DS4: 38.7953 | DT4: 37.4537 | DU4: 24.0473 | DV4: 37.1348 | DW4: 36.7126 | DX4: 36.1915 | DY4: 36.2218 | DZ4: 34.7877 | EA4: 36.7712 | EB4: 37.8354 | EC4: 38.8455 | ED4: 37.8551 | EE4: 27.7624 | EF4: 37.2495 | EG4: 37.5826 | EH4: 36.1718 | EI4: 37.0223 | EJ4: 38.2482 | EK4: 36.939 | EL4: 34.903 | EM4: 38.7451 | EN4: 37.7538 | EO4: 28.7594 | EP4: 38.0053 | EQ4: 36.0729 | ER4: 19.6311 | ES4: 18.7941 | ET4: 36.9587 | EU4: 38.2973 | EV4: 35.4681 | EW4: 36.0713 | EX4: 36.9631 | EY4: 37.1585 | EZ4: 38.5695 | FA4: 33.9148 | FB4: 22.8148 | FC4: 37.6323 | FD4: 36.0771 | FE4: 20.3663 | FF4: 36.6451 | FG4: 38.0301 | FH4: 37.8478 | FI4: 36.7404 | FJ4: 37.818 | FK4: 38.5444 | FL4: 38.7702 | FM4: 37.7337 | FN4: 34.4711 | FO4: 37.3628 | FP4: 35.4035 | FQ4: 37.5788 | FR4: 36.4916 | FS4: 29.4504 | FT4: 38.7953 | FU4: 39.2722 | FV4: 29.7812 | FW4: 36.8089 | FX4: 34.8652 | FY4: 18.7189 | FZ4: 35.4395 | GA4: 39.0463 | GB4: 38.2502 | GC4: 37.3424 | GD4: 37.4676 | GE4: 25.3666 | GF4: 36.7749 | GG4: 35.6926 | GH4: 34.3608 | GI4: 31.8511 | GJ4: 29.4418 | GK4: 36.5823 | GL4: 13.4783 | GM4: 33.0317 | GN4: 12.3638 | GO4: 35.9625 | GP4: 37.4295 | GQ4: 38.4691 | GR4: 36.9622 | GS4: 36.832 | GT4: 38.7702 | GU4: 31.6843 | GV4: 35.6112 | GW4: 37.7171 | GX4: 37.3373 | GY4: 38.5946 | GZ4: 20.9535 | HA4: 34.3433 | HB4: 38.0782 | HC4: 35.5353 | HD4: 33.6607 | HE4: 36.7682 | HF4: 38.695 | HG4: 35.0715 | HH4: 39.1718 | HI4: 36.9205 | HJ4: 36.5311 | HK4: 37.1653 | HL4: 25.6494 | HM4: 38.5712 | HN4: 35.3034 | HO4: 37.3391 | HP4: 37.6607 | HQ4: 35.998 | HR4: 38.2553 | HS4: 36.3846 | HT4: 36.8163 | HU4: 37.9728 | HV4: 35.4753 | HW4: 38.6448 | HX4: 36.2007 | HY4: 38.0805 | HZ4: 37.8592 | IA4: 38.6699 | IB4: 35.2948 | IC4: 38.9208 | ID4: 37.1009 | IE4: 36.5499 | IF4: 37.2778 | IG4: 31.3557 | IH4: 38.6699 | II4: 18.2271 | IJ4: 29.5651 | IK4: 37.0442 | IL4: 36.7647 | IM4: 36.1646 | IN4: 35.3525 | IO4: 35.9815 | IP4: 34.746 | IQ4: 36.931 | IR4: 32.8328 | IS4: 38.0074 | IT4: 26.2944 | IU4: 35.1072 | IV4: 37.0566 | IW4: 36.4574 | IX4: 36.3914 | IY4: 29.1853 | IZ4: 32.9196 | JA4: 35.8626 | JB4: 35.3598 | JC4: 24.9122 | JD4: 36.9214 | JE4: 34.772638 | JF4: 9110.4312
A5: 4 | B5: 1.5 | C5: 25.0186 | D5: 36.9594 | E5: 34.5883 | F5: 33.6993 | G5: 32.0761 | H5: 33.9469 | I5: 31.7433 | J5: 32.4776 | K5: 32.2442 | L5: 36.7138 | M5: 36.3798 | N5: 29.6046 | O5: 16.8311 | P5: 10 | Q5: 36.7978 | R5: 33.1915 | S5: 30.4619 | T5: 18.324 | U5: 20.8382 | V5: 37.0653 | W5: 35.1808 | X5: 36.3954 | Y5: 34.6804 | Z5: 38.6824 | AA5: 35.7623 | AB5: 22.586 | AC5: 35.7678 | AD5: 34.5407 | AE5: 36.5861 | AF5: 35.0581 | AG5: 38.0048 | AH5: 35.9355 | AI5: 26.735 | AJ5: 33.8288 | AK5: 35.3678 | AL5: 35.7959 | AM5: 38.233 | AN5: 29.2895 | AO5: 28.0911 | AP5: 34.1951 | AQ5: 35.5795 | AR5: 36.7151 | AS5: 32.2624 | AT5: 36.8177 | AU5: 35.9232 | AV5: 35.1929 | AW5: 33.0993 | AX5: 35.7762 | AY5: 36.9388 | AZ5: 36.0955 | BA5: 35.0074 | BB5: 35.5349 | BC5: 36.8019 | BD5: 35.8774 | BE5: 34.6241 | BF5: 35.1317 | BG5: 35.2421 | BH5: 22.6139 | BI5: 37.8919 | BJ5: 36.6293 | BK5: 33.1396 | BL5: 36.2403 | BM5: 34.0631 | BN5: 33.6842 | BO5: 32.7801 | BP5: 29.208 | BQ5: 36.0722 | BR5: 37.8112 | BS5: 37.4209 | BT5: 33.9246 | BU5: 29.6926 | BV5: 20.3386 | BW5: 32.0696 | BX5: 35.3348 | BY5: 31.8623 | BZ5: 36.0634 | CA5: 32.3051 | CB5: 36.2079 | CC5: 38.193 | CD5: 38.1177 | CE5: 10 | CF5: 36.7679 | CG5: 34.6803 | CH5: 36.0661 | CI5: 30.5964 | CJ5: 36.6194 | CK5: 31.9703 | CL5: 17.067 | CM5: 28.6746 | CN5: 36.5731 | CO5: 34.8419 | CP5: 33.9083 | CQ5: 27.1415 | CR5: 37.0223 | CS5: 34.4398 | CT5: 36.1327 | CU5: 34.7589 | CV5: 34.8675 | CW5: 29.1091 | CX5: 34.4149 | CY5: 36.322 | CZ5: 35.77 | DA5: 30.6442 | DB5: 36.2753 | DC5: 33.9065 | DD5: 34.8387 | DE5: 35.8817 | DF5: 33.772 | DG5: 38.0048 | DH5: 34.5123 | DI5: 30.9728 | DJ5: 11.4012 | DK5: 34.8612 | DL5: 33.6591 | DM5: 34.5167 | DN5: 36.0861 | DO5: 31.1652 | DP5: 34.9626 | DQ5: 36.49 | DR5: 27.8437 | DS5: 38.193 | DT5: 36.8514 | DU5: 18.5925 | DV5: 36.4321 | DW5: 34.2551 | DX5: 33.398 | DY5: 33.7974 | DZ5: 33.6996 | EA5: 34.282 | EB5: 33.9943 | EC5: 38.2683 | ED5: 36.2151 | EE5: 26.0916 | EF5: 34.7626 | EG5: 36.3149 | EH5: 34.653 | EI5: 34.7979 | EJ5: 36.5531 | EK5: 34.5141 | EL5: 34.2881 | EM5: 38.1177 | EN5: 35.3058 | EO5: 21.4381 | EP5: 37.3904 | EQ5: 32.6179 | ER5: 18.3601 | ES5: 18.1165 | ET5: 36.2811 | EU5: 36.2978 | EV5: 34.2164 | EW5: 35.3686 | EX5: 36.3984 | EY5: 36.5059 | EZ5: 37.8542 | FA5: 32.2941 | FB5: 22.1623 | FC5: 37.1805 | FD5: 33.2871 | FE5: 11.8444 | FF5: 35.9424 | FG5: 37.503 | FH5: 37.1702 | FI5: 34.4408 | FJ5: 37.1529 | FK5: 36.5275 | FL5: 36.9146 | FM5: 37.1063 | FN5: 33.8436 | FO5: 36.6852 | FP5: 34.4095 | FQ5: 35.7725 | FR5: 34.8872 | FS5: 28.1418 | FT5: 38.193 | FU5: 38.9083 | FV5: 27.6186 | FW5: 36.332 | FX5: 32.2566 | FY5: 10 | FZ5: 32.0197 | GA5: 37.3072 | GB5: 35.4791 | GC5: 35.9544 | GD5: 36.7852 | GE5: 18.3028 | GF5: 32.8051 | GG5: 33.5465 | GH5: 32.8398 | GI5: 29.168 | GJ5: 27.5772 | GK5: 35.9549 | GL5: 12.7457 | GM5: 24.9133 | GN5: 11.6485 | GO5: 32.2315 | GP5: 35.9323 | GQ5: 36.7888 | GR5: 36.41 | GS5: 34.2265 | GT5: 38.1554 | GU5: 28.9769 | GV5: 34.508 | GW5: 34.9862 | GX5: 33.4618 | GY5: 37.8919 | GZ5: 10.4699 | HA5: 33.3504 | HB5: 35.6844 | HC5: 34.8166 | HD5: 33.0584 | HE5: 36.1658 | HF5: 38.0424 | HG5: 33.0421 | HH5: 38.7577 | HI5: 36.3433 | HJ5: 34.1574 | HK5: 36.1786 | HL5: 18.779 | HM5: 38.0442 | HN5: 33.2821 | HO5: 34.5703 | HP5: 36.571 | HQ5: 33.2316 | HR5: 36.2128 | HS5: 35.3427 | HT5: 36.1888 | HU5: 35.864 | HV5: 34.8604 | HW5: 35.7683 | HX5: 34.2929 | HY5: 37.566 | HZ5: 35.8356 | IA5: 38.0048 | IB5: 34.5209 | IC5: 34.0085 | ID5: 36.5738 | IE5: 34.8301 | IF5: 36.5626 | IG5: 30.7283 | IH5: 38.0048 | II5: 16.4836 | IJ5: 27.7664 | IK5: 35.1522 | IL5: 35.8089 | IM5: 34.8658 | IN5: 34.6749 | IO5: 35.2765 | IP5: 33.2446 | IQ5: 36.3788 | IR5: 28.7162 | IS5: 37.5682 | IT5: 10 | IU5: 31.4801 | IV5: 36.5044 | IW5: 34.5131 | IX5: 34.2866 | IY5: 26.5654 | IZ5: 32.2295 | JA5: 35.4485 | JB5: 34.7324 | JC5: 24.3081 | JD5: 35.2296 | JE5: 32.877325 | JF5: 8613.8591
A6: 5 | B6: 2 | C6: 22.5017 | D6: 35.0691 | E6: 33.8605 | F6: 31.7208 | G6: 31.3859 | H6: 33.2818 | I6: 30.9891 | J6: 27.6632 | K6: 30.3466 | L6: 36.0864 | M6: 35.7398 | N6: 28.1124 | O6: 15.3262 | P6: 10 | Q6: 36.07 | R6: 32.4385 | S6: 27.5034 | T6: 14.905 | U6: 18.0055 | V6: 36.4289 | W6: 33.7463 | X6: 35.7429 | Y6: 32.8766 | Z6: 38.2432 | AA6: 33.882 | AB6: 19.0202 | AC6: 35.117 | AD6: 33.0064 | AE6: 34.9253 | AF6: 33.877 | AG6: 37.3397 | AH6: 35.3959 | AI6: 25.0851 | AJ6: 32.8792 | AK6: 34.7028 | AL6: 35.2062 | AM6: 36.847 | AN6: 28.6746 | AO6: 19.2355 | AP6: 31.3222 | AQ6: 34.6178 | AR6: 34.7603 | AS6: 31.6099 | AT6: 35.757 | AU6: 34.874 | AV6: 31.4804 | AW6: 28.4589 | AX6: 33.2148 | AY6: 36.2988 | AZ6: 35.0364 | BA6: 33.3703 | BB6: 34.1793 | BC6: 36.1745 | BD6: 33.365 | BE6: 32.3495 | BF6: 34.4917 | BG6: 34.6398 | BH6: 20.7063 | BI6: 37.1891 | BJ6: 35.8417 | BK6: 31.8158 | BL6: 35.0194 | BM6: 30.7725 | BN6: 29.6806 | BO6: 29.9816 | BP6: 25.9875 | BQ6: 33.4495 | BR6: 36.6263 | BS6: 36.3964 | BT6: 33.1997 | BU6: 26.8705 | BV6: 15.7113 | BW6: 31.4171 | BX6: 33.9863 | BY6: 31.1847 | BZ6: 34.8141 | CA6: 31.3767 | CB6: 35.4371 | CC6: 36.5566 | CD6: 37.4903 | CE6: 10 | CF6: 35.108 | CG6: 34.1031 | CH6: 35.2767 | CI6: 29.8811 | CJ6: 35.1451 | CK6: 31.0933 | CL6: 15.9211 | CM6: 27.9969 | CN6: 36.0586 | CO6: 32.237 | CP6: 33.3185 | CQ6: 26.489 | CR6: 36.3572 | CS6: 33.9504 | CT6: 31.7325 | CU6: 33.7395 | CV6: 33.6 | CW6: 26.8357 | CX6: 32.5532 | CY6: 33.9241 | CZ6: 34.1736 | DA6: 30.1925 | DB6: 35.6292 | DC6: 32.0732 | DD6: 33.4255 | DE6: 34.464 | DF6: 33.0818 | DG6: 37.3397 | DH6: 32.5113 | DI6: 28.0846 | DJ6: 10.0207 | DK6: 33.8049 | DL6: 31.9083 | DM6: 31.9158 | DN6: 34.5353 | DO6: 27.2029 | DP6: 33.0394 | DQ6: 34.3854 | DR6: 26.2803 | DS6: 37.5907 | DT6: 36.2491 | DU6: 13.9177 | DV6: 35.7294 | DW6: 31.6704 | DX6: 31.7957 | DY6: 31.8439 | DZ6: 30.5304 | EA6: 32.7609 | EB6: 33.3293 | EC6: 37.6911 | ED6: 35.5752 | EE6: 23.539 | EF6: 33.3557 | EG6: 35.1653 | EH6: 32.1901 | EI6: 34.0446 | EJ6: 35.9006 | EK6: 32.2264 | EL6: 33.1853 | EM6: 37.4903 | EN6: 33.9998 | EO6: 13.4262 | EP6: 36.0106 | EQ6: 31.5698 | ER6: 16.1841 | ES6: 14.7368 | ET6: 33.9175 | EU6: 35.7958 | EV6: 31.4714 | EW6: 34.6659 | EX6: 33.9262 | EY6: 35.3645 | EZ6: 37.1389 | FA6: 30.9983 | FB6: 21.5098 | FC6: 36.7288 | FD6: 31.9931 | FE6: 10 | FF6: 35.2396 | FG6: 36.976 | FH6: 36.3155 | FI6: 33.4809 | FJ6: 36.1093 | FK6: 35.1981 | FL6: 35.9896 | FM6: 36.4788 | FN6: 30.1952 | FO6: 34.6269 | FP6: 31.5308 | FQ6: 35.1576 | FR6: 32.0689 | FS6: 26.0786 | FT6: 37.5907 | FU6: 38.5444 | FV6: 20.7867 | FW6: 34.4061 | FX6: 31.5418 | FY6: 10 | FZ6: 30.3774 | GA6: 36.8304 | GB6: 33.5423 | GC6: 34.6847 | GD6: 33.9885 | GE6: 17.575 | GF6: 31.683 | GG6: 29.1769 | GH6: 30.0511 | GI6: 28.5782 | GJ6: 25.2371 | GK6: 33.9512 | GL6: 10 | GM6: 16.4256 | GN6: 10 | GO6: 30.9912 | GP6: 32.3194 | GQ6: 36.0233 | GR6: 33.9243 | GS6: 33.2762 | GT6: 37.5405 | GU6: 28.2742 | GV6: 33.8677 | GW6: 34.2961 | GX6: 32.6021 | GY6: 37.1891 | GZ6: 10 | HA6: 30.0944 | HB6: 34.7744 | HC6: 33.3384 | HD6: 30.9748 | HE6: 35.5635 | HF6: 37.3899 | HG6: 29.9944 | HH6: 37.8926 | HI6: 34.366 | HJ6: 32.4294 | HK6: 35.1477 | HL6: 10.5436 | HM6: 35.4564 | HN6: 31.3623 | HO6: 33.0452 | HP6: 34.5223 | HQ6: 31.0124 | HR6: 34.6331 | HS6: 34.9161 | HT6: 35.5614 | HU6: 34.4734 | HV6: 32.3177 | HW6: 35.0906 | HX6: 31.9065 | HY6: 36.161 | HZ6: 35.183 | IA6: 37.3397 | IB6: 32.9408 | IC6: 31.2576 | ID6: 34.2018 | IE6: 32.5116 | IF6: 34.5556 | IG6: 30.1009 | IH6: 37.3397 | II6: 14.5113 | IJ6: 27.0888 | IK6: 34.5247 | IL6: 33.424 | IM6: 33.7379 | IN6: 31.382 | IO6: 32.4254 | IP6: 31.0155 | IQ6: 34.0867 | IR6: 25.8137 | IS6: 34.9946 | IT6: 10 | IU6: 30.1285 | IV6: 34.7819 | IW6: 33.1575 | IX6: 32.7827 | IY6: 25.8878 | IZ6: 31.5393 | JA6: 33.2672 | JB6: 31.0369 | JC6: 22.8718 | JD6: 33.2032 | JE6: 31.206634 | JF6: 8176.138
A7: 6 | B7: 2.5 | C7: 21.4928 | D7: 34.4165 | E7: 30.2281 | F7: 28.4076 | G7: 29.3513 | H7: 32.6168 | I7: 28.5777 | J7: 20.9388 | K7: 28.7259 | L7: 34.3358 | M7: 33.3995 | N7: 27.3988 | O7: 12.7976 | P7: 10 | Q7: 35.3422 | R7: 30.0218 | S7: 26.9388 | T7: 14.0079 | U7: 17.2903 | V7: 33.8564 | W7: 32.1202 | X7: 35.0904 | Y7: 32.2743 | Z7: 37.804 | AA7: 32.2022 | AB7: 16.6285 | AC7: 33.1408 | AD7: 29.8092 | AE7: 34.2728 | AF7: 31.3391 | AG7: 36.6746 | AH7: 34.8564 | AI7: 23.2977 | AJ7: 30.2503 | AK7: 32.8434 | AL7: 32.4738 | AM7: 36.3576 | AN7: 28.0598 | AO7: 12.7001 | AP7: 28.9047 | AQ7: 34.0657 | AR7: 34.0952 | AS7: 29.8248 | AT7: 35.0919 | AU7: 32.5241 | AV7: 30.7622 | AW7: 20.9501 | AX7: 32.1673 | AY7: 35.6588 | AZ7: 32.7306 | BA7: 30.7176 | BB7: 32.2272 | BC7: 34.297 | BD7: 32.47 | BE7: 29.9133 | BF7: 33.533 | BG7: 34.0375 | BH7: 18.2266 | BI7: 36.4864 | BJ7: 35.39 | BK7: 30.8409 | BL7: 33.0201 | BM7: 28.7914 | BN7: 28.9425 | BO7: 28.2135 | BP7: 25.22 | BQ7: 32.797 | BR7: 34.9291 | BS7: 35.2307 | BT7: 32.0847 | BU7: 26.1051 | BV7: 12.7654 | BW7: 30.6103 | BX7: 32.078 | BY7: 30.507 | BZ7: 34.168 | CA7: 29.7244 | CB7: 34.2435 | CC7: 35.9543 | CD7: 36.8629 | CE7: 10 | CF7: 34.2636 | CG7: 33.5259 | CH7: 33.8083 | CI7: 29.1658 | CJ7: 34.5177 | CK7: 29.7469 | CL7: 13.911 | CM7: 27.3193 | CN7: 34.6023 | CO7: 30.4242 | CP7: 31.7185 | CQ7: 25.8365 | CR7: 34.7097 | CS7: 33.461 | CT7: 25.9205 | CU7: 31.0256 | CV7: 32.2071 | CW7: 26.1205 | CX7: 31.7752 | CY7: 33.1334 | CZ7: 32.1297 | DA7: 27.0983 | DB7: 33.1027 | DC7: 31.2996 | DD7: 32.8232 | DE7: 32.4328 | DF7: 30.9351 | DG7: 36.6746 | DH7: 30.157 | DI7: 26.2189 | DJ7: 10 | DK7: 33.182 | DL7: 29.9032 | DM7: 31.4515 | DN7: 32.7997 | DO7: 26.4625 | DP7: 30.3566 | DQ7: 33.6827 | DR7: 25.4254 | DS7: 36.9884 | DT7: 34.3052 | DU7: 10 | DV7: 34.0049 | DW7: 30.9677 | DX7: 31.1557 | DY7: 30.2763 | DZ7: 29.8402 | EA7: 31.0924 | EB7: 32.6642 | EC7: 37.1138 | ED7: 34.1018 | EE7: 23.0497 | EF7: 30.5894 | EG7: 33.8386 | EH7: 31.486 | EI7: 32.3106 | EJ7: 34.9502 | EK7: 30.719 | EL7: 31.0211 | EM7: 36.8629 | EN7: 32.7693 | EO7: 11.2606 | EP7: 35.3957 | EQ7: 28.4717 | ER7: 15.4563 | ES7: 12.3913 | ET7: 33.2399 | EU7: 33.5967 | EV7: 28.9685 | EW7: 33.5044 | EX7: 33.3615 | EY7: 33.6644 | EZ7: 36.4237 | FA7: 28.3658 | FB7: 19.6479 | FC7: 35.3253 | FD7: 30.0623 | FE7: 10 | FF7: 32.5874 | FG7: 36.449 | FH7: 33.2985 | FI7: 32.0425 | FJ7: 34.971 | FK7: 34.0407 | FL7: 35.3747 | FM7: 35.8514 | FN7: 28.3147 | FO7: 33.9493 | FP7: 30.2297 | FQ7: 33.7683 | FR7: 31.2772 | FS7: 23.941 | FT7: 36.9884 | FU7: 38.1805 | FV7: 17.885 | FW7: 33.1409 | FX7: 27.9013 | FY7: 10 | FZ7: 28.0004 | GA7: 36.3535 | GB7: 32.3612 | GC7: 33.5335 | GD7: 33.1483 | GE7: 13.929 | GF7: 30.5608 | GG7: 27.2406 | GH7: 29.0116 | GI7: 27.0215 | GJ7: 23.0538 | GK7: 32.5373 | GL7: 10 | GM7: 10 | GN7: 10 | GO7: 30.3764 | GP7: 31.6005 | GQ7: 31.5551 | GR7: 33.3722 | GS7: 32.6362 | GT7: 36.9256 | GU7: 27.5715 | GV7: 29.5808 | GW7: 32.07 | GX7: 31.9998 | GY7: 36.4864 | GZ7: 10 | HA7: 27.9588 | HB7: 32.2787 | HC7: 31.3133 | HD7: 30.3725 | HE7: 34.662 | HF7: 36.4899 | HG7: 28.9073 | HH7: 37.0276 | HI7: 33.2638 | HJ7: 30.7958 | HK7: 34.0285 | HL7: 10 | HM7: 34.9294 | HN7: 30.1534 | HO7: 32.0105 | HP7: 33.8321 | HQ7: 30.41 | HR7: 32.0505 | HS7: 32.5183 | HT7: 33.0051 | HU7: 33.2714 | HV7: 30.3357 | HW7: 32.514 | HX7: 29.5862 | HY7: 35.6465 | HZ7: 32.3237 | IA7: 36.6746 | IB7: 28.5301 | IC7: 28.4387 | ID7: 33.6747 | IE7: 30.2876 | IF7: 33.8404 | IG7: 29.4734 | IH7: 36.6746 | II7: 10.5211 | IJ7: 26.4112 | IK7: 31.5842 | IL7: 32.3456 | IM7: 31.1159 | IN7: 30.3043 | IO7: 31.1552 | IP7: 29.9282 | IQ7: 31.9032 | IR7: 25.1236 | IS7: 33.8838 | IT7: 10 | IU7: 28.8533 | IV7: 33.561 | IW7: 31.1576 | IX7: 32.08 | IY7: 24.2193 | IZ7: 28.7078 | JA7: 31.4654 | JB7: 24.217 | JC7: 22.3196 | JD7: 31.3323 | JE7: 29.666644 | JF7: 7772.6607
A8: 7 | B8: 3 | C8: 18.7875 | D8: 32.2168 | E8: 29.1766 | F8: 27.3987 | G8: 28.6611 | H8: 31.9517 | I8: 27.0098 | J8: 15.2277 | K8: 26.941 | L8: 33.4276 | M8: 32.7596 | N8: 25.9066 | O8: 10.3268 | P8: 10 | Q8: 34.6144 | R8: 28.0119 | S8: 22.7471 | T8: 12.1025 | U8: 16.575 | V8: 32.5649 | W8: 31.4518 | X8: 33.5659 | Y8: 29.6387 | Z8: 37.3648 | AA8: 31.2239 | AB8: 14.4454 | AC8: 31.5357 | AD8: 29.0814 | AE8: 31.1556 | AF8: 30.1163 | AG8: 36.0096 | AH8: 34.3168 | AI8: 20.5802 | AJ8: 28.1973 | AK8: 31.9675 | AL8: 31.884 | AM8: 35.8682 | AN8: 25.7565 | AO8: 10 | AP8: 26.6091 | AQ8: 31.3637 | AR8: 32.5089 | AS8: 28.8892 | AT8: 34.4268 | AU8: 31.8465 | AV8: 28.3554 | AW8: 19.4957 | AX8: 31.5524 | AY8: 35.0188 | AZ8: 32.191 | BA8: 30.0149 | BB8: 29.6386 | BC8: 33.6038 | BD8: 30.8562 | BE8: 29.1996 | BF8: 31.618 | BG8: 33.4351 | BH8: 16.6075 | BI8: 35.7837 | BJ8: 34.7367 | BK8: 27.1196 | BL8: 32.4805 | BM8: 26.4673 | BN8: 24.5885 | BO8: 26.3518 | BP8: 23.7768 | BQ8: 32.1445 | BR8: 34.4272 | BS8: 34.8417 | BT8: 29.7995 | BU8: 25.3396 | BV8: 11.0219 | BW8: 26.4577 | BX8: 31.4757 | BY8: 28.9972 | BZ8: 31.736 | CA8: 26.9298 | CB8: 33.1557 | CC8: 35.352 | CD8: 36.2354 | CE8: 10 | CF8: 33.0115 | CG8: 30.7028 | CH8: 32.0363 | CI8: 28.3087 | CJ8: 32.5874 | CK8: 26.8144 | CL8: 13.2835 | CM8: 26.6417 | CN8: 34.0878 | CO8: 29.6838 | CP8: 31.1287 | CQ8: 25.1839 | CR8: 34.0446 | CS8: 32.9716 | CT8: 19.1183 | CU8: 30.0711 | CV8: 31.5044 | CW8: 22.786 | CX8: 30.3075 | CY8: 32.644 | CZ8: 31.54 | DA8: 26.291 | DB8: 32.5506 | DC8: 27.1873 | DD8: 29.576 | DE8: 31.9308 | DF8: 29.1664 | DG8: 36.0096 | DH8: 29.1369 | DI8: 24.2747 | DJ8: 10 | DK8: 31.1408 | DL8: 27.3183 | DM8: 29.8218 | DN8: 32.1723 | DO8: 25.7222 | DP8: 29.5746 | DQ8: 31.5781 | DR8: 22.7487 | DS8: 36.386 | DT8: 33.7028 | DU8: 10 | DV8: 32.8643 | DW8: 26.6282 | DX8: 28.442 | DY8: 28.072 | DZ8: 27.1486 | EA8: 28.7506 | EB8: 28.8231 | EC8: 36.5366 | ED8: 33.2952 | EE8: 21.146 | EF8: 29.2541 | EG8: 32.7479 | EH8: 30.959 | EI8: 31.067 | EJ8: 33.1062 | EK8: 29.0281 | EL8: 27.6973 | EM8: 36.2354 | EN8: 29.2545 | EO8: 10.5579 | EP8: 34.3134 | EQ8: 27.0668 | ER8: 12.7371 | ES8: 11.7137 | ET8: 31.2977 | EU8: 32.5956 | EV8: 27.2002 | EW8: 30.7372 | EX8: 32.7968 | EY8: 33.0119 | EZ8: 35.7084 | FA8: 26.208 | FB8: 18.9954 | FC8: 34.361 | FD8: 27.346 | FE8: 10 | FF8: 31.8847 | FG8: 35.057 | FH8: 31.6219 | FI8: 30.2213 | FJ8: 34.3059 | FK8: 31.8519 | FL8: 34.7598 | FM8: 34.2125 | FN8: 26.7919 | FO8: 31.8911 | FP8: 27.7502 | FQ8: 32.7364 | FR8: 29.7744 | FS8: 22.7987 | FT8: 36.386 | FU8: 37.8166 | FV8: 13.7012 | FW8: 32.6641 | FX8: 25.8998 | FY8: 10 | FZ8: 26.2954 | GA8: 34.6144 | GB8: 28.8344 | GC8: 32.8559 | GD8: 31.8874 | GE8: 12.2977 | GF8: 26.745 | GG8: 24.9302 | GH8: 25.4139 | GI8: 24.6943 | GJ8: 22.4641 | GK8: 31.6149 | GL8: 10 | GM8: 10 | GN8: 10 | GO8: 27.5829 | GP8: 31.0233 | GQ8: 23.6193 | GR8: 32.82 | GS8: 31.1687 | GT8: 36.3107 | GU8: 25.7898 | GV8: 28.9405 | GW8: 29.9725 | GX8: 28.8963 | GY8: 35.7837 | GZ8: 10 | HA8: 26.0227 | HB8: 31.7015 | HC8: 30.5239 | HD8: 28.2889 | HE8: 32.863 | HF8: 34.2699 | HG8: 27.8202 | HH8: 36.6135 | HI8: 32.6866 | HJ8: 30.1684 | HK8: 33.3509 | HL8: 10 | HM8: 33.8403 | HN8: 26.3431 | HO8: 30.8645 | HP8: 33.142 | HQ8: 27.6436 | HR8: 30.4709 | HS8: 30.6855 | HT8: 32.3777 | HU8: 31.5153 | HV8: 29.7209 | HW8: 31.5365 | HX8: 26.9524 | HY8: 34.2414 | HZ8: 31.6711 | IA8: 36.0096 | IB8: 25.0121 | IC8: 26.9553 | ID8: 33.1477 | IE8: 29.5163 | IF8: 32.8483 | IG8: 28.846 | IH8: 36.0096 | II8: 10 | IJ8: 24.6126 | IK8: 30.9567 | IL8: 31.6178 | IM8: 29.304 | IN8: 24.0143 | IO8: 30.0906 | IP8: 27.285 | IQ8: 31.3511 | IR8: 24.4334 | IS8: 32.9785 | IT8: 10 | IU8: 25.6649 | IV8: 33.0089 | IW8: 30.2515 | IX8: 30.1756 | IY8: 21.5995 | IZ8: 27.6795 | JA8: 29.6922 | JB8: 22.3097 | JC8: 20.8313 | JD8: 28.4873 | JE8: 28.153251 | JF8: 7376.1517
A9: 8 | B9: 3.5 | C9: 16.7474 | D9: 31.5643 | E9: 26.5153 | F9: 24.6037 | G9: 26.8543 | H9: 31.0486 | I9: 25.1581 | J9: 11.9419 | K9: 25.7793 | L9: 32.8002 | M9: 31.0376 | N9: 25.193 | O9: 10 | P9: 10 | Q9: 32.8678 | R9: 26.8537 | S9: 22.0974 | T9: 11.6256 | U9: 13.9751 | V9: 30.4933 | W9: 29.0596 | X9: 32.9134 | Y9: 27.9267 | Z9: 36.9256 | AA9: 28.6421 | AB9: 12.3836 | AC9: 29.854 | AD9: 26.6766 | AE9: 30.5031 | AF9: 29.8528 | AG9: 35.3445 | AH9: 33.7772 | AI9: 19.4526 | AJ9: 26.8938 | AK9: 30.2486 | AL9: 30.4178 | AM9: 35.08 | AN9: 24.9728 | AO9: 10 | AP9: 25.6079 | AQ9: 30.7092 | AR9: 31.4754 | AS9: 28.2366 | AT9: 33.7618 | AU9: 30.8901 | AV9: 27.3569 | AW9: 18.855 | AX9: 29.8561 | AY9: 34.3789 | AZ9: 30.1969 | BA9: 29.3122 | BB9: 28.9986 | BC9: 32.9764 | BD9: 29.0627 | BE9: 27.7071 | BF9: 30.8983 | BG9: 31.3573 | BH9: 11.9307 | BI9: 35.081 | BJ9: 33.2772 | BK9: 26.2729 | BL9: 31.357 | BM9: 24.3548 | BN9: 23.7295 | BO9: 22.8525 | BP9: 23.187 | BQ9: 31.4919 | BR9: 32.0471 | BS9: 34.4527 | BT9: 29.1721 | BU9: 22.7045 | BV9: 10.4195 | BW9: 25.7047 | BX9: 30.6868 | BY9: 25.6283 | BZ9: 29.7328 | CA9: 25.5751 | CB9: 32.4906 | CC9: 34.5773 | CD9: 35.608 | CE9: 10 | CF9: 31.7593 | CG9: 28.7834 | CH9: 30.5329 | CI9: 26.3164 | CJ9: 31.96 | CK9: 25.5617 | CL9: 10.6736 | CM9: 25.9641 | CN9: 33.5734 | CO9: 27.3591 | CP9: 30.5389 | CQ9: 24.5314 | CR9: 32.7246 | CS9: 32.4822 | CT9: 16.4799 | CU9: 29.1668 | CV9: 29.5466 | CW9: 21.4252 | CX9: 28.0517 | CY9: 31.0497 | CZ9: 28.4895 | DA9: 24.4346 | DB9: 31.4344 | DC9: 26.5223 | DD9: 28.2642 | DE9: 30.8184 | DF9: 27.7664 | DG9: 35.3445 | DH9: 26.4747 | DI9: 21.859 | DJ9: 10 | DK9: 30.1567 | DL9: 25.5675 | DM9: 28.3863 | DN9: 29.5133 | DO9: 22.7907 | DP9: 27.2393 | DQ9: 30.8754 | DR9: 22.0962 | DS9: 35.7837 | DT9: 33.1005 | DU9: 10 | DV9: 32.1615 | DW9: 25.9255 | DX9: 26.7599 | DY9: 26.7551 | DZ9: 24.2299 | EA9: 28.0981 | EB9: 28.1581 | EC9: 35.9594 | ED9: 31.933 | EE9: 20.6566 | EF9: 26.6013 | EG9: 31.8933 | EH9: 29.2748 | EI9: 30.4772 | EJ9: 32.4537 | EK9: 27.3347 | EL9: 26.1496 | EM9: 35.608 | EN9: 28.6271 | EO9: 10 | EP9: 33.401 | EQ9: 26.5774 | ER9: 12.0093 | ES9: 10 | ET9: 30.1986 | EU9: 32.0936 | EV9: 24.1359 | EW9: 30.0345 | EX9: 30.3246 | EY9: 32.3594 | EZ9: 34.9931 | FA9: 25.2493 | FB9: 17.1335 | FC9: 33.7629 | FD9: 26.2494 | FE9: 10 | FF9: 29.587 | FG9: 34.4791 | FH9: 30.1792 | FI9: 29.6441 | FJ9: 32.789 | FK9: 31.1241 | FL9: 32.594 | FM9: 33.5851 | FN9: 22.9063 | FO9: 31.2135 | FP9: 25.6332 | FQ9: 32.1215 | FR9: 26.7022 | FS9: 20.0719 | FT9: 35.7837 | FU9: 37.4527 | FV9: 10 | FW9: 30.6506 | FX9: 23.2687 | FY9: 10 | FZ9: 23.5345 | GA9: 34.1376 | GB9: 28.2195 | GC9: 31.7639 | GD9: 31.3102 | GE9: 11.0268 | GF9: 26.0138 | GG9: 21.9836 | GH9: 23.3152 | GI9: 23.7063 | GJ9: 20.2035 | GK9: 29.1196 | GL9: 10 | GM9: 10 | GN9: 10 | GO9: 26.8643 | GP9: 28.129 | GQ9: 22.5998 | GR9: 32.2679 | GS9: 29.0805 | GT9: 35.6959 | GU9: 23.3084 | GV9: 26.9391 | GW9: 28.6499 | GX9: 27.2647 | GY9: 35.081 | GZ9: 10 | HA9: 23.4585 | HB9: 28.6513 | HC9: 27.5625 | HD9: 27.6866 | HE9: 32.2607 | HF9: 33.6174 | HG9: 25.3715 | HH9: 36.1994 | HI9: 30.1843 | HJ9: 27.136 | HK9: 32.6733 | HL9: 10 | HM9: 31.8146 | HN9: 25.1637 | HO9: 28.4496 | HP9: 30.6937 | HQ9: 25.4244 | HR9: 29.8685 | HS9: 30.2588 | HT9: 30.7858 | HU9: 30.3217 | HV9: 28.0198 | HW9: 30.8589 | HX9: 26.1995 | HY9: 33.727 | HZ9: 30.1829 | IA9: 35.3445 | IB9: 20.3351 | IC9: 26.4157 | ID9: 31.6143 | IE9: 26.3334 | IF9: 31.1182 | IG9: 28.2186 | IH9: 35.3445 | II9: 10 | IJ9: 23.935 | IK9: 30.3293 | IL9: 28.8823 | IM9: 28.6891 | IN9: 17.6993 | IO9: 27.034 | IP9: 25.7254 | IQ9: 28.4245 | IR9: 23.7432 | IS9: 30.1993 | IT9: 10 | IU9: 24.4973 | IV9: 31.6208 | IW9: 27.2879 | IX9: 28.4714 | IY9: 19.986 | IZ9: 26.5385 | JA9: 28.7158 | JB9: 19.6764 | JC9: 20.2792 | JD9: 27.6172 | JE9: 26.777397 | JF9: 7015.6781
A10: 9 | B10: 4 | C10: 16.1147 | D10: 30.9441 | E10: 24.5144 | F10: 21.7596 | G10: 26.1911 | H10: 29.7968 | I10: 23.0576 | J10: 10 | K10: 21.6193 | L10: 32.2051 | M10: 29.8225 | N10: 23.6327 | O10: 10 | P10: 10 | Q10: 32.1777 | R10: 23.6122 | S10: 20.8753 | T10: 10.0046 | U10: 12.8376 | V10: 28.819 | W10: 28.6043 | X10: 31.4159 | Y10: 25.3127 | Z10: 36.5296 | AA10: 28.0077 | AB10: 10 | AC10: 28.0327 | AD10: 24.3715 | AE10: 27.9892 | AF10: 26.4698 | AG10: 34.7064 | AH10: 33.2592 | AI10: 17.8183 | AJ10: 24.7962 | AK10: 29.2701 | AL10: 28.5943 | AM10: 34.0199 | AN10: 23.4671 | AO10: 10 | AP10: 22.85 | AQ10: 28.6484 | AR10: 30.8373 | AS10: 26.9633 | AT10: 32.1116 | AU10: 28.4851 | AV10: 25.9767 | AW10: 16.1871 | AX10: 27.9651 | AY10: 33.7821 | AZ10: 28.8585 | BA10: 26.1727 | BB10: 25.1411 | BC10: 32.0631 | BD10: 28.3852 | BE10: 24.5806 | BF10: 28.7875 | BG10: 30.782 | BH10: 10 | BI10: 34.3999 | BJ10: 32.8417 | BK10: 23.2364 | BL10: 29.2819 | BM10: 23.7113 | BN10: 20.8681 | BO10: 22.2914 | BP10: 21.0599 | BQ10: 28.9804 | BR10: 31.5721 | BS10: 33.4714 | BT10: 26.4425 | BU10: 21.7899 | BV10: 10 | BW10: 23.5525 | BX10: 28.262 | BY10: 24.983 | BZ10: 29.1592 | CA10: 22.0792 | CB10: 30.9012 | CC10: 33.1565 | CD10: 35.0238 | CE10: 10 | CF10: 31.0747 | CG10: 28.2439 | CH10: 28.7218 | CI10: 25.6227 | CJ10: 31.3703 | CK10: 23.5073 | CL10: 10 | CM10: 25.308 | CN10: 32.4634 | CO10: 26.6458 | CP10: 29.9923 | CQ10: 23.9221 | CR10: 31.759 | CS10: 32.0252 | CT10: 14.7628 | CU10: 25.9175 | CV10: 27.0962 | CW10: 19.9262 | CX10: 27.3169 | CY10: 29.4986 | CZ10: 27.9429 | DA10: 22.4327 | DB10: 29.4212 | DC10: 23.6107 | DD10: 27.4145 | DE10: 28.525 | DF10: 25.8749 | DG10: 34.7226 | DH10: 25.364 | DI10: 18.9234 | DJ10: 10 | DK10: 29.3916 | DL10: 22.7557 | DM10: 27.9544 | DN10: 28.9182 | DO10: 19.0326 | DP10: 25.0702 | DQ10: 30.1889 | DR10: 20.1604 | DS10: 35.2246 | DT10: 31.1728 | DU10: 10 | DV10: 30.1882 | DW10: 23.4723 | DX10: 26.1469 | DY10: 24.5398 | DZ10: 23.5668 | EA10: 27.4725 | EB10: 25.5689 | EC10: 35.4037 | ED10: 31.053 | EE10: 18.4363 | EF10: 25.4716 | EG10: 30.3629 | EH10: 26.8434 | EI10: 28.1163 | EJ10: 30.8018 | EK10: 24.1752 | EL10: 25.5779 | EM10: 35.013 | EN10: 26.224 | EO10: 10 | EP10: 32.8293 | EQ10: 24.7128 | ER10: 10 | ES10: 10 | ET10: 28.879 | EU10: 30.8362 | EV10: 21.563 | EW10: 26.8517 | EX10: 29.8031 | EY10: 30.9011 | EZ10: 34.3049 | FA10: 21.5713 | FB10: 16.5134 | FC10: 32.0149 | FD10: 23.9732 | FE10: 10 | FF10: 28.5514 | FG10: 33.9844 | FH10: 27.4867 | FI10: 26.9779 | FJ10: 32.1509 | FK10: 28.6078 | FL10: 32.0008 | FM10: 32.7545 | FN10: 22.1799 | FO10: 30.552 | FP10: 25.0721 | FQ10: 30.3422 | FR10: 25.395 | FS10: 19.1828 | FT10: 35.1976 | FU10: 37.1211 | FV10: 10 | FW10: 29.5161 | FX10: 20.5703 | FY10: 10 | FZ10: 21.3264 | GA10: 33.6985 | GB10: 24.603 | GC10: 30.4782 | GD10: 29.3982 | GE10: 10 | GF10: 24.2701 | GG10: 19.8752 | GH10: 20.4535 | GI10: 22.534 | GJ10: 18.7009 | GK10: 28.5246 | GL10: 10 | GM10: 10 | GN10: 10 | GO10: 24.506 | GP10: 25.8148 | GQ10: 20.9972 | GR10: 31.7374 | GS10: 28.4837 | GT10: 35.1242 | GU10: 22.6381 | GV10: 26.4176 | GW10: 25.6921 | GX10: 26.7056 | GY10: 34.3999 | GZ10: 10 | HA10: 21.2035 | HB10: 27.6735 | HC10: 25.9609 | HD10: 26.815 | HE10: 31.6853 | HF10: 31.4298 | HG10: 23.4552 | HH10: 35.8177 | HI10: 29.6503 | HJ10: 25.6786 | HK10: 31.2278 | HL10: 10 | HM10: 31.3253 | HN10: 22.8943 | HO10: 27.448 | HP10: 30.0467 | HQ10: 23.7616 | HR10: 26.569 | HS10: 27.931 | HT10: 29.2371 | HU10: 28.863 | HV10: 25.5405 | HW10: 28.0256 | HX10: 22.0414 | HY10: 33.2556 | HZ10: 28.17 | IA10: 34.7118 | IB10: 10 | IC10: 25.9193 | ID10: 30.2648 | IE10: 25.1609 | IF10: 30.4461 | IG10: 27.6343 | IH10: 34.7226 | II10: 10 | IJ10: 22.7238 | IK10: 28.7394 | IL10: 28.1868 | IM10: 26.4591 | IN10: 14.8468 | IO10: 26.4695 | IP10: 23.891 | IQ10: 26.9079 | IR10: 23.0962 | IS10: 29.8033 | IT10: 10 | IU10: 22.5942 | IV10: 30.0924 | IW10: 26.5488 | IX10: 27.7903 | IY10: 17.9723 | IZ10: 23.8629 | JA10: 27.4903 | JB10: 18.7391 | JC10: 18.8233 | JD10: 25.0206 | JE10: 25.333597 | JF10: 6637.4025
A11: 10 | B11: 4.5 | C11: 14.1129 | D11: 29.2898 | E11: 23.2439 | F11: 21.2414 | G11: 24.5465 | H11: 29.5998 | I11: 22.7951 | J11: 10 | K11: 20.9263 | L11: 30.8524 | M11: 29.8066 | N11: 23.6523 | O11: 10 | P11: 10 | Q11: 31.996 | R11: 23.2493 | S11: 16.433 | T11: 10 | U11: 11.6995 | V11: 28.3791 | W11: 26.5241 | X11: 31.1534 | Y11: 25.0224 | Z11: 36.696 | AA11: 26.6513 | AB11: 10 | AC11: 27.4456 | AD11: 23.1492 | AE11: 27.4007 | AF11: 25.5915 | AG11: 34.4314 | AH11: 33.0316 | AI11: 15.4088 | AJ11: 24.5185 | AK11: 29.1511 | AL11: 28.4726 | AM11: 33.9205 | AN11: 22.4697 | AO11: 10 | AP11: 20.9848 | AQ11: 27.7697 | AR11: 29.2725 | AS11: 25.7662 | AT11: 31.9146 | AU11: 28.3536 | AV11: 24.7843 | AW11: 15.4516 | AX11: 27.6623 | AY11: 33.7662 | AZ11: 28.3714 | BA11: 21.9192 | BB11: 25.1252 | BC11: 31.0729 | BD11: 26.5986 | BE11: 24.5396 | BF11: 28.7716 | BG11: 30.5697 | BH11: 10 | BI11: 34.0092 | BJ11: 32.6239 | BK11: 20.9908 | BL11: 29.0544 | BM11: 22.4991 | BN11: 18.7666 | BO11: 20.7125 | BP11: 19.6161 | BQ11: 28.5503 | BR11: 30.4358 | BS11: 32.9299 | BT11: 22.8086 | BU11: 21.5705 | BV11: 10 | BW11: 23.5241 | BX11: 28.2816 | BY11: 22.1747 | BZ11: 26.7305 | CA11: 20.4641 | CB11: 30.6262 | CC11: 32.9484 | CD11: 35.0204 | CE11: 10 | CF11: 29.9223 | CG11: 25.9332 | CH11: 27.6742 | CI11: 23.8006 | CJ11: 31.289 | CK11: 21.7261 | CL11: 10 | CM11: 24.9425 | CN11: 32.1031 | CO11: 24.8696 | CP11: 30.0232 | CQ11: 23.8936 | CR11: 31.484 | CS11: 32.0039 | CT11: 14.3726 | CU11: 25.1796 | CV11: 26.2663 | CW11: 18.5215 | CX11: 25.1926 | CY11: 29.6198 | CZ11: 27.9738 | DA11: 22.2538 | DB11: 29.486 | DC11: 23.3051 | DD11: 25.101 | DE11: 28.1893 | DF11: 25.228 | DG11: 34.6816 | DH11: 24.5438 | DI11: 16.5806 | DJ11: 10 | DK11: 28.3655 | DL11: 21.6447 | DM11: 25.8216 | DN11: 27.4658 | DO11: 18.6823 | DP11: 24.5186 | DQ11: 29.7202 | DR11: 19.065 | DS11: 35.2441 | DT11: 30.8045 | DU11: 10 | DV11: 29.9636 | DW11: 21.3838 | DX11: 22.7811 | DY11: 24.2433 | DZ11: 21.8429 | EA11: 25.8484 | EB11: 24.3192 | EC11: 35.1386 | ED11: 30.0147 | EE11: 16.7542 | EF11: 23.208 | EG11: 30.1534 | EH11: 26.9307 | EI11: 27.9166 | EJ11: 30.3266 | EK11: 23.8699 | EL11: 22.9006 | EM11: 34.8536 | EN11: 24.5491 | EO11: 10 | EP11: 32.8376 | EQ11: 21.8493 | ER11: 10 | ES11: 10 | ET11: 27.6578 | EU11: 29.5606 | EV11: 20.532 | EW11: 26.7731 | EX11: 28.9955 | EY11: 30.0183 | EZ11: 33.9797 | FA11: 20.9904 | FB11: 16.3289 | FC11: 31.8752 | FD11: 23.5422 | FE11: 10 | FF11: 27.3632 | FG11: 33.9254 | FH11: 27.1991 | FI11: 26.6347 | FJ11: 31.8759 | FK11: 28.0281 | FL11: 31.6979 | FM11: 31.6524 | FN11: 18.959 | FO11: 29.4182 | FP11: 21.3673 | FQ11: 30.1174 | FR11: 23.029 | FS11: 16.261 | FT11: 34.8293 | FU11: 37.2149 | FV11: 10 | FW11: 28.4213 | FX11: 19.4434 | FY11: 10 | FZ11: 19.1044 | GA11: 32.5055 | GB11: 24.1788 | GC11: 30.4247 | GD11: 28.4984 | GE11: 10 | GF11: 22.9622 | GG11: 17.7613 | GH11: 17.9969 | GI11: 21.8809 | GJ11: 16.9043 | GK11: 28.3652 | GL11: 10 | GM11: 10 | GN11: 10 | GO11: 22.3101 | GP11: 24.462 | GQ11: 20.571 | GR11: 31.4973 | GS11: 28.4678 | GT11: 35.1325 | GU11: 19.728 | GV11: 24.0402 | GW11: 25.626 | GX11: 23.3683 | GY11: 34.0092 | GZ11: 10 | HA11: 19.8054 | HB11: 27.2212 | HC11: 20.5621 | HD11: 25.4178 | HE11: 31.473 | HF11: 30.9978 | HG11: 21.8578 | HH11: 35.0699 | HI11: 28.5596 | HJ11: 24.2507 | HK11: 30.9403 | HL11: 10 | HM11: 31.3424 | HN11: 20.8926 | HO11: 25.4954 | HP11: 29.1815 | HQ11: 20.934 | HR11: 26.3736 | HS11: 27.1061 | HT11: 29.2338 | HU11: 28.8826 | HV11: 25.2485 | HW11: 27.9721 | HX11: 21.9126 | HY11: 33.3543 | HZ11: 27.6735 | IA11: 34.5148 | IB11: 10 | IC11: 25.06 | ID11: 29.6363 | IE11: 25.1576 | IF11: 30.3549 | IG11: 27.631 | IH11: 34.6816 | II11: 10 | IJ11: 21.8758 | IK11: 27.0115 | IL11: 27.2259 | IM11: 24.6723 | IN11: 13.2263 | IO11: 26.4132 | IP11: 22.7222 | IQ11: 25.584 | IR11: 23.0302 | IS11: 29.9697 | IT11: 10 | IU11: 20.186 | IV11: 29.9304 | IW11: 24.1656 | IX11: 25.9976 | IY11: 16.5851 | IZ11: 23.7968 | JA11: 25.2457 | JB11: 17.019 | JC11: 18.7392 | JD11: 24.7951 | JE11: 24.479179 | JF11: 6413.5448
A12: 11 | B12: 5 | C12: 14.0261 | D12: 30.6029 | E12: 21.6018 | F12: 19.1132 | G12: 24.562 | H12: 30.1998 | I12: 22.4476 | J12: 10 | K12: 21.8478 | L12: 32.0682 | M12: 31.7878 | N12: 25.2864 | O12: 10 | P12: 10.5349 | Q12: 32.8243 | R12: 22.1187 | S12: 18.0702 | T12: 11.3139 | U12: 12.5095 | V12: 27.8243 | W12: 27.2359 | X12: 32.2078 | Y12: 25.7937 | Z12: 38.9274 | AA12: 27.8563 | AB12: 10.212 | AC12: 27.3633 | AD12: 21.4113 | AE12: 28.8351 | AF12: 26.996 | AG12: 35.4745 | AH12: 33.8593 | AI12: 16.1546 | AJ12: 23.4149 | AK12: 29.5862 | AL12: 29.9118 | AM12: 34.9873 | AN12: 24.2147 | AO12: 11.3797 | AP12: 22.3329 | AQ12: 28.4538 | AR12: 30.3156 | AS12: 26.1639 | AT12: 32.6755 | AU12: 29.5403 | AV12: 23.3173 | AW12: 15.8222 | AX12: 26.1275 | AY12: 35.8169 | AZ12: 28.1505 | BA12: 21.5997 | BB12: 26.0048 | BC12: 33.1349 | BD12: 27.9297 | BE12: 24.9009 | BF12: 29.3879 | BG12: 31.6693 | BH12: 10.8028 | BI12: 34.6901 | BJ12: 32.4605 | BK12: 22.6906 | BL12: 29.8821 | BM12: 21.8137 | BN12: 18.3044 | BO12: 19.1357 | BP12: 20.0442 | BQ12: 28.1033 | BR12: 30.8573 | BS12: 35.2064 | BT12: 23.3786 | BU12: 21.3021 | BV12: 11.9819 | BW12: 23.7076 | BX12: 28.687 | BY12: 22.7026 | BZ12: 27.1847 | CA12: 21.2695 | CB12: 31.6693 | CC12: 34.3092 | CD12: 37.0824 | CE12: 10.3638 | CF12: 31.894 | CG12: 26.5344 | CH12: 27.0611 | CI12: 24.4702 | CJ12: 33.0227 | CK12: 23.2767 | CL12: 10.0856 | CM12: 25.6459 | CN12: 33.6101 | CO12: 24.4421 | CP12: 32.1191 | CQ12: 25.9331 | CR12: 32.2815 | CS12: 33.5334 | CT12: 15.3862 | CU12: 26.5168 | CV12: 25.5636 | CW12: 18.9795 | CX12: 26.9418 | CY12: 29.8171 | CZ12: 27.8418 | DA12: 22.5184 | DB12: 29.7542 | DC12: 24.2259 | DD12: 25.7372 | DE12: 29.9521 | DF12: 26.5615 | DG12: 36.7097 | DH12: 22.8921 | DI12: 16.4162 | DJ12: 10 | DK12: 30.2008 | DL12: 22.7284 | DM12: 27.3738 | DN12: 28.1231 | DO12: 16.9099 | DP12: 24.0651 | DQ12: 28.71 | DR12: 19.9012 | DS12: 37.3287 | DT12: 29.955 | DU12: 10.6593 | DV12: 30.7359 | DW12: 22.7213 | DX12: 23.8468 | DY12: 23.2617 | DZ12: 21.7477 | EA12: 25.6763 | EB12: 25.396 | EC12: 35.9324 | ED12: 31.687 | EE12: 17.0105 | EF12: 23.5947 | EG12: 30.5576 | EH12: 28.0416 | EI12: 28.7332 | EJ12: 31.4947 | EK12: 23.7392 | EL12: 24.9739 | EM12: 36.2589 | EN12: 26.0433 | EO12: 11.9942 | EP12: 34.2224 | EQ12: 22.2193 | ER12: 11.9716 | ES12: 10.783 | ET12: 29.018 | EU12: 31.7356 | EV12: 19.6015 | EW12: 28.7673 | EX12: 30.1775 | EY12: 31.0238 | EZ12: 34.9776 | FA12: 19.3461 | FB12: 16.6232 | FC12: 31.4184 | FD12: 21.9825 | FE12: 10 | FF12: 26.9677 | FG12: 35.4211 | FH12: 25.1843 | FI12: 25.7166 | FJ12: 32.493 | FK12: 27.2775 | FL12: 31.224 | FM12: 32.4011 | FN12: 18.4222 | FO12: 29.1447 | FP12: 21.1948 | FQ12: 30.1333 | FR12: 24.3663 | FS12: 17.5012 | FT12: 35.2722 | FU12: 38.8574 | FV12: 11.7562 | FW12: 30.4325 | FX12: 17.4509 | FY12: 10.5002 | FZ12: 21.1663 | GA12: 34.3747 | GB12: 24.2139 | GC12: 32.4415 | GD12: 30.6056 | GE12: 10 | GF12: 24.4127 | GG12: 17.9111 | GH12: 17.9351 | GI12: 22.1615 | GJ12: 18.0687 | GK12: 28.1571 | GL12: 10.7276 | GM12: 10 | GN12: 10.2343 | GO12: 22.0601 | GP12: 26.0712 | GQ12: 21.5238 | GR12: 30.9981 | GS12: 30.5185 | GT12: 37.2057 | GU12: 20.9015 | GV12: 24.9336 | GW12: 26.7714 | GX12: 25.2985 | GY12: 34.6901 | GZ12: 10 | HA12: 20.1515 | HB12: 27.1449 | HC12: 19.869 | HD12: 26.5173 | HE12: 31.1989 | HF12: 32.3806 | HG12: 23.4592 | HH12: 36.5771 | HI12: 29.958 | HJ12: 24.6444 | HK12: 31.9721 | HL12: 10.0801 | HM12: 31.3083 | HN12: 19.6143 | HO12: 26.7267 | HP12: 30.3239 | HQ12: 21.5597 | HR12: 27.2545 | HS12: 28.1724 | HT12: 29.5597 | HU12: 30.1576 | HV12: 25.6396 | HW12: 28.6395 | HX12: 22.3885 | HY12: 35.5179 | HZ12: 27.7429 | IA12: 35.8863 | IB12: 11.4457 | IC12: 27.2011 | ID12: 28.6941 | IE12: 25.9892 | IF12: 31.1753 | IG12: 29.693 | IH12: 36.7097 | II12: 10.6922 | IJ12: 22.9076 | IK12: 27.4318 | IL12: 28.2884 | IM12: 25.0216 | IN12: 12.2475 | IO12: 26.3726 | IP12: 22.6119 | IQ12: 26.9332 | IR12: 25.0357 | IS12: 32.2011 | IT12: 10.8293 | IU12: 22.2254 | IV12: 29.7811 | IW12: 25.9667 | IX12: 25.9529 | IY12: 18.3542 | IZ12: 23.1753 | JA12: 27.4997 | JB12: 18.1276 | JC12: 19.6506 | JD12: 24.9263 | JE12: 25.134405 | JF12: 6585.2141
A13: 12 | B13: 5.5 | C13: 17.258 | D13: 33.9234 | E13: 22.7827 | F13: 20.0237 | G13: 25.9873 | H13: 33.5091 | I13: 24.901 | J13: 12.6562 | K13: 22.387 | L13: 34.4636 | M13: 34.9614 | N13: 29.5041 | O13: 11.5891 | P13: 14.5238 | Q13: 36.6264 | R13: 24.0503 | S13: 20.5638 | T13: 13.3555 | U13: 16.1339 | V13: 29.5799 | W13: 28.55 | X13: 34.1359 | Y13: 26.0268 | Z13: 43.7425 | AA13: 32.4568 | AB13: 11.0641 | AC13: 31.4029 | AD13: 23.3615 | AE13: 31.8449 | AF13: 27.1049 | AG13: 38.1324 | AH13: 35.9789 | AI13: 20.7213 | AJ13: 24.1128 | AK13: 33.5467 | AL13: 32.4123 | AM13: 37.1308 | AN13: 26.5488 | AO13: 14.4623 | AP13: 24.0604 | AQ13: 29.6469 | AR13: 32.9736 | AS13: 27.5305 | AT13: 35.6795 | AU13: 32.1517 | AV13: 25.5837 | AW13: 17.7592 | AX13: 28.1793 | AY13: 40.4513 | AZ13: 31.5726 | BA13: 23.9041 | BB13: 30.559 | BC13: 36.5963 | BD13: 31.8451 | BE13: 28.1368 | BF13: 34.0223 | BG13: 33.4541 | BH13: 12.2191 | BI13: 36.6628 | BJ13: 33.645 | BK13: 23.8669 | BL13: 31.3885 | BM13: 22.3777 | BN13: 17.2901 | BO13: 20.307 | BP13: 21.7248 | BQ13: 29.4764 | BR13: 33.5853 | BS13: 38.7958 | BT13: 27.5855 | BU13: 25.1722 | BV13: 13.4286 | BW13: 26.4878 | BX13: 33.1874 | BY13: 25.5843 | BZ13: 28.0989 | CA13: 21.3916 | CB13: 33.471 | CC13: 38.9774 | CD13: 41.7281 | CE13: 11.6966 | CF13: 36.4493 | CG13: 30.574 | CH13: 29.2145 | CI13: 25.6015 | CJ13: 36.8412 | CK13: 26.4553 | CL13: 11.2482 | CM13: 27.6413 | CN13: 36.2072 | CO13: 26.8184 | CP13: 36.445 | CQ13: 30.5562 | CR13: 34.3008 | CS13: 37.0008 | CT13: 18.8079 | CU13: 28.5757 | CV13: 26.523 | CW13: 22.2435 | CX13: 30.2106 | CY13: 34.5871 | CZ13: 31.6957 | DA13: 26.8955 | DB13: 34.4677 | DC13: 25.0786 | DD13: 27.2819 | DE13: 33.3343 | DF13: 29.5412 | DG13: 41.3216 | DH13: 24.4277 | DI13: 17.5955 | DJ13: 10 | DK13: 32.5001 | DL13: 24.386 | DM13: 30.7763 | DN13: 31.4662 | DO13: 17.3582 | DP13: 28.677 | DQ13: 30.0315 | DR13: 21.7643 | DS13: 41.997 | DT13: 31.3667 | DU13: 15.0355 | DV13: 34.3942 | DW13: 23.6605 | DX13: 26.5273 | DY13: 27.3351 | DZ13: 23.0286 | EA13: 27.8397 | EB13: 28.1006 | EC13: 38.018 | ED13: 35.5201 | EE13: 17.0376 | EF13: 26.5416 | EG13: 33.8555 | EH13: 31.4232 | EI13: 30.1347 | EJ13: 35.6486 | EK13: 27.5929 | EL13: 28.2174 | EM13: 39.602 | EN13: 28.1152 | EO13: 16.5722 | EP13: 38.8794 | EQ13: 23.0431 | ER13: 14.7347 | ES13: 13.5007 | ET13: 32.3159 | EU13: 36.4942 | EV13: 24.1569 | EW13: 32.1065 | EX13: 34.8796 | EY13: 33.3386 | EZ13: 37.5903 | FA13: 19.4535 | FB13: 19.9437 | FC13: 33.617 | FD13: 22.0798 | FE13: 14.4127 | FF13: 28.9405 | FG13: 38.0761 | FH13: 27.831 | FI13: 26.5482 | FJ13: 34.8102 | FK13: 27.8803 | FL13: 33.0664 | FM13: 33.5312 | FN13: 19.332 | FO13: 30.4887 | FP13: 22.2476 | FQ13: 32.8364 | FR13: 28.727 | FS13: 20.8781 | FT13: 36.684 | FU13: 42.4376 | FV13: 14.0573 | FW13: 34.5042 | FX13: 17.1168 | FY13: 13.7868 | FZ13: 22.1912 | GA13: 38.5046 | GB13: 27.7786 | GC13: 37.0421 | GD13: 34.0562 | GE13: 10 | GF13: 26.5536 | GG13: 19.2736 | GH13: 17.54 | GI13: 26.841 | GJ13: 21.6727 | GK13: 31.1462 | GL13: 13.3968 | GM13: 13.2866 | GN13: 13.4983 | GO13: 22.709 | GP13: 28.9186 | GQ13: 24.0913 | GR13: 32.6318 | GS13: 33.1046 | GT13: 41.8627 | GU13: 24.1769 | GV13: 28.9183 | GW13: 29.5717 | GX13: 29.671 | GY13: 36.6628 | GZ13: 13.0583 | HA13: 20.1908 | HB13: 31.5862 | HC13: 22.6724 | HD13: 27.8986 | HE13: 33.9133 | HF13: 34.1418 | HG13: 26.3255 | HH13: 39.7965 | HI13: 34.6489 | HJ13: 29.2901 | HK13: 33.9033 | HL13: 13.2615 | HM13: 35.3931 | HN13: 20.7908 | HO13: 30.5053 | HP13: 34.7693 | HQ13: 21.6751 | HR13: 30.4645 | HS13: 29.9559 | HT13: 34.2054 | HU13: 33.3003 | HV13: 29.0133 | HW13: 32.6104 | HX13: 25.2908 | HY13: 39.82 | HZ13: 27.7795 | IA13: 39.1955 | IB13: 16.2382 | IC13: 31.4539 | ID13: 30.1736 | IE13: 28.9063 | IF13: 35.742 | IG13: 34.3387 | IH13: 41.3216 | II13: 10.4789 | IJ13: 24.5452 | IK13: 27.8773 | IL13: 31.5411 | IM13: 26.6572 | IN13: 14.2428 | IO13: 30.3896 | IP13: 23.6265 | IQ13: 27.4957 | IR13: 29.6249 | IS13: 35.2545 | IT13: 13.4635 | IU13: 24.8639 | IV13: 32.1644 | IW13: 29.0121 | IX13: 27.9256 | IY13: 21.2066 | IZ13: 27.1559 | JA13: 31.4179 | JB13: 22.1477 | JC13: 22.7806 | JD13: 26.3188 | JE13: 27.784296 | JF13: 7279.4856
... A49: 48 | B49: 23.5 | C49: 23.7693 | D49: 49.097 | E49: 41.3344 | F49: 10 | G49: 10 | H49: 60.7317 | I49: 73.7811 | J49: 45.0466 | K49: 45.8612 | L49: 91.9633 | M49: 10 | N49: 92.5833 | O49: 51.5335 | P49: 57.7021 | Q49: 65.0985 | R49: 13.4133 | S49: 72.6305 | T49: 46.2568 | U49: 53.3552 | V49: 25.8375 | W49: 89.1051 | X49: 10 | Y49: 26.0842 | Z49: 94.7678 | AA49: 88.9672 | AB49: 10 | AC49: 10 | AD49: 26.6198 | AE49: 22.7135 | AF49: 25.3713 | AG49: 95.3555 | AH49: 96.3469 | AI49: 10 | AJ49: 60.8927 | AK49: 33.5474 | AL49: 52.6103 | AM49: 38.1469 | AN49: 73.1899 | AO49: 10 | AP49: 35.5664 | AQ49: 84.0368 | AR49: 52.9559 | AS49: 19.4567 | AT49: 58.8493 | AU49: 40.7491 | AV49: 64.3591 | AW49: 34.875 | AX49: 88.7399 | AY49: 95.1261 | AZ49: 50.2674 | BA49: 72.978 | BB49: 50.2746 | BC49: 10 | BD49: 10 | BE49: 21.7743 | BF49: 33.5933 | BG49: 79.9836 | BH49: 62.4112 | BI49: 67.9167 | BJ49: 45.9941 | BK49: 83.1219 | BL49: 11.6868 | BM49: 10 | BN49: 10 | BO49: 14.8359 | BP49: 73.359 | BQ49: 38.0596 | BR49: 91.8606 | BS49: 59.2389 | BT49: 90.6878 | BU49: 10 | BV49: 29.8839 | BW49: 84.6071 | BX49: 10 | BY49: 36.2158 | BZ49: 75.8042 | CA49: 58.7155 | CB49: 31.3832 | CC49: 49.2737 | CD49: 62.7384 | CE49: 85.4877 | CF49: 31.9508 | CG49: 88.2576 | CH49: 77.7894 | CI49: 25.1462 | CJ49: 91.5894 | CK49: 10 | CL49: 10 | CM49: 66.6426 | CN49: 57.0065 | CO49: 87.8458 | CP49: 69.6308 | CQ49: 10 | CR49: 56.615 | CS49: 43.9113 | CT49: 49.7141 | CU49: 87.1263 | CV49: 70.6407 | CW49: 21.1733 | CX49: 88.2997 | CY49: 59.9791 | CZ49: 33.6442 | DA49: 57.6398 | DB49: 42.6016 | DC49: 69.5756 | DD49: 26.2541 | DE49: 90.3945 | DF49: 67.6373 | DG49: 41.282 | DH49: 54.8285 | DI49: 10 | DJ49: 50.9088 | DK49: 61.3446 | DL49: 84.6407 | DM49: 73.8522 | DN49: 30.9675 | DO49: 10 | DP49: 15.5691 | DQ49: 72.006 | DR49: 61.8092 | DS49: 46.6951 | DT49: 87.5788 | DU49: 17.4446 | DV49: 66.1712 | DW49: 56.7919 | DX49: 78.7629 | DY49: 47.725 | DZ49: 49.7864 | EA49: 66.7646 | EB49: 60.8101 | EC49: 88.1314 | ED49: 65.0542 | EE49: 10 | EF49: 49.6607 | EG49: 73.9528 | EH49: 66.5823 | EI49: 74.8801 | EJ49: 56.3214 | EK49: 80.1047 | EL49: 83.1069 | EM49: 94.7467 | EN49: 49.2145 | EO49: 61.0359 | EP49: 10 | EQ49: 73.1665 | ER49: 52.4065 | ES49: 30.8895 | ET49: 55.8717 | EU49: 65.8584 | EV49: 10 | EW49: 39.6277 | EX49: 50.626 | EY49: 65.7343 | EZ49: 42.1894 | FA49: 33.2615 | FB49: 38.4772 | FC49: 68.831 | FD49: 84.706 | FE49: 10 | FF49: 78.5832 | FG49: 85.7546 | FH49: 27.7752 | FI49: 89.9325 | FJ49: 33.9176 | FK49: 57.3194 | FL49: 54.9794 | FM49: 10 | FN49: 43.8776 | FO49: 10 | FP49: 51.1657 | FQ49: 30.1982 | FR49: 86.2899 | FS49: 10 | FT49: 59.8327 | FU49: 44.5469 | FV49: 66.9632 | FW49: 54.997 | FX49: 58.9197 | FY49: 21.94 | FZ49: 55.3161 | GA49: 66.4499 | GB49: 57.2131 | GC49: 74.58 | GD49: 81.5298 | GE49: 40.8954 | GF49: 77.4516 | GG49: 10 | GH49: 67.9055 | GI49: 53.5723 | GJ49: 86.6449 | GK49: 53.7783 | GL49: 10 | GM49: 32.3135 | GN49: 10 | GO49: 47.6161 | GP49: 50.1846 | GQ49: 71.9944 | GR49: 44.4213 | GS49: 89.7683 | GT49: 93.5291 | GU49: 60.2428 | GV49: 64.7659 | GW49: 54.0844 | GX49: 65.9363 | GY49: 34.7035 | GZ49: 21.0116 | HA49: 23.2824 | HB49: 52.0389 | HC49: 66.9141 | HD49: 27.0274 | HE49: 46.9785 | HF49: 46.136 | HG49: 35.7774 | HH49: 94.2661 | HI49: 62.455 | HJ49: 25.9544 | HK49: 39.9463 | HL49: 51.2918 | HM49: 66.0928 | HN49: 60.5242 | HO49: 64.2236 | HP49: 55.0864 | HQ49: 24.299 | HR49: 81.1599 | HS49: 10 | HT49: 55.3323 | HU49: 65.6138 | HV49: 87.2659 | HW49: 51.9487 | HX49: 10 | HY49: 51.2429 | HZ49: 73.5402 | IA49: 68.3157 | IB49: 10 | IC49: 56.9216 | ID49: 29.1732 | IE49: 48.9205 | IF49: 43.3565 | IG49: 86.5598 | IH49: 62.3228 | II49: 10 | IJ49: 47.441 | IK49: 80.0709 | IL49: 45.4389 | IM49: 15.1013 | IN49: 20.7905 | IO49: 10 | IP49: 59.1357 | IQ49: 43.3926 | IR49: 93.345 | IS49: 75.7714 | IT49: 91.0573 | IU49: 75.586 | IV49: 55.7127 | IW49: 63.4215 | IX49: 10 | IY49: 81.7175 | IZ49: 29.6494 | JA49: 79.352 | JB49: 60.5492 | JC49: 67.7977 | JD49: 80.908 | JE49: 51.583709 | JF49: 13514.932

Sheet Demand_kW
A1: period | B1: hour | C1: BES_TR6_one38_B | D1: BES_TR6_one242_B | E1: BES_TR6_one252_C | F1: BES_TR6_one260_C | G1: BES_TR6_one280_A | H1: BES_TR6_one287_B | I1: BES_TR6_one299_B | J1: BES_TR6_one313_A | K1: BES_TR6_one320_B | L1: BES_TR6_one346_C | M1: BES_TR6_one416_C | N1: BES_TR6_one446_B | O1: BES_TR6_one477_A | P1: BES_TR6_one480_A | Q1: BES_TR6_one482_B | R1: BES_TR6_one521_C | S1: BES_TR6_one537_A | T1: BES_TR6_one559_C | U1: BES_TR6_one570_B | V1: BES_TR6_one590_A | W1: BES_TR6_one605_A | X1: BES_TR6_one614_B | Y1: BES_TR6_one73_A | Z1: BES_TR6_one76_A | AA1: BES_TR6_one137_A | AB1: BES_TR6_one176_A | AC1: BES_TR6_four149_B | AD1: BES_TR6_four163_C | AE1: BES_TR6_four171_A | AF1: BES_TR6_four184_B | AG1: BES_TR6_four200_A | AH1: BES_TR6_four239_A | AI1: BES_TR6_four259_B | AJ1: BES_TR6_four288_B | AK1: BES_TR6_four289_B | AL1: BES_TR6_four301_C | AM1: BES_TR6_four317_B | AN1: BES_TR6_four354_B | AO1: BES_TR6_four358_C | AP1: BES_TR6_four65_B | AQ1: BES_TR6_four384_B | AR1: BES_TR6_four385_A | AS1: BES_TR6_four396_B | AT1: BES_TR6_four423_C | AU1: BES_TR6_four446_B | AV1: BES_TR6_four451_C | AW1: BES_TR6_four466_C | AX1: BES_TR6_four558_C | AY1: BES_TR6_four70_B | AZ1: BES_TR6_four573_A | BA1: BES_TR6_four664_A | BB1: BES_TR6_four675_C | BC1: BES_TR6_four710_C | BD1: BES_TR6_four727_B | BE1: BES_TR6_four732_B | BF1: BES_TR6_four818_B | BG1: BES_TR6_four821_A | BH1: BES_TR6_four832_A | BI1: BES_TR6_four840_A | BJ1: BES_TR6_four957_A | BK1: BES_TR6_four978_A | BL1: BES_TR6_four988_A | BM1: BES_TR6_four1013_B | BN1: BES_TR6_four1027_A | BO1: BES_TR6_four1063_C | BP1: BES_TR6_four1103_C | BQ1: BES_TR6_four1140_A | BR1: BES_TR6_four1152_B | BS1: BES_TR6_four1220_C | BT1: BES_TR6_five147_dup_C | BU1: BES_TR6_five149_A | BV1: BES_TR6_five168_A | BW1: BES_TR6_five170_A | BX1: BES_TR6_five170_dup_A | BY1: BES_TR6_five186_C | BZ1: BES_TR6_five186_dup_C | CA1: BES_TR6_five194_C | CB1: BES_TR6_five199_dup_C | CC1: BES_TR6_five67_C | CD1: BES_TR6_five67_dup_C | CE1: BES_TR6_five223_A | CF1: BES_TR6_five223_dup_A | CG1: BES_TR6_five242_dup_A | CH1: BES_TR6_five243_B | CI1: BES_TR6_five243_dup_B | CJ1: BES_TR6_five284_C | CK1: BES_TR6_five284_dup_C | CL1: BES_TR6_five285_B | CM1: BES_TR6_five285_dup_B | CN1: BES_TR6_five303_B | CO1: BES_TR6_five78_A | CP1: BES_TR6_five78_dup_A | CQ1: BES_TR6_five394_C | CR1: BES_TR6_five394_dup_C | CS1: BES_TR6_five421_A | CT1: BES_TR6_five445_dup_C | CU1: BES_TR6_five457_B | CV1: BES_TR6_five494_B | CW1: BES_TR6_five499_B | CX1: BES_TR6_five92_dup_A | CY1: BES_TR6_five512_dup_A | CZ1: BES_TR6_five513_B | DA1: BES_TR6_five513_dup_B | DB1: BES_TR6_five520_C | DC1: BES_TR6_five520_dup_C | DD1: BES_TR6_five537_C | DE1: BES_TR6_five537_dup_C | DF1: BES_TR6_five551_C | DG1: BES_TR6_five585_A | DH1: BES_TR6_five588_dup_A | DI1: BES_TR6_five108_dup_B | DJ1: BES_TR6_five649_A | DK1: BES_TR6_five663_C | DL1: BES_TR6_five663_dup_C | DM1: BES_TR6_five670_dup_C | DN1: BES_TR6_five704_A | DO1: BES_TR6_five733_C | DP1: BES_TR6_five735_A | DQ1: BES_TR6_five735_dup_A | DR1: BES_TR6_five748_B | DS1: BES_TR6_five117_dup_B | DT1: BES_TR6_five750_B | DU1: BES_TR6_five778_dup_B | DV1: BES_TR6_five793_A | DW1: BES_TR6_five881_C | DX1: BES_TR6_five905_B | DY1: BES_TR6_five118_B | DZ1: BES_TR6_five118_dup_B | EA1: BES_TR6_five123_B | EB1: BES_TR6_five123_dup_B | EC1: BES_TR6_five129_C | ED1: BES_TR6_six64_A | EE1: BES_TR6_six64_dup_A | EF1: BES_TR6_six154_dup_C | EG1: BES_TR6_six154_tri_C | EH1: BES_TR6_six173_C | EI1: BES_TR6_six173_dup_C | EJ1: BES_TR6_six191_B | EK1: BES_TR6_six191_dup_B | EL1: BES_TR6_six203_A | EM1: BES_TR6_six203_dup_A | EN1: BES_TR6_six203_tri_A | EO1: BES_TR6_six232_C | EP1: BES_TR6_six238_A | EQ1: BES_TR6_six238_tri_A | ER1: BES_TR6_six249_dup_B | ES1: BES_TR6_six269_tri_C | ET1: BES_TR6_six68_C | EU1: BES_TR6_six68_dup_C | EV1: BES_TR6_six68_tri_C | EW1: BES_TR6_six289_C | EX1: BES_TR6_six289_tri_C | EY1: BES_TR6_six317_dup_C | EZ1: BES_TR6_six317_tri_C | FA1: BES_TR6_six326_tri_A | FB1: BES_TR6_six329_A | FC1: BES_TR6_six329_tri_A | FD1: BES_TR6_six342_A | FE1: BES_TR6_six349_dup_A | FF1: BES_TR6_six349_tri_A | FG1: BES_TR6_six350_dup_B | FH1: BES_TR6_six350_tri_B | FI1: BES_TR6_six362_tri_C | FJ1: BES_TR6_six365_tri_C | FK1: BES_TR6_six378_dup_A | FL1: BES_TR6_six378_tri_A | FM1: BES_TR6_six75_tri_A | FN1: BES_TR6_six385_B | FO1: BES_TR6_six385_tri_B | FP1: BES_TR6_six387_dup_A | FQ1: BES_TR6_six392_C | FR1: BES_TR6_six410_tri_A | FS1: BES_TR6_six431_dup_C | FT1: BES_TR6_six431_tri_C | FU1: BES_TR6_six441_dup_A | FV1: BES_TR6_six441_tri_A | FW1: BES_TR6_six484_dup_B | FX1: BES_TR6_six501_dup_A | FY1: BES_TR6_six512_dup_B | FZ1: BES_TR6_six512_tri_B | GA1: BES_TR6_six82_A | GB1: BES_TR6_six82_dup_A | GC1: BES_TR6_six523_dup_C | GD1: BES_TR6_six571_C | GE1: BES_TR6_six571_tri_C | GF1: BES_TR6_six583_dup_A | GG1: BES_TR6_six591_C | GH1: BES_TR6_six591_dup_C | GI1: BES_TR6_six595_tri_B | GJ1: BES_TR6_six625_A | GK1: BES_TR6_six643_A | GL1: BES_TR6_six646_B | GM1: BES_TR6_six646_dup_B | GN1: BES_TR6_six651_dup_C | GO1: BES_TR6_six651_tri_C | GP1: BES_TR6_six87_dup_A | GQ1: BES_TR6_six652_dup_A | GR1: BES_TR6_six652_tri_A | GS1: BES_TR6_six665_tri_B | GT1: BES_TR6_six667_A | GU1: BES_TR6_six667_tri_A | GV1: BES_TR6_six699_C | GW1: BES_TR6_six699_dup_C | GX1: BES_TR6_six699_tri_C | GY1: BES_TR6_six721_A | GZ1: BES_TR6_six723_B | HA1: BES_TR6_six723_dup_B | HB1: BES_TR6_six740_A | HC1: BES_TR6_six740_dup_A | HD1: BES_TR6_six740_tri_A | HE1: BES_TR6_six758_B | HF1: BES_TR6_six758_dup_B | HG1: BES_TR6_six784_dup_B | HH1: BES_TR6_six784_tri_B | HI1: BES_TR6_six90_B | HJ1: BES_TR6_six90_dup_B | HK1: BES_TR6_six799_tri_B | HL1: BES_TR6_six801_C | HM1: BES_TR6_six801_dup_C | HN1: BES_TR6_six801_tri_C | HO1: BES_TR6_six807_A | HP1: BES_TR6_six844_C | HQ1: BES_TR6_six844_dup_C | HR1: BES_TR6_six844_tri_C | HS1: BES_TR6_six852_B | HT1: BES_TR6_six860_C | HU1: BES_TR6_six860_dup_C | HV1: BES_TR6_six869_C | HW1: BES_TR6_six869_tri_C | HX1: BES_TR6_six885_A | HY1: BES_TR6_six885_tri_A | HZ1: BES_TR6_six894_B | IA1: BES_TR6_six894_tri_B | IB1: BES_TR6_six105_dup_A | IC1: BES_TR6_six105_tri_A | ID1: BES_TR6_six914_A | IE1: BES_TR6_six914_tri_A | IF1: BES_TR6_six921_B | IG1: BES_TR6_six929_tri_A | IH1: BES_TR6_six938_dup_A | II1: BES_TR6_six938_tri_A | IJ1: BES_TR6_six945_dup_C | IK1: BES_TR6_six952_A | IL1: BES_TR6_six952_dup_A | IM1: BES_TR6_six967_B | IN1: BES_TR6_six967_tri_B | IO1: BES_TR6_six974_dup_C | IP1: BES_TR6_six974_tri_C | IQ1: BES_TR6_six979_A | IR1: BES_TR6_six990_B | IS1: BES_TR6_six990_dup_B | IT1: BES_TR6_six990_tri_B | IU1: BES_TR6_six111_dup_C | IV1: BES_TR6_six111_tri_C | IW1: BES_TR6_six1006_C | IX1: BES_TR6_six1006_dup_C | IY1: BES_TR6_six1020_A | IZ1: BES_TR6_six1020_dup_A | JA1: BES_TR6_six1020_tri_A | JB1: BES_TR6_six1025_B | JC1: BES_TR6_six1064_C | JD1: BES_TR6_six1064_tri_C | JE1: fleet_average | JF1: fleet_total
A2: 1 | B2: 0 | C2: 0.49339267 | D2: 0.11365 | E2: 0.058 | F2: 0.13466867 | G2: 0.2333887 | H2: 0.30807067 | I2: 0.20169433 | J2: 0.103459 | K2: 0.243446 | L2: 0.05 | M2: 0.051 | N2: 0.31446 | O2: 1.144419 | P2: 2.281206 | Q2: 0.10761367 | R2: 0.18981267 | S2: 0.45293 | T2: 0.38070367 | U2: 0.928756 | V2: 0.043 | W2: 0.14014 | X2: 0.11376533 | Y2: 0.173205 | Z2: 0.035 | AA2: 0.061986667 | AB2: 0.50308267 | AC2: 0.046 | AD2: 0.234408 | AE2: 0.052 | AF2: 0.10802733 | AG2: 0.053 | AH2: 0.15914667 | AI2: 0.67399933 | AJ2: 0.14735667 | AK2: 0.212752 | AL2: 0.070283 | AM2: 0.062816 | AN2: 0.499961 | AO2: 0.068618667 | AP2: 0.208797 | AQ2: 0.117425 | AR2: 0.097048 | AS2: 0.11716367 | AT2: 0.098046667 | AU2: 0.054 | AV2: 0.227758 | AW2: 0.047 | AX2: 0.049 | AY2: 0.054624333 | AZ2: 0.043 | BA2: 0.080822 | BB2: 0.15037667 | BC2: 0.15486 | BD2: 0.15008867 | BE2: 0.13188267 | BF2: 0.15895567 | BG2: 0.16558 | BH2: 0.53012433 | BI2: 0.056 | BJ2: 0.12701233 | BK2: 0.131744 | BL2: 0.21361733 | BM2: 0.17282133 | BN2: 0.26138 | BO2: 0.18330067 | BP2: 0.61305767 | BQ2: 0.10909333 | BR2: 0.094426667 | BS2: 0.031 | BT2: 0.220962 | BU2: 0.37828833 | BV2: 0.353135 | BW2: 0.22875467 | BX2: 0.12977033 | BY2: 0.378376 | BZ2: 0.107072 | CA2: 0.21987567 | CB2: 0.12881 | CC2: 0.048 | CD2: 0.05 | CE2: 2.4385167 | CF2: 0.095141333 | CG2: 0.046 | CH2: 0.04 | CI2: 0.52231033 | CJ2: 0.13306133 | CK2: 0.196642 | CL2: 0.65491333 | CM2: 0.24512833 | CN2: 0.116048 | CO2: 0.059 | CP2: 0.39145467 | CQ2: 0.52604 | CR2: 0.053 | CS2: 0.36509733 | CT2: 0.042 | CU2: 0.13356833 | CV2: 0.056 | CW2: 0.55286467 | CX2: 0.226871 | CY2: 0.11904667 | CZ2: 0.047 | DA2: 0.40058767 | DB2: 0.126412 | DC2: 0.16939 | DD2: 0.12333067 | DE2: 0.089822333 | DF2: 0.18429467 | DG2: 0.053 | DH2: 0.13783633 | DI2: 0.28485467 | DJ2: 1.791776 | DK2: 0.16842333 | DL2: 0.061584667 | DM2: 0.36297033 | DN2: 0.101513 | DO2: 0.425566 | DP2: 0.22558267 | DQ2: 0.16771533 | DR2: 0.75989333 | DS2: 0.048 | DT2: 0.048 | DU2: 0.80691233 | DV2: 0.073449 | DW2: 0.20597333 | DX2: 0.17581067 | DY2: 0.16150667 | DZ2: 0.15888033 | EA2: 0.20530233 | EB2: 0.11949867 | EC2: 0.046 | ED2: 0.055427333 | EE2: 0.67774833 | EF2: 0.119068 | EG2: 0.138642 | EH2: 0.10786667 | EI2: 0.19029333 | EJ2: 0.052 | EK2: 0.094357333 | EL2: 0.21742667 | EM2: 0.05 | EN2: 0.05 | EO2: 0.40984133 | EP2: 0.049 | EQ2: 0.184908 | ER2: 1.565217 | ES2: 1.4919313 | ET2: 0.054 | EU2: 0.04 | EV2: 0.058 | EW2: 0.25708 | EX2: 0.086458 | EY2: 0.12435367 | EZ2: 0.057 | FA2: 0.281617 | FB2: 0.58821 | FC2: 0.036 | FD2: 0.20918333 | FE2: 0.708509 | FF2: 0.21135667 | FG2: 0.042 | FH2: 0.054 | FI2: 0.21375733 | FJ2: 0.053 | FK2: 0.058 | FL2: 0.049 | FM2: 0.05 | FN2: 0.21531667 | FO2: 0.15616267 | FP2: 0.19210933 | FQ2: 0.14394667 | FR2: 0.17833867 | FS2: 0.61022667 | FT2: 0.048 | FU2: 0.029 | FV2: 0.36720933 | FW2: 0.062432333 | FX2: 0.159502 | FY2: 0.901374 | FZ2: 0.313432 | GA2: 0.038 | GB2: 0.090446 | GC2: 0.12948267 | GD2: 0.116593 | GE2: 0.593688 | GF2: 0.21100867 | GG2: 0.14500933 | GH2: 0.15603567 | GI2: 0.3543974 | GJ2: 0.70558933 | GK2: 0.05 | GL2: 1.0705013 | GM2: 0.151595 | GN2: 1.0279193 | GO2: 0.27275467 | GP2: 0.046 | GQ2: 0.061 | GR2: 0.086024 | GS2: 0.20146367 | GT2: 0.049 | GU2: 0.287695 | GV2: 0.045 | GW2: 0.055 | GX2: 0.164195 | GY2: 0.056 | GZ2: 0.96171667 | HA2: 0.18965467 | HB2: 0.046 | HC2: 0.046 | HD2: 0.380458 | HE2: 0.048 | HF2: 0.052 | HG2: 0.33975267 | HH2: 0.033 | HI2: 0.046 | HJ2: 0.15770833 | HK2: 0.054 | HL2: 0.59939467 | HM2: 0.071858667 | HN2: 0.14442867 | HO2: 0.165051 | HP2: 0.13142 | HQ2: 0.14851067 | HR2: 0.048 | HS2: 0.14905333 | HT2: 0.147818 | HU2: 0.10956733 | HV2: 0.081002667 | HW2: 0.054 | HX2: 0.06 | HY2: 0.041 | HZ2: 0.052 | IA2: 0.053 | IB2: 0.055018667 | IC2: 0.043 | ID2: 0.14893333 | IE2: 0.078668333 | IF2: 0.13787567 | IG2: 0.63887067 | IH2: 0.053 | II2: 1.5069633 | IJ2: 0.68291433 | IK2: 0.101992 | IL2: 0.058 | IM2: 0.13304733 | IN2: 0.1681626 | IO2: 0.20673733 | IP2: 0.36969767 | IQ2: 0.20057467 | IR2: 0.24255333 | IS2: 0.12378867 | IT2: 0.57461 | IU2: 0.33791467 | IV2: 0.083972 | IW2: 0.12887533 | IX2: 0.23157467 | IY2: 0.48797967 | IZ2: 0.31165067 | JA2: 0.095984 | JB2: 0.186814 | JC2: 0.584837 | JD2: 0.060504 | JE2: 0.24250943 | JF2: 63.53747
A3: 2 | B3: 0.5 | C3: 0.550288 | D3: 0.052 | E3: 0.058 | F3: 0.25343267 | G3: 0.185212 | H3: 0.053 | I3: 0.26299233 | J3: 0.265358 | K3: 0.048 | L3: 0.094752 | M3: 0.11259 | N3: 0.465954 | O3: 0.53704667 | P3: 0.68629233 | Q3: 0.089572333 | R3: 0.156814 | S3: 0.045 | T3: 0.17057963 | U3: 0.52272333 | V3: 0.12539733 | W3: 0.205904 | X3: 0.052 | Y3: 0.136434 | Z3: 0.035 | AA3: 0.22172 | AB3: 0.27823967 | AC3: 0.13378533 | AD3: 0.14264667 | AE3: 0.052 | AF3: 0.26479267 | AG3: 0.053 | AH3: 0.12175467 | AI3: 0.122724 | AJ3: 0.047 | AK3: 0.103388 | AL3: 0.070283 | AM3: 0.039 | AN3: 0.156565 | AO3: 0.26702533 | AP3: 0.15502767 | AQ3: 0.044 | AR3: 0.11173067 | AS3: 0.40232867 | AT3: 0.053 | AU3: 0.187266 | AV3: 0.125326 | AW3: 0.24460467 | AX3: 0.238596 | AY3: 0.12630973 | AZ3: 0.22515267 | BA3: 0.26103933 | BB3: 0.10778667 | BC3: 0.05 | BD3: 0.121446 | BE3: 0.243526 | BF3: 0.051 | BG3: 0.048 | BH3: 0.72674733 | BI3: 0.056 | BJ3: 0.036 | BK3: 0.17646667 | BL3: 0.043 | BM3: 0.1488 | BN3: 0.15037333 | BO3: 0.240402 | BP3: 0.19996733 | BQ3: 0.15191333 | BR3: 0.04 | BS3: 0.12665333 | BT3: 0.05 | BU3: 0.382116 | BV3: 0.50322467 | BW3: 0.084050667 | BX3: 0.12977033 | BY3: 0.21612533 | BZ3: 0.047 | CA3: 0.10397433 | CB3: 0.053 | CC3: 0.048 | CD3: 0.05 | CE3: 0.055 | CF3: 0.10442667 | CG3: 0.167035 | CH3: 0.10873 | CI3: 0.096575667 | CJ3: 0.05 | CK3: 0.055 | CL3: 0.69319167 | CM3: 0.388283 | CN3: 0.041 | CO3: 0.29305333 | CP3: 0.047 | CQ3: 0.44666333 | CR3: 0.131294 | CS3: 0.039 | CT3: 0.126799 | CU3: 0.17195733 | CV3: 0.20087633 | CW3: 0.135042 | CX3: 0.069851 | CY3: 0.135056 | CZ3: 0.23418 | DA3: 0.091054667 | DB3: 0.126412 | DC3: 0.07295 | DD3: 0.231904 | DE3: 0.19836433 | DF3: 0.068223333 | DG3: 0.053 | DH3: 0.204777 | DI3: 0.23675967 | DJ3: 0.36969467 | DK3: 0.08418 | DL3: 0.33931733 | DM3: 0.037 | DN3: 0.160385 | DO3: 0.059 | DP3: 0.053 | DQ3: 0.056 | DR3: 0.052 | DS3: 0.048 | DT3: 0.15491333 | DU3: 0.46437267 | DV3: 0.15487767 | DW3: 0.056 | DX3: 0.127692 | DY3: 0.13958 | DZ3: 0.256494 | EA3: 0.052 | EB3: 0.053 | EC3: 0.046 | ED3: 0.1155 | EE3: 0.297479 | EF3: 0.100124 | EG3: 0.054 | EH3: 0.19720267 | EI3: 0.047 | EJ3: 0.087606 | EK3: 0.149574 | EL3: 0.18875867 | EM3: 0.05 | EN3: 0.129002 | EO3: 0.48593333 | EP3: 0.10996 | EQ3: 0.128048 | ER3: 0.058 | ES3: 0.197982 | ET3: 0.18836 | EU3: 0.095692 | EV3: 0.303148 | EW3: 0.056 | EX3: 0.15555467 | EY3: 0.102091 | EZ3: 0.057 | FA3: 0.20332 | FB3: 0.78128833 | FC3: 0.15268667 | FD3: 0.10343267 | FE3: 0.85611833 | FF3: 0.056 | FG3: 0.114984 | FH3: 0.11751 | FI3: 0.046 | FJ3: 0.120884 | FK3: 0.058 | FL3: 0.049 | FM3: 0.130604 | FN3: 0.22528933 | FO3: 0.054 | FP3: 0.17419333 | FQ3: 0.049 | FR3: 0.101252 | FS3: 0.23048233 | FT3: 0.048 | FU3: 0.029 | FV3: 0.44713533 | FW3: 0.19187233 | FX3: 0.249696 | FY3: 0.79453533 | FZ3: 0.05 | GA3: 0.038 | GB3: 0.049 | GC3: 0.082306 | GD3: 0.085218333 | GE3: 0.57246133 | GF3: 0.046 | GG3: 0.198252 | GH3: 0.29335967 | GI3: 0.29499433 | GJ3: 0.13580067 | GK3: 0.22235533 | GL3: 1.0430317 | GM3: 0.40371633 | GN3: 1.1744333 | GO3: 0.049 | GP3: 0.15884667 | GQ3: 0.061 | GR3: 0.156064 | GS3: 0.051 | GT3: 0.049 | GU3: 0.37499333 | GV3: 0.304743 | GW3: 0.126927 | GX3: 0.048 | GY3: 0.056 | GZ3: 0.55611533 | HA3: 0.261132 | HB3: 0.107152 | HC3: 0.30979867 | HD3: 0.124726 | HE3: 0.20954793 | HF3: 0.052 | HG3: 0.053 | HH3: 0.033 | HI3: 0.199406 | HJ3: 0.118728 | HK3: 0.17189567 | HL3: 0.54421533 | HM3: 0.042 | HN3: 0.22984733 | HO3: 0.047 | HP3: 0.055 | HQ3: 0.17041067 | HR3: 0.091038 | HS3: 0.13906 | HT3: 0.105896 | HU3: 0.051982333 | HV3: 0.279574 | HW3: 0.054 | HX3: 0.24276533 | HY3: 0.111968 | HZ3: 0.1186 | IA3: 0.053 | IB3: 0.31994533 | IC3: 0.043 | ID3: 0.0821 | IE3: 0.196272 | IF3: 0.079057 | IG3: 0.05 | IH3: 0.053 | II3: 0.22813467 | IJ3: 0.14865333 | IK3: 0.13355967 | IL3: 0.19982467 | IM3: 0.17259567 | IN3: 0.20219733 | IO3: 0.11349867 | IP3: 0.049 | IQ3: 0.044 | IR3: 0.32860267 | IS3: 0.035 | IT3: 0.51760333 | IU3: 0.052 | IV3: 0.150592 | IW3: 0.15343933 | IX3: 0.056 | IY3: 0.37385333 | IZ3: 0.25258933 | JA3: 0.23372533 | JB3: 0.18296573 | JC3: 0.61752167 | JD3: 0.18483467 | JE3: 0.17665719 | JF3: 46.284184
A4: 3 | B4: 1 | C4: 0.1502 | D4: 0.07666 | E4: 0.31526067 | F4: 0.114005 | G4: 0.212863 | H4: 0.121304 | I4: 0.19329467 | J4: 0.230648 | K4: 0.326621 | L4: 0.117128 | M4: 0.124908 | N4: 0.048 | O4: 0.16487867 | P4: 0.66923867 | Q4: 0.058 | R4: 0.19595133 | S4: 0.26216967 | T4: 1.1760935 | U4: 0.07554 | V4: 0.065472 | W4: 0.038 | X4: 0.121486 | Y4: 0.114285 | Z4: 0.035 | AA4: 0.054 | AB4: 0.60641167 | AC4: 0.15747933 | AD4: 0.058 | AE4: 0.16805967 | AF4: 0.021 | AG4: 0.053 | AH4: 0.043 | AI4: 0.26037167 | AJ4: 0.29743333 | AK4: 0.053 | AL4: 0.194459 | AM4: 0.039 | AN4: 0.19700133 | AO4: 0.61338333 | AP4: 0.098770667 | AQ4: 0.19085 | AR4: 0.053 | AS4: 0.097125333 | AT4: 0.10255133 | AU4: 0.083614667 | AV4: 0.03 | AW4: 0.25831467 | AX4: 0.049 | AY4: 0.063017867 | AZ4: 0.043 | BA4: 0.056 | BB4: 0.097662 | BC4: 0.05 | BD4: 0.057 | BE4: 0.053 | BF4: 0.17800667 | BG4: 0.16558 | BH4: 0.12863667 | BI4: 0.056 | BJ4: 0.10559767 | BK4: 0.23849867 | BL4: 0.043 | BM4: 0.15149133 | BN4: 0.091556 | BO4: 0.151653 | BP4: 0.047 | BQ4: 0.052 | BR4: 0.04 | BS4: 0.04788 | BT4: 0.213191 | BU4: 0.061 | BV4: 0.71047133 | BW4: 0.31917467 | BX4: 0.11222933 | BY4: 0.054 | BZ4: 0.159635 | CA4: 0.28936133 | CB4: 0.12038667 | CC4: 0.048 | CD4: 0.05 | CE4: 0.055 | CF4: 0.058 | CG4: 0.210895 | CH4: 0.16476667 | CI4: 0.13049767 | CJ4: 0.086339333 | CK4: 0.388255 | CL4: 0.47944433 | CM4: 0.26912267 | CN4: 0.116048 | CO4: 0.059 | CP4: 0.047 | CQ4: 0.052 | CR4: 0.053 | CS4: 0.039 | CT4: 0.139391 | CU4: 0.112138 | CV4: 0.152135 | CW4: 0.17999733 | CX4: 0.148361 | CY4: 0.039 | CZ4: 0.055913333 | DA4: 0.253926 | DB4: 0.044 | DC4: 0.243256 | DD4: 0.056076667 | DE4: 0.04 | DF4: 0.24379633 | DG4: 0.053 | DH4: 0.094703333 | DI4: 0.19776667 | DJ4: 0.11758667 | DK4: 0.15690867 | DL4: 0.10440867 | DM4: 0.037 | DN4: 0.05 | DO4: 0.21948667 | DP4: 0.12285 | DQ4: 0.056 | DR4: 0.15684933 | DS4: 0.048 | DT4: 0.048 | DU4: 0.43469667 | DV4: 0.056 | DW4: 0.19584267 | DX4: 0.22261467 | DY4: 0.19320133 | DZ4: 0.086711667 | EA4: 0.19836767 | EB4: 0.30609733 | EC4: 0.046 | ED4: 0.130692 | EE4: 0.13314267 | EF4: 0.19817733 | EG4: 0.10102333 | EH4: 0.12104 | EI4: 0.17726667 | EJ4: 0.13508067 | EK4: 0.19324667 | EL4: 0.049 | EM4: 0.05 | EN4: 0.19508633 | EO4: 0.58344133 | EP4: 0.049 | EQ4: 0.27532667 | ER4: 0.10128 | ES4: 0.054 | ET4: 0.054 | EU4: 0.15934 | EV4: 0.099752 | EW4: 0.056 | EX4: 0.045 | EY4: 0.052 | EZ4: 0.057 | FA4: 0.12914967 | FB4: 0.052 | FC4: 0.036 | FD4: 0.22233633 | FE4: 0.67911667 | FF4: 0.056 | FG4: 0.042 | FH4: 0.054 | FI4: 0.183256 | FJ4: 0.053 | FK4: 0.160725 | FL4: 0.14787467 | FM4: 0.05 | FN4: 0.05 | FO4: 0.054 | FP4: 0.079206667 | FQ4: 0.14394667 | FR4: 0.127852 | FS4: 0.10428233 | FT4: 0.048 | FU4: 0.029 | FV4: 0.17234133 | FW4: 0.038 | FX4: 0.20788 | FY4: 0.92955333 | FZ4: 0.272526 | GA4: 0.13859 | GB4: 0.22083133 | GC4: 0.110612 | GD4: 0.054382 | GE4: 0.56291767 | GF4: 0.31635933 | GG4: 0.171026 | GH4: 0.12120467 | GI4: 0.21381667 | GJ4: 0.14858933 | GK4: 0.05 | GL4: 0.058385667 | GM4: 0.64696 | GN4: 0.057 | GO4: 0.29732667 | GP4: 0.11931267 | GQ4: 0.133906 | GR4: 0.044 | GS4: 0.20762967 | GT4: 0.049 | GU4: 0.21574933 | GV4: 0.087915 | GW4: 0.21762367 | GX4: 0.30884133 | GY4: 0.056 | GZ4: 0.83544433 | HA4: 0.079125333 | HB4: 0.190764 | HC4: 0.057270667 | HD4: 0.048 | HE4: 0.048 | HF4: 0.052 | HG4: 0.16172467 | HH4: 0.033 | HI4: 0.046 | HJ4: 0.189166 | HK4: 0.078633 | HL4: 0.547509 | HM4: 0.042 | HN4: 0.16108033 | HO4: 0.22065 | HP4: 0.086841667 | HQ4: 0.220458 | HR4: 0.162768 | HS4: 0.083028 | HT4: 0.05 | HU4: 0.16804967 | HV4: 0.049 | HW4: 0.22923 | HX4: 0.152036 | HY4: 0.041 | HZ4: 0.16126667 | IA4: 0.053 | IB4: 0.061666667 | IC4: 0.39146567 | ID4: 0.042 | IE4: 0.13705233 | IF4: 0.057 | IG4: 0.05 | IH4: 0.053 | II4: 0.13894467 | IJ4: 0.143334 | IK4: 0.150777 | IL4: 0.076169333 | IM4: 0.10350933 | IN4: 0.054 | IO4: 0.056187333 | IP4: 0.11964333 | IQ4: 0.044 | IR4: 0.32805867 | IS4: 0.035 | IT4: 2.1447717 | IU4: 0.28904 | IV4: 0.044 | IW4: 0.15493933 | IX4: 0.16772933 | IY4: 0.20877733 | IZ4: 0.055 | JA4: 0.033 | JB4: 0.05 | JC4: 0.048144667 | JD4: 0.13482133 | JE4: 0.15792867 | JF4: 41.377312
A5: 4 | B5: 1.5 | C5: 0.200576 | D5: 0.15064 | E5: 0.058 | F5: 0.15767067 | G5: 0.055 | H5: 0.053 | I5: 0.060105333 | J5: 0.38366333 | K5: 0.15122033 | L5: 0.05 | M5: 0.051 | N5: 0.11891733 | O5: 0.11993067 | P5: 1.0274787 | Q5: 0.058 | R5: 0.06 | S5: 0.23576033 | T5: 0.272467 | U5: 0.22573767 | V5: 0.050714333 | W5: 0.11432 | X5: 0.052 | Y5: 0.143745 | Z5: 0.035 | AA5: 0.14984 | AB5: 0.28415933 | AC5: 0.051867333 | AD5: 0.12227333 | AE5: 0.132349 | AF5: 0.094128 | AG5: 0.053 | AH5: 0.043 | AI5: 0.131486 | AJ5: 0.075673333 | AK5: 0.053 | AL5: 0.047 | AM5: 0.110448 | AN5: 0.049 | AO5: 0.70570867 | AP5: 0.22894733 | AQ5: 0.076633333 | AR5: 0.15577867 | AS5: 0.052 | AT5: 0.084532667 | AU5: 0.083614667 | AV5: 0.295846 | AW5: 0.36980267 | AX5: 0.204124 | AY5: 0.051 | AZ5: 0.084398333 | BA5: 0.130466 | BB5: 0.10803133 | BC5: 0.05 | BD5: 0.20021333 | BE5: 0.18126367 | BF5: 0.051 | BG5: 0.048 | BH5: 0.152019 | BI5: 0.056 | BJ5: 0.062768333 | BK5: 0.105496 | BL5: 0.097287333 | BM5: 0.26223467 | BN5: 0.31905467 | BO5: 0.22301567 | BP5: 0.256639 | BQ5: 0.20900667 | BR5: 0.094426667 | BS5: 0.08164 | BT5: 0.057771 | BU5: 0.22489267 | BV5: 0.368758 | BW5: 0.052 | BX5: 0.10746933 | BY5: 0.054 | BZ5: 0.099563 | CA5: 0.073988333 | CB5: 0.061423333 | CC5: 0.130404 | CD5: 0.05 | CE5: 0.055 | CF5: 0.13228267 | CG5: 0.046 | CH5: 0.06291 | CI5: 0.057 | CJ5: 0.11748733 | CK5: 0.069886667 | CL5: 0.09132 | CM5: 0.054 | CN5: 0.041 | CO5: 0.20759 | CP5: 0.047 | CQ5: 0.052 | CR5: 0.053 | CS5: 0.039 | CT5: 0.35065667 | CU5: 0.081236667 | CV5: 0.101006 | CW5: 0.181166 | CX5: 0.148361 | CY5: 0.19108867 | CZ5: 0.12722 | DA5: 0.036 | DB5: 0.051492 | DC5: 0.1461 | DD5: 0.11261333 | DE5: 0.112978 | DF5: 0.055 | DG5: 0.053 | DH5: 0.159466 | DI5: 0.230163 | DJ5: 0.11001333 | DK5: 0.08418 | DL5: 0.139524 | DM5: 0.20726533 | DN5: 0.12359 | DO5: 0.31576 | DP5: 0.15326133 | DQ5: 0.16771533 | DR5: 0.124588 | DS5: 0.048 | DT5: 0.048 | DU5: 0.37254067 | DV5: 0.056 | DW5: 0.20597333 | DX5: 0.127692 | DY5: 0.15567667 | DZ5: 0.25255467 | EA5: 0.12121833 | EB5: 0.053 | EC5: 0.046 | ED5: 0.051 | EE5: 0.20341667 | EF5: 0.11211667 | EG5: 0.091618667 | EH5: 0.19626667 | EI5: 0.060026667 | EJ5: 0.052 | EK5: 0.18230667 | EL5: 0.087885333 | EM5: 0.05 | EN5: 0.104069 | EO5: 0.63846767 | EP5: 0.10996 | EQ5: 0.083524 | ER5: 0.17341333 | ES5: 0.269334 | ET5: 0.18836 | EU5: 0.04 | EV5: 0.21875 | EW5: 0.056 | EX5: 0.19701267 | EY5: 0.090959667 | EZ5: 0.057 | FA5: 0.103269 | FB5: 0.052 | FC5: 0.036 | FD5: 0.103127 | FE5: 0.44452767 | FF5: 0.056 | FG5: 0.042 | FH5: 0.068113333 | FI5: 0.076501333 | FJ5: 0.083170667 | FK5: 0.10593833 | FL5: 0.073718667 | FM5: 0.05 | FN5: 0.29074867 | FO5: 0.16402133 | FP5: 0.229409 | FQ5: 0.049 | FR5: 0.22459067 | FS5: 0.16441867 | FT5: 0.048 | FU5: 0.029 | FV5: 0.54443433 | FW5: 0.15347667 | FX5: 0.056965333 | FY5: 0.130144 | FZ5: 0.130876 | GA5: 0.038 | GB5: 0.154344 | GC5: 0.10117667 | GD5: 0.22286733 | GE5: 0.058 | GF5: 0.089423333 | GG5: 0.34821467 | GH5: 0.222234 | GI5: 0.047 | GJ5: 0.18648733 | GK5: 0.15968067 | GL5: 0.22906433 | GM5: 0.67639067 | GN5: 0.210083 | GO5: 0.098834 | GP5: 0.28791533 | GQ5: 0.061 | GR5: 0.198088 | GS5: 0.075731 | GT5: 0.049 | GU5: 0.056 | GV5: 0.051026 | GW5: 0.055 | GX5: 0.068505 | GY5: 0.056 | GZ5: 0.73619933 | HA5: 0.25947267 | HB5: 0.072518 | HC5: 0.11780067 | HD5: 0.16604 | HE5: 0.048 | HF5: 0.052 | HG5: 0.24287333 | HH5: 0.068937 | HI5: 0.157568 | HJ5: 0.13770533 | HK5: 0.082152 | HL5: 0.65628367 | HM5: 0.20622267 | HN5: 0.15299033 | HO5: 0.121536 | HP5: 0.16326167 | HQ5: 0.17685333 | HR5: 0.125886 | HS5: 0.034 | HT5: 0.05 | HU5: 0.11082 | HV5: 0.20263 | HW5: 0.054 | HX5: 0.19017333 | HY5: 0.111968 | HZ5: 0.052 | IA5: 0.053 | IB5: 0.12592467 | IC5: 0.21921933 | ID5: 0.18903333 | IE5: 0.18476233 | IF5: 0.15993267 | IG5: 0.05 | IH5: 0.053 | II5: 0.157174 | IJ5: 0.054 | IK5: 0.05 | IL5: 0.190054 | IM5: 0.089882 | IN5: 0.26241267 | IO5: 0.22720567 | IP5: 0.17764133 | IQ5: 0.18266267 | IR5: 0.231301 | IS5: 0.20509867 | IT5: 0.58451333 | IU5: 0.107716 | IV5: 0.137268 | IW5: 0.10803133 | IX5: 0.11984533 | IY5: 0.054 | IZ5: 0.055 | JA5: 0.17382933 | JB5: 0.29449867 | JC5: 0.11445933 | JD5: 0.16148 | JE5: 0.14414048 | JF5: 37.764807
A6: 5 | B6: 2 | C6: 0.080394667 | D6: 0.052 | E6: 0.28946767 | F6: 0.26402967 | G6: 0.162142 | H6: 0.053 | I6: 0.192162 | J6: 0.53587533 | K6: 0.12915733 | L6: 0.139504 | M6: 0.186498 | N6: 0.056864667 | O6: 0.20150233 | P6: 0.11951467 | Q6: 0.058 | R6: 0.19259067 | S6: 0.045 | T6: 0.071485 | U6: 0.057 | V6: 0.205001 | W6: 0.129584 | X6: 0.052 | Y6: 0.048 | Z6: 0.035 | AA6: 0.13386667 | AB6: 0.19059767 | AC6: 0.15747933 | AD6: 0.25478133 | AE6: 0.052 | AF6: 0.20224567 | AG6: 0.053 | AH6: 0.043 | AI6: 0.14244 | AJ6: 0.2095 | AK6: 0.14817733 | AL6: 0.217742 | AM6: 0.039 | AN6: 0.049 | AO6: 0.52081133 | AP6: 0.192648 | AQ6: 0.044 | AR6: 0.053 | AS6: 0.14225067 | AT6: 0.053 | AU6: 0.187266 | AV6: 0.057236 | AW6: 0.59838333 | AX6: 0.083472 | AY6: 0.051 | AZ6: 0.18375433 | BA6: 0.21139333 | BB6: 0.155561 | BC6: 0.149617 | BD6: 0.071321333 | BE6: 0.194145 | BF6: 0.076401333 | BG6: 0.048 | BH6: 0.19760967 | BI6: 0.056 | BJ6: 0.036 | BK6: 0.077693333 | BL6: 0.15933 | BM6: 0.15787667 | BN6: 0.058818667 | BO6: 0.140902 | BP6: 0.061163333 | BQ6: 0.052 | BR6: 0.13524667 | BS6: 0.092893333 | BT6: 0.088855 | BU6: 0.061 | BV6: 0.23475733 | BW6: 0.064294667 | BX6: 0.15207133 | BY6: 0.054 | BZ6: 0.051489667 | CA6: 0.131675 | CB6: 0.095116667 | CC6: 0.048 | CD6: 0.05 | CE6: 0.055 | CF6: 0.067285333 | CG6: 0.046 | CH6: 0.11701167 | CI6: 0.057 | CJ6: 0.05 | CK6: 0.10729467 | CL6: 0.16018667 | CM6: 0.054 | CN6: 0.116048 | CO6: 0.14446333 | CP6: 0.127508 | CQ6: 0.052 | CR6: 0.131294 | CS6: 0.039 | CT6: 0.46315667 | CU6: 0.21627367 | CV6: 0.11100733 | CW6: 0.057 | CX6: 0.062 | CY6: 0.063014 | CZ6: 0.16287333 | DA6: 0.24658 | DB6: 0.201332 | DC6: 0.061648 | DD6: 0.048 | DE6: 0.16187267 | DF6: 0.171073 | DG6: 0.053 | DH6: 0.18761767 | DI6: 0.14868367 | DJ6: 0.1706 | DK6: 0.049636 | DL6: 0.15978333 | DM6: 0.037 | DN6: 0.138308 | DO6: 0.059 | DP6: 0.213798 | DQ6: 0.056 | DR6: 0.068130667 | DS6: 0.048 | DT6: 0.15491333 | DU6: 0.44472667 | DV6: 0.13742867 | DW6: 0.056 | DX6: 0.051 | DY6: 0.124928 | DZ6: 0.055 | EA6: 0.13296667 | EB6: 0.053 | EC6: 0.046 | ED6: 0.11741 | EE6: 0.039 | EF6: 0.22045467 | EG6: 0.10572567 | EH6: 0.056109333 | EI6: 0.13818667 | EJ6: 0.075737333 | EK6: 0.12012333 | EL6: 0.17246733 | EM6: 0.05 | EN6: 0.098061333 | EO6: 0.17258467 | EP6: 0.049 | EQ6: 0.24689667 | ER6: 0.058 | ES6: 0.186912 | ET6: 0.054 | EU6: 0.175252 | EV6: 0.19946 | EW6: 0.09256 | EX6: 0.045 | EY6: 0.135485 | EZ6: 0.057 | FA6: 0.20978467 | FB6: 0.148376 | FC6: 0.11184633 | FD6: 0.15386533 | FE6: 0.50465167 | FF6: 0.21135667 | FG6: 0.042 | FH6: 0.24042067 | FI6: 0.114628 | FJ6: 0.090713333 | FK6: 0.092241667 | FL6: 0.049 | FM6: 0.05 | FN6: 0.14985733 | FO6: 0.054 | FP6: 0.103687 | FQ6: 0.11071533 | FR6: 0.063094667 | FS6: 0.170346 | FT6: 0.048 | FU6: 0.029 | FV6: 0.23124367 | FW6: 0.100826 | FX6: 0.29010867 | FY6: 0.055 | FZ6: 0.18942 | GA6: 0.038 | GB6: 0.094118 | GC6: 0.091741333 | GD6: 0.066955 | GE6: 0.29054967 | GF6: 0.089423333 | GG6: 0.154308 | GH6: 0.082843 | GI6: 0.124061 | GJ6: 0.17398667 | GK6: 0.11267467 | GL6: 0.117112 | GM6: 0.55868433 | GN6: 0.081171 | GO6: 0.049 | GP6: 0.057284667 | GQ6: 0.35607333 | GR6: 0.044 | GS6: 0.051 | GT6: 0.049 | GU6: 0.056 | GV6: 0.341632 | GW6: 0.17739433 | GX6: 0.048 | GY6: 0.056 | GZ6: 0.157637 | HA6: 0.17019167 | HB6: 0.19888 | HC6: 0.16138267 | HD6: 0.048 | HE6: 0.071841333 | HF6: 0.071723 | HG6: 0.086633 | HH6: 0.068937 | HI6: 0.087838 | HJ6: 0.13018267 | HK6: 0.08919 | HL6: 0.33393733 | HM6: 0.042 | HN6: 0.096338 | HO6: 0.082456 | HP6: 0.055 | HQ6: 0.048 | HR6: 0.205806 | HS6: 0.19107733 | HT6: 0.203714 | HU6: 0.095788 | HV6: 0.15794667 | HW6: 0.205335 | HX6: 0.184906 | HY6: 0.041 | HZ6: 0.22786667 | IA6: 0.053 | IB6: 0.35149167 | IC6: 0.224648 | ID6: 0.042 | IE6: 0.17723033 | IF6: 0.057 | IG6: 0.05 | IH6: 0.053 | II6: 0.317977 | IJ6: 0.054 | IK6: 0.23433667 | IL6: 0.08594 | IM6: 0.20894733 | IN6: 0.085883333 | IO6: 0.10121767 | IP6: 0.086644 | IQ6: 0.174002 | IR6: 0.055 | IS6: 0.08852 | IT6: 0.68332267 | IU6: 0.101616 | IV6: 0.097296 | IW6: 0.159372 | IX6: 0.056 | IY6: 0.132966 | IZ6: 0.22564533 | JA6: 0.143592 | JB6: 0.54348333 | JC6: 0.044 | JD6: 0.149096 | JE6: 0.1319296 | JF6: 34.565556
A7: 6 | B7: 2.5 | C7: 0.215592 | D7: 0.1753 | E7: 0.083793 | F7: 0.080402333 | G7: 0.055 | H7: 0.053 | I7: 0.124948 | J7: 0.45512133 | K7: 0.14224133 | L7: 0.072376 | M7: 0.051 | N7: 0.11891733 | O7: 0.19690033 | P7: 0.25345667 | Q7: 0.058 | R7: 0.16017467 | S7: 0.33403833 | T7: 0.151849 | U7: 0.057 | V7: 0.10292533 | W7: 0.053264 | X7: 0.121486 | Y7: 0.21003 | Z7: 0.035 | AA7: 0.07796 | AB7: 0.17397167 | AC7: 0.127918 | AD7: 0.058 | AE7: 0.24840867 | AF7: 0.097446333 | AG7: 0.053 | AH7: 0.043 | AI7: 0.21655567 | AJ7: 0.16360667 | AK7: 0.069796 | AL7: 0.047 | AM7: 0.039 | AN7: 0.18354667 | AO7: 0.336952 | AP7: 0.182939 | AQ7: 0.215325 | AR7: 0.12641333 | AS7: 0.074562667 | AT7: 0.053 | AU7: 0.054 | AV7: 0.191802 | AW7: 0.115901 | AX7: 0.049 | AY7: 0.051 | AZ7: 0.043 | BA7: 0.056 | BB7: 0.20629267 | BC7: 0.055243 | BD7: 0.12860667 | BE7: 0.056878333 | BF7: 0.15260533 | BG7: 0.048 | BH7: 0.129028 | BI7: 0.056 | BJ7: 0.052061 | BK7: 0.29654667 | BL7: 0.043 | BM7: 0.18520667 | BN7: 0.34697367 | BO7: 0.14836267 | BP7: 0.11501 | BQ7: 0.052 | BR7: 0.04 | BS7: 0.031 | BT7: 0.182107 | BU7: 0.061 | BV7: 0.13894333 | BW7: 0.330918 | BX7: 0.048 | BY7: 0.120324 | BZ7: 0.19380393 | CA7: 0.222701 | CB7: 0.086693333 | CC7: 0.048 | CD7: 0.05 | CE7: 0.055 | CF7: 0.099784 | CG7: 0.22497 | CH7: 0.14121167 | CI7: 0.068307333 | CJ7: 0.15382667 | CK7: 0.23369467 | CL7: 0.05 | CM7: 0.054 | CN7: 0.041 | CO7: 0.059 | CP7: 0.047 | CQ7: 0.052 | CR7: 0.053 | CS7: 0.039 | CT7: 0.54207867 | CU7: 0.076069 | CV7: 0.056 | CW7: 0.26572667 | CX7: 0.116957 | CY7: 0.039 | CZ7: 0.047 | DA7: 0.064334 | DB7: 0.044 | DC7: 0.327708 | DD7: 0.25877467 | DE7: 0.04 | DF7: 0.14095167 | DG7: 0.053 | DH7: 0.081292333 | DI7: 0.15493667 | DJ7: 0.057 | DK7: 0.162666 | DL7: 0.20599867 | DM7: 0.129872 | DN7: 0.05 | DO7: 0.059 | DP7: 0.062313333 | DQ7: 0.16771533 | DR7: 0.21330667 | DS7: 0.048 | DT7: 0.048 | DU7: 0.088706 | DV7: 0.090898 | DW7: 0.34581933 | DX7: 0.21625533 | DY7: 0.17566 | DZ7: 0.214496 | EA7: 0.18661933 | EB7: 0.30609733 | EC7: 0.046 | ED7: 0.064282 | EE7: 0.15170667 | EF7: 0.106405 | EG7: 0.086916333 | EH7: 0.042 | EI7: 0.099106667 | EJ7: 0.14694933 | EK7: 0.134748 | EL7: 0.26487667 | EM7: 0.05 | EN7: 0.280096 | EO7: 0.056 | EP7: 0.086253333 | EQ7: 0.111954 | ER7: 0.21669333 | ES7: 0.054 | ET7: 0.15477 | EU7: 0.07978 | EV7: 0.14091267 | EW7: 0.22052 | EX7: 0.045 | EY7: 0.052 | EZ7: 0.057 | FA7: 0.171954 | FB7: 0.052 | FC7: 0.076840333 | FD7: 0.216461 | FE7: 0.50461533 | FF7: 0.056 | FG7: 0.11092933 | FH7: 0.13361067 | FI7: 0.14512933 | FJ7: 0.053 | FK7: 0.17442167 | FL7: 0.049 | FM7: 0.130604 | FN7: 0.121348 | FO7: 0.16402133 | FP7: 0.19759067 | FQ7: 0.082231333 | FR7: 0.11975733 | FS7: 0.091032 | FT7: 0.048 | FU7: 0.029 | FV7: 0.33340967 | FW7: 0.038 | FX7: 0.159502 | FY7: 0.055 | FZ7: 0.13588 | GA7: 0.13859 | GB7: 0.28105833 | GC7: 0.054 | GD7: 0.100483 | GE7: 0.13 | GF7: 0.30408733 | GG7: 0.18411133 | GH7: 0.286702 | GI7: 0.18545433 | GJ7: 0.047 | GK7: 0.073503 | GL7: 0.14139933 | GM7: 0.055 | GN7: 0.057 | GO7: 0.222614 | GP7: 0.046 | GQ7: 0.63240833 | GR7: 0.044 | GS7: 0.11694933 | GT7: 0.049 | GU7: 0.14198733 | GV7: 0.051026 | GW7: 0.16715633 | GX7: 0.24732433 | GY7: 0.056 | GZ7: 0.13697567 | HA7: 0.15428933 | HB7: 0.046 | HC7: 0.062906 | HD7: 0.16604 | HE7: 0.14336533 | HF7: 0.17691233 | HG7: 0.086633 | HH7: 0.033 | HI7: 0.046 | HJ7: 0.05 | HK7: 0.054 | HL7: 0.096 | HM7: 0.086788 | HN7: 0.30364333 | HO7: 0.09132 | HP7: 0.055 | HQ7: 0.220458 | HR7: 0.125886 | HS7: 0.146064 | HT7: 0.05 | HU7: 0.139949 | HV7: 0.049 | HW7: 0.077895 | HX7: 0.20989533 | HY7: 0.111968 | HZ7: 0.052 | IA7: 0.053 | IB7: 0.28035 | IC7: 0.11821 | ID7: 0.042 | IE7: 0.061467333 | IF7: 0.079057 | IG7: 0.05 | IH7: 0.053 | II7: 0.14419 | IJ7: 0.143334 | IK7: 0.05 | IL7: 0.058 | IM7: 0.14439133 | IN7: 0.50125767 | IO7: 0.084843 | IP7: 0.21064067 | IQ7: 0.044 | IR7: 0.055 | IS7: 0.072138333 | IT7: 0.41136667 | IU7: 0.25408933 | IV7: 0.044 | IW7: 0.072210667 | IX7: 0.151768 | IY7: 0.20877733 | IZ7: 0.081944 | JA7: 0.141308 | JB7: 0.15199067 | JC7: 0.118604 | JD7: 0.22671733 | JE7: 0.12875602 | JF7: 33.734078
A8: 7 | B8: 3 | C8: 0.16257867 | D8: 0.052 | E8: 0.21208867 | F8: 0.222732 | G8: 0.143986 | H8: 0.071973333 | I8: 0.147565 | J8: 0.26184733 | K8: 0.092575 | L8: 0.05 | M8: 0.137226 | N8: 0.056864667 | O8: 0.15087467 | P8: 0.071797333 | Q8: 0.139186 | R8: 0.092292 | S8: 0.051770333 | T8: 0.038 | U8: 0.20719033 | V8: 0.16508733 | W8: 0.19064 | X8: 0.052 | Y8: 0.136434 | Z8: 0.035 | AA8: 0.20574667 | AB8: 0.16430967 | AC8: 0.13401 | AD8: 0.19164 | AE8: 0.052 | AF8: 0.021 | AG8: 0.053 | AH8: 0.043 | AI8: 0.089862 | AJ8: 0.103875 | AK8: 0.13698 | AL8: 0.116849 | AM8: 0.062816 | AN8: 0.062454667 | AO8: 0.57510667 | AP8: 0.079787 | AQ8: 0.052158333 | AR8: 0.082365333 | AS8: 0.052 | AT8: 0.053 | AU8: 0.076211 | AV8: 0.079574 | AW8: 0.051053 | AX8: 0.13518 | AY8: 0.051 | AZ8: 0.15891533 | BA8: 0.056 | BB8: 0.051 | BC8: 0.05 | BD8: 0.142928 | BE8: 0.11893167 | BF8: 0.057350333 | BG8: 0.16558 | BH8: 0.37269867 | BI8: 0.056 | BJ8: 0.116305 | BK8: 0.067477333 | BL8: 0.089532 | BM8: 0.168348 | BN8: 0.068456 | BO8: 0.278864 | BP8: 0.047 | BQ8: 0.052 | BR8: 0.18967333 | BS8: 0.031 | BT8: 0.05 | BU8: 0.20999333 | BV8: 0.048 | BW8: 0.060012667 | BX8: 0.062867333 | BY8: 0.268468 | BZ8: 0.159635 | CA8: 0.107955 | CB8: 0.053 | CC8: 0.061734 | CD8: 0.05 | CE8: 0.055 | CF8: 0.099784 | CG8: 0.15296 | CH8: 0.11980833 | CI8: 0.158766 | CJ8: 0.05 | CK8: 0.099824 | CL8: 0.20798433 | CM8: 0.054 | CN8: 0.041 | CO8: 0.18525333 | CP8: 0.047 | CQ8: 0.052 | CR8: 0.105196 | CS8: 0.039 | CT8: 0.21025333 | CU8: 0.072061333 | CV8: 0.15601333 | CW8: 0.10844367 | CX8: 0.179765 | CY8: 0.12705133 | CZ8: 0.24309333 | DA8: 0.147936 | DB8: 0.088952 | DC8: 0.053 | DD8: 0.10453667 | DE8: 0.088652 | DF8: 0.111568 | DG8: 0.053 | DH8: 0.21214733 | DI8: 0.19250267 | DJ8: 0.22361333 | DK8: 0.078422667 | DL8: 0.139524 | DM8: 0.11439333 | DN8: 0.211898 | DO8: 0.23360933 | DP8: 0.18610867 | DQ8: 0.056 | DR8: 0.052 | DS8: 0.048 | DT8: 0.048 | DU8: 0.21772467 | DV8: 0.056 | DW8: 0.056 | DX8: 0.13405133 | DY8: 0.10494467 | DZ8: 0.23259133 | EA8: 0.052 | EB8: 0.053 | EC8: 0.046 | ED8: 0.10855533 | EE8: 0.039 | EF8: 0.21140967 | EG8: 0.068107 | EH8: 0.13421333 | EI8: 0.047 | EJ8: 0.052 | EK8: 0.13494933 | EL8: 0.123334 | EM8: 0.05 | EN8: 0.05 | EO8: 0.056 | EP8: 0.072706667 | EQ8: 0.039 | ER8: 0.058 | ES8: 0.163242 | ET8: 0.08759 | EU8: 0.04 | EV8: 0.24420067 | EW8: 0.056 | EX8: 0.19701267 | EY8: 0.052 | EZ8: 0.057 | FA8: 0.076398 | FB8: 0.148376 | FC8: 0.047668667 | FD8: 0.087388333 | FE8: 0.45461133 | FF8: 0.18311 | FG8: 0.046054667 | FH8: 0.11497533 | FI8: 0.046 | FJ8: 0.120884 | FK8: 0.058 | FL8: 0.17259333 | FM8: 0.05 | FN8: 0.30964933 | FO8: 0.054 | FP8: 0.168709 | FQ8: 0.049 | FR8: 0.24482733 | FS8: 0.21729467 | FT8: 0.048 | FU8: 0.029 | FV8: 0.52019367 | FW8: 0.16045733 | FX8: 0.209674 | FY8: 0.055 | FZ8: 0.22001333 | GA8: 0.038 | GB8: 0.049 | GC8: 0.087023667 | GD8: 0.046 | GE8: 0.101283 | GF8: 0.058272 | GG8: 0.23482133 | GH8: 0.167246 | GI8: 0.078731 | GJ8: 0.180147 | GK8: 0.19885233 | GL8: 0.21116267 | GM8: 0.061439667 | GN8: 0.234254 | GO8: 0.057267333 | GP8: 0.23064633 | GQ8: 0.081251667 | GR8: 0.044 | GS8: 0.16641133 | GT8: 0.049 | GU8: 0.197742 | GV8: 0.159494 | GW8: 0.10539767 | GX8: 0.13002 | GY8: 0.056 | GZ8: 0.24221267 | HA8: 0.20433967 | HB8: 0.24307667 | HC8: 0.235994 | HD8: 0.048 | HE8: 0.048 | HF8: 0.052 | HG8: 0.19514033 | HH8: 0.033 | HI8: 0.199406 | HJ8: 0.24165233 | HK8: 0.054 | HL8: 0.045 | HM8: 0.16143467 | HN8: 0.093984667 | HO8: 0.192445 | HP8: 0.19510333 | HQ8: 0.17685333 | HR8: 0.048 | HS8: 0.034 | HT8: 0.126857 | HU8: 0.095115 | HV8: 0.135562 | HW8: 0.054 | HX8: 0.06 | HY8: 0.041 | HZ8: 0.1186 | IA8: 0.053 | IB8: 0.37271533 | IC8: 0.043 | ID8: 0.1222 | IE8: 0.253651 | IF8: 0.13787567 | IG8: 0.05 | IH8: 0.053 | II8: 0.055 | IJ8: 0.054 | IK8: 0.05 | IL8: 0.217994 | IM8: 0.049 | IN8: 0.503245 | IO8: 0.243581 | IP8: 0.124288 | IQ8: 0.233219 | IR8: 0.055 | IS8: 0.22148033 | IT8: 0.048 | IU8: 0.093044 | IV8: 0.11062 | IW8: 0.236168 | IX8: 0.13580667 | IY8: 0.128579 | IZ8: 0.090925333 | JA8: 0.077809333 | JB8: 0.209852 | JC8: 0.044 | JD8: 0.069338667 | JE8: 0.12085754 | JF8: 31.664676
A9: 8 | B9: 3.5 | C9: 0.053 | D9: 0.052 | E9: 0.161172 | F9: 0.22837067 | G9: 0.055 | H9: 0.10233067 | I9: 0.169545 | J9: 0.21331 | K9: 0.334519 | L9: 0.05 | M9: 0.100272 | N9: 0.127782 | O9: 0.247528 | P9: 0.293684 | Q9: 0.058 | R9: 0.26047333 | S9: 0.100401 | T9: 0.131758 | U9: 0.09409 | V9: 0.135572 | W9: 0.038 | X9: 0.121486 | Y9: 0.21003 | Z9: 0.035 | AA9: 0.054 | AB9: 0.21472767 | AC9: 0.14815267 | AD9: 0.18541467 | AE9: 0.20377033 | AF9: 0.27174233 | AG9: 0.053 | AH9: 0.043 | AI9: 0.133678 | AJ9: 0.168875 | AK9: 0.080993333 | AL9: 0.147893 | AM9: 0.086632 | AN9: 0.12300067 | AO9: 0.42279067 | AP9: 0.22322467 | AQ9: 0.166375 | AR9: 0.053 | AS9: 0.102766 | AT9: 0.134084 | AU9: 0.19466967 | AV9: 0.111708 | AW9: 0.214332 | AX9: 0.152416 | AY9: 0.051 | AZ9: 0.10923733 | BA9: 0.25276467 | BB9: 0.31085133 | BC9: 0.076215 | BD9: 0.057 | BE9: 0.25259867 | BF9: 0.17165633 | BG9: 0.048 | BH9: 0.503246 | BI9: 0.056 | BJ9: 0.036 | BK9: 0.24499467 | BL9: 0.16708533 | BM9: 0.053 | BN9: 0.22931067 | BO9: 0.046 | BP9: 0.17166233 | BQ9: 0.20187 | BR9: 0.04 | BS9: 0.08164 | BT9: 0.220962 | BU9: 0.075899333 | BV9: 0.175761 | BW9: 0.17494667 | BX9: 0.19667333 | BY9: 0.054 | BZ9: 0.047 | CA9: 0.28117467 | CB9: 0.12881 | CC9: 0.11667 | CD9: 0.05 | CE9: 0.055 | CF9: 0.058 | CG9: 0.046 | CH9: 0.14605167 | CI9: 0.057 | CJ9: 0.05 | CK9: 0.166732 | CL9: 0.17307567 | CM9: 0.054 | CN9: 0.091032 | CO9: 0.059 | CP9: 0.047 | CQ9: 0.052 | CR9: 0.079098 | CS9: 0.039 | CT9: 0.139845 | CU9: 0.261518 | CV9: 0.196998 | CW9: 0.122035 | CX9: 0.062 | CY9: 0.12705133 | CZ9: 0.047 | DA9: 0.162978 | DB9: 0.163872 | DC9: 0.234608 | DD9: 0.069434667 | DE9: 0.18620033 | DF9: 0.154175 | DG9: 0.053 | DH9: 0.090233 | DI9: 0.235668 | DJ9: 0.057 | DK9: 0.063987 | DL9: 0.22751 | DM9: 0.037 | DN9: 0.05 | DO9: 0.30163867 | DP9: 0.176294 | DQ9: 0.056 | DR9: 0.15684933 | DS9: 0.048 | DT9: 0.15491333 | DU9: 0.114598 | DV9: 0.160694 | DW9: 0.19808 | DX9: 0.051 | DY9: 0.17954667 | DZ9: 0.055 | EA9: 0.052 | EB9: 0.20977533 | EC9: 0.046 | ED9: 0.073136667 | EE9: 0.178223 | EF9: 0.092603333 | EG9: 0.124535 | EH9: 0.19720267 | EI9: 0.19029333 | EJ9: 0.13508067 | EK9: 0.25522867 | EL9: 0.049 | EM9: 0.05 | EN9: 0.19495033 | EO9: 0.056 | EP9: 0.049 | EQ9: 0.15031 | ER9: 0.18062667 | ES9: 0.17888 | ET9: 0.107744 | EU9: 0.103648 | EV9: 0.20847333 | EW9: 0.25708 | EX9: 0.045 | EY9: 0.118788 | EZ9: 0.057 | FA9: 0.294392 | FB9: 0.052 | FC9: 0.141018 | FD9: 0.182684 | FE9: 0.053 | FF9: 0.084246667 | FG9: 0.042 | FH9: 0.216716 | FI9: 0.21375733 | FJ9: 0.053 | FK9: 0.201815 | FL9: 0.049 | FM9: 0.067912 | FN9: 0.059608667 | FO9: 0.054 | FP9: 0.046 | FQ9: 0.14394667 | FR9: 0.10761533 | FS9: 0.073438 | FT9: 0.048 | FU9: 0.029 | FV9: 0.075624 | FW9: 0.093845333 | FX9: 0.21633 | FY9: 0.12179467 | FZ9: 0.179408 | GA9: 0.038 | GB9: 0.29163967 | GC9: 0.10589433 | GD9: 0.15581133 | GE9: 0.31927033 | GF9: 0.14153133 | GG9: 0.171026 | GH9: 0.229771 | GI9: 0.096863 | GJ9: 0.123183 | GK9: 0.05 | GL9: 0.052 | GM9: 0.190233 | GN9: 0.057 | GO9: 0.19008133 | GP9: 0.18786633 | GQ9: 0.12985567 | GR9: 0.044 | GS9: 0.051 | GT9: 0.049 | GU9: 0.056 | GV9: 0.045 | GW9: 0.23915167 | GX9: 0.048 | GY9: 0.056 | GZ9: 0.23069267 | HA9: 0.18184933 | HB9: 0.081357333 | HC9: 0.13107533 | HD9: 0.071608 | HE9: 0.048 | HF9: 0.17691233 | HG9: 0.15615367 | HH9: 0.033 | HI9: 0.046 | HJ9: 0.119583 | HK9: 0.117342 | HL9: 0.186658 | HM9: 0.042 | HN9: 0.18300667 | HO9: 0.083261 | HP9: 0.055 | HQ9: 0.134229 | HR9: 0.266384 | HS9: 0.188088 | HT9: 0.126857 | HU9: 0.119682 | HV9: 0.20101267 | HW9: 0.22923 | HX9: 0.33480133 | HY9: 0.041 | HZ9: 0.16126667 | IA9: 0.053 | IB9: 1.3461463 | IC9: 0.043 | ID9: 0.10883333 | IE9: 0.096874333 | IF9: 0.057 | IG9: 0.05 | IH9: 0.053 | II9: 0.30780333 | IJ9: 0.098667 | IK9: 0.127988 | IL9: 0.058 | IM9: 0.179866 | IN9: 0.22904133 | IO9: 0.048 | IP9: 0.14790067 | IQ9: 0.12344567 | IR9: 0.055 | IS9: 0.035 | IT9: 0.048 | IU9: 0.15510533 | IV9: 0.123944 | IW9: 0.061908 | IX9: 0.056 | IY9: 0.163917 | IZ9: 0.216664 | JA9: 0.10109867 | JB9: 0.078137333 | JC9: 0.118604 | JD9: 0.208648 | JE9: 0.13354529 | JF9: 34.988866
A10: 9 | B10: 4 | C10: 0.196822 | D10: 0.169135 | E10: 0.126112 | F10: 0.066166 | G10: 0.162142 | H10: 0.053 | I10: 0.052 | J10: 0.058 | K10: 0.098745333 | L10: 0.145098 | M10: 0.051 | N10: 0.048 | O10: 0.06 | P10: 0.083015333 | Q10: 0.058 | R10: 0.06 | S10: 0.397529 | T10: 0.091576 | U10: 0.14043 | V10: 0.066143 | W10: 0.19064 | X10: 0.052 | Y10: 0.048 | Z10: 0.035 | AA10: 0.15782667 | AB10: 0.055 | AC10: 0.090306 | AD10: 0.12227333 | AE10: 0.096638333 | AF10: 0.10107767 | AG10: 0.053 | AH10: 0.043 | AI10: 0.24174867 | AJ10: 0.047 | AK10: 0.053 | AL10: 0.047 | AM10: 0.039 | AN10: 0.12300067 | AO10: 0.205275 | AP10: 0.19837067 | AQ10: 0.10110833 | AR10: 0.15577867 | AS10: 0.11404733 | AT10: 0.053 | AU10: 0.054 | AV10: 0.11989 | AW10: 0.083477 | AX10: 0.049 | AY10: 0.051 | AZ10: 0.076118667 | BA10: 0.376266 | BB10: 0.051 | BC10: 0.128645 | BD10: 0.185892 | BE10: 0.053 | BF10: 0.051 | BG10: 0.048 | BH10: 0.16964 | BI10: 0.056 | BJ10: 0.036 | BK10: 0.22246667 | BL10: 0.043 | BM10: 0.12146933 | BN10: 0.18612367 | BO10: 0.14448067 | BP10: 0.14614333 | BQ10: 0.059136667 | BR10: 0.12164 | BS10: 0.092893333 | BT10: 0.33932033 | BU10: 0.061 | BV10: 0.23120767 | BW10: 0.052 | BX10: 0.048 | BY10: 0.26109867 | BZ10: 0.212198 | CA10: 0.16600533 | CB10: 0.053 | CC10: 0.066312 | CD10: 0.05 | CE10: 0.055 | CF10: 0.141568 | CG10: 0.22766 | CH10: 0.10835333 | CI10: 0.17007333 | CJ10: 0.05 | CK10: 0.18546333 | CL10: 0.19462 | CM10: 0.054 | CN10: 0.066016 | CO10: 0.172628 | CP10: 0.047 | CQ10: 0.052 | CR10: 0.053 | CS10: 0.039 | CT10: 0.074615 | CU10: 0.096107333 | CV10: 0.091004667 | CW10: 0.149248 | CX10: 0.21902 | CY10: 0.039 | CZ10: 0.047 | DA10: 0.063984 | DB10: 0.044 | DC10: 0.061648 | DD10: 0.20922667 | DE10: 0.076489 | DF10: 0.10128167 | DG10: 0.053 | DH10: 0.090233 | DI10: 0.21156633 | DJ10: 0.057 | DK10: 0.12528567 | DL10: 0.138272 | DM10: 0.20726533 | DN10: 0.15304567 | DO10: 0.059 | DP10: 0.093692 | DQ10: 0.056 | DR10: 0.124588 | DS10: 0.048 | DT10: 0.048 | DU10: 0.17858867 | DV10: 0.067632667 | DW10: 0.203736 | DX10: 0.29930667 | DY10: 0.067145 | DZ10: 0.16845633 | EA10: 0.160514 | EB10: 0.149322 | EC10: 0.046 | ED10: 0.12626467 | EE10: 0.152701 | EF10: 0.21769067 | EG10: 0.054 | EH10: 0.042 | EI10: 0.047 | EJ10: 0.087606 | EK10: 0.074061333 | EL10: 0.26309267 | EM10: 0.05 | EN10: 0.183207 | EO10: 0.056 | EP10: 0.049 | EQ10: 0.25306467 | ER10: 0.094066667 | ES10: 0.168124 | ET10: 0.134616 | EU10: 0.151384 | EV10: 0.13189933 | EW10: 0.056 | EX10: 0.11409667 | EY10: 0.10765667 | EZ10: 0.057 | FA10: 0.064948667 | FB10: 0.052 | FC10: 0.036 | FD10: 0.053 | FE10: 0.103047 | FF10: 0.119555 | FG10: 0.042 | FH10: 0.054 | FI10: 0.046 | FJ10: 0.053 | FK10: 0.064848333 | FL10: 0.049 | FM10: 0.112692 | FN10: 0.28154367 | FO10: 0.10901067 | FP10: 0.313887 | FQ10: 0.049 | FR10: 0.23827667 | FS10: 0.27013933 | FT10: 0.048 | FU10: 0.029 | FV10: 0.048 | FW10: 0.13698 | FX10: 0.10845067 | FY10: 0.063349333 | FZ10: 0.22681067 | GA10: 0.13859 | GB10: 0.083538333 | GC10: 0.054 | GD10: 0.121438 | GE10: 0.058 | GF10: 0.14153133 | GG10: 0.21197667 | GH10: 0.22063967 | GI10: 0.101786 | GJ10: 0.19290867 | GK10: 0.05 | GL10: 0.27162333 | GM10: 0.055 | GN10: 0.13757 | GO10: 0.20607933 | GP10: 0.157537 | GQ10: 0.065050333 | GR10: 0.044 | GS10: 0.051 | GT10: 0.049 | GU10: 0.26920667 | GV10: 0.23919 | GW10: 0.055 | GX10: 0.31567967 | GY10: 0.056 | GZ10: 0.06392 | HA10: 0.14250133 | HB10: 0.085777 | HC10: 0.47996933 | HD10: 0.142432 | HE10: 0.048 | HF10: 0.071723 | HG10: 0.17702733 | HH10: 0.096888 | HI10: 0.136649 | HJ10: 0.163521 | HK10: 0.054 | HL10: 0.131304 | HM10: 0.042 | HN10: 0.19059933 | HO10: 0.20534 | HP10: 0.11868333 | HQ10: 0.250197 | HR10: 0.065308 | HS10: 0.103032 | HT10: 0.05 | HU10: 0.048 | HV10: 0.073002 | HW10: 0.054 | HX10: 0.06 | HY10: 0.041 | HZ10: 0.052 | IA10: 0.053 | IB10: 0.050514 | IC10: 0.11821 | ID10: 0.068733333 | IE10: 0.05 | IF10: 0.057 | IG10: 0.05 | IH10: 0.053 | II10: 0.078159 | IJ10: 0.098667 | IK10: 0.15634867 | IL10: 0.11388 | IM10: 0.17347267 | IN10: 0.15400667 | IO10: 0.048 | IP10: 0.118014 | IQ10: 0.142796 | IR10: 0.055 | IS10: 0.035 | IT10: 0.11277533 | IU10: 0.241647 | IV10: 0.044 | IW10: 0.23343867 | IX10: 0.16772933 | IY10: 0.16027833 | IZ10: 0.055 | JA10: 0.22861067 | JB10: 0.18681133 | JC10: 0.044 | JD10: 0.042834667 | JE10: 0.11333703 | JF10: 29.694301
A11: 10 | B11: 4.5 | C11: 0.18134867 | D11: 0.058165 | E11: 0.24714867 | F11: 0.28588533 | G11: 0.143986 | H11: 0.121304 | I11: 0.173049 | J11: 0.24811667 | K11: 0.121908 | L11: 0.066782 | M11: 0.057159 | N11: 0.087891 | O11: 0.30843733 | P11: 0.18521533 | Q11: 0.13016533 | R11: 0.23546067 | S11: 0.058540667 | T11: 0.058091 | U11: 0.160852 | V11: 0.18957233 | W11: 0.053264 | X11: 0.052 | Y11: 0.048 | Z11: 0.035 | AA11: 0.12588 | AB11: 0.15566 | AC11: 0.21006067 | AD11: 0.25478133 | AE11: 0.105566 | AF11: 0.021 | AG11: 0.053 | AH11: 0.043 | AI11: 0.16654 | AJ11: 0.20423167 | AK11: 0.16497333 | AL11: 0.047 | AM11: 0.050908 | AN11: 0.049 | AO11: 0.11041033 | AP11: 0.11321333 | AQ11: 0.084791667 | AR11: 0.053 | AS11: 0.052 | AT11: 0.107056 | AU11: 0.098422 | AV11: 0.233194 | AW11: 0.083477 | AX11: 0.238596 | AY11: 0.051 | AZ11: 0.192034 | BA11: 0.19989233 | BB11: 0.15469333 | BC11: 0.05 | BD11: 0.085642667 | BE11: 0.20058567 | BF11: 0.17800667 | BG11: 0.048 | BH11: 0.103352 | BI11: 0.056 | BJ11: 0.100244 | BK11: 0.053 | BL11: 0.043 | BM11: 0.17090867 | BN11: 0.12405 | BO11: 0.21287 | BP11: 0.10745333 | BQ11: 0.15191333 | BR11: 0.10803333 | BS11: 0.031 | BT11: 0.182107 | BU11: 0.22489267 | BV11: 0.057094333 | BW11: 0.216324 | BX11: 0.19667333 | BY11: 0.12769333 | BZ11: 0.047 | CA11: 0.10312 | CB11: 0.053 | CC11: 0.112092 | CD11: 0.05 | CE11: 0.055 | CF11: 0.058 | CG11: 0.15027 | CH11: 0.16514333 | CI11: 0.057 | CJ11: 0.05 | CK11: 0.066206 | CL11: 0.108708 | CM11: 0.054 | CN11: 0.041 | CO11: 0.17942533 | CP11: 0.047 | CQ11: 0.052 | CR11: 0.074748333 | CS11: 0.039 | CT11: 0.113753 | CU11: 0.056030667 | CV11: 0.17228067 | CW11: 0.13387333 | CX11: 0.077702 | CY11: 0.21510267 | CZ11: 0.24309333 | DA11: 0.20915133 | DB11: 0.208824 | DC11: 0.0929 | DD11: 0.05996 | DE11: 0.076489 | DF11: 0.114505 | DG11: 0.053 | DH11: 0.247909 | DI11: 0.12938567 | DJ11: 0.10244 | DK11: 0.041 | DL11: 0.136621 | DM11: 0.037 | DN11: 0.116231 | DO11: 0.28660267 | DP11: 0.26871067 | DQ11: 0.16771533 | DR11: 0.100392 | DS11: 0.048 | DT11: 0.15491333 | DU11: 0.174196 | DV11: 0.16419467 | DW11: 0.056 | DX11: 0.051 | DY11: 0.281733 | DZ11: 0.152946 | EA11: 0.159072 | EB11: 0.13723133 | EC11: 0.046 | ED11: 0.055427333 | EE11: 0.064524333 | EF11: 0.14018833 | EG11: 0.138642 | EH11: 0.13421333 | EI11: 0.073053333 | EJ11: 0.12914633 | EK11: 0.24299333 | EL11: 0.049 | EM11: 0.05 | EN11: 0.100274 | EO11: 0.056 | EP11: 0.10996 | EQ11: 0.083524 | ER11: 0.058 | ES11: 0.163242 | ET11: 0.054 | EU11: 0.04 | EV11: 0.306724 | EW11: 0.056 | EX11: 0.127916 | EY11: 0.085394 | EZ11: 0.057 | FA11: 0.218252 | FB11: 0.148376 | FC11: 0.15268667 | FD11: 0.21150267 | FE11: 0.370225 | FF11: 0.14780167 | FG11: 0.042 | FH11: 0.305918 | FI11: 0.16038 | FJ11: 0.090713333 | FK11: 0.14702833 | FL11: 0.15405433 | FM11: 0.05 | FN11: 0.15906233 | FO11: 0.10901067 | FP11: 0.10096883 | FQ11: 0.14394667 | FR11: 0.114166 | FS11: 0.064625333 | FT11: 0.048 | FU11: 0.029 | FV11: 0.048 | FW11: 0.054496667 | FX11: 0.24600633 | FY11: 0.130144 | FZ11: 0.05 | GA11: 0.038 | GB11: 0.229473 | GC11: 0.054 | GD11: 0.046 | GE11: 0.21 | GF11: 0.046 | GG11: 0.190238 | GH11: 0.121209 | GI11: 0.20772933 | GJ11: 0.12946933 | GK11: 0.191018 | GL11: 0.080938667 | GM11: 0.19667267 | GN11: 0.153684 | GO11: 0.16527933 | GP11: 0.090089667 | GQ11: 0.061 | GR11: 0.156064 | GS11: 0.051 | GT11: 0.049 | GU11: 0.070522667 | GV11: 0.153468 | GW11: 0.131158 | GX11: 0.06167 | GY11: 0.056 | GZ11: 0.29127267 | HA11: 0.11471467 | HB11: 0.238657 | HC11: 0.28781 | HD11: 0.048 | HE11: 0.16720667 | HF11: 0.052 | HG11: 0.090784 | HH11: 0.040986 | HI11: 0.108757 | HJ11: 0.19771433 | HK11: 0.054 | HL11: 0.167341 | HM11: 0.20622267 | HN11: 0.24723067 | HO11: 0.12355 | HP11: 0.13142 | HQ11: 0.060885333 | HR11: 0.154578 | HS11: 0.080021333 | HT11: 0.203714 | HU11: 0.119682 | HV11: 0.19795 | HW11: 0.173475 | HX11: 0.19043467 | HY11: 0.041 | HZ11: 0.052 | IA11: 0.053 | IB11: 0.10457 | IC11: 0.043 | ID11: 0.1623 | IE11: 0.15893967 | IF11: 0.15993267 | IG11: 0.05 | IH11: 0.053 | II11: 0.055 | IJ11: 0.054 | IK11: 0.05 | IL11: 0.080352 | IM11: 0.114433 | IN11: 0.19428667 | IO11: 0.20673733 | IP11: 0.12507833 | IQ11: 0.054977333 | IR11: 0.055 | IS11: 0.035 | IT11: 0.100998 | IU11: 0.052 | IV11: 0.157254 | IW11: 0.044032 | IX11: 0.11984533 | IY11: 0.075935 | IZ11: 0.28210133 | JA11: 0.033 | JB11: 0.134412 | JC11: 0.093736 | JD11: 0.10467733 | JE11: 0.12087219 | JF11: 31.668515
A12: 11 | B12: 5 | C12: 0.059848667 | D12: 0.052 | E12: 0.126112 | F12: 0.15005133 | G12: 0.162142 | H12: 0.053 | I12: 0.071113 | J12: 0.16848733 | K12: 0.355935 | L12: 0.13391 | M12: 0.180339 | N12: 0.087891 | O12: 0.089965333 | P12: 0.108154 | Q12: 0.067020667 | R12: 0.11730467 | S12: 0.18288333 | T12: 0.165243 | U12: 0.14043 | V12: 0.132888 | W12: 0.11432 | X12: 0.11762567 | Y12: 0.21003 | Z12: 0.035 | AA12: 0.054 | AB12: 0.270562 | AC12: 0.046 | AD12: 0.058 | AE12: 0.19484267 | AF12: 0.278692 | AG12: 0.053 | AH12: 0.043 | AI12: 0.057 | AJ12: 0.168875 | AK12: 0.053 | AL12: 0.12461 | AM12: 0.09854 | AN12: 0.19700133 | AO12: 0.18840267 | AP12: 0.308382 | AQ12: 0.18269167 | AR12: 0.053 | AS12: 0.052 | AT12: 0.080028 | AU12: 0.17245867 | AV12: 0.03 | AW12: 0.059159 | AX12: 0.049 | AY12: 0.051 | AZ12: 0.043 | BA12: 0.14197133 | BB12: 0.058098333 | BC12: 0.15486 | BD12: 0.057 | BE12: 0.174823 | BF12: 0.051 | BG12: 0.130306 | BH12: 0.22060067 | BI12: 0.056 | BJ12: 0.068122 | BK12: 0.299524 | BL12: 0.097287333 | BM12: 0.18073333 | BN12: 0.25382833 | BO12: 0.069292 | BP12: 0.13953667 | BQ12: 0.10909333 | BR12: 0.046803333 | BS12: 0.14353333 | BT12: 0.088855 | BU12: 0.061 | BV12: 0.33324033 | BW12: 0.21518247 | BX12: 0.062867333 | BY12: 0.090846667 | BZ12: 0.092054 | CA12: 0.33519333 | CB12: 0.12881 | CC12: 0.048 | CD12: 0.05 | CE12: 0.055 | CF12: 0.058 | CG12: 0.046 | CH12: 0.04 | CI12: 0.13049767 | CJ12: 0.065574 | CK12: 0.122236 | CL12: 0.127732 | CM12: 0.054 | CN12: 0.116048 | CO12: 0.077938 | CP12: 0.078308667 | CQ12: 0.052 | CR12: 0.10954567 | CS12: 0.039 | CT12: 0.100707 | CU12: 0.16371 | CV12: 0.145726 | CW12: 0.057 | CX12: 0.171914 | CY12: 0.039 | CZ12: 0.12010213 | DA12: 0.073778667 | DB12: 0.044 | DC12: 0.270512 | DD12: 0.093898333 | DE12: 0.16187267 | DF12: 0.19751667 | DG12: 0.053 | DH12: 0.094703333 | DI12: 0.126253 | DJ12: 0.17817333 | DK12: 0.20008867 | DL12: 0.31457567 | DM12: 0.044739333 | DN12: 0.05 | DO12: 0.24864467 | DP12: 0.053 | DQ12: 0.056 | DR12: 0.18104533 | DS12: 0.048 | DT12: 0.048 | DU12: 0.073861667 | DV12: 0.13742867 | DW12: 0.262844 | DX12: 0.051 | DY12: 0.043 | DZ12: 0.17492433 | EA12: 0.096788333 | EB12: 0.221866 | EC12: 0.046 | ED12: 0.064282 | EE12: 0.170599 | EF12: 0.085082667 | EG12: 0.054 | EH12: 0.16192933 | EI12: 0.16424 | EJ12: 0.093540333 | EK12: 0.12012333 | EL12: 0.17415533 | EM12: 0.05 | EN12: 0.27788333 | EO12: 0.056 | EP12: 0.049 | EQ12: 0.15773067 | ER12: 0.21669333 | ES12: 0.220716 | ET12: 0.054 | EU12: 0.04 | EV12: 0.058 | EW12: 0.16568 | EX12: 0.045 | EY12: 0.14105067 | EZ12: 0.057 | FA12: 0.16348667 | FB12: 0.052 | FC12: 0.036 | FD12: 0.16439333 | FE12: 0.070628 | FF12: 0.056 | FG12: 0.11092933 | FH12: 0.054 | FI12: 0.099377333 | FJ12: 0.083170667 | FK12: 0.119635 | FL12: 0.067539 | FM12: 0.130604 | FN12: 0.150117 | FO12: 0.054 | FP12: 0.079782667 | FQ12: 0.049 | FR12: 0.075236667 | FS12: 0.047 | FT12: 0.048 | FU12: 0.029 | FV12: 0.199932 | FW12: 0.100826 | FX12: 0.19962167 | FY12: 0.055 | FZ12: 0.37059733 | GA12: 0.038 | GB12: 0.14570733 | GC12: 0.054 | GD12: 0.15581133 | GE12: 0.21054667 | GF12: 0.156448 | GG12: 0.28303733 | GH12: 0.26215667 | GI12: 0.047 | GJ12: 0.14224 | GK12: 0.081337333 | GL12: 0.052 | GM12: 0.055 | GN12: 0.057 | GO12: 0.23088133 | GP12: 0.20922667 | GQ12: 0.061 | GR12: 0.086024 | GS12: 0.23236067 | GT12: 0.049 | GU12: 0.056 | GV12: 0.10852847 | GW12: 0.21339267 | GX12: 0.074194667 | GY12: 0.056 | GZ12: 0.19055267 | HA12: 0.284864 | HB12: 0.068098333 | HC12: 0.21311333 | HD12: 0.16604 | HE12: 0.048 | HF12: 0.190061 | HG12: 0.20755467 | HH12: 0.060951 | HI12: 0.046 | HJ12: 0.05 | HK12: 0.117342 | HL12: 0.064317 | HM12: 0.042 | HN12: 0.184163 | HO12: 0.126776 | HP12: 0.067736667 | HQ12: 0.220458 | HR12: 0.177114 | HS12: 0.188088 | HT12: 0.05 | HU12: 0.18308167 | HV12: 0.16262667 | HW12: 0.109755 | HX12: 0.20436667 | HY12: 0.080426667 | HZ12: 0.11209667 | IA12: 0.053 | IB12: 0.037 | IC12: 0.084783333 | ID12: 0.042 | IE12: 0.203053 | IF12: 0.057 | IG12: 0.05 | IH12: 0.053 | II12: 0.24766433 | IJ12: 0.143334 | IK12: 0.13355967 | IL12: 0.058 | IM12: 0.14351433 | IN12: 0.054 | IO12: 0.048 | IP12: 0.14083633 | IQ12: 0.29619867 | IR12: 0.055 | IS12: 0.190981 | IT12: 0.11277533 | IU12: 0.227718 | IV12: 0.07731 | IW12: 0.13402667 | IX12: 0.056 | IY12: 0.20877733 | IZ12: 0.108888 | JA12: 0.114416 | JB12: 0.10539 | JC12: 0.068868 | JD12: 0.10737 | JE12: 0.11873846 | JF12: 31.109478
A13: 12 | B13: 5.5 | C13: 0.196822 | D13: 0.20398233 | E13: 0.058 | F13: 0.293432 | G13: 0.143986 | H13: 0.087152 | I13: 0.127284 | J13: 0.069364 | K13: 0.048 | L13: 0.07797 | M13: 0.051 | N13: 0.048 | O13: 0.17359333 | P13: 0.19982 | Q13: 0.10310333 | R13: 0.06 | S13: 0.301506 | T13: 0.038 | U13: 0.057 | V13: 0.22769667 | W13: 0.129584 | X13: 0.055860333 | Y13: 0.136434 | Z13: 0.035 | AA13: 0.093933333 | AB13: 0.086905333 | AC13: 0.112459 | AD13: 0.19940133 | AE13: 0.052 | AF13: 0.033188 | AG13: 0.053 | AH13: 0.043 | AI13: 0.13440667 | AJ13: 0.10922667 | AK13: 0.14817733 | AL13: 0.140132 | AM13: 0.039 | AN13: 0.049 | AO13: 0.042 | AP13: 0.041 | AQ13: 0.044 | AR13: 0.10438933 | AS13: 0.052 | AT13: 0.080028 | AU13: 0.054 | AV13: 0.203239 | AW13: 0.275127 | AX13: 0.126562 | AY13: 0.051 | AZ13: 0.15063567 | BA13: 0.084959 | BB13: 0.200065 | BC13: 0.05 | BD13: 0.057 | BE13: 0.053 | BF13: 0.051 | BG13: 0.083274 | BH13: 0.052 | BI13: 0.056 | BJ13: 0.036 | BK13: 0.089193333 | BL13: 0.15933 | BM13: 0.17282133 | BN13: 0.12787533 | BO13: 0.28208833 | BP13: 0.18582667 | BQ13: 0.10909333 | BR13: 0.18287 | BS13: 0.031 | BT13: 0.12771 | BU13: 0.061 | BV13: 0.064634 | BW13: 0.080582867 | BX13: 0.048 | BY13: 0.29794533 | BZ13: 0.167144 | CA13: 0.049 | CB13: 0.053 | CC13: 0.048 | CD13: 0.05 | CE13: 0.097111 | CF13: 0.058 | CG13: 0.23540827 | CH13: 0.23349667 | CI13: 0.096575667 | CJ13: 0.13825267 | CK13: 0.21875333 | CL13: 0.05 | CM13: 0.069966667 | CN13: 0.041 | CO13: 0.16631533 | CP13: 0.096199333 | CQ13: 0.052 | CR13: 0.053 | CS13: 0.039 | CT13: 0.042 | CU13: 0.14582333 | CV13: 0.15601333 | CW13: 0.17231 | CX13: 0.124808 | CY13: 0.063014 | CZ13: 0.10939333 | DA13: 0.036 | DB13: 0.08146 | DC13: 0.078944 | DD13: 0.269413 | DE13: 0.112978 | DF13: 0.055 | DG13: 0.053 | DH13: 0.196076 | DI13: 0.157921 | DJ13: 0.057 | DK13: 0.041 | DL13: 0.29658293 | DM13: 0.199526 | DN13: 0.211898 | DO13: 0.059 | DP13: 0.22558267 | DQ13: 0.056 | DR13: 0.052 | DS13: 0.048 | DT13: 0.048 | DU13: 0.219325 | DV13: 0.056 | DW13: 0.13897333 | DX13: 0.269482 | DY13: 0.244432 | DZ13: 0.244213 | EA13: 0.22279767 | EB13: 0.053 | EC13: 0.046 | ED13: 0.11741 | EE13: 0.14607133 | EF13: 0.27033533 | EG13: 0.054 | EH13: 0.16948667 | EI13: 0.047 | EJ13: 0.052 | EK13: 0.047 | EL13: 0.13793733 | EM13: 0.05 | EN13: 0.057182 | EO13: 0.056 | EP13: 0.049 | EQ13: 0.039 | ER13: 0.058 | ES13: 0.188712 | ET13: 0.054 | EU13: 0.04 | EV13: 0.27711333 | EW13: 0.1474 | EX13: 0.19701267 | EY13: 0.052 | EZ13: 0.057 | FA13: 0.076398 | FB13: 0.052 | FC13: 0.106012 | FD13: 0.13225133 | FE13: 0.14617133 | FF13: 0.19017167 | FG13: 0.046054667 | FH13: 0.10339667 | FI13: 0.046 | FJ13: 0.16967 | FK13: 0.058 | FL13: 0.049 | FM13: 0.05 | FN13: 0.204011 | FO13: 0.16402133 | FP13: 0.294198 | FQ13: 0.29355343 | FR13: 0.24637133 | FS13: 0.20845067 | FT13: 0.048 | FU13: 0.029 | FV13: 0.048 | FW13: 0.15347667 | FX13: 0.10475733 | FY13: 0.130144 | FZ13: 0.064378667 | GA13: 0.13859 | GB13: 0.17421333 | GC13: 0.063435333 | GD13: 0.046 | GE13: 0.146 | GF13: 0.24933467 | GG13: 0.059895333 | GH13: 0.14516767 | GI13: 0.201642 | GJ13: 0.19283667 | GK13: 0.057834333 | GL13: 0.300562 | GM13: 0.10007767 | GN13: 0.234254 | GO13: 0.049 | GP13: 0.23270667 | GQ13: 0.109604 | GR13: 0.044 | GS13: 0.051 | GT13: 0.049 | GU13: 0.22707933 | GV13: 1.6839243 | GW13: 0.118465 | GX13: 0.28948067 | GY13: 0.056 | GZ13: 0.418438 | HA13: 0.109212 | HB13: 0.25633567 | HC13: 0.27591267 | HD13: 0.048 | HE13: 0.11356367 | HF13: 0.058574333 | HG13: 0.164311 | HH13: 0.076923 | HI13: 0.046 | HJ13: 0.05 | HK13: 0.054 | HL13: 0.057878 | HM13: 0.079323333 | HN13: 0.193364 | HO13: 0.219842 | HP13: 0.18236667 | HQ13: 0.105984 | HR13: 0.125886 | HS13: 0.14905333 | HT13: 0.203714 | HU13: 0.099770333 | HV13: 0.13232733 | HW13: 0.054 | HX13: 0.06 | HY13: 0.072541333 | HZ13: 0.10117 | IA13: 0.055153333 | IB13: 0.037 | IC13: 0.076426667 | ID13: 0.14893333 | IE13: 0.05 | IF13: 0.057 | IG13: 0.05 | IH13: 0.053 | II13: 0.22749033 | IJ13: 0.054 | IK13: 0.137779 | IL13: 0.19982467 | IM13: 0.110323 | IN13: 0.25603367 | IO13: 0.093030333 | IP13: 0.180754 | IQ13: 0.060466 | IR13: 0.055 | IS13: 0.10263767 | IT13: 0.100998 | IU13: 0.16903433 | IV13: 0.044 | IW13: 0.174352 | IX13: 0.063980667 | IY13: 0.132966 | IZ13: 0.055 | JA13: 0.21529333 | JB13: 0.068112333 | JC13: 0.093736 | JD13: 0.42596153 | JE13: 0.12401865 | JF13: 32.492887
... A49: 48 | B49: 23.5 | C49: 0.1745 | D49: 0.052 | E49: 0.30012467 | F49: 0.093003333 | G49: 0.834753 | H49: 0.056794667 | I49: 0.099481667 | J49: 0.89127767 | K49: 0.25186467 | L49: 0.16188 | M49: 0.069477 | N49: 0.048 | O49: 0.33091133 | P49: 0.34022267 | Q49: 0.47514267 | R49: 0.081466 | S49: 0.21042567 | T49: 0.038 | U49: 0.384295 | V49: 0.677581 | W49: 0.20230667 | X49: 0.400748 | Y49: 0.51222567 | Z49: 0.035 | AA49: 0.054 | AB49: 0.82174367 | AC49: 0.27914433 | AD49: 0.83821533 | AE49: 0.24085267 | AF49: 0.24531267 | AG49: 0.053 | AH49: 0.043 | AI49: 0.13769167 | AJ49: 0.047 | AK49: 0.058598667 | AL49: 0.557372 | AM49: 0.110448 | AN49: 0.049 | AO49: 0.83387733 | AP49: 0.25144533 | AQ49: 0.091374433 | AR49: 0.46440067 | AS49: 0.16481333 | AT49: 0.089037333 | AU49: 0.371918 | AV49: 0.191802 | AW49: 0.071318 | AX49: 0.049 | AY49: 0.051 | AZ49: 0.142356 | BA49: 0.090812333 | BB49: 0.051 | BC49: 0.107673 | BD49: 0.057 | BE49: 0.19147667 | BF49: 0.15260533 | BG49: 0.21166 | BH49: 0.10654067 | BI49: 0.10602333 | BJ49: 0.036 | BK49: 0.22480667 | BL49: 0.65072633 | BM49: 0.69214967 | BN49: 0.054 | BO49: 0.53206767 | BP49: 0.054556667 | BQ49: 0.20187 | BR49: 0.10803333 | BS49: 0.14353333 | BT49: 0.151023 | BU49: 0.16529533 | BV49: 0.626335 | BW49: 0.068025333 | BX49: 0.048 | BY49: 0.647131 | BZ49: 0.55700967 | CA49: 0.186949 | CB49: 0.33791067 | CC49: 0.048 | CD49: 0.34082667 | CE49: 0.055 | CF49: 0.058 | CG49: 0.131525 | CH49: 0.17278 | CI49: 0.70403333 | CJ49: 0.13825267 | CK49: 0.44712333 | CL49: 0.0579092 | CM49: 0.054 | CN49: 0.041 | CO49: 0.059 | CP49: 0.44195533 | CQ49: 0.27930767 | CR49: 0.131294 | CS49: 0.27924367 | CT49: 0.3368 | CU49: 0.04 | CV49: 0.32344133 | CW49: 0.158104 | CX49: 0.062 | CY49: 0.17507933 | CZ49: 0.047 | DA49: 0.274914 | DB49: 0.208824 | DC49: 0.56489067 | DD49: 0.2953 | DE49: 0.052163 | DF49: 0.11817967 | DG49: 0.053 | DH49: 0.22233667 | DI49: 0.66742733 | DJ49: 0.057 | DK49: 0.15115133 | DL49: 0.17213533 | DM49: 0.75672767 | DN49: 0.204539 | DO49: 0.23638 | DP49: 0.17851467 | DQ49: 0.62400733 | DR49: 0.052 | DS49: 0.51275033 | DT49: 0.086183333 | DU49: 0.32326827 | DV49: 0.160694 | DW49: 0.34582067 | DX49: 0.641476 | DY49: 0.19442233 | DZ49: 0.13603467 | EA49: 0.052 | EB49: 0.12804727 | EC49: 0.080879667 | ED49: 0.055427333 | EE49: 0.11225933 | EF49: 0.055 | EG49: 0.42389267 | EH49: 0.29835467 | EI49: 0.047 | EJ49: 0.21089067 | EK49: 0.343178 | EL49: 0.180508 | EM49: 0.05 | EN49: 0.32815733 | EO49: 0.48597733 | EP49: 0.3624 | EQ49: 0.087636 | ER49: 0.058 | ES49: 0.294796 | ET49: 0.191898 | EU49: 0.19912 | EV49: 0.496065 | EW49: 0.12912 | EX49: 0.54794 | EY49: 0.40925667 | EZ49: 0.057 | FA49: 0.32027267 | FB49: 0.141492 | FC49: 0.047668667 | FD49: 0.17880267 | FE49: 0.93216067 | FF49: 0.077185 | FG49: 0.086601333 | FH49: 0.061056667 | FI49: 0.72522333 | FJ49: 0.32139467 | FK49: 0.058 | FL49: 0.067539 | FM49: 0.058956 | FN49: 0.27854067 | FO49: 0.70146533 | FP49: 0.164163 | FQ49: 0.049 | FR49: 0.22013133 | FS49: 0.179096 | FT49: 0.048 | FU49: 0.029 | FV49: 0.25321467 | FW49: 0.15347667 | FX49: 0.23036867 | FY49: 0.063349333 | FZ49: 0.055263333 | GA49: 0.038 | GB49: 0.569352 | GC49: 0.124765 | GD49: 0.60101867 | GE49: 0.058 | GF49: 0.046 | GG49: 0.29528867 | GH49: 0.19280967 | GI49: 0.047 | GJ49: 0.218369 | GK49: 0.05 | GL49: 0.22821533 | GM49: 0.055 | GN49: 0.75318767 | GO49: 0.82993433 | GP49: 0.23543867 | GQ49: 0.077201333 | GR49: 0.072016 | GS49: 0.11694933 | GT49: 0.049 | GU49: 0.056 | GV49: 0.244483 | GW49: 0.069399333 | GX49: 0.22456467 | GY49: 0.34059167 | GZ49: 0.16806967 | HA49: 0.93791933 | HB49: 0.175948 | HC49: 0.175726 | HD49: 0.048 | HE49: 0.16720667 | HF49: 0.187486 | HG49: 0.13382667 | HH49: 0.033 | HI49: 0.224103 | HJ49: 0.72988033 | HK49: 0.08919 | HL49: 0.073768 | HM49: 0.109182 | HN49: 0.14942233 | HO49: 1.4054943 | HP49: 0.17102967 | HQ49: 0.99138267 | HR49: 0.233365 | HS49: 0.676671 | HT49: 0.57235933 | HU49: 0.1793338 | HV49: 0.193012 | HW49: 0.093825 | HX49: 0.521636 | HY49: 0.041 | HZ49: 0.0705 | IA49: 0.16086333 | IB49: 0.63889867 | IC49: 0.043 | ID49: 0.16898333 | IE49: 0.79447 | IF49: 0.123171 | IG49: 0.05 | IH49: 0.062673067 | II49: 0.14419 | IJ49: 0.64568333 | IK49: 0.453289 | IL49: 0.13521967 | IM49: 0.056270333 | IN49: 0.13027667 | IO49: 1.07742 | IP49: 0.049 | IQ49: 0.18702833 | IR49: 0.055 | IS49: 0.15463133 | IT49: 0.083332 | IU49: 0.179165 | IV49: 0.170578 | IW49: 0.341762 | IX49: 0.056 | IY49: 0.082141333 | IZ49: 0.11786933 | JA49: 0.20709067 | JB49: 0.113309 | JC49: 0.044 | JD49: 0.051792 | JE49: 0.24186827 | JF49: 63.369487

Sheet PV_kW
A1: period | B1: hour | C1: BES_TR6_one38_B | D1: BES_TR6_one242_B | E1: BES_TR6_one252_C | F1: BES_TR6_one260_C | G1: BES_TR6_one280_A | H1: BES_TR6_one287_B | I1: BES_TR6_one299_B | J1: BES_TR6_one313_A | K1: BES_TR6_one320_B | L1: BES_TR6_one346_C | M1: BES_TR6_one416_C | N1: BES_TR6_one446_B | O1: BES_TR6_one477_A | P1: BES_TR6_one480_A | Q1: BES_TR6_one482_B | R1: BES_TR6_one521_C | S1: BES_TR6_one537_A | T1: BES_TR6_one559_C | U1: BES_TR6_one570_B | V1: BES_TR6_one590_A | W1: BES_TR6_one605_A | X1: BES_TR6_one614_B | Y1: BES_TR6_one73_A | Z1: BES_TR6_one76_A | AA1: BES_TR6_one137_A | AB1: BES_TR6_one176_A | AC1: BES_TR6_four149_B | AD1: BES_TR6_four163_C | AE1: BES_TR6_four171_A | AF1: BES_TR6_four184_B | AG1: BES_TR6_four200_A | AH1: BES_TR6_four239_A | AI1: BES_TR6_four259_B | AJ1: BES_TR6_four288_B | AK1: BES_TR6_four289_B | AL1: BES_TR6_four301_C | AM1: BES_TR6_four317_B | AN1: BES_TR6_four354_B | AO1: BES_TR6_four358_C | AP1: BES_TR6_four65_B | AQ1: BES_TR6_four384_B | AR1: BES_TR6_four385_A | AS1: BES_TR6_four396_B | AT1: BES_TR6_four423_C | AU1: BES_TR6_four446_B | AV1: BES_TR6_four451_C | AW1: BES_TR6_four466_C | AX1: BES_TR6_four558_C | AY1: BES_TR6_four70_B | AZ1: BES_TR6_four573_A | BA1: BES_TR6_four664_A | BB1: BES_TR6_four675_C | BC1: BES_TR6_four710_C | BD1: BES_TR6_four727_B | BE1: BES_TR6_four732_B | BF1: BES_TR6_four818_B | BG1: BES_TR6_four821_A | BH1: BES_TR6_four832_A | BI1: BES_TR6_four840_A | BJ1: BES_TR6_four957_A | BK1: BES_TR6_four978_A | BL1: BES_TR6_four988_A | BM1: BES_TR6_four1013_B | BN1: BES_TR6_four1027_A | BO1: BES_TR6_four1063_C | BP1: BES_TR6_four1103_C | BQ1: BES_TR6_four1140_A | BR1: BES_TR6_four1152_B | BS1: BES_TR6_four1220_C | BT1: BES_TR6_five147_dup_C | BU1: BES_TR6_five149_A | BV1: BES_TR6_five168_A | BW1: BES_TR6_five170_A | BX1: BES_TR6_five170_dup_A | BY1: BES_TR6_five186_C | BZ1: BES_TR6_five186_dup_C | CA1: BES_TR6_five194_C | CB1: BES_TR6_five199_dup_C | CC1: BES_TR6_five67_C | CD1: BES_TR6_five67_dup_C | CE1: BES_TR6_five223_A | CF1: BES_TR6_five223_dup_A | CG1: BES_TR6_five242_dup_A | CH1: BES_TR6_five243_B | CI1: BES_TR6_five243_dup_B | CJ1: BES_TR6_five284_C | CK1: BES_TR6_five284_dup_C | CL1: BES_TR6_five285_B | CM1: BES_TR6_five285_dup_B | CN1: BES_TR6_five303_B | CO1: BES_TR6_five78_A | CP1: BES_TR6_five78_dup_A | CQ1: BES_TR6_five394_C | CR1: BES_TR6_five394_dup_C | CS1: BES_TR6_five421_A | CT1: BES_TR6_five445_dup_C | CU1: BES_TR6_five457_B | CV1: BES_TR6_five494_B | CW1: BES_TR6_five499_B | CX1: BES_TR6_five92_dup_A | CY1: BES_TR6_five512_dup_A | CZ1: BES_TR6_five513_B | DA1: BES_TR6_five513_dup_B | DB1: BES_TR6_five520_C | DC1: BES_TR6_five520_dup_C | DD1: BES_TR6_five537_C | DE1: BES_TR6_five537_dup_C | DF1: BES_TR6_five551_C | DG1: BES_TR6_five585_A | DH1: BES_TR6_five588_dup_A | DI1: BES_TR6_five108_dup_B | DJ1: BES_TR6_five649_A | DK1: BES_TR6_five663_C | DL1: BES_TR6_five663_dup_C | DM1: BES_TR6_five670_dup_C | DN1: BES_TR6_five704_A | DO1: BES_TR6_five733_C | DP1: BES_TR6_five735_A | DQ1: BES_TR6_five735_dup_A | DR1: BES_TR6_five748_B | DS1: BES_TR6_five117_dup_B | DT1: BES_TR6_five750_B | DU1: BES_TR6_five778_dup_B | DV1: BES_TR6_five793_A | DW1: BES_TR6_five881_C | DX1: BES_TR6_five905_B | DY1: BES_TR6_five118_B | DZ1: BES_TR6_five118_dup_B | EA1: BES_TR6_five123_B | EB1: BES_TR6_five123_dup_B | EC1: BES_TR6_five129_C | ED1: BES_TR6_six64_A | EE1: BES_TR6_six64_dup_A | EF1: BES_TR6_six154_dup_C | EG1: BES_TR6_six154_tri_C | EH1: BES_TR6_six173_C | EI1: BES_TR6_six173_dup_C | EJ1: BES_TR6_six191_B | EK1: BES_TR6_six191_dup_B | EL1: BES_TR6_six203_A | EM1: BES_TR6_six203_dup_A | EN1: BES_TR6_six203_tri_A | EO1: BES_TR6_six232_C | EP1: BES_TR6_six238_A | EQ1: BES_TR6_six238_tri_A | ER1: BES_TR6_six249_dup_B | ES1: BES_TR6_six269_tri_C | ET1: BES_TR6_six68_C | EU1: BES_TR6_six68_dup_C | EV1: BES_TR6_six68_tri_C | EW1: BES_TR6_six289_C | EX1: BES_TR6_six289_tri_C | EY1: BES_TR6_six317_dup_C | EZ1: BES_TR6_six317_tri_C | FA1: BES_TR6_six326_tri_A | FB1: BES_TR6_six329_A | FC1: BES_TR6_six329_tri_A | FD1: BES_TR6_six342_A | FE1: BES_TR6_six349_dup_A | FF1: BES_TR6_six349_tri_A | FG1: BES_TR6_six350_dup_B | FH1: BES_TR6_six350_tri_B | FI1: BES_TR6_six362_tri_C | FJ1: BES_TR6_six365_tri_C | FK1: BES_TR6_six378_dup_A | FL1: BES_TR6_six378_tri_A | FM1: BES_TR6_six75_tri_A | FN1: BES_TR6_six385_B | FO1: BES_TR6_six385_tri_B | FP1: BES_TR6_six387_dup_A | FQ1: BES_TR6_six392_C | FR1: BES_TR6_six410_tri_A | FS1: BES_TR6_six431_dup_C | FT1: BES_TR6_six431_tri_C | FU1: BES_TR6_six441_dup_A | FV1: BES_TR6_six441_tri_A | FW1: BES_TR6_six484_dup_B | FX1: BES_TR6_six501_dup_A | FY1: BES_TR6_six512_dup_B | FZ1: BES_TR6_six512_tri_B | GA1: BES_TR6_six82_A | GB1: BES_TR6_six82_dup_A | GC1: BES_TR6_six523_dup_C | GD1: BES_TR6_six571_C | GE1: BES_TR6_six571_tri_C | GF1: BES_TR6_six583_dup_A | GG1: BES_TR6_six591_C | GH1: BES_TR6_six591_dup_C | GI1: BES_TR6_six595_tri_B | GJ1: BES_TR6_six625_A | GK1: BES_TR6_six643_A | GL1: BES_TR6_six646_B | GM1: BES_TR6_six646_dup_B | GN1: BES_TR6_six651_dup_C | GO1: BES_TR6_six651_tri_C | GP1: BES_TR6_six87_dup_A | GQ1: BES_TR6_six652_dup_A | GR1: BES_TR6_six652_tri_A | GS1: BES_TR6_six665_tri_B | GT1: BES_TR6_six667_A | GU1: BES_TR6_six667_tri_A | GV1: BES_TR6_six699_C | GW1: BES_TR6_six699_dup_C | GX1: BES_TR6_six699_tri_C | GY1: BES_TR6_six721_A | GZ1: BES_TR6_six723_B | HA1: BES_TR6_six723_dup_B | HB1: BES_TR6_six740_A | HC1: BES_TR6_six740_dup_A | HD1: BES_TR6_six740_tri_A | HE1: BES_TR6_six758_B | HF1: BES_TR6_six758_dup_B | HG1: BES_TR6_six784_dup_B | HH1: BES_TR6_six784_tri_B | HI1: BES_TR6_six90_B | HJ1: BES_TR6_six90_dup_B | HK1: BES_TR6_six799_tri_B | HL1: BES_TR6_six801_C | HM1: BES_TR6_six801_dup_C | HN1: BES_TR6_six801_tri_C | HO1: BES_TR6_six807_A | HP1: BES_TR6_six844_C | HQ1: BES_TR6_six844_dup_C | HR1: BES_TR6_six844_tri_C | HS1: BES_TR6_six852_B | HT1: BES_TR6_six860_C | HU1: BES_TR6_six860_dup_C | HV1: BES_TR6_six869_C | HW1: BES_TR6_six869_tri_C | HX1: BES_TR6_six885_A | HY1: BES_TR6_six885_tri_A | HZ1: BES_TR6_six894_B | IA1: BES_TR6_six894_tri_B | IB1: BES_TR6_six105_dup_A | IC1: BES_TR6_six105_tri_A | ID1: BES_TR6_six914_A | IE1: BES_TR6_six914_tri_A | IF1: BES_TR6_six921_B | IG1: BES_TR6_six929_tri_A | IH1: BES_TR6_six938_dup_A | II1: BES_TR6_six938_tri_A | IJ1: BES_TR6_six945_dup_C | IK1: BES_TR6_six952_A | IL1: BES_TR6_six952_dup_A | IM1: BES_TR6_six967_B | IN1: BES_TR6_six967_tri_B | IO1: BES_TR6_six974_dup_C | IP1: BES_TR6_six974_tri_C | IQ1: BES_TR6_six979_A | IR1: BES_TR6_six990_B | IS1: BES_TR6_six990_dup_B | IT1: BES_TR6_six990_tri_B | IU1: BES_TR6_six111_dup_C | IV1: BES_TR6_six111_tri_C | IW1: BES_TR6_six1006_C | IX1: BES_TR6_six1006_dup_C | IY1: BES_TR6_six1020_A | IZ1: BES_TR6_six1020_dup_A | JA1: BES_TR6_six1020_tri_A | JB1: BES_TR6_six1025_B | JC1: BES_TR6_six1064_C | JD1: BES_TR6_six1064_tri_C | JE1: fleet_average | JF1: fleet_total
A2: 1 | B2: 0 | C2: 0 | D2: 0 | E2: 0 | F2: 0 | G2: 0 | H2: 0 | I2: 0 | J2: 0 | K2: 0 | L2: 0 | M2: 0 | N2: 0 | O2: 0 | P2: 0 | Q2: 0 | R2: 0 | S2: 0 | T2: 0 | U2: 0 | V2: 0 | W2: 0 | X2: 0 | Y2: 0 | Z2: 0 | AA2: 0 | AB2: 0 | AC2: 0 | AD2: 0 | AE2: 0 | AF2: 0 | AG2: 0 | AH2: 0 | AI2: 0 | AJ2: 0 | AK2: 0 | AL2: 0 | AM2: 0 | AN2: 0 | AO2: 0 | AP2: 0 | AQ2: 0 | AR2: 0 | AS2: 0 | AT2: 0 | AU2: 0 | AV2: 0 | AW2: 0 | AX2: 0 | AY2: 0 | AZ2: 0 | BA2: 0 | BB2: 0 | BC2: 0 | BD2: 0 | BE2: 0 | BF2: 0 | BG2: 0 | BH2: 0 | BI2: 0 | BJ2: 0 | BK2: 0 | BL2: 0 | BM2: 0 | BN2: 0 | BO2: 0 | BP2: 0 | BQ2: 0 | BR2: 0 | BS2: 0 | BT2: 0 | BU2: 0 | BV2: 0 | BW2: 0 | BX2: 0 | BY2: 0 | BZ2: 0 | CA2: 0 | CB2: 0 | CC2: 0 | CD2: 0 | CE2: 0 | CF2: 0 | CG2: 0 | CH2: 0 | CI2: 0 | CJ2: 0 | CK2: 0 | CL2: 0 | CM2: 0 | CN2: 0 | CO2: 0 | CP2: 0 | CQ2: 0 | CR2: 0 | CS2: 0 | CT2: 0 | CU2: 0 | CV2: 0 | CW2: 0 | CX2: 0 | CY2: 0 | CZ2: 0 | DA2: 0 | DB2: 0 | DC2: 0 | DD2: 0 | DE2: 0 | DF2: 0 | DG2: 0 | DH2: 0 | DI2: 0 | DJ2: 0 | DK2: 0 | DL2: 0 | DM2: 0 | DN2: 0 | DO2: 0 | DP2: 0 | DQ2: 0 | DR2: 0 | DS2: 0 | DT2: 0 | DU2: 0 | DV2: 0 | DW2: 0 | DX2: 0 | DY2: 0 | DZ2: 0 | EA2: 0 | EB2: 0 | EC2: 0 | ED2: 0 | EE2: 0 | EF2: 0 | EG2: 0 | EH2: 0 | EI2: 0 | EJ2: 0 | EK2: 0 | EL2: 0 | EM2: 0 | EN2: 0 | EO2: 0 | EP2: 0 | EQ2: 0 | ER2: 0 | ES2: 0 | ET2: 0 | EU2: 0 | EV2: 0 | EW2: 0 | EX2: 0 | EY2: 0 | EZ2: 0 | FA2: 0 | FB2: 0 | FC2: 0 | FD2: 0 | FE2: 0 | FF2: 0 | FG2: 0 | FH2: 0 | FI2: 0 | FJ2: 0 | FK2: 0 | FL2: 0 | FM2: 0 | FN2: 0 | FO2: 0 | FP2: 0 | FQ2: 0 | FR2: 0 | FS2: 0 | FT2: 0 | FU2: 0 | FV2: 0 | FW2: 0 | FX2: 0 | FY2: 0 | FZ2: 0 | GA2: 0 | GB2: 0 | GC2: 0 | GD2: 0 | GE2: 0 | GF2: 0 | GG2: 0 | GH2: 0 | GI2: 0 | GJ2: 0 | GK2: 0 | GL2: 0 | GM2: 0 | GN2: 0 | GO2: 0 | GP2: 0 | GQ2: 0 | GR2: 0 | GS2: 0 | GT2: 0 | GU2: 0 | GV2: 0 | GW2: 0 | GX2: 0 | GY2: 0 | GZ2: 0 | HA2: 0 | HB2: 0 | HC2: 0 | HD2: 0 | HE2: 0 | HF2: 0 | HG2: 0 | HH2: 0 | HI2: 0 | HJ2: 0 | HK2: 0 | HL2: 0 | HM2: 0 | HN2: 0 | HO2: 0 | HP2: 0 | HQ2: 0 | HR2: 0 | HS2: 0 | HT2: 0 | HU2: 0 | HV2: 0 | HW2: 0 | HX2: 0 | HY2: 0 | HZ2: 0 | IA2: 0 | IB2: 0 | IC2: 0 | ID2: 0 | IE2: 0 | IF2: 0 | IG2: 0 | IH2: 0 | II2: 0 | IJ2: 0 | IK2: 0 | IL2: 0 | IM2: 0 | IN2: 0 | IO2: 0 | IP2: 0 | IQ2: 0 | IR2: 0 | IS2: 0 | IT2: 0 | IU2: 0 | IV2: 0 | IW2: 0 | IX2: 0 | IY2: 0 | IZ2: 0 | JA2: 0 | JB2: 0 | JC2: 0 | JD2: 0 | JE2: 0 | JF2: 0
A3: 2 | B3: 0.5 | C3: 0 | D3: 0 | E3: 0 | F3: 0 | G3: 0 | H3: 0 | I3: 0 | J3: 0 | K3: 0 | L3: 0 | M3: 0 | N3: 0 | O3: 0 | P3: 0 | Q3: 0 | R3: 0 | S3: 0 | T3: 0 | U3: 0 | V3: 0 | W3: 0 | X3: 0 | Y3: 0 | Z3: 0 | AA3: 0 | AB3: 0 | AC3: 0 | AD3: 0 | AE3: 0 | AF3: 0 | AG3: 0 | AH3: 0 | AI3: 0 | AJ3: 0 | AK3: 0 | AL3: 0 | AM3: 0 | AN3: 0 | AO3: 0 | AP3: 0 | AQ3: 0 | AR3: 0 | AS3: 0 | AT3: 0 | AU3: 0 | AV3: 0 | AW3: 0 | AX3: 0 | AY3: 0 | AZ3: 0 | BA3: 0 | BB3: 0 | BC3: 0 | BD3: 0 | BE3: 0 | BF3: 0 | BG3: 0 | BH3: 0 | BI3: 0 | BJ3: 0 | BK3: 0 | BL3: 0 | BM3: 0 | BN3: 0 | BO3: 0 | BP3: 0 | BQ3: 0 | BR3: 0 | BS3: 0 | BT3: 0 | BU3: 0 | BV3: 0 | BW3: 0 | BX3: 0 | BY3: 0 | BZ3: 0 | CA3: 0 | CB3: 0 | CC3: 0 | CD3: 0 | CE3: 0 | CF3: 0 | CG3: 0 | CH3: 0 | CI3: 0 | CJ3: 0 | CK3: 0 | CL3: 0 | CM3: 0 | CN3: 0 | CO3: 0 | CP3: 0 | CQ3: 0 | CR3: 0 | CS3: 0 | CT3: 0 | CU3: 0 | CV3: 0 | CW3: 0 | CX3: 0 | CY3: 0 | CZ3: 0 | DA3: 0 | DB3: 0 | DC3: 0 | DD3: 0 | DE3: 0 | DF3: 0 | DG3: 0 | DH3: 0 | DI3: 0 | DJ3: 0 | DK3: 0 | DL3: 0 | DM3: 0 | DN3: 0 | DO3: 0 | DP3: 0 | DQ3: 0 | DR3: 0 | DS3: 0 | DT3: 0 | DU3: 0 | DV3: 0 | DW3: 0 | DX3: 0 | DY3: 0 | DZ3: 0 | EA3: 0 | EB3: 0 | EC3: 0 | ED3: 0 | EE3: 0 | EF3: 0 | EG3: 0 | EH3: 0 | EI3: 0 | EJ3: 0 | EK3: 0 | EL3: 0 | EM3: 0 | EN3: 0 | EO3: 0 | EP3: 0 | EQ3: 0 | ER3: 0 | ES3: 0 | ET3: 0 | EU3: 0 | EV3: 0 | EW3: 0 | EX3: 0 | EY3: 0 | EZ3: 0 | FA3: 0 | FB3: 0 | FC3: 0 | FD3: 0 | FE3: 0 | FF3: 0 | FG3: 0 | FH3: 0 | FI3: 0 | FJ3: 0 | FK3: 0 | FL3: 0 | FM3: 0 | FN3: 0 | FO3: 0 | FP3: 0 | FQ3: 0 | FR3: 0 | FS3: 0 | FT3: 0 | FU3: 0 | FV3: 0 | FW3: 0 | FX3: 0 | FY3: 0 | FZ3: 0 | GA3: 0 | GB3: 0 | GC3: 0 | GD3: 0 | GE3: 0 | GF3: 0 | GG3: 0 | GH3: 0 | GI3: 0 | GJ3: 0 | GK3: 0 | GL3: 0 | GM3: 0 | GN3: 0 | GO3: 0 | GP3: 0 | GQ3: 0 | GR3: 0 | GS3: 0 | GT3: 0 | GU3: 0 | GV3: 0 | GW3: 0 | GX3: 0 | GY3: 0 | GZ3: 0 | HA3: 0 | HB3: 0 | HC3: 0 | HD3: 0 | HE3: 0 | HF3: 0 | HG3: 0 | HH3: 0 | HI3: 0 | HJ3: 0 | HK3: 0 | HL3: 0 | HM3: 0 | HN3: 0 | HO3: 0 | HP3: 0 | HQ3: 0 | HR3: 0 | HS3: 0 | HT3: 0 | HU3: 0 | HV3: 0 | HW3: 0 | HX3: 0 | HY3: 0 | HZ3: 0 | IA3: 0 | IB3: 0 | IC3: 0 | ID3: 0 | IE3: 0 | IF3: 0 | IG3: 0 | IH3: 0 | II3: 0 | IJ3: 0 | IK3: 0 | IL3: 0 | IM3: 0 | IN3: 0 | IO3: 0 | IP3: 0 | IQ3: 0 | IR3: 0 | IS3: 0 | IT3: 0 | IU3: 0 | IV3: 0 | IW3: 0 | IX3: 0 | IY3: 0 | IZ3: 0 | JA3: 0 | JB3: 0 | JC3: 0 | JD3: 0 | JE3: 0 | JF3: 0
A4: 3 | B4: 1 | C4: 0 | D4: 0 | E4: 0 | F4: 0 | G4: 0 | H4: 0 | I4: 0 | J4: 0 | K4: 0 | L4: 0 | M4: 0 | N4: 0 | O4: 0 | P4: 0 | Q4: 0 | R4: 0 | S4: 0 | T4: 0 | U4: 0 | V4: 0 | W4: 0 | X4: 0 | Y4: 0 | Z4: 0 | AA4: 0 | AB4: 0 | AC4: 0 | AD4: 0 | AE4: 0 | AF4: 0 | AG4: 0 | AH4: 0 | AI4: 0 | AJ4: 0 | AK4: 0 | AL4: 0 | AM4: 0 | AN4: 0 | AO4: 0 | AP4: 0 | AQ4: 0 | AR4: 0 | AS4: 0 | AT4: 0 | AU4: 0 | AV4: 0 | AW4: 0 | AX4: 0 | AY4: 0 | AZ4: 0 | BA4: 0 | BB4: 0 | BC4: 0 | BD4: 0 | BE4: 0 | BF4: 0 | BG4: 0 | BH4: 0 | BI4: 0 | BJ4: 0 | BK4: 0 | BL4: 0 | BM4: 0 | BN4: 0 | BO4: 0 | BP4: 0 | BQ4: 0 | BR4: 0 | BS4: 0 | BT4: 0 | BU4: 0 | BV4: 0 | BW4: 0 | BX4: 0 | BY4: 0 | BZ4: 0 | CA4: 0 | CB4: 0 | CC4: 0 | CD4: 0 | CE4: 0 | CF4: 0 | CG4: 0 | CH4: 0 | CI4: 0 | CJ4: 0 | CK4: 0 | CL4: 0 | CM4: 0 | CN4: 0 | CO4: 0 | CP4: 0 | CQ4: 0 | CR4: 0 | CS4: 0 | CT4: 0 | CU4: 0 | CV4: 0 | CW4: 0 | CX4: 0 | CY4: 0 | CZ4: 0 | DA4: 0 | DB4: 0 | DC4: 0 | DD4: 0 | DE4: 0 | DF4: 0 | DG4: 0 | DH4: 0 | DI4: 0 | DJ4: 0 | DK4: 0 | DL4: 0 | DM4: 0 | DN4: 0 | DO4: 0 | DP4: 0 | DQ4: 0 | DR4: 0 | DS4: 0 | DT4: 0 | DU4: 0 | DV4: 0 | DW4: 0 | DX4: 0 | DY4: 0 | DZ4: 0 | EA4: 0 | EB4: 0 | EC4: 0 | ED4: 0 | EE4: 0 | EF4: 0 | EG4: 0 | EH4: 0 | EI4: 0 | EJ4: 0 | EK4: 0 | EL4: 0 | EM4: 0 | EN4: 0 | EO4: 0 | EP4: 0 | EQ4: 0 | ER4: 0 | ES4: 0 | ET4: 0 | EU4: 0 | EV4: 0 | EW4: 0 | EX4: 0 | EY4: 0 | EZ4: 0 | FA4: 0 | FB4: 0 | FC4: 0 | FD4: 0 | FE4: 0 | FF4: 0 | FG4: 0 | FH4: 0 | FI4: 0 | FJ4: 0 | FK4: 0 | FL4: 0 | FM4: 0 | FN4: 0 | FO4: 0 | FP4: 0 | FQ4: 0 | FR4: 0 | FS4: 0 | FT4: 0 | FU4: 0 | FV4: 0 | FW4: 0 | FX4: 0 | FY4: 0 | FZ4: 0 | GA4: 0 | GB4: 0 | GC4: 0 | GD4: 0 | GE4: 0 | GF4: 0 | GG4: 0 | GH4: 0 | GI4: 0 | GJ4: 0 | GK4: 0 | GL4: 0 | GM4: 0 | GN4: 0 | GO4: 0 | GP4: 0 | GQ4: 0 | GR4: 0 | GS4: 0 | GT4: 0 | GU4: 0 | GV4: 0 | GW4: 0 | GX4: 0 | GY4: 0 | GZ4: 0 | HA4: 0 | HB4: 0 | HC4: 0 | HD4: 0 | HE4: 0 | HF4: 0 | HG4: 0 | HH4: 0 | HI4: 0 | HJ4: 0 | HK4: 0 | HL4: 0 | HM4: 0 | HN4: 0 | HO4: 0 | HP4: 0 | HQ4: 0 | HR4: 0 | HS4: 0 | HT4: 0 | HU4: 0 | HV4: 0 | HW4: 0 | HX4: 0 | HY4: 0 | HZ4: 0 | IA4: 0 | IB4: 0 | IC4: 0 | ID4: 0 | IE4: 0 | IF4: 0 | IG4: 0 | IH4: 0 | II4: 0 | IJ4: 0 | IK4: 0 | IL4: 0 | IM4: 0 | IN4: 0 | IO4: 0 | IP4: 0 | IQ4: 0 | IR4: 0 | IS4: 0 | IT4: 0 | IU4: 0 | IV4: 0 | IW4: 0 | IX4: 0 | IY4: 0 | IZ4: 0 | JA4: 0 | JB4: 0 | JC4: 0 | JD4: 0 | JE4: 0 | JF4: 0
A5: 4 | B5: 1.5 | C5: 0 | D5: 0 | E5: 0 | F5: 0 | G5: 0 | H5: 0 | I5: 0 | J5: 0 | K5: 0 | L5: 0 | M5: 0 | N5: 0 | O5: 0 | P5: 0 | Q5: 0 | R5: 0 | S5: 0 | T5: 0 | U5: 0 | V5: 0 | W5: 0 | X5: 0 | Y5: 0 | Z5: 0 | AA5: 0 | AB5: 0 | AC5: 0 | AD5: 0 | AE5: 0 | AF5: 0 | AG5: 0 | AH5: 0 | AI5: 0 | AJ5: 0 | AK5: 0 | AL5: 0 | AM5: 0 | AN5: 0 | AO5: 0 | AP5: 0 | AQ5: 0 | AR5: 0 | AS5: 0 | AT5: 0 | AU5: 0 | AV5: 0 | AW5: 0 | AX5: 0 | AY5: 0 | AZ5: 0 | BA5: 0 | BB5: 0 | BC5: 0 | BD5: 0 | BE5: 0 | BF5: 0 | BG5: 0 | BH5: 0 | BI5: 0 | BJ5: 0 | BK5: 0 | BL5: 0 | BM5: 0 | BN5: 0 | BO5: 0 | BP5: 0 | BQ5: 0 | BR5: 0 | BS5: 0 | BT5: 0 | BU5: 0 | BV5: 0 | BW5: 0 | BX5: 0 | BY5: 0 | BZ5: 0 | CA5: 0 | CB5: 0 | CC5: 0 | CD5: 0 | CE5: 0 | CF5: 0 | CG5: 0 | CH5: 0 | CI5: 0 | CJ5: 0 | CK5: 0 | CL5: 0 | CM5: 0 | CN5: 0 | CO5: 0 | CP5: 0 | CQ5: 0 | CR5: 0 | CS5: 0 | CT5: 0 | CU5: 0 | CV5: 0 | CW5: 0 | CX5: 0 | CY5: 0 | CZ5: 0 | DA5: 0 | DB5: 0 | DC5: 0 | DD5: 0 | DE5: 0 | DF5: 0 | DG5: 0 | DH5: 0 | DI5: 0 | DJ5: 0 | DK5: 0 | DL5: 0 | DM5: 0 | DN5: 0 | DO5: 0 | DP5: 0 | DQ5: 0 | DR5: 0 | DS5: 0 | DT5: 0 | DU5: 0 | DV5: 0 | DW5: 0 | DX5: 0 | DY5: 0 | DZ5: 0 | EA5: 0 | EB5: 0 | EC5: 0 | ED5: 0 | EE5: 0 | EF5: 0 | EG5: 0 | EH5: 0 | EI5: 0 | EJ5: 0 | EK5: 0 | EL5: 0 | EM5: 0 | EN5: 0 | EO5: 0 | EP5: 0 | EQ5: 0 | ER5: 0 | ES5: 0 | ET5: 0 | EU5: 0 | EV5: 0 | EW5: 0 | EX5: 0 | EY5: 0 | EZ5: 0 | FA5: 0 | FB5: 0 | FC5: 0 | FD5: 0 | FE5: 0 | FF5: 0 | FG5: 0 | FH5: 0 | FI5: 0 | FJ5: 0 | FK5: 0 | FL5: 0 | FM5: 0 | FN5: 0 | FO5: 0 | FP5: 0 | FQ5: 0 | FR5: 0 | FS5: 0 | FT5: 0 | FU5: 0 | FV5: 0 | FW5: 0 | FX5: 0 | FY5: 0 | FZ5: 0 | GA5: 0 | GB5: 0 | GC5: 0 | GD5: 0 | GE5: 0 | GF5: 0 | GG5: 0 | GH5: 0 | GI5: 0 | GJ5: 0 | GK5: 0 | GL5: 0 | GM5: 0 | GN5: 0 | GO5: 0 | GP5: 0 | GQ5: 0 | GR5: 0 | GS5: 0 | GT5: 0 | GU5: 0 | GV5: 0 | GW5: 0 | GX5: 0 | GY5: 0 | GZ5: 0 | HA5: 0 | HB5: 0 | HC5: 0 | HD5: 0 | HE5: 0 | HF5: 0 | HG5: 0 | HH5: 0 | HI5: 0 | HJ5: 0 | HK5: 0 | HL5: 0 | HM5: 0 | HN5: 0 | HO5: 0 | HP5: 0 | HQ5: 0 | HR5: 0 | HS5: 0 | HT5: 0 | HU5: 0 | HV5: 0 | HW5: 0 | HX5: 0 | HY5: 0 | HZ5: 0 | IA5: 0 | IB5: 0 | IC5: 0 | ID5: 0 | IE5: 0 | IF5: 0 | IG5: 0 | IH5: 0 | II5: 0 | IJ5: 0 | IK5: 0 | IL5: 0 | IM5: 0 | IN5: 0 | IO5: 0 | IP5: 0 | IQ5: 0 | IR5: 0 | IS5: 0 | IT5: 0 | IU5: 0 | IV5: 0 | IW5: 0 | IX5: 0 | IY5: 0 | IZ5: 0 | JA5: 0 | JB5: 0 | JC5: 0 | JD5: 0 | JE5: 0 | JF5: 0
A6: 5 | B6: 2 | C6: 0 | D6: 0 | E6: 0 | F6: 0 | G6: 0 | H6: 0 | I6: 0 | J6: 0 | K6: 0 | L6: 0 | M6: 0 | N6: 0 | O6: 0 | P6: 0 | Q6: 0 | R6: 0 | S6: 0 | T6: 0 | U6: 0 | V6: 0 | W6: 0 | X6: 0 | Y6: 0 | Z6: 0 | AA6: 0 | AB6: 0 | AC6: 0 | AD6: 0 | AE6: 0 | AF6: 0 | AG6: 0 | AH6: 0 | AI6: 0 | AJ6: 0 | AK6: 0 | AL6: 0 | AM6: 0 | AN6: 0 | AO6: 0 | AP6: 0 | AQ6: 0 | AR6: 0 | AS6: 0 | AT6: 0 | AU6: 0 | AV6: 0 | AW6: 0 | AX6: 0 | AY6: 0 | AZ6: 0 | BA6: 0 | BB6: 0 | BC6: 0 | BD6: 0 | BE6: 0 | BF6: 0 | BG6: 0 | BH6: 0 | BI6: 0 | BJ6: 0 | BK6: 0 | BL6: 0 | BM6: 0 | BN6: 0 | BO6: 0 | BP6: 0 | BQ6: 0 | BR6: 0 | BS6: 0 | BT6: 0 | BU6: 0 | BV6: 0 | BW6: 0 | BX6: 0 | BY6: 0 | BZ6: 0 | CA6: 0 | CB6: 0 | CC6: 0 | CD6: 0 | CE6: 0 | CF6: 0 | CG6: 0 | CH6: 0 | CI6: 0 | CJ6: 0 | CK6: 0 | CL6: 0 | CM6: 0 | CN6: 0 | CO6: 0 | CP6: 0 | CQ6: 0 | CR6: 0 | CS6: 0 | CT6: 0 | CU6: 0 | CV6: 0 | CW6: 0 | CX6: 0 | CY6: 0 | CZ6: 0 | DA6: 0 | DB6: 0 | DC6: 0 | DD6: 0 | DE6: 0 | DF6: 0 | DG6: 0 | DH6: 0 | DI6: 0 | DJ6: 0 | DK6: 0 | DL6: 0 | DM6: 0 | DN6: 0 | DO6: 0 | DP6: 0 | DQ6: 0 | DR6: 0 | DS6: 0 | DT6: 0 | DU6: 0 | DV6: 0 | DW6: 0 | DX6: 0 | DY6: 0 | DZ6: 0 | EA6: 0 | EB6: 0 | EC6: 0 | ED6: 0 | EE6: 0 | EF6: 0 | EG6: 0 | EH6: 0 | EI6: 0 | EJ6: 0 | EK6: 0 | EL6: 0 | EM6: 0 | EN6: 0 | EO6: 0 | EP6: 0 | EQ6: 0 | ER6: 0 | ES6: 0 | ET6: 0 | EU6: 0 | EV6: 0 | EW6: 0 | EX6: 0 | EY6: 0 | EZ6: 0 | FA6: 0 | FB6: 0 | FC6: 0 | FD6: 0 | FE6: 0 | FF6: 0 | FG6: 0 | FH6: 0 | FI6: 0 | FJ6: 0 | FK6: 0 | FL6: 0 | FM6: 0 | FN6: 0 | FO6: 0 | FP6: 0 | FQ6: 0 | FR6: 0 | FS6: 0 | FT6: 0 | FU6: 0 | FV6: 0 | FW6: 0 | FX6: 0 | FY6: 0 | FZ6: 0 | GA6: 0 | GB6: 0 | GC6: 0 | GD6: 0 | GE6: 0 | GF6: 0 | GG6: 0 | GH6: 0 | GI6: 0 | GJ6: 0 | GK6: 0 | GL6: 0 | GM6: 0 | GN6: 0 | GO6: 0 | GP6: 0 | GQ6: 0 | GR6: 0 | GS6: 0 | GT6: 0 | GU6: 0 | GV6: 0 | GW6: 0 | GX6: 0 | GY6: 0 | GZ6: 0 | HA6: 0 | HB6: 0 | HC6: 0 | HD6: 0 | HE6: 0 | HF6: 0 | HG6: 0 | HH6: 0 | HI6: 0 | HJ6: 0 | HK6: 0 | HL6: 0 | HM6: 0 | HN6: 0 | HO6: 0 | HP6: 0 | HQ6: 0 | HR6: 0 | HS6: 0 | HT6: 0 | HU6: 0 | HV6: 0 | HW6: 0 | HX6: 0 | HY6: 0 | HZ6: 0 | IA6: 0 | IB6: 0 | IC6: 0 | ID6: 0 | IE6: 0 | IF6: 0 | IG6: 0 | IH6: 0 | II6: 0 | IJ6: 0 | IK6: 0 | IL6: 0 | IM6: 0 | IN6: 0 | IO6: 0 | IP6: 0 | IQ6: 0 | IR6: 0 | IS6: 0 | IT6: 0 | IU6: 0 | IV6: 0 | IW6: 0 | IX6: 0 | IY6: 0 | IZ6: 0 | JA6: 0 | JB6: 0 | JC6: 0 | JD6: 0 | JE6: 0 | JF6: 0
A7: 6 | B7: 2.5 | C7: 0 | D7: 0 | E7: 0 | F7: 0 | G7: 0 | H7: 0 | I7: 0 | J7: 0 | K7: 0 | L7: 0 | M7: 0 | N7: 0 | O7: 0 | P7: 0 | Q7: 0 | R7: 0 | S7: 0 | T7: 0 | U7: 0 | V7: 0 | W7: 0 | X7: 0 | Y7: 0 | Z7: 0 | AA7: 0 | AB7: 0 | AC7: 0 | AD7: 0 | AE7: 0 | AF7: 0 | AG7: 0 | AH7: 0 | AI7: 0 | AJ7: 0 | AK7: 0 | AL7: 0 | AM7: 0 | AN7: 0 | AO7: 0 | AP7: 0 | AQ7: 0 | AR7: 0 | AS7: 0 | AT7: 0 | AU7: 0 | AV7: 0 | AW7: 0 | AX7: 0 | AY7: 0 | AZ7: 0 | BA7: 0 | BB7: 0 | BC7: 0 | BD7: 0 | BE7: 0 | BF7: 0 | BG7: 0 | BH7: 0 | BI7: 0 | BJ7: 0 | BK7: 0 | BL7: 0 | BM7: 0 | BN7: 0 | BO7: 0 | BP7: 0 | BQ7: 0 | BR7: 0 | BS7: 0 | BT7: 0 | BU7: 0 | BV7: 0 | BW7: 0 | BX7: 0 | BY7: 0 | BZ7: 0 | CA7: 0 | CB7: 0 | CC7: 0 | CD7: 0 | CE7: 0 | CF7: 0 | CG7: 0 | CH7: 0 | CI7: 0 | CJ7: 0 | CK7: 0 | CL7: 0 | CM7: 0 | CN7: 0 | CO7: 0 | CP7: 0 | CQ7: 0 | CR7: 0 | CS7: 0 | CT7: 0 | CU7: 0 | CV7: 0 | CW7: 0 | CX7: 0 | CY7: 0 | CZ7: 0 | DA7: 0 | DB7: 0 | DC7: 0 | DD7: 0 | DE7: 0 | DF7: 0 | DG7: 0 | DH7: 0 | DI7: 0 | DJ7: 0 | DK7: 0 | DL7: 0 | DM7: 0 | DN7: 0 | DO7: 0 | DP7: 0 | DQ7: 0 | DR7: 0 | DS7: 0 | DT7: 0 | DU7: 0 | DV7: 0 | DW7: 0 | DX7: 0 | DY7: 0 | DZ7: 0 | EA7: 0 | EB7: 0 | EC7: 0 | ED7: 0 | EE7: 0 | EF7: 0 | EG7: 0 | EH7: 0 | EI7: 0 | EJ7: 0 | EK7: 0 | EL7: 0 | EM7: 0 | EN7: 0 | EO7: 0 | EP7: 0 | EQ7: 0 | ER7: 0 | ES7: 0 | ET7: 0 | EU7: 0 | EV7: 0 | EW7: 0 | EX7: 0 | EY7: 0 | EZ7: 0 | FA7: 0 | FB7: 0 | FC7: 0 | FD7: 0 | FE7: 0 | FF7: 0 | FG7: 0 | FH7: 0 | FI7: 0 | FJ7: 0 | FK7: 0 | FL7: 0 | FM7: 0 | FN7: 0 | FO7: 0 | FP7: 0 | FQ7: 0 | FR7: 0 | FS7: 0 | FT7: 0 | FU7: 0 | FV7: 0 | FW7: 0 | FX7: 0 | FY7: 0 | FZ7: 0 | GA7: 0 | GB7: 0 | GC7: 0 | GD7: 0 | GE7: 0 | GF7: 0 | GG7: 0 | GH7: 0 | GI7: 0 | GJ7: 0 | GK7: 0 | GL7: 0 | GM7: 0 | GN7: 0 | GO7: 0 | GP7: 0 | GQ7: 0 | GR7: 0 | GS7: 0 | GT7: 0 | GU7: 0 | GV7: 0 | GW7: 0 | GX7: 0 | GY7: 0 | GZ7: 0 | HA7: 0 | HB7: 0 | HC7: 0 | HD7: 0 | HE7: 0 | HF7: 0 | HG7: 0 | HH7: 0 | HI7: 0 | HJ7: 0 | HK7: 0 | HL7: 0 | HM7: 0 | HN7: 0 | HO7: 0 | HP7: 0 | HQ7: 0 | HR7: 0 | HS7: 0 | HT7: 0 | HU7: 0 | HV7: 0 | HW7: 0 | HX7: 0 | HY7: 0 | HZ7: 0 | IA7: 0 | IB7: 0 | IC7: 0 | ID7: 0 | IE7: 0 | IF7: 0 | IG7: 0 | IH7: 0 | II7: 0 | IJ7: 0 | IK7: 0 | IL7: 0 | IM7: 0 | IN7: 0 | IO7: 0 | IP7: 0 | IQ7: 0 | IR7: 0 | IS7: 0 | IT7: 0 | IU7: 0 | IV7: 0 | IW7: 0 | IX7: 0 | IY7: 0 | IZ7: 0 | JA7: 0 | JB7: 0 | JC7: 0 | JD7: 0 | JE7: 0 | JF7: 0
A8: 7 | B8: 3 | C8: 0 | D8: 0 | E8: 0 | F8: 0 | G8: 0 | H8: 0 | I8: 0 | J8: 0 | K8: 0 | L8: 0 | M8: 0 | N8: 0 | O8: 0 | P8: 0 | Q8: 0 | R8: 0 | S8: 0 | T8: 0 | U8: 0 | V8: 0 | W8: 0 | X8: 0 | Y8: 0 | Z8: 0 | AA8: 0 | AB8: 0 | AC8: 0 | AD8: 0 | AE8: 0 | AF8: 0 | AG8: 0 | AH8: 0 | AI8: 0 | AJ8: 0 | AK8: 0 | AL8: 0 | AM8: 0 | AN8: 0 | AO8: 0 | AP8: 0 | AQ8: 0 | AR8: 0 | AS8: 0 | AT8: 0 | AU8: 0 | AV8: 0 | AW8: 0 | AX8: 0 | AY8: 0 | AZ8: 0 | BA8: 0 | BB8: 0 | BC8: 0 | BD8: 0 | BE8: 0 | BF8: 0 | BG8: 0 | BH8: 0 | BI8: 0 | BJ8: 0 | BK8: 0 | BL8: 0 | BM8: 0 | BN8: 0 | BO8: 0 | BP8: 0 | BQ8: 0 | BR8: 0 | BS8: 0 | BT8: 0 | BU8: 0 | BV8: 0 | BW8: 0 | BX8: 0 | BY8: 0 | BZ8: 0 | CA8: 0 | CB8: 0 | CC8: 0 | CD8: 0 | CE8: 0 | CF8: 0 | CG8: 0 | CH8: 0 | CI8: 0 | CJ8: 0 | CK8: 0 | CL8: 0 | CM8: 0 | CN8: 0 | CO8: 0 | CP8: 0 | CQ8: 0 | CR8: 0 | CS8: 0 | CT8: 0 | CU8: 0 | CV8: 0 | CW8: 0 | CX8: 0 | CY8: 0 | CZ8: 0 | DA8: 0 | DB8: 0 | DC8: 0 | DD8: 0 | DE8: 0 | DF8: 0 | DG8: 0 | DH8: 0 | DI8: 0 | DJ8: 0 | DK8: 0 | DL8: 0 | DM8: 0 | DN8: 0 | DO8: 0 | DP8: 0 | DQ8: 0 | DR8: 0 | DS8: 0 | DT8: 0 | DU8: 0 | DV8: 0 | DW8: 0 | DX8: 0 | DY8: 0 | DZ8: 0 | EA8: 0 | EB8: 0 | EC8: 0 | ED8: 0 | EE8: 0 | EF8: 0 | EG8: 0 | EH8: 0 | EI8: 0 | EJ8: 0 | EK8: 0 | EL8: 0 | EM8: 0 | EN8: 0 | EO8: 0 | EP8: 0 | EQ8: 0 | ER8: 0 | ES8: 0 | ET8: 0 | EU8: 0 | EV8: 0 | EW8: 0 | EX8: 0 | EY8: 0 | EZ8: 0 | FA8: 0 | FB8: 0 | FC8: 0 | FD8: 0 | FE8: 0 | FF8: 0 | FG8: 0 | FH8: 0 | FI8: 0 | FJ8: 0 | FK8: 0 | FL8: 0 | FM8: 0 | FN8: 0 | FO8: 0 | FP8: 0 | FQ8: 0 | FR8: 0 | FS8: 0 | FT8: 0 | FU8: 0 | FV8: 0 | FW8: 0 | FX8: 0 | FY8: 0 | FZ8: 0 | GA8: 0 | GB8: 0 | GC8: 0 | GD8: 0 | GE8: 0 | GF8: 0 | GG8: 0 | GH8: 0 | GI8: 0 | GJ8: 0 | GK8: 0 | GL8: 0 | GM8: 0 | GN8: 0 | GO8: 0 | GP8: 0 | GQ8: 0 | GR8: 0 | GS8: 0 | GT8: 0 | GU8: 0 | GV8: 0 | GW8: 0 | GX8: 0 | GY8: 0 | GZ8: 0 | HA8: 0 | HB8: 0 | HC8: 0 | HD8: 0 | HE8: 0 | HF8: 0 | HG8: 0 | HH8: 0 | HI8: 0 | HJ8: 0 | HK8: 0 | HL8: 0 | HM8: 0 | HN8: 0 | HO8: 0 | HP8: 0 | HQ8: 0 | HR8: 0 | HS8: 0 | HT8: 0 | HU8: 0 | HV8: 0 | HW8: 0 | HX8: 0 | HY8: 0 | HZ8: 0 | IA8: 0 | IB8: 0 | IC8: 0 | ID8: 0 | IE8: 0 | IF8: 0 | IG8: 0 | IH8: 0 | II8: 0 | IJ8: 0 | IK8: 0 | IL8: 0 | IM8: 0 | IN8: 0 | IO8: 0 | IP8: 0 | IQ8: 0 | IR8: 0 | IS8: 0 | IT8: 0 | IU8: 0 | IV8: 0 | IW8: 0 | IX8: 0 | IY8: 0 | IZ8: 0 | JA8: 0 | JB8: 0 | JC8: 0 | JD8: 0 | JE8: 0 | JF8: 0
A9: 8 | B9: 3.5 | C9: 0.0025806026 | D9: 0.0025806026 | E9: 0.0017204017 | F9: 0.0017204017 | G9: 0.0021505022 | H9: 0.0025806026 | I9: 0.0021505022 | J9: 0.003010703 | K9: 0.003010703 | L9: 0.0025806026 | M9: 0.0034408035 | N9: 0.0034408035 | O9: 0.0017204017 | P9: 0.0034408035 | Q9: 0.003010703 | R9: 0.0021505022 | S9: 0.003010703 | T9: 0.0025806026 | U9: 0.0034408035 | V9: 0.0021505022 | W9: 0.0017204017 | X9: 0.0021505022 | Y9: 0.0017204017 | Z9: 0.0034408035 | AA9: 0.0034408035 | AB9: 0.0025806026 | AC9: 0.003010703 | AD9: 0.0017204017 | AE9: 0.0034408035 | AF9: 0.0021505022 | AG9: 0.0021505022 | AH9: 0.0017204017 | AI9: 0.0034408035 | AJ9: 0.0017204017 | AK9: 0.003010703 | AL9: 0.0025806026 | AM9: 0.0021505022 | AN9: 0.003010703 | AO9: 0.0034408035 | AP9: 0.0034408035 | AQ9: 0.0021505022 | AR9: 0.0021505022 | AS9: 0.0012903013 | AT9: 0.0025806026 | AU9: 0.003010703 | AV9: 0.0017204017 | AW9: 0.0017204017 | AX9: 0.0017204017 | AY9: 0.0034408035 | AZ9: 0.0025806026 | BA9: 0.0025806026 | BB9: 0.0034408035 | BC9: 0.0034408035 | BD9: 0.003010703 | BE9: 0.0034408035 | BF9: 0.0034408035 | BG9: 0.0021505022 | BH9: 0.0025806026 | BI9: 0.0017204017 | BJ9: 0.0012903013 | BK9: 0.003010703 | BL9: 0.0017204017 | BM9: 0.0017204017 | BN9: 0.0012903013 | BO9: 0.0012903013 | BP9: 0.0021505022 | BQ9: 0.0017204017 | BR9: 0.0021505022 | BS9: 0.0034408035 | BT9: 0.0034408035 | BU9: 0.003010703 | BV9: 0.0034408035 | BW9: 0.0034408035 | BX9: 0.0034408035 | BY9: 0.0025806026 | BZ9: 0.0012903013 | CA9: 0.0025806026 | CB9: 0.0021505022 | CC9: 0.0034408035 | CD9: 0.0034408035 | CE9: 0.0012903013 | CF9: 0.0034408035 | CG9: 0.003010703 | CH9: 0.0017204017 | CI9: 0.0017204017 | CJ9: 0.003010703 | CK9: 0.003010703 | CL9: 0.0017204017 | CM9: 0.0017204017 | CN9: 0.0025806026 | CO9: 0.0021505022 | CP9: 0.0034408035 | CQ9: 0.0034408035 | CR9: 0.0021505022 | CS9: 0.0025806026 | CT9: 0.003010703 | CU9: 0.0025806026 | CV9: 0.0017204017 | CW9: 0.0025806026 | CX9: 0.0034408035 | CY9: 0.0034408035 | CZ9: 0.0034408035 | DA9: 0.0034408035 | DB9: 0.0034408035 | DC9: 0.0025806026 | DD9: 0.0017204017 | DE9: 0.0034408035 | DF9: 0.0034408035 | DG9: 0.0034408035 | DH9: 0.0017204017 | DI9: 0.0017204017 | DJ9: 0.00086020087 | DK9: 0.003010703 | DL9: 0.0034408035 | DM9: 0.0025806026 | DN9: 0.0025806026 | DO9: 0.0021505022 | DP9: 0.0034408035 | DQ9: 0.0012903013 | DR9: 0.0025806026 | DS9: 0.0034408035 | DT9: 0.0012903013 | DU9: 0.0034408035 | DV9: 0.0034408035 | DW9: 0.0025806026 | DX9: 0.0021505022 | DY9: 0.003010703 | DZ9: 0.0021505022 | EA9: 0.0021505022 | EB9: 0.0034408035 | EC9: 0.0017204017 | ED9: 0.003010703 | EE9: 0.0012903013 | EF9: 0.0025806026 | EG9: 0.0025806026 | EH9: 0.0034408035 | EI9: 0.0021505022 | EJ9: 0.0034408035 | EK9: 0.0034408035 | EL9: 0.0034408035 | EM9: 0.0025806026 | EN9: 0.0034408035 | EO9: 0.0034408035 | EP9: 0.0034408035 | EQ9: 0.0017204017 | ER9: 0.0034408035 | ES9: 0.0034408035 | ET9: 0.0025806026 | EU9: 0.0034408035 | EV9: 0.0034408035 | EW9: 0.0034408035 | EX9: 0.0034408035 | EY9: 0.0025806026 | EZ9: 0.0021505022 | FA9: 0.0012903013 | FB9: 0.0025806026 | FC9: 0.0017204017 | FD9: 0.0012903013 | FE9: 0.0034408035 | FF9: 0.0017204017 | FG9: 0.0025806026 | FH9: 0.0021505022 | FI9: 0.0012903013 | FJ9: 0.0021505022 | FK9: 0.0012903013 | FL9: 0.0017204017 | FM9: 0.0017204017 | FN9: 0.0017204017 | FO9: 0.0012903013 | FP9: 0.0012903013 | FQ9: 0.0021505022 | FR9: 0.0034408035 | FS9: 0.0025806026 | FT9: 0.0012903013 | FU9: 0.0025806026 | FV9: 0.003010703 | FW9: 0.0034408035 | FX9: 0.0012903013 | FY9: 0.0025806026 | FZ9: 0.0034408035 | GA9: 0.003010703 | GB9: 0.0034408035 | GC9: 0.0034408035 | GD9: 0.0034408035 | GE9: 0.0012903013 | GF9: 0.0025806026 | GG9: 0.003010703 | GH9: 0.0017204017 | GI9: 0.0034408035 | GJ9: 0.0034408035 | GK9: 0.0025806026 | GL9: 0.0021505022 | GM9: 0.0025806026 | GN9: 0.0025806026 | GO9: 0.0021505022 | GP9: 0.0034408035 | GQ9: 0.0021505022 | GR9: 0.0017204017 | GS9: 0.0034408035 | GT9: 0.0034408035 | GU9: 0.0025806026 | GV9: 0.0034408035 | GW9: 0.0034408035 | GX9: 0.0034408035 | GY9: 0.0017204017 | GZ9: 0.0034408035 | HA9: 0.0021505022 | HB9: 0.0034408035 | HC9: 0.0034408035 | HD9: 0.0021505022 | HE9: 0.0021505022 | HF9: 0.0025806026 | HG9: 0.0034408035 | HH9: 0.0025806026 | HI9: 0.0034408035 | HJ9: 0.0034408035 | HK9: 0.0021505022 | HL9: 0.0025806026 | HM9: 0.003010703 | HN9: 0.0021505022 | HO9: 0.0034408035 | HP9: 0.0034408035 | HQ9: 0.0017204017 | HR9: 0.0034408035 | HS9: 0.0025806026 | HT9: 0.0034408035 | HU9: 0.0034408035 | HV9: 0.0034408035 | HW9: 0.0034408035 | HX9: 0.0034408035 | HY9: 0.0034408035 | HZ9: 0.00086020087 | IA9: 0.0025806026 | IB9: 0.0034408035 | IC9: 0.0034408035 | ID9: 0.0012903013 | IE9: 0.0034408035 | IF9: 0.0034408035 | IG9: 0.0034408035 | IH9: 0.0034408035 | II9: 0.0017204017 | IJ9: 0.0021505022 | IK9: 0.0012903013 | IL9: 0.0025806026 | IM9: 0.0021505022 | IN9: 0.0017204017 | IO9: 0.003010703 | IP9: 0.0017204017 | IQ9: 0.0025806026 | IR9: 0.0034408035 | IS9: 0.0034408035 | IT9: 0.0025806026 | IU9: 0.0034408035 | IV9: 0.0021505022 | IW9: 0.003010703 | IX9: 0.0017204017 | IY9: 0.0034408035 | IZ9: 0.0034408035 | JA9: 0.0034408035 | JB9: 0.0034408035 | JC9: 0.0025806026 | JD9: 0.0017204017 | JE9: 0.002633134 | JF9: 0.6898811
A10: 9 | B10: 4 | C10: 0.037300869 | D10: 0.037300869 | E10: 0.024867246 | F10: 0.024867246 | G10: 0.031084058 | H10: 0.037300869 | I10: 0.031084058 | J10: 0.043517681 | K10: 0.043517681 | L10: 0.037300869 | M10: 0.049734493 | N10: 0.049734493 | O10: 0.024867246 | P10: 0.049734493 | Q10: 0.043517681 | R10: 0.031084058 | S10: 0.043517681 | T10: 0.037300869 | U10: 0.049734493 | V10: 0.031084058 | W10: 0.024867246 | X10: 0.031084058 | Y10: 0.024867246 | Z10: 0.049734493 | AA10: 0.049734493 | AB10: 0.037300869 | AC10: 0.043517681 | AD10: 0.024867246 | AE10: 0.049734493 | AF10: 0.031084058 | AG10: 0.031084058 | AH10: 0.024867246 | AI10: 0.049734493 | AJ10: 0.024867246 | AK10: 0.043517681 | AL10: 0.037300869 | AM10: 0.031084058 | AN10: 0.043517681 | AO10: 0.049734493 | AP10: 0.049734493 | AQ10: 0.031084058 | AR10: 0.031084058 | AS10: 0.018650435 | AT10: 0.037300869 | AU10: 0.043517681 | AV10: 0.024867246 | AW10: 0.024867246 | AX10: 0.024867246 | AY10: 0.049734493 | AZ10: 0.037300869 | BA10: 0.037300869 | BB10: 0.049734493 | BC10: 0.049734493 | BD10: 0.043517681 | BE10: 0.049734493 | BF10: 0.049734493 | BG10: 0.031084058 | BH10: 0.037300869 | BI10: 0.024867246 | BJ10: 0.018650435 | BK10: 0.043517681 | BL10: 0.024867246 | BM10: 0.024867246 | BN10: 0.018650435 | BO10: 0.018650435 | BP10: 0.031084058 | BQ10: 0.024867246 | BR10: 0.031084058 | BS10: 0.049734493 | BT10: 0.049734493 | BU10: 0.043517681 | BV10: 0.049734493 | BW10: 0.049734493 | BX10: 0.049734493 | BY10: 0.037300869 | BZ10: 0.018650435 | CA10: 0.037300869 | CB10: 0.031084058 | CC10: 0.049734493 | CD10: 0.049734493 | CE10: 0.018650435 | CF10: 0.049734493 | CG10: 0.043517681 | CH10: 0.024867246 | CI10: 0.024867246 | CJ10: 0.043517681 | CK10: 0.043517681 | CL10: 0.024867246 | CM10: 0.024867246 | CN10: 0.037300869 | CO10: 0.031084058 | CP10: 0.049734493 | CQ10: 0.049734493 | CR10: 0.031084058 | CS10: 0.037300869 | CT10: 0.043517681 | CU10: 0.037300869 | CV10: 0.024867246 | CW10: 0.037300869 | CX10: 0.049734493 | CY10: 0.049734493 | CZ10: 0.049734493 | DA10: 0.049734493 | DB10: 0.049734493 | DC10: 0.037300869 | DD10: 0.024867246 | DE10: 0.049734493 | DF10: 0.049734493 | DG10: 0.049734493 | DH10: 0.024867246 | DI10: 0.024867246 | DJ10: 0.012433623 | DK10: 0.043517681 | DL10: 0.049734493 | DM10: 0.037300869 | DN10: 0.037300869 | DO10: 0.031084058 | DP10: 0.049734493 | DQ10: 0.018650435 | DR10: 0.037300869 | DS10: 0.049734493 | DT10: 0.018650435 | DU10: 0.049734493 | DV10: 0.049734493 | DW10: 0.037300869 | DX10: 0.031084058 | DY10: 0.043517681 | DZ10: 0.031084058 | EA10: 0.031084058 | EB10: 0.049734493 | EC10: 0.024867246 | ED10: 0.043517681 | EE10: 0.018650435 | EF10: 0.037300869 | EG10: 0.037300869 | EH10: 0.049734493 | EI10: 0.031084058 | EJ10: 0.049734493 | EK10: 0.049734493 | EL10: 0.049734493 | EM10: 0.037300869 | EN10: 0.049734493 | EO10: 0.049734493 | EP10: 0.049734493 | EQ10: 0.024867246 | ER10: 0.049734493 | ES10: 0.049734493 | ET10: 0.037300869 | EU10: 0.049734493 | EV10: 0.049734493 | EW10: 0.049734493 | EX10: 0.049734493 | EY10: 0.037300869 | EZ10: 0.031084058 | FA10: 0.018650435 | FB10: 0.037300869 | FC10: 0.024867246 | FD10: 0.018650435 | FE10: 0.049734493 | FF10: 0.024867246 | FG10: 0.037300869 | FH10: 0.031084058 | FI10: 0.018650435 | FJ10: 0.031084058 | FK10: 0.018650435 | FL10: 0.024867246 | FM10: 0.024867246 | FN10: 0.024867246 | FO10: 0.018650435 | FP10: 0.018650435 | FQ10: 0.031084058 | FR10: 0.049734493 | FS10: 0.037300869 | FT10: 0.018650435 | FU10: 0.037300869 | FV10: 0.043517681 | FW10: 0.049734493 | FX10: 0.018650435 | FY10: 0.037300869 | FZ10: 0.049734493 | GA10: 0.043517681 | GB10: 0.049734493 | GC10: 0.049734493 | GD10: 0.049734493 | GE10: 0.018650435 | GF10: 0.037300869 | GG10: 0.043517681 | GH10: 0.024867246 | GI10: 0.049734493 | GJ10: 0.049734493 | GK10: 0.037300869 | GL10: 0.031084058 | GM10: 0.037300869 | GN10: 0.037300869 | GO10: 0.031084058 | GP10: 0.049734493 | GQ10: 0.031084058 | GR10: 0.024867246 | GS10: 0.049734493 | GT10: 0.049734493 | GU10: 0.037300869 | GV10: 0.049734493 | GW10: 0.049734493 | GX10: 0.049734493 | GY10: 0.024867246 | GZ10: 0.049734493 | HA10: 0.031084058 | HB10: 0.049734493 | HC10: 0.049734493 | HD10: 0.031084058 | HE10: 0.031084058 | HF10: 0.037300869 | HG10: 0.049734493 | HH10: 0.037300869 | HI10: 0.049734493 | HJ10: 0.049734493 | HK10: 0.031084058 | HL10: 0.037300869 | HM10: 0.043517681 | HN10: 0.031084058 | HO10: 0.049734493 | HP10: 0.049734493 | HQ10: 0.024867246 | HR10: 0.049734493 | HS10: 0.037300869 | HT10: 0.049734493 | HU10: 0.049734493 | HV10: 0.049734493 | HW10: 0.049734493 | HX10: 0.049734493 | HY10: 0.049734493 | HZ10: 0.012433623 | IA10: 0.037300869 | IB10: 0.049734493 | IC10: 0.049734493 | ID10: 0.018650435 | IE10: 0.049734493 | IF10: 0.049734493 | IG10: 0.049734493 | IH10: 0.049734493 | II10: 0.024867246 | IJ10: 0.031084058 | IK10: 0.018650435 | IL10: 0.037300869 | IM10: 0.031084058 | IN10: 0.024867246 | IO10: 0.043517681 | IP10: 0.024867246 | IQ10: 0.037300869 | IR10: 0.049734493 | IS10: 0.049734493 | IT10: 0.037300869 | IU10: 0.049734493 | IV10: 0.031084058 | IW10: 0.043517681 | IX10: 0.024867246 | IY10: 0.049734493 | IZ10: 0.049734493 | JA10: 0.049734493 | JB10: 0.049734493 | JC10: 0.037300869 | JD10: 0.024867246 | JE10: 0.038060175 | JF10: 9.9717658
A11: 10 | B11: 4.5 | C11: 0.17443017 | D11: 0.17443017 | E11: 0.11628678 | F11: 0.11628678 | G11: 0.14535847 | H11: 0.17443017 | I11: 0.14535847 | J11: 0.20350186 | K11: 0.20350186 | L11: 0.17443017 | M11: 0.23257356 | N11: 0.23257356 | O11: 0.11628678 | P11: 0.23257356 | Q11: 0.20350186 | R11: 0.14535847 | S11: 0.20350186 | T11: 0.17443017 | U11: 0.23257356 | V11: 0.14535847 | W11: 0.11628678 | X11: 0.14535847 | Y11: 0.11628678 | Z11: 0.23257356 | AA11: 0.23257356 | AB11: 0.17443017 | AC11: 0.20350186 | AD11: 0.11628678 | AE11: 0.23257356 | AF11: 0.14535847 | AG11: 0.14535847 | AH11: 0.11628678 | AI11: 0.23257356 | AJ11: 0.11628678 | AK11: 0.20350186 | AL11: 0.17443017 | AM11: 0.14535847 | AN11: 0.20350186 | AO11: 0.23257356 | AP11: 0.23257356 | AQ11: 0.14535847 | AR11: 0.14535847 | AS11: 0.087215084 | AT11: 0.17443017 | AU11: 0.20350186 | AV11: 0.11628678 | AW11: 0.11628678 | AX11: 0.11628678 | AY11: 0.23257356 | AZ11: 0.17443017 | BA11: 0.17443017 | BB11: 0.23257356 | BC11: 0.23257356 | BD11: 0.20350186 | BE11: 0.23257356 | BF11: 0.23257356 | BG11: 0.14535847 | BH11: 0.17443017 | BI11: 0.11628678 | BJ11: 0.087215084 | BK11: 0.20350186 | BL11: 0.11628678 | BM11: 0.11628678 | BN11: 0.087215084 | BO11: 0.087215084 | BP11: 0.14535847 | BQ11: 0.11628678 | BR11: 0.14535847 | BS11: 0.23257356 | BT11: 0.23257356 | BU11: 0.20350186 | BV11: 0.23257356 | BW11: 0.23257356 | BX11: 0.23257356 | BY11: 0.17443017 | BZ11: 0.087215084 | CA11: 0.17443017 | CB11: 0.14535847 | CC11: 0.23257356 | CD11: 0.23257356 | CE11: 0.087215084 | CF11: 0.23257356 | CG11: 0.20350186 | CH11: 0.11628678 | CI11: 0.11628678 | CJ11: 0.20350186 | CK11: 0.20350186 | CL11: 0.11628678 | CM11: 0.11628678 | CN11: 0.17443017 | CO11: 0.14535847 | CP11: 0.23257356 | CQ11: 0.23257356 | CR11: 0.14535847 | CS11: 0.17443017 | CT11: 0.20350186 | CU11: 0.17443017 | CV11: 0.11628678 | CW11: 0.17443017 | CX11: 0.23257356 | CY11: 0.23257356 | CZ11: 0.23257356 | DA11: 0.23257356 | DB11: 0.23257356 | DC11: 0.17443017 | DD11: 0.11628678 | DE11: 0.23257356 | DF11: 0.23257356 | DG11: 0.23257356 | DH11: 0.11628678 | DI11: 0.11628678 | DJ11: 0.058143389 | DK11: 0.20350186 | DL11: 0.23257356 | DM11: 0.17443017 | DN11: 0.17443017 | DO11: 0.14535847 | DP11: 0.23257356 | DQ11: 0.087215084 | DR11: 0.17443017 | DS11: 0.23257356 | DT11: 0.087215084 | DU11: 0.23257356 | DV11: 0.23257356 | DW11: 0.17443017 | DX11: 0.14535847 | DY11: 0.20350186 | DZ11: 0.14535847 | EA11: 0.14535847 | EB11: 0.23257356 | EC11: 0.11628678 | ED11: 0.20350186 | EE11: 0.087215084 | EF11: 0.17443017 | EG11: 0.17443017 | EH11: 0.23257356 | EI11: 0.14535847 | EJ11: 0.23257356 | EK11: 0.23257356 | EL11: 0.23257356 | EM11: 0.17443017 | EN11: 0.23257356 | EO11: 0.23257356 | EP11: 0.23257356 | EQ11: 0.11628678 | ER11: 0.23257356 | ES11: 0.23257356 | ET11: 0.17443017 | EU11: 0.23257356 | EV11: 0.23257356 | EW11: 0.23257356 | EX11: 0.23257356 | EY11: 0.17443017 | EZ11: 0.14535847 | FA11: 0.087215084 | FB11: 0.17443017 | FC11: 0.11628678 | FD11: 0.087215084 | FE11: 0.23257356 | FF11: 0.11628678 | FG11: 0.17443017 | FH11: 0.14535847 | FI11: 0.087215084 | FJ11: 0.14535847 | FK11: 0.087215084 | FL11: 0.11628678 | FM11: 0.11628678 | FN11: 0.11628678 | FO11: 0.087215084 | FP11: 0.087215084 | FQ11: 0.14535847 | FR11: 0.23257356 | FS11: 0.17443017 | FT11: 0.087215084 | FU11: 0.17443017 | FV11: 0.20350186 | FW11: 0.23257356 | FX11: 0.087215084 | FY11: 0.17443017 | FZ11: 0.23257356 | GA11: 0.20350186 | GB11: 0.23257356 | GC11: 0.23257356 | GD11: 0.23257356 | GE11: 0.087215084 | GF11: 0.17443017 | GG11: 0.20350186 | GH11: 0.11628678 | GI11: 0.23257356 | GJ11: 0.23257356 | GK11: 0.17443017 | GL11: 0.14535847 | GM11: 0.17443017 | GN11: 0.17443017 | GO11: 0.14535847 | GP11: 0.23257356 | GQ11: 0.14535847 | GR11: 0.11628678 | GS11: 0.23257356 | GT11: 0.23257356 | GU11: 0.17443017 | GV11: 0.23257356 | GW11: 0.23257356 | GX11: 0.23257356 | GY11: 0.11628678 | GZ11: 0.23257356 | HA11: 0.14535847 | HB11: 0.23257356 | HC11: 0.23257356 | HD11: 0.14535847 | HE11: 0.14535847 | HF11: 0.17443017 | HG11: 0.23257356 | HH11: 0.17443017 | HI11: 0.23257356 | HJ11: 0.23257356 | HK11: 0.14535847 | HL11: 0.17443017 | HM11: 0.20350186 | HN11: 0.14535847 | HO11: 0.23257356 | HP11: 0.23257356 | HQ11: 0.11628678 | HR11: 0.23257356 | HS11: 0.17443017 | HT11: 0.23257356 | HU11: 0.23257356 | HV11: 0.23257356 | HW11: 0.23257356 | HX11: 0.23257356 | HY11: 0.23257356 | HZ11: 0.058143389 | IA11: 0.17443017 | IB11: 0.23257356 | IC11: 0.23257356 | ID11: 0.087215084 | IE11: 0.23257356 | IF11: 0.23257356 | IG11: 0.23257356 | IH11: 0.23257356 | II11: 0.11628678 | IJ11: 0.14535847 | IK11: 0.087215084 | IL11: 0.17443017 | IM11: 0.14535847 | IN11: 0.11628678 | IO11: 0.20350186 | IP11: 0.11628678 | IQ11: 0.17443017 | IR11: 0.23257356 | IS11: 0.23257356 | IT11: 0.17443017 | IU11: 0.23257356 | IV11: 0.14535847 | IW11: 0.20350186 | IX11: 0.11628678 | IY11: 0.23257356 | IZ11: 0.23257356 | JA11: 0.23257356 | JB11: 0.23257356 | JC11: 0.17443017 | JD11: 0.11628678 | JE11: 0.17798091 | JF11: 46.630998
A12: 11 | B12: 5 | C12: 0.34600522 | D12: 0.34600522 | E12: 0.23067014 | F12: 0.23067014 | G12: 0.28833768 | H12: 0.34600522 | I12: 0.28833768 | J12: 0.40367275 | K12: 0.40367275 | L12: 0.34600522 | M12: 0.46134029 | N12: 0.46134029 | O12: 0.23067014 | P12: 0.46134029 | Q12: 0.40367275 | R12: 0.28833768 | S12: 0.40367275 | T12: 0.34600522 | U12: 0.46134029 | V12: 0.28833768 | W12: 0.23067014 | X12: 0.28833768 | Y12: 0.23067014 | Z12: 0.46134029 | AA12: 0.46134029 | AB12: 0.34600522 | AC12: 0.40367275 | AD12: 0.23067014 | AE12: 0.46134029 | AF12: 0.28833768 | AG12: 0.28833768 | AH12: 0.23067014 | AI12: 0.46134029 | AJ12: 0.23067014 | AK12: 0.40367275 | AL12: 0.34600522 | AM12: 0.28833768 | AN12: 0.40367275 | AO12: 0.46134029 | AP12: 0.46134029 | AQ12: 0.28833768 | AR12: 0.28833768 | AS12: 0.17300261 | AT12: 0.34600522 | AU12: 0.40367275 | AV12: 0.23067014 | AW12: 0.23067014 | AX12: 0.23067014 | AY12: 0.46134029 | AZ12: 0.34600522 | BA12: 0.34600522 | BB12: 0.46134029 | BC12: 0.46134029 | BD12: 0.40367275 | BE12: 0.46134029 | BF12: 0.46134029 | BG12: 0.28833768 | BH12: 0.34600522 | BI12: 0.23067014 | BJ12: 0.17300261 | BK12: 0.40367275 | BL12: 0.23067014 | BM12: 0.23067014 | BN12: 0.17300261 | BO12: 0.17300261 | BP12: 0.28833768 | BQ12: 0.23067014 | BR12: 0.28833768 | BS12: 0.46134029 | BT12: 0.46134029 | BU12: 0.40367275 | BV12: 0.46134029 | BW12: 0.46134029 | BX12: 0.46134029 | BY12: 0.34600522 | BZ12: 0.17300261 | CA12: 0.34600522 | CB12: 0.28833768 | CC12: 0.46134029 | CD12: 0.46134029 | CE12: 0.17300261 | CF12: 0.46134029 | CG12: 0.40367275 | CH12: 0.23067014 | CI12: 0.23067014 | CJ12: 0.40367275 | CK12: 0.40367275 | CL12: 0.23067014 | CM12: 0.23067014 | CN12: 0.34600522 | CO12: 0.28833768 | CP12: 0.46134029 | CQ12: 0.46134029 | CR12: 0.28833768 | CS12: 0.34600522 | CT12: 0.40367275 | CU12: 0.34600522 | CV12: 0.23067014 | CW12: 0.34600522 | CX12: 0.46134029 | CY12: 0.46134029 | CZ12: 0.46134029 | DA12: 0.46134029 | DB12: 0.46134029 | DC12: 0.34600522 | DD12: 0.23067014 | DE12: 0.46134029 | DF12: 0.46134029 | DG12: 0.46134029 | DH12: 0.23067014 | DI12: 0.23067014 | DJ12: 0.11533507 | DK12: 0.40367275 | DL12: 0.46134029 | DM12: 0.34600522 | DN12: 0.34600522 | DO12: 0.28833768 | DP12: 0.46134029 | DQ12: 0.17300261 | DR12: 0.34600522 | DS12: 0.46134029 | DT12: 0.17300261 | DU12: 0.46134029 | DV12: 0.46134029 | DW12: 0.34600522 | DX12: 0.28833768 | DY12: 0.40367275 | DZ12: 0.28833768 | EA12: 0.28833768 | EB12: 0.46134029 | EC12: 0.23067014 | ED12: 0.40367275 | EE12: 0.17300261 | EF12: 0.34600522 | EG12: 0.34600522 | EH12: 0.46134029 | EI12: 0.28833768 | EJ12: 0.46134029 | EK12: 0.46134029 | EL12: 0.46134029 | EM12: 0.34600522 | EN12: 0.46134029 | EO12: 0.46134029 | EP12: 0.46134029 | EQ12: 0.23067014 | ER12: 0.46134029 | ES12: 0.46134029 | ET12: 0.34600522 | EU12: 0.46134029 | EV12: 0.46134029 | EW12: 0.46134029 | EX12: 0.46134029 | EY12: 0.34600522 | EZ12: 0.28833768 | FA12: 0.17300261 | FB12: 0.34600522 | FC12: 0.23067014 | FD12: 0.17300261 | FE12: 0.46134029 | FF12: 0.23067014 | FG12: 0.34600522 | FH12: 0.28833768 | FI12: 0.17300261 | FJ12: 0.28833768 | FK12: 0.17300261 | FL12: 0.23067014 | FM12: 0.23067014 | FN12: 0.23067014 | FO12: 0.17300261 | FP12: 0.17300261 | FQ12: 0.28833768 | FR12: 0.46134029 | FS12: 0.34600522 | FT12: 0.17300261 | FU12: 0.34600522 | FV12: 0.40367275 | FW12: 0.46134029 | FX12: 0.17300261 | FY12: 0.34600522 | FZ12: 0.46134029 | GA12: 0.40367275 | GB12: 0.46134029 | GC12: 0.46134029 | GD12: 0.46134029 | GE12: 0.17300261 | GF12: 0.34600522 | GG12: 0.40367275 | GH12: 0.23067014 | GI12: 0.46134029 | GJ12: 0.46134029 | GK12: 0.34600522 | GL12: 0.28833768 | GM12: 0.34600522 | GN12: 0.34600522 | GO12: 0.28833768 | GP12: 0.46134029 | GQ12: 0.28833768 | GR12: 0.23067014 | GS12: 0.46134029 | GT12: 0.46134029 | GU12: 0.34600522 | GV12: 0.46134029 | GW12: 0.46134029 | GX12: 0.46134029 | GY12: 0.23067014 | GZ12: 0.46134029 | HA12: 0.28833768 | HB12: 0.46134029 | HC12: 0.46134029 | HD12: 0.28833768 | HE12: 0.28833768 | HF12: 0.34600522 | HG12: 0.46134029 | HH12: 0.34600522 | HI12: 0.46134029 | HJ12: 0.46134029 | HK12: 0.28833768 | HL12: 0.34600522 | HM12: 0.40367275 | HN12: 0.28833768 | HO12: 0.46134029 | HP12: 0.46134029 | HQ12: 0.23067014 | HR12: 0.46134029 | HS12: 0.34600522 | HT12: 0.46134029 | HU12: 0.46134029 | HV12: 0.46134029 | HW12: 0.46134029 | HX12: 0.46134029 | HY12: 0.46134029 | HZ12: 0.11533507 | IA12: 0.34600522 | IB12: 0.46134029 | IC12: 0.46134029 | ID12: 0.17300261 | IE12: 0.46134029 | IF12: 0.46134029 | IG12: 0.46134029 | IH12: 0.46134029 | II12: 0.23067014 | IJ12: 0.28833768 | IK12: 0.17300261 | IL12: 0.34600522 | IM12: 0.28833768 | IN12: 0.23067014 | IO12: 0.40367275 | IP12: 0.23067014 | IQ12: 0.34600522 | IR12: 0.46134029 | IS12: 0.46134029 | IT12: 0.34600522 | IU12: 0.46134029 | IV12: 0.28833768 | IW12: 0.40367275 | IX12: 0.23067014 | IY12: 0.46134029 | IZ12: 0.46134029 | JA12: 0.46134029 | JB12: 0.46134029 | JC12: 0.34600522 | JD12: 0.23067014 | JE12: 0.35304858 | JF12: 92.498728
A13: 12 | B13: 5.5 | C13: 0.55639348 | D13: 0.55639348 | E13: 0.37092899 | F13: 0.37092899 | G13: 0.46366124 | H13: 0.55639348 | I13: 0.46366124 | J13: 0.64912573 | K13: 0.64912573 | L13: 0.55639348 | M13: 0.74185798 | N13: 0.74185798 | O13: 0.37092899 | P13: 0.74185798 | Q13: 0.64912573 | R13: 0.46366124 | S13: 0.64912573 | T13: 0.55639348 | U13: 0.74185798 | V13: 0.46366124 | W13: 0.37092899 | X13: 0.46366124 | Y13: 0.37092899 | Z13: 0.74185798 | AA13: 0.74185798 | AB13: 0.55639348 | AC13: 0.64912573 | AD13: 0.37092899 | AE13: 0.74185798 | AF13: 0.46366124 | AG13: 0.46366124 | AH13: 0.37092899 | AI13: 0.74185798 | AJ13: 0.37092899 | AK13: 0.64912573 | AL13: 0.55639348 | AM13: 0.46366124 | AN13: 0.64912573 | AO13: 0.74185798 | AP13: 0.74185798 | AQ13: 0.46366124 | AR13: 0.46366124 | AS13: 0.27819674 | AT13: 0.55639348 | AU13: 0.64912573 | AV13: 0.37092899 | AW13: 0.37092899 | AX13: 0.37092899 | AY13: 0.74185798 | AZ13: 0.55639348 | BA13: 0.55639348 | BB13: 0.74185798 | BC13: 0.74185798 | BD13: 0.64912573 | BE13: 0.74185798 | BF13: 0.74185798 | BG13: 0.46366124 | BH13: 0.55639348 | BI13: 0.37092899 | BJ13: 0.27819674 | BK13: 0.64912573 | BL13: 0.37092899 | BM13: 0.37092899 | BN13: 0.27819674 | BO13: 0.27819674 | BP13: 0.46366124 | BQ13: 0.37092899 | BR13: 0.46366124 | BS13: 0.74185798 | BT13: 0.74185798 | BU13: 0.64912573 | BV13: 0.74185798 | BW13: 0.74185798 | BX13: 0.74185798 | BY13: 0.55639348 | BZ13: 0.27819674 | CA13: 0.55639348 | CB13: 0.46366124 | CC13: 0.74185798 | CD13: 0.74185798 | CE13: 0.27819674 | CF13: 0.74185798 | CG13: 0.64912573 | CH13: 0.37092899 | CI13: 0.37092899 | CJ13: 0.64912573 | CK13: 0.64912573 | CL13: 0.37092899 | CM13: 0.37092899 | CN13: 0.55639348 | CO13: 0.46366124 | CP13: 0.74185798 | CQ13: 0.74185798 | CR13: 0.46366124 | CS13: 0.55639348 | CT13: 0.64912573 | CU13: 0.55639348 | CV13: 0.37092899 | CW13: 0.55639348 | CX13: 0.74185798 | CY13: 0.74185798 | CZ13: 0.74185798 | DA13: 0.74185798 | DB13: 0.74185798 | DC13: 0.55639348 | DD13: 0.37092899 | DE13: 0.74185798 | DF13: 0.74185798 | DG13: 0.74185798 | DH13: 0.37092899 | DI13: 0.37092899 | DJ13: 0.18546449 | DK13: 0.64912573 | DL13: 0.74185798 | DM13: 0.55639348 | DN13: 0.55639348 | DO13: 0.46366124 | DP13: 0.74185798 | DQ13: 0.27819674 | DR13: 0.55639348 | DS13: 0.74185798 | DT13: 0.27819674 | DU13: 0.74185798 | DV13: 0.74185798 | DW13: 0.55639348 | DX13: 0.46366124 | DY13: 0.64912573 | DZ13: 0.46366124 | EA13: 0.46366124 | EB13: 0.74185798 | EC13: 0.37092899 | ED13: 0.64912573 | EE13: 0.27819674 | EF13: 0.55639348 | EG13: 0.55639348 | EH13: 0.74185798 | EI13: 0.46366124 | EJ13: 0.74185798 | EK13: 0.74185798 | EL13: 0.74185798 | EM13: 0.55639348 | EN13: 0.74185798 | EO13: 0.74185798 | EP13: 0.74185798 | EQ13: 0.37092899 | ER13: 0.74185798 | ES13: 0.74185798 | ET13: 0.55639348 | EU13: 0.74185798 | EV13: 0.74185798 | EW13: 0.74185798 | EX13: 0.74185798 | EY13: 0.55639348 | EZ13: 0.46366124 | FA13: 0.27819674 | FB13: 0.55639348 | FC13: 0.37092899 | FD13: 0.27819674 | FE13: 0.74185798 | FF13: 0.37092899 | FG13: 0.55639348 | FH13: 0.46366124 | FI13: 0.27819674 | FJ13: 0.46366124 | FK13: 0.27819674 | FL13: 0.37092899 | FM13: 0.37092899 | FN13: 0.37092899 | FO13: 0.27819674 | FP13: 0.27819674 | FQ13: 0.46366124 | FR13: 0.74185798 | FS13: 0.55639348 | FT13: 0.27819674 | FU13: 0.55639348 | FV13: 0.64912573 | FW13: 0.74185798 | FX13: 0.27819674 | FY13: 0.55639348 | FZ13: 0.74185798 | GA13: 0.64912573 | GB13: 0.74185798 | GC13: 0.74185798 | GD13: 0.74185798 | GE13: 0.27819674 | GF13: 0.55639348 | GG13: 0.64912573 | GH13: 0.37092899 | GI13: 0.74185798 | GJ13: 0.74185798 | GK13: 0.55639348 | GL13: 0.46366124 | GM13: 0.55639348 | GN13: 0.55639348 | GO13: 0.46366124 | GP13: 0.74185798 | GQ13: 0.46366124 | GR13: 0.37092899 | GS13: 0.74185798 | GT13: 0.74185798 | GU13: 0.55639348 | GV13: 0.74185798 | GW13: 0.74185798 | GX13: 0.74185798 | GY13: 0.37092899 | GZ13: 0.74185798 | HA13: 0.46366124 | HB13: 0.74185798 | HC13: 0.74185798 | HD13: 0.46366124 | HE13: 0.46366124 | HF13: 0.55639348 | HG13: 0.74185798 | HH13: 0.55639348 | HI13: 0.74185798 | HJ13: 0.74185798 | HK13: 0.46366124 | HL13: 0.55639348 | HM13: 0.64912573 | HN13: 0.46366124 | HO13: 0.74185798 | HP13: 0.74185798 | HQ13: 0.37092899 | HR13: 0.74185798 | HS13: 0.55639348 | HT13: 0.74185798 | HU13: 0.74185798 | HV13: 0.74185798 | HW13: 0.74185798 | HX13: 0.74185798 | HY13: 0.74185798 | HZ13: 0.18546449 | IA13: 0.55639348 | IB13: 0.74185798 | IC13: 0.74185798 | ID13: 0.27819674 | IE13: 0.74185798 | IF13: 0.74185798 | IG13: 0.74185798 | IH13: 0.74185798 | II13: 0.37092899 | IJ13: 0.46366124 | IK13: 0.27819674 | IL13: 0.55639348 | IM13: 0.46366124 | IN13: 0.37092899 | IO13: 0.64912573 | IP13: 0.37092899 | IQ13: 0.55639348 | IR13: 0.74185798 | IS13: 0.74185798 | IT13: 0.55639348 | IU13: 0.74185798 | IV13: 0.46366124 | IW13: 0.64912573 | IX13: 0.37092899 | IY13: 0.74185798 | IZ13: 0.74185798 | JA13: 0.74185798 | JB13: 0.74185798 | JC13: 0.55639348 | JD13: 0.37092899 | JE13: 0.56771956 | JF13: 148.74252
... A49: 48 | B49: 23.5 | C49: 0 | D49: 0 | E49: 0 | F49: 0 | G49: 0 | H49: 0 | I49: 0 | J49: 0 | K49: 0 | L49: 0 | M49: 0 | N49: 0 | O49: 0 | P49: 0 | Q49: 0 | R49: 0 | S49: 0 | T49: 0 | U49: 0 | V49: 0 | W49: 0 | X49: 0 | Y49: 0 | Z49: 0 | AA49: 0 | AB49: 0 | AC49: 0 | AD49: 0 | AE49: 0 | AF49: 0 | AG49: 0 | AH49: 0 | AI49: 0 | AJ49: 0 | AK49: 0 | AL49: 0 | AM49: 0 | AN49: 0 | AO49: 0 | AP49: 0 | AQ49: 0 | AR49: 0 | AS49: 0 | AT49: 0 | AU49: 0 | AV49: 0 | AW49: 0 | AX49: 0 | AY49: 0 | AZ49: 0 | BA49: 0 | BB49: 0 | BC49: 0 | BD49: 0 | BE49: 0 | BF49: 0 | BG49: 0 | BH49: 0 | BI49: 0 | BJ49: 0 | BK49: 0 | BL49: 0 | BM49: 0 | BN49: 0 | BO49: 0 | BP49: 0 | BQ49: 0 | BR49: 0 | BS49: 0 | BT49: 0 | BU49: 0 | BV49: 0 | BW49: 0 | BX49: 0 | BY49: 0 | BZ49: 0 | CA49: 0 | CB49: 0 | CC49: 0 | CD49: 0 | CE49: 0 | CF49: 0 | CG49: 0 | CH49: 0 | CI49: 0 | CJ49: 0 | CK49: 0 | CL49: 0 | CM49: 0 | CN49: 0 | CO49: 0 | CP49: 0 | CQ49: 0 | CR49: 0 | CS49: 0 | CT49: 0 | CU49: 0 | CV49: 0 | CW49: 0 | CX49: 0 | CY49: 0 | CZ49: 0 | DA49: 0 | DB49: 0 | DC49: 0 | DD49: 0 | DE49: 0 | DF49: 0 | DG49: 0 | DH49: 0 | DI49: 0 | DJ49: 0 | DK49: 0 | DL49: 0 | DM49: 0 | DN49: 0 | DO49: 0 | DP49: 0 | DQ49: 0 | DR49: 0 | DS49: 0 | DT49: 0 | DU49: 0 | DV49: 0 | DW49: 0 | DX49: 0 | DY49: 0 | DZ49: 0 | EA49: 0 | EB49: 0 | EC49: 0 | ED49: 0 | EE49: 0 | EF49: 0 | EG49: 0 | EH49: 0 | EI49: 0 | EJ49: 0 | EK49: 0 | EL49: 0 | EM49: 0 | EN49: 0 | EO49: 0 | EP49: 0 | EQ49: 0 | ER49: 0 | ES49: 0 | ET49: 0 | EU49: 0 | EV49: 0 | EW49: 0 | EX49: 0 | EY49: 0 | EZ49: 0 | FA49: 0 | FB49: 0 | FC49: 0 | FD49: 0 | FE49: 0 | FF49: 0 | FG49: 0 | FH49: 0 | FI49: 0 | FJ49: 0 | FK49: 0 | FL49: 0 | FM49: 0 | FN49: 0 | FO49: 0 | FP49: 0 | FQ49: 0 | FR49: 0 | FS49: 0 | FT49: 0 | FU49: 0 | FV49: 0 | FW49: 0 | FX49: 0 | FY49: 0 | FZ49: 0 | GA49: 0 | GB49: 0 | GC49: 0 | GD49: 0 | GE49: 0 | GF49: 0 | GG49: 0 | GH49: 0 | GI49: 0 | GJ49: 0 | GK49: 0 | GL49: 0 | GM49: 0 | GN49: 0 | GO49: 0 | GP49: 0 | GQ49: 0 | GR49: 0 | GS49: 0 | GT49: 0 | GU49: 0 | GV49: 0 | GW49: 0 | GX49: 0 | GY49: 0 | GZ49: 0 | HA49: 0 | HB49: 0 | HC49: 0 | HD49: 0 | HE49: 0 | HF49: 0 | HG49: 0 | HH49: 0 | HI49: 0 | HJ49: 0 | HK49: 0 | HL49: 0 | HM49: 0 | HN49: 0 | HO49: 0 | HP49: 0 | HQ49: 0 | HR49: 0 | HS49: 0 | HT49: 0 | HU49: 0 | HV49: 0 | HW49: 0 | HX49: 0 | HY49: 0 | HZ49: 0 | IA49: 0 | IB49: 0 | IC49: 0 | ID49: 0 | IE49: 0 | IF49: 0 | IG49: 0 | IH49: 0 | II49: 0 | IJ49: 0 | IK49: 0 | IL49: 0 | IM49: 0 | IN49: 0 | IO49: 0 | IP49: 0 | IQ49: 0 | IR49: 0 | IS49: 0 | IT49: 0 | IU49: 0 | IV49: 0 | IW49: 0 | IX49: 0 | IY49: 0 | IZ49: 0 | JA49: 0 | JB49: 0 | JC49: 0 | JD49: 0 | JE49: 0 | JF49: 0

Sheet Charge_kW
A1: period | B1: hour | C1: BES_TR6_one38_B | D1: BES_TR6_one242_B | E1: BES_TR6_one252_C | F1: BES_TR6_one260_C | G1: BES_TR6_one280_A | H1: BES_TR6_one287_B | I1: BES_TR6_one299_B | J1: BES_TR6_one313_A | K1: BES_TR6_one320_B | L1: BES_TR6_one346_C | M1: BES_TR6_one416_C | N1: BES_TR6_one446_B | O1: BES_TR6_one477_A | P1: BES_TR6_one480_A | Q1: BES_TR6_one482_B | R1: BES_TR6_one521_C | S1: BES_TR6_one537_A | T1: BES_TR6_one559_C | U1: BES_TR6_one570_B | V1: BES_TR6_one590_A | W1: BES_TR6_one605_A | X1: BES_TR6_one614_B | Y1: BES_TR6_one73_A | Z1: BES_TR6_one76_A | AA1: BES_TR6_one137_A | AB1: BES_TR6_one176_A | AC1: BES_TR6_four149_B | AD1: BES_TR6_four163_C | AE1: BES_TR6_four171_A | AF1: BES_TR6_four184_B | AG1: BES_TR6_four200_A | AH1: BES_TR6_four239_A | AI1: BES_TR6_four259_B | AJ1: BES_TR6_four288_B | AK1: BES_TR6_four289_B | AL1: BES_TR6_four301_C | AM1: BES_TR6_four317_B | AN1: BES_TR6_four354_B | AO1: BES_TR6_four358_C | AP1: BES_TR6_four65_B | AQ1: BES_TR6_four384_B | AR1: BES_TR6_four385_A | AS1: BES_TR6_four396_B | AT1: BES_TR6_four423_C | AU1: BES_TR6_four446_B | AV1: BES_TR6_four451_C | AW1: BES_TR6_four466_C | AX1: BES_TR6_four558_C | AY1: BES_TR6_four70_B | AZ1: BES_TR6_four573_A | BA1: BES_TR6_four664_A | BB1: BES_TR6_four675_C | BC1: BES_TR6_four710_C | BD1: BES_TR6_four727_B | BE1: BES_TR6_four732_B | BF1: BES_TR6_four818_B | BG1: BES_TR6_four821_A | BH1: BES_TR6_four832_A | BI1: BES_TR6_four840_A | BJ1: BES_TR6_four957_A | BK1: BES_TR6_four978_A | BL1: BES_TR6_four988_A | BM1: BES_TR6_four1013_B | BN1: BES_TR6_four1027_A | BO1: BES_TR6_four1063_C | BP1: BES_TR6_four1103_C | BQ1: BES_TR6_four1140_A | BR1: BES_TR6_four1152_B | BS1: BES_TR6_four1220_C | BT1: BES_TR6_five147_dup_C | BU1: BES_TR6_five149_A | BV1: BES_TR6_five168_A | BW1: BES_TR6_five170_A | BX1: BES_TR6_five170_dup_A | BY1: BES_TR6_five186_C | BZ1: BES_TR6_five186_dup_C | CA1: BES_TR6_five194_C | CB1: BES_TR6_five199_dup_C | CC1: BES_TR6_five67_C | CD1: BES_TR6_five67_dup_C | CE1: BES_TR6_five223_A | CF1: BES_TR6_five223_dup_A | CG1: BES_TR6_five242_dup_A | CH1: BES_TR6_five243_B | CI1: BES_TR6_five243_dup_B | CJ1: BES_TR6_five284_C | CK1: BES_TR6_five284_dup_C | CL1: BES_TR6_five285_B | CM1: BES_TR6_five285_dup_B | CN1: BES_TR6_five303_B | CO1: BES_TR6_five78_A | CP1: BES_TR6_five78_dup_A | CQ1: BES_TR6_five394_C | CR1: BES_TR6_five394_dup_C | CS1: BES_TR6_five421_A | CT1: BES_TR6_five445_dup_C | CU1: BES_TR6_five457_B | CV1: BES_TR6_five494_B | CW1: BES_TR6_five499_B | CX1: BES_TR6_five92_dup_A | CY1: BES_TR6_five512_dup_A | CZ1: BES_TR6_five513_B | DA1: BES_TR6_five513_dup_B | DB1: BES_TR6_five520_C | DC1: BES_TR6_five520_dup_C | DD1: BES_TR6_five537_C | DE1: BES_TR6_five537_dup_C | DF1: BES_TR6_five551_C | DG1: BES_TR6_five585_A | DH1: BES_TR6_five588_dup_A | DI1: BES_TR6_five108_dup_B | DJ1: BES_TR6_five649_A | DK1: BES_TR6_five663_C | DL1: BES_TR6_five663_dup_C | DM1: BES_TR6_five670_dup_C | DN1: BES_TR6_five704_A | DO1: BES_TR6_five733_C | DP1: BES_TR6_five735_A | DQ1: BES_TR6_five735_dup_A | DR1: BES_TR6_five748_B | DS1: BES_TR6_five117_dup_B | DT1: BES_TR6_five750_B | DU1: BES_TR6_five778_dup_B | DV1: BES_TR6_five793_A | DW1: BES_TR6_five881_C | DX1: BES_TR6_five905_B | DY1: BES_TR6_five118_B | DZ1: BES_TR6_five118_dup_B | EA1: BES_TR6_five123_B | EB1: BES_TR6_five123_dup_B | EC1: BES_TR6_five129_C | ED1: BES_TR6_six64_A | EE1: BES_TR6_six64_dup_A | EF1: BES_TR6_six154_dup_C | EG1: BES_TR6_six154_tri_C | EH1: BES_TR6_six173_C | EI1: BES_TR6_six173_dup_C | EJ1: BES_TR6_six191_B | EK1: BES_TR6_six191_dup_B | EL1: BES_TR6_six203_A | EM1: BES_TR6_six203_dup_A | EN1: BES_TR6_six203_tri_A | EO1: BES_TR6_six232_C | EP1: BES_TR6_six238_A | EQ1: BES_TR6_six238_tri_A | ER1: BES_TR6_six249_dup_B | ES1: BES_TR6_six269_tri_C | ET1: BES_TR6_six68_C | EU1: BES_TR6_six68_dup_C | EV1: BES_TR6_six68_tri_C | EW1: BES_TR6_six289_C | EX1: BES_TR6_six289_tri_C | EY1: BES_TR6_six317_dup_C | EZ1: BES_TR6_six317_tri_C | FA1: BES_TR6_six326_tri_A | FB1: BES_TR6_six329_A | FC1: BES_TR6_six329_tri_A | FD1: BES_TR6_six342_A | FE1: BES_TR6_six349_dup_A | FF1: BES_TR6_six349_tri_A | FG1: BES_TR6_six350_dup_B | FH1: BES_TR6_six350_tri_B | FI1: BES_TR6_six362_tri_C | FJ1: BES_TR6_six365_tri_C | FK1: BES_TR6_six378_dup_A | FL1: BES_TR6_six378_tri_A | FM1: BES_TR6_six75_tri_A | FN1: BES_TR6_six385_B | FO1: BES_TR6_six385_tri_B | FP1: BES_TR6_six387_dup_A | FQ1: BES_TR6_six392_C | FR1: BES_TR6_six410_tri_A | FS1: BES_TR6_six431_dup_C | FT1: BES_TR6_six431_tri_C | FU1: BES_TR6_six441_dup_A | FV1: BES_TR6_six441_tri_A | FW1: BES_TR6_six484_dup_B | FX1: BES_TR6_six501_dup_A | FY1: BES_TR6_six512_dup_B | FZ1: BES_TR6_six512_tri_B | GA1: BES_TR6_six82_A | GB1: BES_TR6_six82_dup_A | GC1: BES_TR6_six523_dup_C | GD1: BES_TR6_six571_C | GE1: BES_TR6_six571_tri_C | GF1: BES_TR6_six583_dup_A | GG1: BES_TR6_six591_C | GH1: BES_TR6_six591_dup_C | GI1: BES_TR6_six595_tri_B | GJ1: BES_TR6_six625_A | GK1: BES_TR6_six643_A | GL1: BES_TR6_six646_B | GM1: BES_TR6_six646_dup_B | GN1: BES_TR6_six651_dup_C | GO1: BES_TR6_six651_tri_C | GP1: BES_TR6_six87_dup_A | GQ1: BES_TR6_six652_dup_A | GR1: BES_TR6_six652_tri_A | GS1: BES_TR6_six665_tri_B | GT1: BES_TR6_six667_A | GU1: BES_TR6_six667_tri_A | GV1: BES_TR6_six699_C | GW1: BES_TR6_six699_dup_C | GX1: BES_TR6_six699_tri_C | GY1: BES_TR6_six721_A | GZ1: BES_TR6_six723_B | HA1: BES_TR6_six723_dup_B | HB1: BES_TR6_six740_A | HC1: BES_TR6_six740_dup_A | HD1: BES_TR6_six740_tri_A | HE1: BES_TR6_six758_B | HF1: BES_TR6_six758_dup_B | HG1: BES_TR6_six784_dup_B | HH1: BES_TR6_six784_tri_B | HI1: BES_TR6_six90_B | HJ1: BES_TR6_six90_dup_B | HK1: BES_TR6_six799_tri_B | HL1: BES_TR6_six801_C | HM1: BES_TR6_six801_dup_C | HN1: BES_TR6_six801_tri_C | HO1: BES_TR6_six807_A | HP1: BES_TR6_six844_C | HQ1: BES_TR6_six844_dup_C | HR1: BES_TR6_six844_tri_C | HS1: BES_TR6_six852_B | HT1: BES_TR6_six860_C | HU1: BES_TR6_six860_dup_C | HV1: BES_TR6_six869_C | HW1: BES_TR6_six869_tri_C | HX1: BES_TR6_six885_A | HY1: BES_TR6_six885_tri_A | HZ1: BES_TR6_six894_B | IA1: BES_TR6_six894_tri_B | IB1: BES_TR6_six105_dup_A | IC1: BES_TR6_six105_tri_A | ID1: BES_TR6_six914_A | IE1: BES_TR6_six914_tri_A | IF1: BES_TR6_six921_B | IG1: BES_TR6_six929_tri_A | IH1: BES_TR6_six938_dup_A | II1: BES_TR6_six938_tri_A | IJ1: BES_TR6_six945_dup_C | IK1: BES_TR6_six952_A | IL1: BES_TR6_six952_dup_A | IM1: BES_TR6_six967_B | IN1: BES_TR6_six967_tri_B | IO1: BES_TR6_six974_dup_C | IP1: BES_TR6_six974_tri_C | IQ1: BES_TR6_six979_A | IR1: BES_TR6_six990_B | IS1: BES_TR6_six990_dup_B | IT1: BES_TR6_six990_tri_B | IU1: BES_TR6_six111_dup_C | IV1: BES_TR6_six111_tri_C | IW1: BES_TR6_six1006_C | IX1: BES_TR6_six1006_dup_C | IY1: BES_TR6_six1020_A | IZ1: BES_TR6_six1020_dup_A | JA1: BES_TR6_six1020_tri_A | JB1: BES_TR6_six1025_B | JC1: BES_TR6_six1064_C | JD1: BES_TR6_six1064_tri_C | JE1: fleet_average | JF1: fleet_total
A2: 1 | B2: 0 | C2: 0 | D2: 0 | E2: 0 | F2: 0 | G2: 0 | H2: 0 | I2: 0 | J2: 0 | K2: 0 | L2: 0 | M2: 0 | N2: 0 | O2: 0 | P2: 0 | Q2: 0 | R2: 0 | S2: 0 | T2: 0 | U2: 0 | V2: 0 | W2: 0 | X2: 0 | Y2: 0 | Z2: 0 | AA2: 0 | AB2: 0 | AC2: 0 | AD2: 0 | AE2: 0 | AF2: 0 | AG2: 0 | AH2: 0 | AI2: 0 | AJ2: 0 | AK2: 0 | AL2: 0 | AM2: 0 | AN2: 0 | AO2: 0 | AP2: 0 | AQ2: 0 | AR2: 0 | AS2: 0 | AT2: 0 | AU2: 0 | AV2: 0 | AW2: 0 | AX2: 0 | AY2: 0 | AZ2: 0 | BA2: 0 | BB2: 0 | BC2: 0 | BD2: 0 | BE2: 0 | BF2: 0 | BG2: 0 | BH2: 0 | BI2: 0 | BJ2: 0 | BK2: 0 | BL2: 0 | BM2: 0 | BN2: 0 | BO2: 0 | BP2: 0 | BQ2: 0 | BR2: 0 | BS2: 0 | BT2: 0 | BU2: 0 | BV2: 0 | BW2: 0 | BX2: 0 | BY2: 0 | BZ2: 0 | CA2: 0 | CB2: 0 | CC2: 0 | CD2: 0 | CE2: 0 | CF2: 0 | CG2: 0 | CH2: 0 | CI2: 0 | CJ2: 0 | CK2: 0 | CL2: 0 | CM2: 0 | CN2: 0 | CO2: 0 | CP2: 0 | CQ2: 0 | CR2: 0 | CS2: 0 | CT2: 0 | CU2: 0 | CV2: 0 | CW2: 0 | CX2: 0 | CY2: 0 | CZ2: 0 | DA2: 0 | DB2: 0 | DC2: 0 | DD2: 0 | DE2: 0 | DF2: 0 | DG2: 0 | DH2: 0 | DI2: 0 | DJ2: 0 | DK2: 0 | DL2: 0 | DM2: 0 | DN2: 0 | DO2: 0 | DP2: 0 | DQ2: 0 | DR2: 0 | DS2: 0 | DT2: 0 | DU2: 0 | DV2: 0 | DW2: 0 | DX2: 0 | DY2: 0 | DZ2: 0 | EA2: 0 | EB2: 0 | EC2: 0 | ED2: 0 | EE2: 0 | EF2: 0 | EG2: 0 | EH2: 0 | EI2: 0 | EJ2: 0 | EK2: 0 | EL2: 0 | EM2: 0 | EN2: 0 | EO2: 0 | EP2: 0 | EQ2: 0 | ER2: 0 | ES2: 0 | ET2: 0 | EU2: 0 | EV2: 0 | EW2: 0 | EX2: 0 | EY2: 0 | EZ2: 0 | FA2: 0 | FB2: 0 | FC2: 0 | FD2: 0 | FE2: 0 | FF2: 0 | FG2: 0 | FH2: 0 | FI2: 0 | FJ2: 0 | FK2: 0 | FL2: 0 | FM2: 0 | FN2: 0 | FO2: 0 | FP2: 0 | FQ2: 0 | FR2: 0 | FS2: 0 | FT2: 0 | FU2: 0 | FV2: 0 | FW2: 0 | FX2: 0 | FY2: 0 | FZ2: 0 | GA2: 0 | GB2: 0 | GC2: 0 | GD2: 0 | GE2: 0 | GF2: 0 | GG2: 0 | GH2: 0 | GI2: 0 | GJ2: 0 | GK2: 0 | GL2: 0 | GM2: 0 | GN2: 0 | GO2: 0 | GP2: 0 | GQ2: 0 | GR2: 0 | GS2: 0 | GT2: 0 | GU2: 0 | GV2: 0 | GW2: 0 | GX2: 0 | GY2: 0 | GZ2: 0 | HA2: 0 | HB2: 0 | HC2: 0 | HD2: 0 | HE2: 0 | HF2: 0 | HG2: 0 | HH2: 0 | HI2: 0 | HJ2: 0 | HK2: 0 | HL2: 0 | HM2: 0 | HN2: 0 | HO2: 0 | HP2: 0 | HQ2: 0 | HR2: 0 | HS2: 0 | HT2: 0 | HU2: 0 | HV2: 0 | HW2: 0 | HX2: 0 | HY2: 0 | HZ2: 0 | IA2: 0 | IB2: 0 | IC2: 0 | ID2: 0 | IE2: 0 | IF2: 0 | IG2: 0 | IH2: 0 | II2: 0 | IJ2: 0 | IK2: 0 | IL2: 0 | IM2: 0 | IN2: 0 | IO2: 0 | IP2: 0 | IQ2: 0 | IR2: 0 | IS2: 0 | IT2: 0 | IU2: 0 | IV2: 0 | IW2: 0 | IX2: 0 | IY2: 0 | IZ2: 0 | JA2: 0 | JB2: 0 | JC2: 0 | JD2: 0 | JE2: 0 | JF2: 0
A3: 2 | B3: 0.5 | C3: 0 | D3: 0 | E3: 0 | F3: 0 | G3: 0 | H3: 0 | I3: 0 | J3: 0 | K3: 0 | L3: 0 | M3: 0 | N3: 0 | O3: 0 | P3: 0 | Q3: 0 | R3: 0 | S3: 0 | T3: 0 | U3: 0 | V3: 0 | W3: 0 | X3: 0 | Y3: 0 | Z3: 0 | AA3: 0 | AB3: 0 | AC3: 0 | AD3: 0 | AE3: 0 | AF3: 0 | AG3: 0 | AH3: 0 | AI3: 0 | AJ3: 0 | AK3: 0 | AL3: 0 | AM3: 0 | AN3: 0 | AO3: 0 | AP3: 0 | AQ3: 0 | AR3: 0 | AS3: 0 | AT3: 0 | AU3: 0 | AV3: 0 | AW3: 0 | AX3: 0 | AY3: 0 | AZ3: 0 | BA3: 0 | BB3: 0 | BC3: 0 | BD3: 0 | BE3: 0 | BF3: 0 | BG3: 0 | BH3: 0 | BI3: 0 | BJ3: 0 | BK3: 0 | BL3: 0 | BM3: 0 | BN3: 0 | BO3: 0 | BP3: 0 | BQ3: 0 | BR3: 0 | BS3: 0 | BT3: 0 | BU3: 0 | BV3: 0 | BW3: 0 | BX3: 0 | BY3: 0 | BZ3: 0 | CA3: 0 | CB3: 0 | CC3: 0 | CD3: 0 | CE3: 0 | CF3: 0 | CG3: 0 | CH3: 0 | CI3: 0 | CJ3: 0 | CK3: 0 | CL3: 0 | CM3: 0 | CN3: 0 | CO3: 0 | CP3: 0 | CQ3: 0 | CR3: 0 | CS3: 0 | CT3: 0 | CU3: 0 | CV3: 0 | CW3: 0 | CX3: 0 | CY3: 0 | CZ3: 0 | DA3: 0 | DB3: 0 | DC3: 0 | DD3: 0 | DE3: 0 | DF3: 0 | DG3: 0 | DH3: 0 | DI3: 0 | DJ3: 0 | DK3: 0 | DL3: 0 | DM3: 0 | DN3: 0 | DO3: 0 | DP3: 0 | DQ3: 0 | DR3: 0 | DS3: 0 | DT3: 0 | DU3: 0 | DV3: 0 | DW3: 0 | DX3: 0 | DY3: 0 | DZ3: 0 | EA3: 0 | EB3: 0 | EC3: 0 | ED3: 0 | EE3: 0 | EF3: 0 | EG3: 0 | EH3: 0 | EI3: 0 | EJ3: 0 | EK3: 0 | EL3: 0 | EM3: 0 | EN3: 0 | EO3: 0 | EP3: 0 | EQ3: 0 | ER3: 0 | ES3: 0 | ET3: 0 | EU3: 0 | EV3: 0 | EW3: 0 | EX3: 0 | EY3: 0 | EZ3: 0 | FA3: 0 | FB3: 0 | FC3: 0 | FD3: 0 | FE3: 0 | FF3: 0 | FG3: 0 | FH3: 0 | FI3: 0 | FJ3: 0 | FK3: 0 | FL3: 0 | FM3: 0 | FN3: 0 | FO3: 0 | FP3: 0 | FQ3: 0 | FR3: 0 | FS3: 0 | FT3: 0 | FU3: 0 | FV3: 0 | FW3: 0 | FX3: 0 | FY3: 0 | FZ3: 0 | GA3: 0 | GB3: 0 | GC3: 0 | GD3: 0 | GE3: 0 | GF3: 0 | GG3: 0 | GH3: 0 | GI3: 0 | GJ3: 0 | GK3: 0 | GL3: 0 | GM3: 0 | GN3: 0 | GO3: 0 | GP3: 0 | GQ3: 0 | GR3: 0 | GS3: 0 | GT3: 0 | GU3: 0 | GV3: 0 | GW3: 0 | GX3: 0 | GY3: 0 | GZ3: 0 | HA3: 0 | HB3: 0 | HC3: 0 | HD3: 0 | HE3: 0 | HF3: 0 | HG3: 0 | HH3: 0 | HI3: 0 | HJ3: 0 | HK3: 0 | HL3: 0 | HM3: 0 | HN3: 0 | HO3: 0 | HP3: 0 | HQ3: 0 | HR3: 0 | HS3: 0 | HT3: 0 | HU3: 0 | HV3: 0 | HW3: 0 | HX3: 0 | HY3: 0 | HZ3: 0 | IA3: 0 | IB3: 0 | IC3: 0 | ID3: 0 | IE3: 0 | IF3: 0 | IG3: 0 | IH3: 0 | II3: 0 | IJ3: 0 | IK3: 0 | IL3: 0 | IM3: 0 | IN3: 0 | IO3: 0 | IP3: 0 | IQ3: 0 | IR3: 0 | IS3: 0 | IT3: 0 | IU3: 0 | IV3: 0 | IW3: 0 | IX3: 0 | IY3: 0 | IZ3: 0 | JA3: 0 | JB3: 0 | JC3: 0 | JD3: 0 | JE3: 0 | JF3: 0
A4: 3 | B4: 1 | C4: 0 | D4: 0 | E4: 0 | F4: 0 | G4: 0 | H4: 0 | I4: 0 | J4: 0 | K4: 0 | L4: 0 | M4: 0 | N4: 0 | O4: 0 | P4: 0 | Q4: 0 | R4: 0 | S4: 0 | T4: 0 | U4: 0 | V4: 0 | W4: 0 | X4: 0 | Y4: 0 | Z4: 0 | AA4: 0 | AB4: 0 | AC4: 0 | AD4: 0 | AE4: 0 | AF4: 0 | AG4: 0 | AH4: 0 | AI4: 0 | AJ4: 0 | AK4: 0 | AL4: 0 | AM4: 0 | AN4: 0 | AO4: 0 | AP4: 0 | AQ4: 0 | AR4: 0 | AS4: 0 | AT4: 0 | AU4: 0 | AV4: 0 | AW4: 0 | AX4: 0 | AY4: 0 | AZ4: 0 | BA4: 0 | BB4: 0 | BC4: 0 | BD4: 0 | BE4: 0 | BF4: 0 | BG4: 0 | BH4: 0 | BI4: 0 | BJ4: 0 | BK4: 0 | BL4: 0 | BM4: 0 | BN4: 0 | BO4: 0 | BP4: 0 | BQ4: 0 | BR4: 0 | BS4: 0 | BT4: 0 | BU4: 0 | BV4: 0 | BW4: 0 | BX4: 0 | BY4: 0 | BZ4: 0 | CA4: 0 | CB4: 0 | CC4: 0 | CD4: 0 | CE4: 0 | CF4: 0 | CG4: 0 | CH4: 0 | CI4: 0 | CJ4: 0 | CK4: 0 | CL4: 0 | CM4: 0 | CN4: 0 | CO4: 0 | CP4: 0 | CQ4: 0 | CR4: 0 | CS4: 0 | CT4: 0 | CU4: 0 | CV4: 0 | CW4: 0 | CX4: 0 | CY4: 0 | CZ4: 0 | DA4: 0 | DB4: 0 | DC4: 0 | DD4: 0 | DE4: 0 | DF4: 0 | DG4: 0 | DH4: 0 | DI4: 0 | DJ4: 0 | DK4: 0 | DL4: 0 | DM4: 0 | DN4: 0 | DO4: 0 | DP4: 0 | DQ4: 0 | DR4: 0 | DS4: 0 | DT4: 0 | DU4: 0 | DV4: 0 | DW4: 0 | DX4: 0 | DY4: 0 | DZ4: 0 | EA4: 0 | EB4: 0 | EC4: 0 | ED4: 0 | EE4: 0 | EF4: 0 | EG4: 0 | EH4: 0 | EI4: 0 | EJ4: 0 | EK4: 0 | EL4: 0 | EM4: 0 | EN4: 0 | EO4: 0 | EP4: 0 | EQ4: 0 | ER4: 0 | ES4: 0 | ET4: 0 | EU4: 0 | EV4: 0 | EW4: 0 | EX4: 0 | EY4: 0 | EZ4: 0 | FA4: 0 | FB4: 0 | FC4: 0 | FD4: 0 | FE4: 0 | FF4: 0 | FG4: 0 | FH4: 0 | FI4: 0 | FJ4: 0 | FK4: 0 | FL4: 0 | FM4: 0 | FN4: 0 | FO4: 0 | FP4: 0 | FQ4: 0 | FR4: 0 | FS4: 0 | FT4: 0 | FU4: 0 | FV4: 0 | FW4: 0 | FX4: 0 | FY4: 0 | FZ4: 0 | GA4: 0 | GB4: 0 | GC4: 0 | GD4: 0 | GE4: 0 | GF4: 0 | GG4: 0 | GH4: 0 | GI4: 0 | GJ4: 0 | GK4: 0 | GL4: 0 | GM4: 0 | GN4: 0 | GO4: 0 | GP4: 0 | GQ4: 0 | GR4: 0 | GS4: 0 | GT4: 0 | GU4: 0 | GV4: 0 | GW4: 0 | GX4: 0 | GY4: 0 | GZ4: 0 | HA4: 0 | HB4: 0 | HC4: 0 | HD4: 0 | HE4: 0 | HF4: 0 | HG4: 0 | HH4: 0 | HI4: 0 | HJ4: 0 | HK4: 0 | HL4: 0 | HM4: 0 | HN4: 0 | HO4: 0 | HP4: 0 | HQ4: 0 | HR4: 0 | HS4: 0 | HT4: 0 | HU4: 0 | HV4: 0 | HW4: 0 | HX4: 0 | HY4: 0 | HZ4: 0 | IA4: 0 | IB4: 0 | IC4: 0 | ID4: 0 | IE4: 0 | IF4: 0 | IG4: 0 | IH4: 0 | II4: 0 | IJ4: 0 | IK4: 0 | IL4: 0 | IM4: 0 | IN4: 0 | IO4: 0 | IP4: 0 | IQ4: 0 | IR4: 0 | IS4: 0 | IT4: 0 | IU4: 0 | IV4: 0 | IW4: 0 | IX4: 0 | IY4: 0 | IZ4: 0 | JA4: 0 | JB4: 0 | JC4: 0 | JD4: 0 | JE4: 0 | JF4: 0
A5: 4 | B5: 1.5 | C5: 0 | D5: 0 | E5: 0 | F5: 0 | G5: 0 | H5: 0 | I5: 0 | J5: 0 | K5: 0 | L5: 0 | M5: 0 | N5: 0 | O5: 0 | P5: 0 | Q5: 0 | R5: 0 | S5: 0 | T5: 0 | U5: 0 | V5: 0 | W5: 0 | X5: 0 | Y5: 0 | Z5: 0 | AA5: 0 | AB5: 0 | AC5: 0 | AD5: 0 | AE5: 0 | AF5: 0 | AG5: 0 | AH5: 0 | AI5: 0 | AJ5: 0 | AK5: 0 | AL5: 0 | AM5: 0 | AN5: 0 | AO5: 0 | AP5: 0 | AQ5: 0 | AR5: 0 | AS5: 0 | AT5: 0 | AU5: 0 | AV5: 0 | AW5: 0 | AX5: 0 | AY5: 0 | AZ5: 0 | BA5: 0 | BB5: 0 | BC5: 0 | BD5: 0 | BE5: 0 | BF5: 0 | BG5: 0 | BH5: 0 | BI5: 0 | BJ5: 0 | BK5: 0 | BL5: 0 | BM5: 0 | BN5: 0 | BO5: 0 | BP5: 0 | BQ5: 0 | BR5: 0 | BS5: 0 | BT5: 0 | BU5: 0 | BV5: 0 | BW5: 0 | BX5: 0 | BY5: 0 | BZ5: 0 | CA5: 0 | CB5: 0 | CC5: 0 | CD5: 0 | CE5: 0 | CF5: 0 | CG5: 0 | CH5: 0 | CI5: 0 | CJ5: 0 | CK5: 0 | CL5: 0 | CM5: 0 | CN5: 0 | CO5: 0 | CP5: 0 | CQ5: 0 | CR5: 0 | CS5: 0 | CT5: 0 | CU5: 0 | CV5: 0 | CW5: 0 | CX5: 0 | CY5: 0 | CZ5: 0 | DA5: 0 | DB5: 0 | DC5: 0 | DD5: 0 | DE5: 0 | DF5: 0 | DG5: 0 | DH5: 0 | DI5: 0 | DJ5: 0 | DK5: 0 | DL5: 0 | DM5: 0 | DN5: 0 | DO5: 0 | DP5: 0 | DQ5: 0 | DR5: 0 | DS5: 0 | DT5: 0 | DU5: 0 | DV5: 0 | DW5: 0 | DX5: 0 | DY5: 0 | DZ5: 0 | EA5: 0 | EB5: 0 | EC5: 0 | ED5: 0 | EE5: 0 | EF5: 0 | EG5: 0 | EH5: 0 | EI5: 0 | EJ5: 0 | EK5: 0 | EL5: 0 | EM5: 0 | EN5: 0 | EO5: 0 | EP5: 0 | EQ5: 0 | ER5: 0 | ES5: 0 | ET5: 0 | EU5: 0 | EV5: 0 | EW5: 0 | EX5: 0 | EY5: 0 | EZ5: 0 | FA5: 0 | FB5: 0 | FC5: 0 | FD5: 0 | FE5: 0 | FF5: 0 | FG5: 0 | FH5: 0 | FI5: 0 | FJ5: 0 | FK5: 0 | FL5: 0 | FM5: 0 | FN5: 0 | FO5: 0 | FP5: 0 | FQ5: 0 | FR5: 0 | FS5: 0 | FT5: 0 | FU5: 0 | FV5: 0 | FW5: 0 | FX5: 0 | FY5: 0 | FZ5: 0 | GA5: 0 | GB5: 0 | GC5: 0 | GD5: 0 | GE5: 0 | GF5: 0 | GG5: 0 | GH5: 0 | GI5: 0 | GJ5: 0 | GK5: 0 | GL5: 0 | GM5: 0 | GN5: 0 | GO5: 0 | GP5: 0 | GQ5: 0 | GR5: 0 | GS5: 0 | GT5: 0 | GU5: 0 | GV5: 0 | GW5: 0 | GX5: 0 | GY5: 0 | GZ5: 0 | HA5: 0 | HB5: 0 | HC5: 0 | HD5: 0 | HE5: 0 | HF5: 0 | HG5: 0 | HH5: 0 | HI5: 0 | HJ5: 0 | HK5: 0 | HL5: 0 | HM5: 0 | HN5: 0 | HO5: 0 | HP5: 0 | HQ5: 0 | HR5: 0 | HS5: 0 | HT5: 0 | HU5: 0 | HV5: 0 | HW5: 0 | HX5: 0 | HY5: 0 | HZ5: 0 | IA5: 0 | IB5: 0 | IC5: 0 | ID5: 0 | IE5: 0 | IF5: 0 | IG5: 0 | IH5: 0 | II5: 0 | IJ5: 0 | IK5: 0 | IL5: 0 | IM5: 0 | IN5: 0 | IO5: 0 | IP5: 0 | IQ5: 0 | IR5: 0 | IS5: 0 | IT5: 0 | IU5: 0 | IV5: 0 | IW5: 0 | IX5: 0 | IY5: 0 | IZ5: 0 | JA5: 0 | JB5: 0 | JC5: 0 | JD5: 0 | JE5: 0 | JF5: 0
A6: 5 | B6: 2 | C6: 0 | D6: 0 | E6: 0 | F6: 0 | G6: 0 | H6: 0 | I6: 0 | J6: 0 | K6: 0 | L6: 0 | M6: 0 | N6: 0 | O6: 0 | P6: 0 | Q6: 0 | R6: 0 | S6: 0 | T6: 0 | U6: 0 | V6: 0 | W6: 0 | X6: 0 | Y6: 0 | Z6: 0 | AA6: 0 | AB6: 0 | AC6: 0 | AD6: 0 | AE6: 0 | AF6: 0 | AG6: 0 | AH6: 0 | AI6: 0 | AJ6: 0 | AK6: 0 | AL6: 0 | AM6: 0 | AN6: 0 | AO6: 0 | AP6: 0 | AQ6: 0 | AR6: 0 | AS6: 0 | AT6: 0 | AU6: 0 | AV6: 0 | AW6: 0 | AX6: 0 | AY6: 0 | AZ6: 0 | BA6: 0 | BB6: 0 | BC6: 0 | BD6: 0 | BE6: 0 | BF6: 0 | BG6: 0 | BH6: 0 | BI6: 0 | BJ6: 0 | BK6: 0 | BL6: 0 | BM6: 0 | BN6: 0 | BO6: 0 | BP6: 0 | BQ6: 0 | BR6: 0 | BS6: 0 | BT6: 0 | BU6: 0 | BV6: 0 | BW6: 0 | BX6: 0 | BY6: 0 | BZ6: 0 | CA6: 0 | CB6: 0 | CC6: 0 | CD6: 0 | CE6: 0 | CF6: 0 | CG6: 0 | CH6: 0 | CI6: 0 | CJ6: 0 | CK6: 0 | CL6: 0 | CM6: 0 | CN6: 0 | CO6: 0 | CP6: 0 | CQ6: 0 | CR6: 0 | CS6: 0 | CT6: 0 | CU6: 0 | CV6: 0 | CW6: 0 | CX6: 0 | CY6: 0 | CZ6: 0 | DA6: 0 | DB6: 0 | DC6: 0 | DD6: 0 | DE6: 0 | DF6: 0 | DG6: 0 | DH6: 0 | DI6: 0 | DJ6: 0 | DK6: 0 | DL6: 0 | DM6: 0 | DN6: 0 | DO6: 0 | DP6: 0 | DQ6: 0 | DR6: 0 | DS6: 0 | DT6: 0 | DU6: 0 | DV6: 0 | DW6: 0 | DX6: 0 | DY6: 0 | DZ6: 0 | EA6: 0 | EB6: 0 | EC6: 0 | ED6: 0 | EE6: 0 | EF6: 0 | EG6: 0 | EH6: 0 | EI6: 0 | EJ6: 0 | EK6: 0 | EL6: 0 | EM6: 0 | EN6: 0 | EO6: 0 | EP6: 0 | EQ6: 0 | ER6: 0 | ES6: 0 | ET6: 0 | EU6: 0 | EV6: 0 | EW6: 0 | EX6: 0 | EY6: 0 | EZ6: 0 | FA6: 0 | FB6: 0 | FC6: 0 | FD6: 0 | FE6: 0 | FF6: 0 | FG6: 0 | FH6: 0 | FI6: 0 | FJ6: 0 | FK6: 0 | FL6: 0 | FM6: 0 | FN6: 0 | FO6: 0 | FP6: 0 | FQ6: 0 | FR6: 0 | FS6: 0 | FT6: 0 | FU6: 0 | FV6: 0 | FW6: 0 | FX6: 0 | FY6: 0 | FZ6: 0 | GA6: 0 | GB6: 0 | GC6: 0 | GD6: 0 | GE6: 0 | GF6: 0 | GG6: 0 | GH6: 0 | GI6: 0 | GJ6: 0 | GK6: 0 | GL6: 0 | GM6: 0 | GN6: 0 | GO6: 0 | GP6: 0 | GQ6: 0 | GR6: 0 | GS6: 0 | GT6: 0 | GU6: 0 | GV6: 0 | GW6: 0 | GX6: 0 | GY6: 0 | GZ6: 0 | HA6: 0 | HB6: 0 | HC6: 0 | HD6: 0 | HE6: 0 | HF6: 0 | HG6: 0 | HH6: 0 | HI6: 0 | HJ6: 0 | HK6: 0 | HL6: 0 | HM6: 0 | HN6: 0 | HO6: 0 | HP6: 0 | HQ6: 0 | HR6: 0 | HS6: 0 | HT6: 0 | HU6: 0 | HV6: 0 | HW6: 0 | HX6: 0 | HY6: 0 | HZ6: 0 | IA6: 0 | IB6: 0 | IC6: 0 | ID6: 0 | IE6: 0 | IF6: 0 | IG6: 0 | IH6: 0 | II6: 0 | IJ6: 0 | IK6: 0 | IL6: 0 | IM6: 0 | IN6: 0 | IO6: 0 | IP6: 0 | IQ6: 0 | IR6: 0 | IS6: 0 | IT6: 0 | IU6: 0 | IV6: 0 | IW6: 0 | IX6: 0 | IY6: 0 | IZ6: 0 | JA6: 0 | JB6: 0 | JC6: 0 | JD6: 0 | JE6: 0 | JF6: 0
