Workbook

Sheet ReadMe
A1: README
A2: Data behind the TR8 rolling-dispatch figures (SOC, demand/PV/dispatch, net, self-consumption, metrics histogram).
A3: Each quantity sheet: rows = 48 half-hour periods (with hour of day), columns = prosumers, plus fleet_average / fleet_total.
A4: Dispatch is the committed slot-1 execution of the rolling horizon (self-consumption baseline, Term 2 + Term 3).
A5: SOC is the realised state at the START of each step (fraction of capacity).
A6: net_kW = (demand - PV) + (charge - discharge); positive = import, negative = export.
A7: Regenerate: python build_workbook.py --force (see README.md for other transformers).

Sheet Summary
A1: quantity | B1: value
A2: run | B2: TR8 exact-QCP rolling (FOR_PolyS=0, FOR_LinearizeVmax=0), 48 steps, all Optimal
A3: source dispatch | B3: FOR_rolling_soc_TR8.csv
A4: source load/PV | B4: TR8_load_PV_48periods.xlsx
A5: prosumers | B5: 124
A6: PV generated kWh/day | B6: 3081.1
A7: demand kWh/day | B7: 851.2
A8: exported kWh/day | B8: 2166.7
A9: imported kWh/day | B9: 25.8
A10: SCR % (PV used locally) | B10: 29.7
A11: SSR % (demand met locally) | B11: 97
A12: prosumer-periods |net|<50W % | B12: 57
A13: SOC min/max over day | B13: 0.10 / 1.00
A14: simultaneous chg+dis rows | B14: 0

Sheet FleetAverage
A1: period | B1: hour | C1: demand_avg_kW | D1: PV_avg_kW | E1: charge_avg_kW | F1: discharge_avg_kW | G1: net_avg_kW | H1: SOC_avg_pct | I1: demand_total_kW | J1: PV_total_kW | K1: net_total_kW
A2: =Demand_kW!A2 -> 1 | B2: =Demand_kW!B2 -> 0 | C2: =AVERAGE(Demand_kW!$C2:$DV2) -> 0.23955602 | D2: =AVERAGE(PV_kW!$C2:$DV2) -> 0 | E2: =AVERAGE(Charge_kW!$C2:$DV2) -> 0 | F2: =AVERAGE(Discharge_kW!$C2:$DV2) -> 0.23916129 | G2: =C2-D2+E2-F2 -> 0.00039472849 | H2: =AVERAGE(SOC_pct!$C2:$DV2) -> 40 | I2: =SUM(Demand_kW!$C2:$DV2) -> 29.704946 | J2: =SUM(PV_kW!$C2:$DV2) -> 0 | K2: =I2-J2+SUM(Charge_kW!$C2:$DV2)-SUM(Discharge_kW!$C2:$DV2) -> 0.048946333
A3: =Demand_kW!A3 -> 2 | B3: =Demand_kW!B3 -> 0.5 | C3: =AVERAGE(Demand_kW!$C3:$DV3) -> 0.16206498 | D3: =AVERAGE(PV_kW!$C3:$DV3) -> 0 | E3: =AVERAGE(Charge_kW!$C3:$DV3) -> 0 | F3: =AVERAGE(Discharge_kW!$C3:$DV3) -> 0.15999194 | G3: =C3-D3+E3-F3 -> 0.0020730435 | H3: =AVERAGE(SOC_pct!$C3:$DV3) -> 36.998769 | I3: =SUM(Demand_kW!$C3:$DV3) -> 20.096057 | J3: =SUM(PV_kW!$C3:$DV3) -> 0 | K3: =I3-J3+SUM(Charge_kW!$C3:$DV3)-SUM(Discharge_kW!$C3:$DV3) -> 0.2570574
A4: =Demand_kW!A4 -> 3 | B4: =Demand_kW!B4 -> 1 | C4: =AVERAGE(Demand_kW!$C4:$DV4) -> 0.12509534 | D4: =AVERAGE(PV_kW!$C4:$DV4) -> 0 | E4: =AVERAGE(Charge_kW!$C4:$DV4) -> 0 | F4: =AVERAGE(Discharge_kW!$C4:$DV4) -> 0.12145968 | G4: =C4-D4+E4-F4 -> 0.0036356632 | H4: =AVERAGE(SOC_pct!$C4:$DV4) -> 34.991258 | I4: =SUM(Demand_kW!$C4:$DV4) -> 15.511822 | J4: =SUM(PV_kW!$C4:$DV4) -> 0 | K4: =I4-J4+SUM(Charge_kW!$C4:$DV4)-SUM(Discharge_kW!$C4:$DV4) -> 0.45082223
A5: =Demand_kW!A5 -> 4 | B5: =Demand_kW!B5 -> 1.5 | C5: =AVERAGE(Demand_kW!$C5:$DV5) -> 0.13857775 | D5: =AVERAGE(PV_kW!$C5:$DV5) -> 0 | E5: =AVERAGE(Charge_kW!$C5:$DV5) -> 0 | F5: =AVERAGE(Discharge_kW!$C5:$DV5) -> 0.12979839 | G5: =C5-D5+E5-F5 -> 0.0087793624 | H5: =AVERAGE(SOC_pct!$C5:$DV5) -> 33.467018 | I5: =SUM(Demand_kW!$C5:$DV5) -> 17.183641 | J5: =SUM(PV_kW!$C5:$DV5) -> 0 | K5: =I5-J5+SUM(Charge_kW!$C5:$DV5)-SUM(Discharge_kW!$C5:$DV5) -> 1.0886409
A6: =Demand_kW!A6 -> 5 | B6: =Demand_kW!B6 -> 2 | C6: =AVERAGE(Demand_kW!$C6:$DV6) -> 0.11135694 | D6: =AVERAGE(PV_kW!$C6:$DV6) -> 0 | E6: =AVERAGE(Charge_kW!$C6:$DV6) -> 0 | F6: =AVERAGE(Discharge_kW!$C6:$DV6) -> 0.10301613 | G6: =C6-D6+E6-F6 -> 0.0083408065 | H6: =AVERAGE(SOC_pct!$C6:$DV6) -> 31.837924 | I6: =SUM(Demand_kW!$C6:$DV6) -> 13.80826 | J6: =SUM(PV_kW!$C6:$DV6) -> 0 | K6: =I6-J6+SUM(Charge_kW!$C6:$DV6)-SUM(Discharge_kW!$C6:$DV6) -> 1.03426
A7: =Demand_kW!A7 -> 6 | B7: =Demand_kW!B7 -> 2.5 | C7: =AVERAGE(Demand_kW!$C7:$DV7) -> 0.12965302 | D7: =AVERAGE(PV_kW!$C7:$DV7) -> 0 | E7: =AVERAGE(Charge_kW!$C7:$DV7) -> 0 | F7: =AVERAGE(Discharge_kW!$C7:$DV7) -> 0.12269355 | G7: =C7-D7+E7-F7 -> 0.0069594726 | H7: =AVERAGE(SOC_pct!$C7:$DV7) -> 30.544951 | I7: =SUM(Demand_kW!$C7:$DV7) -> 16.076975 | J7: =SUM(PV_kW!$C7:$DV7) -> 0 | K7: =I7-J7+SUM(Charge_kW!$C7:$DV7)-SUM(Discharge_kW!$C7:$DV7) -> 0.8629746
A8: =Demand_kW!A8 -> 7 | B8: =Demand_kW!B8 -> 3 | C8: =AVERAGE(Demand_kW!$C8:$DV8) -> 0.1092713 | D8: =AVERAGE(PV_kW!$C8:$DV8) -> 0 | E8: =AVERAGE(Charge_kW!$C8:$DV8) -> 0 | F8: =AVERAGE(Discharge_kW!$C8:$DV8) -> 0.10104032 | G8: =C8-D8+E8-F8 -> 0.0082309758 | H8: =AVERAGE(SOC_pct!$C8:$DV8) -> 29.005632 | I8: =SUM(Demand_kW!$C8:$DV8) -> 13.549641 | J8: =SUM(PV_kW!$C8:$DV8) -> 0 | K8: =I8-J8+SUM(Charge_kW!$C8:$DV8)-SUM(Discharge_kW!$C8:$DV8) -> 1.020641
A9: =Demand_kW!A9 -> 8 | B9: =Demand_kW!B9 -> 3.5 | C9: =AVERAGE(Demand_kW!$C9:$DV9) -> 0.14391197 | D9: =AVERAGE(PV_kW!$C9:$DV9) -> 0.0026465051 | E9: =AVERAGE(Charge_kW!$C9:$DV9) -> 0 | F9: =AVERAGE(Discharge_kW!$C9:$DV9) -> 0.12418548 | G9: =C9-D9+E9-F9 -> 0.017079979 | H9: =AVERAGE(SOC_pct!$C9:$DV9) -> 27.737964 | I9: =SUM(Demand_kW!$C9:$DV9) -> 17.845084 | J9: =SUM(PV_kW!$C9:$DV9) -> 0.32816663 | K9: =I9-J9+SUM(Charge_kW!$C9:$DV9)-SUM(Discharge_kW!$C9:$DV9) -> 2.1179174
A10: =Demand_kW!A10 -> 9 | B10: =Demand_kW!B10 -> 4 | C10: =AVERAGE(Demand_kW!$C10:$DV10) -> 0.11276629 | D10: =AVERAGE(PV_kW!$C10:$DV10) -> 0.038253445 | E10: =AVERAGE(Charge_kW!$C10:$DV10) -> 0.00031451613 | F10: =AVERAGE(Discharge_kW!$C10:$DV10) -> 0.067915573 | G10: =C10-D10+E10-F10 -> 0.006911791 | H10: =AVERAGE(SOC_pct!$C10:$DV10) -> 26.179535 | I10: =SUM(Demand_kW!$C10:$DV10) -> 13.98302 | J10: =SUM(PV_kW!$C10:$DV10) -> 4.7434272 | K10: =I10-J10+SUM(Charge_kW!$C10:$DV10)-SUM(Discharge_kW!$C10:$DV10) -> 0.85706208
A11: =Demand_kW!A11 -> 10 | B11: =Demand_kW!B11 -> 4.5 | C11: =AVERAGE(Demand_kW!$C11:$DV11) -> 0.11641532 | D11: =AVERAGE(PV_kW!$C11:$DV11) -> 0.1788847 | E11: =AVERAGE(Charge_kW!$C11:$DV11) -> 0.083451613 | F11: =AVERAGE(Discharge_kW!$C11:$DV11) -> 0.020725806 | G11: =C11-D11+E11-F11 -> 0.00025642459 | H11: =AVERAGE(SOC_pct!$C11:$DV11) -> 25.330335 | I11: =SUM(Demand_kW!$C11:$DV11) -> 14.4355 | J11: =SUM(PV_kW!$C11:$DV11) -> 22.181703 | K11: =I11-J11+SUM(Charge_kW!$C11:$DV11)-SUM(Discharge_kW!$C11:$DV11) -> 0.031796649
A12: =Demand_kW!A12 -> 11 | B12: =Demand_kW!B12 -> 5 | C12: =AVERAGE(Demand_kW!$C12:$DV12) -> 0.11359415 | D12: =AVERAGE(PV_kW!$C12:$DV12) -> 0.35484137 | E12: =AVERAGE(Charge_kW!$C12:$DV12) -> 0.24564516 | F12: =AVERAGE(Discharge_kW!$C12:$DV12) -> 0.0044193548 | G12: =C12-D12+E12-F12 -> -2.1419302e-05 | H12: =AVERAGE(SOC_pct!$C12:$DV12) -> 26.012711 | I12: =SUM(Demand_kW!$C12:$DV12) -> 14.085674 | J12: =SUM(PV_kW!$C12:$DV12) -> 44.00033 | K12: =I12-J12+SUM(Charge_kW!$C12:$DV12)-SUM(Discharge_kW!$C12:$DV12) -> -0.0026559934
A13: =Demand_kW!A13 -> 12 | B13: =Demand_kW!B13 -> 5.5 | C13: =AVERAGE(Demand_kW!$C13:$DV13) -> 0.1087806 | D13: =AVERAGE(PV_kW!$C13:$DV13) -> 0.57060246 | E13: =AVERAGE(Charge_kW!$C13:$DV13) -> 0.46278226 | F13: =AVERAGE(Discharge_kW!$C13:$DV13) -> 0.00097580645 | G13: =C13-D13+E13-F13 -> -1.5400902e-05 | H13: =AVERAGE(SOC_pct!$C13:$DV13) -> 28.731836 | I13: =SUM(Demand_kW!$C13:$DV13) -> 13.488795 | J13: =SUM(PV_kW!$C13:$DV13) -> 70.754705 | K13: =I13-J13+SUM(Charge_kW!$C13:$DV13)-SUM(Discharge_kW!$C13:$DV13) -> -0.0019097119
... A49: =Demand_kW!A49 -> 48 | B49: =Demand_kW!B49 -> 23.5 | C49: =AVERAGE(Demand_kW!$C49:$DV49) -> 0.23287321 | D49: =AVERAGE(PV_kW!$C49:$DV49) -> 0 | E49: =AVERAGE(Charge_kW!$C49:$DV49) -> 0 | F49: =AVERAGE(Discharge_kW!$C49:$DV49) -> 0.18972581 | G49: =C49-D49+E49-F49 -> 0.043147404 | H49: =AVERAGE(SOC_pct!$C49:$DV49) -> 51.675614 | I49: =SUM(Demand_kW!$C49:$DV49) -> 28.876278 | J49: =SUM(PV_kW!$C49:$DV49) -> 0 | K49: =I49-J49+SUM(Charge_kW!$C49:$DV49)-SUM(Discharge_kW!$C49:$DV49) -> 5.3502781

Sheet SOC_pct
A1: period | B1: hour | C1: BES_TR8_one223_B | D1: BES_TR8_one252_C | E1: BES_TR8_one280_A | F1: BES_TR8_one313_A | G1: BES_TR8_one321_C | H1: BES_TR8_one345_A | I1: BES_TR8_one375_C | J1: BES_TR8_one410_B | K1: BES_TR8_one416_C | L1: BES_TR8_one423_B | M1: BES_TR8_one446_B | N1: BES_TR8_one469_A | O1: BES_TR8_one477_A | P1: BES_TR8_one482_B | Q1: BES_TR8_one61_A | R1: BES_TR8_one552_B | S1: BES_TR8_one560_C | T1: BES_TR8_one73_A | U1: BES_TR8_one137_A | V1: BES_TR8_four50_C | W1: BES_TR8_four171_A | X1: BES_TR8_four180_A | Y1: BES_TR8_four200_A | Z1: BES_TR8_four239_A | AA1: BES_TR8_four259_B | AB1: BES_TR8_four265_C | AC1: BES_TR8_four54_C | AD1: BES_TR8_four288_B | AE1: BES_TR8_four289_B | AF1: BES_TR8_four292_C | AG1: BES_TR8_four301_C | AH1: BES_TR8_four326_A | AI1: BES_TR8_four352_A | AJ1: BES_TR8_four358_C | AK1: BES_TR8_four368_C | AL1: BES_TR8_four372_C | AM1: BES_TR8_four381_A | AN1: BES_TR8_four385_A | AO1: BES_TR8_four423_C | AP1: BES_TR8_four437_A | AQ1: BES_TR8_four446_B | AR1: BES_TR8_four466_C | AS1: BES_TR8_four467_C | AT1: BES_TR8_four548_B | AU1: BES_TR8_four558_C | AV1: BES_TR8_four562_C | AW1: BES_TR8_four590_A | AX1: BES_TR8_four604_A | AY1: BES_TR8_four78_B | AZ1: BES_TR8_four734_A | BA1: BES_TR8_four797_C | BB1: BES_TR8_four846_C | BC1: BES_TR8_four854_A | BD1: BES_TR8_four936_C | BE1: BES_TR8_four950_B | BF1: BES_TR8_four978_A | BG1: BES_TR8_four104_A | BH1: BES_TR8_four988_A | BI1: BES_TR8_four1013_B | BJ1: BES_TR8_four1027_A | BK1: BES_TR8_four1132_C | BL1: BES_TR8_four126_A | BM1: BES_TR8_four1187_A | BN1: BES_TR8_four1207_B | BO1: BES_TR8_five168_A | BP1: BES_TR8_five186_C | BQ1: BES_TR8_five194_C | BR1: BES_TR8_five223_A | BS1: BES_TR8_five303_B | BT1: BES_TR8_five324_B | BU1: BES_TR8_five345_A | BV1: BES_TR8_five421_A | BW1: BES_TR8_five488_B | BX1: BES_TR8_five513_B | BY1: BES_TR8_five537_C | BZ1: BES_TR8_five540_A | CA1: BES_TR8_five551_C | CB1: BES_TR8_five631_B | CC1: BES_TR8_five649_A | CD1: BES_TR8_five663_C | CE1: BES_TR8_five670_C | CF1: BES_TR8_five704_A | CG1: BES_TR8_five719_A | CH1: BES_TR8_five750_B | CI1: BES_TR8_five793_A | CJ1: BES_TR8_five801_C | CK1: BES_TR8_five905_B | CL1: BES_TR8_five118_B | CM1: BES_TR8_five123_B | CN1: BES_TR8_six64_A | CO1: BES_TR8_six154_C | CP1: BES_TR8_six173_C | CQ1: BES_TR8_six232_C | CR1: BES_TR8_six238_A | CS1: BES_TR8_six269_C | CT1: BES_TR8_six289_C | CU1: BES_TR8_six317_C | CV1: BES_TR8_six326_A | CW1: BES_TR8_six329_A | CX1: BES_TR8_six342_A | CY1: BES_TR8_six350_B | CZ1: BES_TR8_six365_C | DA1: BES_TR8_six75_A | DB1: BES_TR8_six385_B | DC1: BES_TR8_six431_C | DD1: BES_TR8_six571_C | DE1: BES_TR8_six595_B | DF1: BES_TR8_six643_A | DG1: BES_TR8_six652_A | DH1: BES_TR8_six667_A | DI1: BES_TR8_six699_C | DJ1: BES_TR8_six723_B | DK1: BES_TR8_six740_A | DL1: BES_TR8_six90_B | DM1: BES_TR8_six801_C | DN1: BES_TR8_six807_A | DO1: BES_TR8_six844_C | DP1: BES_TR8_six860_C | DQ1: BES_TR8_six909_C | DR1: BES_TR8_six914_A | DS1: BES_TR8_six111_C | DT1: BES_TR8_six1006_C | DU1: BES_TR8_six1020_A | DV1: BES_TR8_six1064_C | DW1: fleet_average | DX1: fleet_total
A2: 1 | B2: 0 | C2: 40 | D2: 40 | E2: 40 | F2: 40 | G2: 40 | H2: 40 | I2: 40 | J2: 40 | K2: 40 | L2: 40 | M2: 40 | N2: 40 | O2: 40 | P2: 40 | Q2: 40 | R2: 40 | S2: 40 | T2: 40 | U2: 40 | V2: 40 | W2: 40 | X2: 40 | Y2: 40 | Z2: 40 | AA2: 40 | AB2: 40 | AC2: 40 | AD2: 40 | AE2: 40 | AF2: 40 | AG2: 40 | AH2: 40 | AI2: 40 | AJ2: 40 | AK2: 40 | AL2: 40 | AM2: 40 | AN2: 40 | AO2: 40 | AP2: 40 | AQ2: 40 | AR2: 40 | AS2: 40 | AT2: 40 | AU2: 40 | AV2: 40 | AW2: 40 | AX2: 40 | AY2: 40 | AZ2: 40 | BA2: 40 | BB2: 40 | BC2: 40 | BD2: 40 | BE2: 40 | BF2: 40 | BG2: 40 | BH2: 40 | BI2: 40 | BJ2: 40 | BK2: 40 | BL2: 40 | BM2: 40 | BN2: 40 | BO2: 40 | BP2: 40 | BQ2: 40 | BR2: 40 | BS2: 40 | BT2: 40 | BU2: 40 | BV2: 40 | BW2: 40 | BX2: 40 | BY2: 40 | BZ2: 40 | CA2: 40 | CB2: 40 | CC2: 40 | CD2: 40 | CE2: 40 | CF2: 40 | CG2: 40 | CH2: 40 | CI2: 40 | CJ2: 40 | CK2: 40 | CL2: 40 | CM2: 40 | CN2: 40 | CO2: 40 | CP2: 40 | CQ2: 40 | CR2: 40 | CS2: 40 | CT2: 40 | CU2: 40 | CV2: 40 | CW2: 40 | CX2: 40 | CY2: 40 | CZ2: 40 | DA2: 40 | DB2: 40 | DC2: 40 | DD2: 40 | DE2: 40 | DF2: 40 | DG2: 40 | DH2: 40 | DI2: 40 | DJ2: 40 | DK2: 40 | DL2: 40 | DM2: 40 | DN2: 40 | DO2: 40 | DP2: 40 | DQ2: 40 | DR2: 40 | DS2: 40 | DT2: 40 | DU2: 40 | DV2: 40 | DW2: 40 | DX2: 4960
A3: 2 | B3: 0.5 | C3: 38.7712 | D3: 39.3851 | E3: 39.3145 | F3: 39.2596 | G3: 39.4102 | H3: 38.113 | I3: 38.3451 | J3: 36.7974 | K3: 37.7617 | L3: 38.0053 | M3: 37.9222 | N3: 37.2066 | O3: 33.3477 | P3: 37.7427 | Q3: 39.0545 | R3: 32.5584 | S3: 27.9381 | T3: 37.6999 | U3: 39.0874 | V3: 37.068 | W3: 37.1441 | X3: 39.2847 | Y3: 39.611 | Z3: 39.3098 | AA3: 39.1926 | AB3: 37.5954 | AC3: 37.6623 | AD3: 36.7855 | AE3: 32.9732 | AF3: 37.2273 | AG3: 35.253 | AH3: 33.9218 | AI3: 39.2479 | AJ3: 37.7004 | AK3: 38.3716 | AL3: 39.4353 | AM3: 39.0108 | AN3: 38.6564 | AO3: 38.7427 | AP3: 39.4228 | AQ3: 38.3836 | AR3: 10 | AS3: 38.8061 | AT3: 39.4981 | AU3: 38.3303 | AV3: 37.5324 | AW3: 39.2471 | AX3: 39.2596 | AY3: 38.6002 | AZ3: 33.399 | BA3: 35.4186 | BB3: 37.266 | BC3: 39.6235 | BD3: 36.3203 | BE3: 38.4427 | BF3: 33.0624 | BG3: 36.7023 | BH3: 37.7509 | BI3: 37.1531 | BJ3: 38.8886 | BK3: 38.4524 | BL3: 39.0237 | BM3: 38.0791 | BN3: 37.6874 | BO3: 15.5794 | BP3: 39.3726 | BQ3: 35.4453 | BR3: 39.1535 | BS3: 34.6598 | BT3: 37.1693 | BU3: 37.8954 | BV3: 39.3977 | BW3: 38.5522 | BX3: 38.4234 | BY3: 36.5939 | BZ3: 39.4604 | CA3: 39.2847 | CB3: 37.9733 | CC3: 37.4238 | CD3: 38.5005 | CE3: 39.4228 | CF3: 31.4953 | CG3: 37.3305 | CH3: 37.6121 | CI3: 38.5231 | CJ3: 36.1515 | CK3: 37.2716 | CL3: 39.3726 | CM3: 39.3726 | CN3: 38.1338 | CO3: 37.5492 | CP3: 39.3851 | CQ3: 20.3589 | CR3: 39.4855 | CS3: 34.3369 | CT3: 38.0592 | CU3: 21.2785 | CV3: 39.3224 | CW3: 39.4981 | CX3: 39.2722 | CY3: 38.875 | CZ3: 38.4261 | DA3: 39.2847 | DB3: 38.7451 | DC3: 36.0414 | DD3: 39.473 | DE3: 38.0584 | DF3: 30.9732 | DG3: 39.2722 | DH3: 39.3726 | DI3: 37.0521 | DJ3: 36.5725 | DK3: 38.0404 | DL3: 37.9065 | DM3: 37.9094 | DN3: 39.5734 | DO3: 39.5232 | DP3: 37.7621 | DQ3: 38.1762 | DR3: 35.3921 | DS3: 30.5027 | DT3: 37.7689 | DU3: 37.8994 | DV3: 38.865 | DW3: 36.998769 | DX3: 4587.8473
A4: 3 | B4: 1 | C4: 38.2316 | D4: 36.3911 | E4: 37.7295 | F4: 38.5193 | G4: 38.8204 | H4: 36.7604 | I4: 35.2892 | J4: 36.4084 | K4: 35.5428 | L4: 37.3654 | M4: 37.3199 | N4: 34.8881 | O4: 24.2281 | P4: 37.178 | Q4: 37.4132 | R4: 27.7467 | S4: 17.6617 | T4: 34.6832 | U4: 37.5871 | V4: 35.3599 | W4: 36.5418 | X4: 38.5695 | Y4: 38.0217 | Z4: 38.6197 | AA4: 37.2466 | AB4: 34.8614 | AC4: 36.0668 | AD4: 35.5979 | AE4: 26.278 | AF4: 36.5998 | AG4: 30.4581 | AH4: 27.5684 | AI4: 35.4513 | AJ4: 37.0604 | AK4: 36.7432 | AL4: 38.8706 | AM4: 35.4005 | AN4: 38.0666 | AO4: 34.5887 | AP4: 38.8455 | AQ4: 37.7186 | AR4: 10 | AS4: 37.4957 | AT4: 38.1337 | AU4: 37.7029 | AV4: 36.8423 | AW4: 38.4942 | AX4: 37.0908 | AY4: 37.5684 | AZ4: 27.794 | BA4: 34.9292 | BB4: 36.2472 | BC4: 37.5977 | BD4: 35.2104 | BE4: 36.6855 | BF4: 31.3678 | BG4: 36.0179 | BH4: 36.7631 | BI4: 36.2766 | BJ4: 37.8812 | BK4: 35.5423 | BL4: 37.4825 | BM4: 35.9654 | BN4: 36.8313 | BO4: 10 | BP4: 38.7451 | BQ4: 34.981 | BR4: 35.4909 | BS4: 33.9194 | BT4: 36.5042 | BU4: 37.1927 | BV4: 38.7953 | BW4: 37.9247 | BX4: 37.7834 | BY4: 35.5444 | BZ4: 36.807 | CA4: 38.5695 | CB4: 36.2218 | CC4: 36.7712 | CD4: 37.8354 | CE4: 38.8455 | CF4: 27.7624 | CG4: 33.7658 | CH4: 37.0223 | CI4: 35.6747 | CJ4: 35.5367 | CK4: 34.903 | CL4: 38.7451 | CM4: 37.7538 | CN4: 36.3381 | CO4: 35.6051 | CP4: 38.0053 | CQ4: 19.6311 | CR4: 36.6127 | CS4: 30.2809 | CT4: 37.4695 | CU4: 18.7941 | CV4: 36.9587 | CW4: 38.2973 | CX4: 35.4681 | CY4: 38.4483 | CZ4: 37.7736 | DA4: 38.5695 | DB4: 38.2558 | DC4: 34.8722 | DD4: 38.0301 | DE4: 35.7589 | DF4: 24.601 | DG4: 38.5444 | DH4: 37.8513 | DI4: 34.5082 | DJ4: 33.44 | DK4: 37.3628 | DL4: 34.6182 | DM4: 36.2931 | DN4: 39.1467 | DO4: 37.7882 | DP4: 36.4916 | DQ4: 37.5864 | DR4: 29.7812 | DS4: 10 | DT4: 37.1164 | DU4: 37.0525 | DV4: 38.2502 | DW4: 34.991258 | DX4: 4338.916
A5: 4 | B5: 1.5 | C5: 35.9688 | D5: 35.7762 | E5: 36.9388 | F5: 37.7789 | G5: 38.2307 | H5: 35.5349 | I5: 34.6241 | J5: 36.0194 | K5: 34.5227 | L5: 35.1317 | M5: 35.2421 | N5: 34.2983 | O5: 22.6139 | P5: 34.4228 | Q5: 35.2243 | R5: 20.7369 | S5: 10 | T5: 32.7801 | U5: 36.4395 | V5: 34.6195 | W5: 33.6904 | X5: 37.8542 | Y5: 37.4209 | Z5: 35.931 | AA5: 36.5815 | AB5: 33.8558 | AC5: 35.4394 | AD5: 34.9579 | AE5: 25.5878 | AF5: 33.9246 | AG5: 29.6926 | AH5: 22.7464 | AI5: 34.185 | AJ5: 36.2252 | AK5: 35.3348 | AL5: 38.116 | AM5: 34.773 | AN5: 36.0634 | AO5: 33.8652 | AP5: 38.2683 | AQ5: 36.2079 | AR5: 10 | AS5: 36.7679 | AT5: 36.0661 | AU5: 36.6194 | AV5: 31.9703 | AW5: 37.7413 | AX5: 35.0087 | AY5: 36.9661 | AZ5: 27.1415 | BA5: 34.4398 | BB5: 34.6442 | BC5: 37.2213 | BD5: 32.7277 | BE5: 34.429 | BF5: 29.1091 | BG5: 32.9446 | BH5: 36.0456 | BI5: 34.4149 | BJ5: 36.8738 | BK5: 34.8387 | BL5: 36.8425 | BM5: 34.9007 | BN5: 33.772 | BO5: 10 | BP5: 38.1177 | BQ5: 34.5167 | BR5: 34.8258 | BS5: 31.1652 | BT5: 34.9626 | BU5: 36.49 | BV5: 38.193 | BW5: 33.7636 | BX5: 37.0914 | BY5: 33.2372 | BZ5: 36.2674 | CA5: 37.8542 | CB5: 33.7974 | CC5: 34.282 | CD5: 33.9943 | CE5: 38.2683 | CF5: 26.0916 | CG5: 32.0746 | CH5: 34.7979 | CI5: 35.0347 | CJ5: 33.2562 | CK5: 34.2881 | CL5: 38.1177 | CM5: 35.3058 | CN5: 35.8236 | CO5: 34.9525 | CP5: 37.3904 | CQ5: 18.3601 | CR5: 35.6985 | CS5: 26.8593 | CT5: 36.8797 | CU5: 18.1165 | CV5: 36.2811 | CW5: 36.2978 | CX5: 34.2164 | CY5: 38.0217 | CZ5: 36.1998 | DA5: 37.8542 | DB5: 36.2354 | DC5: 33.703 | DD5: 37.503 | DE5: 35.0562 | DF5: 18.2533 | DG5: 36.5275 | DH5: 36.5528 | DI5: 33.2576 | DJ5: 31.3456 | DK5: 36.6852 | DL5: 32.256 | DM5: 35.6595 | DN5: 37.2529 | DO5: 36.7331 | DP5: 34.8872 | DQ5: 36.1522 | DR5: 27.6186 | DS5: 10 | DT5: 34.5345 | DU5: 36.3624 | DV5: 35.4791 | DW5: 33.467018 | DX5: 4149.9102
A6: 5 | B6: 2 | C6: 35.4292 | D6: 33.2148 | E6: 36.2988 | F6: 37.0386 | G6: 37.6409 | H6: 34.1793 | I6: 32.3495 | J6: 33.9156 | K6: 32.2843 | L6: 34.4917 | M6: 34.6398 | N6: 33.1323 | O6: 20.7063 | P6: 32.9066 | Q6: 33.5924 | R6: 17.4485 | S6: 10 | T6: 29.9816 | U6: 34.3272 | V6: 32.1049 | W6: 31.5516 | X6: 35.6525 | Y6: 36.3964 | Z6: 35.2409 | AA6: 35.9165 | AB6: 30.021 | AC6: 33.5707 | AD6: 31.1958 | AE6: 24.8976 | AF6: 33.1997 | AG6: 26.8705 | AH6: 20.6526 | AI6: 32.6071 | AJ6: 33.6326 | AK6: 33.9863 | AL6: 35.6518 | AM6: 34.1456 | AN6: 34.8141 | AO6: 31.0283 | AP6: 37.6911 | AQ6: 35.4371 | AR6: 10 | AS6: 35.108 | AT6: 35.2767 | AU6: 35.1451 | AV6: 31.0933 | AW6: 36.9884 | AX6: 32.8398 | AY6: 35.4711 | AZ6: 26.489 | BA6: 33.9504 | BB6: 32.4559 | BC6: 35.1954 | BD6: 31.9974 | BE6: 32.6718 | BF6: 26.8357 | BG6: 32.1253 | BH6: 33.5262 | BI6: 32.5532 | BJ6: 35.6065 | BK6: 33.4255 | BL6: 33.9409 | BM6: 31.1947 | BN6: 33.0818 | BO6: 10 | BP6: 37.4903 | BQ6: 31.9158 | BR6: 34.1607 | BS6: 27.2029 | BT6: 33.0394 | BU6: 34.3854 | BV6: 37.5907 | BW6: 32.8285 | BX6: 35.5669 | BY6: 32.5471 | BZ6: 34.1905 | CA6: 37.1389 | CB6: 31.8439 | CC6: 32.7609 | CD6: 33.3293 | CE6: 37.6911 | CF6: 23.539 | CG6: 31.5601 | CH6: 34.0446 | CI6: 33.5578 | CJ6: 32.6413 | CK6: 33.1853 | CL6: 37.4903 | CM6: 33.9998 | CN6: 34.7967 | CO6: 31.2101 | CP6: 36.0106 | CQ6: 16.1841 | CR6: 34.3958 | CS6: 25.1489 | CT6: 34.9389 | CU6: 14.7368 | CV6: 33.9175 | CW6: 35.7959 | CX6: 31.4714 | CY6: 36.7892 | CZ6: 35.5472 | DA6: 37.1389 | DB6: 35.746 | DC6: 30.6524 | DD6: 36.976 | DE6: 34.3535 | DF6: 12.1907 | DG6: 35.1981 | DH6: 35.4785 | DI6: 30.715 | DJ6: 30.3869 | DK6: 34.6269 | DL6: 29.2834 | DM6: 34.2943 | DN6: 36.1416 | DO6: 33.4562 | DP6: 32.0689 | DQ6: 33.8543 | DR6: 20.7867 | DS6: 10 | DT6: 33.882 | DU6: 35.6722 | DV6: 33.5423 | DW6: 31.837924 | DX6: 3947.9026
A7: 6 | B7: 2.5 | C7: 34.8035 | D7: 32.1673 | E7: 35.6588 | F7: 36.2982 | G7: 37.0511 | H7: 32.2272 | I7: 29.9133 | J7: 32.128 | K7: 31.6067 | L7: 33.533 | M7: 34.0375 | N7: 31.0059 | O7: 18.2266 | P7: 32.3419 | Q7: 31.4917 | R7: 16.2666 | S7: 10 | T7: 28.2135 | U7: 32.426 | V7: 31.3645 | W7: 29.4173 | X7: 34.9373 | Y7: 35.2307 | Z7: 33.1881 | AA7: 33.8281 | AB7: 28.1281 | AC7: 32.2618 | AD7: 30.5558 | AE7: 24.2075 | AF7: 32.0847 | AG7: 26.1051 | AH7: 20.0753 | AI7: 28.8468 | AJ7: 32.9927 | AK7: 32.078 | AL7: 35.0871 | AM7: 30.4448 | AN7: 34.168 | AO7: 29.0832 | AP7: 37.1138 | AQ7: 34.2435 | AR7: 10 | AS7: 34.2636 | AT7: 33.8083 | AU7: 34.5177 | AV7: 29.7469 | AW7: 36.2354 | AX7: 32.0994 | AY7: 34.8687 | AZ7: 25.8365 | BA7: 33.461 | BB7: 31.6034 | BC7: 34.819 | BD7: 30.8512 | BE7: 30.4153 | BF7: 26.1205 | BG7: 30.0085 | BH7: 32.8987 | BI7: 31.7752 | BJ7: 34.859 | BK7: 32.8232 | BL7: 32.8283 | BM7: 30.3834 | BN7: 30.9351 | BO7: 10 | BP7: 36.8629 | BQ7: 31.4515 | BR7: 31.0769 | BS7: 26.4625 | BT7: 30.3566 | BU7: 33.6827 | BV7: 36.9884 | BW7: 30.2056 | BX7: 34.9269 | BY7: 30.7789 | BZ7: 33.0744 | CA7: 36.4237 | CB7: 30.2763 | CC7: 31.0924 | CD7: 32.6642 | CE7: 37.1138 | CF7: 23.0497 | CG7: 28.3068 | CH7: 32.3106 | CI7: 32.6167 | CJ7: 30.9665 | CK7: 31.0211 | CL7: 36.8629 | CM7: 32.7693 | CN7: 32.9156 | CO7: 30.5576 | CP7: 35.3957 | CQ7: 15.4563 | CR7: 31.9116 | CS7: 24.4336 | CT7: 34.1107 | CU7: 12.3913 | CV7: 33.2399 | CW7: 33.5967 | CX7: 28.9685 | CY7: 36.2014 | CZ7: 33.9734 | DA7: 36.4237 | DB7: 35.2567 | DC7: 28.8452 | DD7: 36.449 | DE7: 31.104 | DF7: 10.3908 | DG7: 34.0407 | DH7: 34.4041 | DI7: 27.3181 | DJ7: 25.4634 | DK7: 33.9493 | DL7: 28.5305 | DM7: 31.9371 | DN7: 35.715 | DO7: 32.9793 | DP7: 31.2772 | DQ7: 32.8099 | DR7: 17.885 | DS7: 10 | DT7: 32.5279 | DU7: 33.4149 | DV7: 32.3612 | DW7: 30.544951 | DX7: 3787.5739
A8: 7 | B8: 3 | C8: 32.6269 | D8: 31.5524 | E8: 35.0188 | F8: 35.5578 | G8: 36.4613 | H8: 29.6386 | I8: 29.1996 | J8: 30.8037 | K8: 27.9604 | L8: 31.618 | M8: 33.4351 | N8: 30.4162 | O8: 16.6075 | P8: 30.4828 | Q8: 29.8194 | R8: 13.21 | S8: 10 | T8: 26.3518 | U8: 30.6908 | V8: 29.979 | W8: 26.5614 | X8: 32.7356 | Y8: 34.8417 | Z8: 31.8621 | AA8: 33.1631 | AB8: 26.2622 | AC8: 30.1029 | AD8: 29.2771 | AE8: 23.5173 | AF8: 29.7995 | AG8: 25.3396 | AH8: 19.4981 | AI8: 28.37 | AJ8: 30.4001 | AK8: 31.4757 | AL8: 34.1425 | AM8: 29.5461 | AN8: 31.736 | AO8: 26.904 | AP8: 36.5366 | AQ8: 33.1557 | AR8: 10 | AS8: 33.0115 | AT8: 32.0363 | AU8: 32.5874 | AV8: 26.8144 | AW8: 35.4825 | AX8: 28.7317 | AY8: 33.3737 | AZ8: 25.1839 | BA8: 32.9716 | BB8: 30.1255 | BC8: 33.3704 | BD8: 26.6012 | BE8: 29.0096 | BF8: 22.786 | BG8: 28.0389 | BH8: 31.1902 | BI8: 30.3075 | BJ8: 34.3194 | BK8: 29.576 | BL8: 32.1884 | BM8: 28.1606 | BN8: 29.1664 | BO8: 10 | BP8: 36.2354 | BQ8: 29.8218 | BR8: 29.6516 | BS8: 25.7222 | BT8: 29.5746 | BU8: 31.5781 | BV8: 36.386 | BW8: 27.7322 | BX8: 34.2869 | BY8: 29.1904 | BZ8: 32.3426 | CA8: 35.7084 | CB8: 28.072 | CC8: 28.7506 | CD8: 28.8231 | CE8: 36.5366 | CF8: 21.146 | CG8: 27.7924 | CH8: 31.067 | CI8: 29.2324 | CJ8: 29.7459 | CK8: 27.6973 | CL8: 36.2354 | CM8: 29.2545 | CN8: 32.4011 | CO8: 27.4952 | CP8: 34.3134 | CQ8: 12.7371 | CR8: 31.3971 | CS8: 22.7232 | CT8: 33.1236 | CU8: 11.7137 | CV8: 31.2977 | CW8: 32.5956 | CX8: 27.2002 | CY8: 35.1712 | CZ8: 33.3209 | DA8: 35.7084 | DB8: 34.7673 | DC8: 25.3615 | DD8: 35.057 | DE8: 30.1123 | DF8: 10 | DG8: 31.8519 | DH8: 33.7767 | DI8: 24.2053 | DJ8: 23.8269 | DK8: 31.8911 | DL8: 27.7776 | DM8: 31.1234 | DN8: 35.2883 | DO8: 30.3822 | DP8: 29.7744 | DQ8: 30.1223 | DR8: 13.7012 | DS8: 10 | DT8: 30.6476 | DU8: 32.7247 | DV8: 28.8344 | DW8: 29.005632 | DX8: 3596.6984
A9: 8 | B9: 3.5 | C9: 32.0873 | D9: 29.8561 | E9: 34.3789 | F9: 34.8175 | G9: 35.8715 | H9: 28.9986 | I9: 27.7071 | J9: 29.2357 | K9: 26.807 | L9: 30.8983 | M9: 31.3573 | N9: 29.8264 | O9: 11.9307 | P9: 29.022 | Q9: 28.8167 | R9: 12.6328 | S9: 10 | T9: 22.8525 | U9: 28.1307 | V9: 28.1095 | W9: 25.9591 | X9: 32.0203 | Y9: 34.4527 | Z9: 30.8994 | AA9: 31.8575 | AB9: 22.3155 | AC9: 28.3286 | AD9: 26.1537 | AE9: 22.8271 | AF9: 29.1721 | AG9: 22.7045 | AH9: 18.9209 | AI9: 24.5916 | AJ9: 29.5649 | AK9: 30.6868 | AL9: 31.8683 | AM9: 27.9507 | AN9: 29.7328 | AO9: 24.2776 | AP9: 35.9594 | AQ9: 32.4906 | AR9: 10 | AS9: 31.7593 | AT9: 30.5329 | AU9: 31.96 | AV9: 25.5617 | AW9: 34.7296 | AX9: 27.8485 | AY9: 31.5444 | AZ9: 24.5314 | BA9: 32.4822 | BB9: 28.1634 | BC9: 32.4167 | BD9: 26.0868 | BE9: 27.9553 | BF9: 21.4252 | BG9: 25.7578 | BH9: 29.6618 | BI9: 28.0517 | BJ9: 33.7798 | BK9: 28.2642 | BL9: 29.8086 | BM9: 25.5042 | BN9: 27.7664 | BO9: 10 | BP9: 35.608 | BQ9: 28.3863 | BR9: 28.9865 | BS9: 22.7907 | BT9: 27.2393 | BU9: 30.8754 | BV9: 35.7837 | BW9: 27.1048 | BX9: 33.0746 | BY9: 28.5002 | BZ9: 29.8814 | CA9: 34.9931 | CB9: 26.7551 | CC9: 28.0981 | CD9: 28.1581 | CE9: 35.9594 | CF9: 20.6566 | CG9: 27.2779 | CH9: 30.4772 | CI9: 28.5925 | CJ9: 28.6768 | CK9: 26.1496 | CL9: 35.608 | CM9: 28.6271 | CN9: 30.0075 | CO9: 26.1627 | CP9: 33.401 | CQ9: 12.0093 | CR9: 30.7227 | CS9: 22.008 | CT9: 31.3418 | CU9: 10 | CV9: 30.1986 | CW9: 32.0936 | CX9: 24.1359 | CY9: 34.3148 | CZ9: 32.4124 | DA9: 34.9931 | DB9: 32.7469 | DC9: 23.867 | DD9: 34.4791 | DE9: 29.2306 | DF9: 10 | DG9: 31.1241 | DH9: 32.2554 | DI9: 23.4255 | DJ9: 22.2861 | DK9: 31.2135 | DL9: 27.0247 | DM9: 29.6261 | DN9: 34.8617 | DO9: 28.6473 | DP9: 26.7022 | DQ9: 29.5325 | DR9: 10 | DS9: 10 | DT9: 29.9951 | DU9: 30.5458 | DV9: 28.2195 | DW9: 27.737964 | DX9: 3439.5075
A10: 9 | B10: 4 | C10: 30.6216 | D10: 27.9705 | E10: 33.7659 | F10: 34.0987 | G10: 19.179 | H10: 25.1411 | I10: 24.5806 | J10: 27.8801 | K10: 24.3279 | L10: 28.7767 | M10: 30.7982 | N10: 28.6574 | O10: 10 | P10: 27.1577 | Q10: 26.4731 | R10: 10 | S10: 10 | T10: 22.286 | U10: 26.4854 | V10: 27.4123 | W10: 22.105 | X10: 29.9943 | Y10: 33.4606 | Z10: 28.5265 | AA10: 30.4475 | AB10: 21.1556 | AC10: 26.9887 | AD10: 24.9964 | AE10: 22.1801 | AF10: 26.4317 | AG10: 21.7791 | AH10: 18.3868 | AI10: 23.507 | AJ10: 28.9627 | AK10: 28.2512 | AL10: 31.3306 | AM10: 25.149 | AN10: 29.1862 | AO10: 21.2101 | AP10: 35.4199 | AQ10: 30.912 | AR10: 10 | AS10: 31.0747 | AT10: 28.7218 | AU10: 31.3757 | AV10: 23.5073 | AW10: 34.0199 | AX10: 26.8494 | AY10: 30.9357 | AZ10: 23.9113 | BA10: 32.0252 | BB10: 26.9788 | BC10: 31.4237 | BD10: 23.3275 | BE10: 26.2859 | BF10: 19.9208 | BG10: 24.7904 | BH10: 28.6956 | BI10: 27.3169 | BJ10: 32.3262 | BK10: 27.4307 | BL10: 28.212 | BM10: 24.5214 | BN10: 25.8479 | BO10: 10 | BP10: 35.013 | BQ10: 27.9652 | BR10: 25.1803 | BS10: 19.0272 | BT10: 25.0594 | BU10: 30.2159 | BV10: 35.2138 | BW10: 22.6792 | BX10: 32.1081 | BY10: 26.865 | BZ10: 29.3742 | CA10: 34.3211 | CB10: 24.5344 | CC10: 27.4887 | CD10: 25.5581 | CE10: 35.4091 | CF10: 18.4633 | CG10: 26.8066 | CH10: 28.1325 | CI10: 25.5573 | CJ10: 26.8884 | CK10: 25.5617 | CL10: 35.013 | CM10: 26.2132 | CN10: 29.5146 | CO10: 24.8488 | CP10: 32.8293 | CQ10: 10 | CR10: 28.4591 | CS10: 21.3359 | CT10: 30.7898 | CU10: 10 | CV10: 28.8844 | CW10: 30.8092 | CX10: 21.5361 | CY10: 33.3942 | CZ10: 31.1161 | DA10: 34.3211 | DB10: 32.2845 | DC10: 22.0217 | DD10: 33.9736 | DE10: 25.8928 | DF10: 10 | DG10: 28.6348 | DH10: 31.5718 | DI10: 19.3542 | DJ10: 18.9328 | DK10: 30.5736 | DL10: 26.3042 | DM10: 28.2548 | DN10: 32.6199 | DO10: 26.4788 | DP10: 25.3788 | DQ10: 28.273 | DR10: 10 | DS10: 10 | DT10: 29.3642 | DU10: 29.7988 | DV10: 24.5707 | DW10: 26.179535 | DX10: 3246.2623
A11: 10 | B11: 4.5 | C11: 29.6186 | D11: 27.7457 | E11: 33.516 | F11: 33.6704 | G11: 19.2099 | H11: 25.1252 | I11: 24.5396 | J11: 27.0238 | K11: 22.3409 | L11: 28.6048 | M11: 30.8178 | N11: 27.0591 | O11: 10 | P11: 25.3345 | Q11: 24.977 | R11: 10 | S11: 10 | T11: 20.629 | U11: 24.9733 | V11: 25.5218 | W11: 21.3025 | X11: 29.5204 | Y11: 32.763 | Z11: 28.4604 | AA11: 30.3285 | AB11: 18.9437 | AC11: 25.2786 | AD11: 22.7317 | AE11: 22.1141 | AF11: 22.6418 | AG11: 21.4037 | AH11: 18.429 | AI11: 23.1388 | AJ11: 26.721 | AK11: 28.1169 | AL11: 29.0665 | AM11: 24.6528 | AN11: 27.1476 | AO11: 19.5344 | AP11: 35.3888 | AQ11: 30.793 | AR11: 10 | AS11: 29.9223 | AT11: 27.6742 | AU11: 31.3724 | AV11: 21.7261 | AW11: 33.8911 | AX11: 25.3563 | AY11: 28.8874 | AZ11: 23.7268 | BA11: 32.0039 | BB11: 26.403 | BC11: 30.6817 | BD11: 21.2008 | BE11: 25.6634 | BF11: 18.4381 | BG11: 23.5478 | BH11: 26.7585 | BI11: 25.1926 | BJ11: 32.0987 | BK11: 25.3513 | BL11: 27.6886 | BM11: 23.3464 | BN11: 24.811 | BO11: 10 | BP11: 34.8536 | BQ11: 25.9885 | BR11: 25.0613 | BS11: 18.5989 | BT11: 24.3518 | BU11: 30.1372 | BV11: 35.0795 | BW11: 22.6758 | BX11: 32.0142 | BY11: 25.8108 | BZ11: 27.1888 | CA11: 34.2299 | CB11: 24.1599 | CC11: 26.0986 | CD11: 24.1524 | CE11: 35.222 | CF11: 17.1712 | CG11: 25.7394 | CH11: 28.1634 | CI11: 24.5173 | CJ11: 26.8196 | CK11: 22.6504 | CL11: 34.8536 | CM11: 24.3823 | CN11: 27.6893 | CO11: 22.9437 | CP11: 32.8376 | CQ11: 10 | CR11: 27.3459 | CS11: 21.1342 | CT11: 30.2693 | CU11: 10 | CV11: 27.7412 | CW11: 29.1436 | CX11: 20.115 | CY11: 33.5719 | CZ11: 30.7756 | DA11: 34.2299 | DB11: 32.1852 | DC11: 20.4544 | DD11: 33.7586 | DE11: 25.5022 | DF11: 10 | DG11: 28.4452 | DH11: 30.774 | DI11: 17.8273 | DJ11: 17.219 | DK11: 29.7518 | DL11: 26.0193 | DM11: 28.3422 | DN11: 32.5239 | DO11: 25.2521 | DP11: 22.7788 | DQ11: 26.2175 | DR11: 10.0196 | DS11: 10 | DT11: 28.1467 | DU11: 29.4207 | DV11: 23.6784 | DW11: 25.330335 | DX11: 3140.9615
A12: 11 | B12: 5 | C12: 30.4463 | D12: 26.5757 | E12: 34.5817 | F12: 34.3174 | G12: 21.3058 | H12: 26.0048 | I12: 24.9009 | J12: 26.6457 | K12: 23.0444 | L12: 28.5599 | M12: 32.9024 | N12: 29.155 | O12: 11.4594 | P12: 26.411 | Q12: 25.7482 | R12: 10 | S12: 10.7035 | T12: 18.6875 | U12: 26.2277 | V12: 27.4821 | W12: 21.3362 | X12: 29.2914 | Y12: 34.383 | Z12: 30.4659 | AA12: 30.7473 | AB12: 18.0664 | AC12: 26.4661 | AD12: 23.9964 | AE12: 24.1196 | AF12: 22.5455 | AG12: 20.4056 | AH12: 20.5362 | AI12: 22.7542 | AJ12: 28.4434 | AK12: 27.8378 | AL12: 30.2 | AM12: 24.1295 | AN12: 29.2434 | AO12: 19.9219 | AP12: 37.1676 | AQ12: 32.4928 | AR12: 12.0055 | AS12: 31.894 | AT12: 27.0611 | AU12: 33.4344 | AV12: 23.2767 | AW12: 35.8401 | AX12: 26.3316 | AY12: 30.972 | AZ12: 25.1096 | BA12: 33.5334 | BB12: 27.3512 | BC12: 21.2067 | BD12: 21.4888 | BE12: 26.0093 | BF12: 18.5678 | BG12: 22.5255 | BH12: 27.5072 | BI12: 26.9418 | BJ12: 32.9264 | BK12: 26.9724 | BL12: 27.2975 | BM12: 24.0273 | BN12: 24.4686 | BO12: 10.6339 | BP12: 36.2589 | BQ12: 28.1973 | BR12: 25.7815 | BS12: 16.4617 | BT12: 23.1687 | BU12: 30.8698 | BV12: 36.5074 | BW12: 22.1509 | BX12: 33.4556 | BY12: 27.8163 | BZ12: 28.6732 | CA12: 36.2128 | CB12: 22.8134 | CC12: 26.9287 | CD12: 24.5725 | CE12: 36.3441 | CF12: 19.0692 | CG12: 27.903 | CH12: 29.965 | CI12: 24.9263 | CJ12: 28.5645 | CK12: 23.7386 | CL12: 36.2589 | CM12: 25.2198 | CN12: 28.309 | CO12: 23.7184 | CP12: 34.2224 | CQ12: 10.6583 | CR12: 26.8866 | CS12: 22.321 | CT12: 31.0354 | CU12: 10.4547 | CV12: 29.4297 | CW12: 29.6768 | CX12: 17.3604 | CY12: 35.2827 | CZ12: 31.5016 | DA12: 36.2128 | DB12: 31.9889 | DC12: 19.0161 | DD12: 34.5976 | DE12: 26.183 | DF12: 10.503 | DG12: 29.4113 | DH12: 32.6572 | DI12: 17.3103 | DJ12: 16.7103 | DK12: 30.819 | DL12: 27.3117 | DM12: 28.5893 | DN12: 34.2384 | DO12: 27.2069 | DP12: 23.1311 | DQ12: 27.3284 | DR12: 12.1042 | DS12: 10.9067 | DT12: 27.9011 | DU12: 30.1129 | DV12: 21.5285 | DW12: 26.012711 | DX12: 3225.5762
A13: 12 | B13: 5.5 | C13: 32.5659 | D13: 29.2788 | E13: 37.2622 | F13: 36.2562 | G13: 25.9854 | H13: 30.559 | I13: 28.1368 | J13: 30.2033 | K13: 21.8168 | L13: 31.8917 | M13: 36.6411 | N13: 31.9329 | O13: 14.1784 | P13: 30.3191 | Q13: 25.2481 | R13: 10.2552 | S13: 12.0027 | T13: 19.2075 | U13: 30.2352 | V13: 30.5744 | W13: 20.6624 | X13: 31.7704 | Y13: 36.6697 | Z13: 35.0552 | AA13: 34.7078 | AB13: 20.713 | AC13: 31.1118 | AD13: 27.5221 | AE13: 28.7088 | AF13: 25.4498 | AG13: 22.9732 | AH13: 25.227 | AI13: 25.1533 | AJ13: 31.0206 | AK13: 31.0356 | AL13: 32.9482 | AM13: 24.3793 | AN13: 33.4142 | AO13: 23.3163 | AP13: 38.4057 | AQ13: 35.5971 | AR13: 16.5948 | AS13: 36.4493 | AT13: 29.2145 | AU13: 37.9042 | AV13: 26.4553 | AW13: 40.3729 | AX13: 27.7142 | AY13: 34.536 | AZ13: 28.4301 | BA13: 37.0008 | BB13: 31.0062 | BC13: 23.6639 | BD13: 21.9971 | BE13: 29.888 | BF13: 21.1805 | BG13: 22.8546 | BH13: 29.5477 | BI13: 30.2106 | BJ13: 34.2038 | BK13: 30.471 | BL13: 31.2806 | BM13: 22.7454 | BN13: 24.1609 | BO13: 14.4958 | BP13: 39.602 | BQ13: 32.9024 | BR13: 29.742 | BS13: 16.2361 | BT13: 26.4779 | BU13: 35.4477 | BV13: 39.8731 | BW13: 25.8737 | BX13: 36.8767 | BY13: 31.031 | BZ13: 31.0576 | CA13: 40.7795 | CB13: 26.2356 | CC13: 31.046 | CD13: 25.9745 | CE13: 39.0811 | CF13: 22.3528 | CG13: 32.6504 | CH13: 33.3205 | CI13: 23.4118 | CJ13: 31.48 | CK13: 25.0282 | CL13: 39.602 | CM13: 25.9891 | CN13: 30.4511 | CO13: 25.3219 | CP13: 38.8794 | CQ13: 10.8161 | CR13: 27.7299 | CS13: 26.8876 | CT13: 35.0637 | CU13: 12.521 | CV13: 33.3789 | CW13: 31.179 | CX13: 18.6593 | CY13: 39.7707 | CZ13: 33.5196 | DA13: 40.7795 | DB13: 34.805 | DC13: 18.2658 | DD13: 35.95 | DE13: 28.1558 | DF13: 13.3852 | DG13: 33.2705 | DH13: 36.6772 | DI13: 20.1203 | DJ13: 20.5614 | DK13: 34.7682 | DL13: 30.5419 | DM13: 32.5266 | DN13: 37.6564 | DO13: 30.6062 | DP13: 25.5379 | DQ13: 30.054 | DR13: 15.0565 | DS13: 12.551 | DT13: 29.919 | DU13: 31.3917 | DV13: 21.1473 | DW13: 28.731836 | DX13: 3562.7477
... A49: 48 | B49: 23.5 | C49: 61.0848 | D49: 88.8216 | E49: 95.0331 | F49: 65.3605 | G49: 76.349 | H49: 50.2746 | I49: 21.7744 | J49: 64.8234 | K49: 45.5772 | L49: 31.6046 | M49: 80.5809 | N49: 30.0548 | O49: 63.9648 | P49: 41.5574 | Q49: 73.756 | R49: 33.9866 | S49: 25.909 | T49: 12.9149 | U49: 22.5474 | V49: 43.0793 | W49: 64.1292 | X49: 90.8141 | Y49: 58.2403 | Z49: 90.3485 | AA49: 92.715 | AB49: 10 | AC49: 42.2163 | AD49: 85.1275 | AE49: 36.1625 | AF49: 90.6258 | AG49: 10 | AH49: 59.5585 | AI49: 75.6159 | AJ49: 52.1862 | AK49: 10 | AL49: 10 | AM49: 21.2083 | AN49: 76.7996 | AO49: 68.282 | AP49: 81.8513 | AQ49: 31.7814 | AR49: 85.8286 | AS49: 31.9509 | AT49: 77.7894 | AU49: 91.7884 | AV49: 10 | AW49: 30.5354 | AX49: 48.7048 | AY49: 10 | AZ49: 10 | BA49: 43.9113 | BB49: 67.3196 | BC49: 80.1824 | BD49: 11.6709 | BE49: 52.0934 | BF49: 17.9594 | BG49: 54.8456 | BH49: 55.9713 | BI49: 88.2997 | BJ49: 56.0297 | BK49: 26.8513 | BL49: 79.5024 | BM49: 38.1727 | BN49: 62.1059 | BO49: 39.6217 | BP49: 10 | BQ49: 74.2504 | BR49: 87.7314 | BS49: 10 | BT49: 14.0155 | BU49: 73.0014 | BV49: 45.1415 | BW49: 86.6899 | BX49: 92.9273 | BY49: 83.4543 | BZ49: 54.4366 | CA49: 74.2272 | CB49: 46.9482 | CC49: 67.3619 | CD49: 56.1759 | CE49: 88.1624 | CF49: 10 | CG49: 68.0592 | CH49: 76.7015 | CI49: 84.2552 | CJ49: 32.0082 | CK49: 77.9816 | CL49: 94.7467 | CM49: 48.8163 | CN49: 28.0243 | CO49: 84.8242 | CP49: 10 | CQ49: 49.2992 | CR49: 36.1708 | CS49: 17.4269 | CT49: 86.129 | CU49: 29.1234 | CV49: 56.0708 | CW49: 64.5044 | CX49: 10 | CY49: 64.1264 | CZ49: 17.6738 | DA49: 44.9047 | DB49: 18.733 | DC49: 40.1746 | DD49: 82.3714 | DE49: 39.2085 | DF49: 10 | DG49: 66.8422 | DH49: 75.9605 | DI49: 24.7038 | DJ49: 78.8312 | DK49: 10 | DL49: 48.928 | DM49: 66.9818 | DN49: 40.4063 | DO49: 78.824 | DP49: 86.139 | DQ49: 73.3901 | DR49: 67.1623 | DS49: 41.1209 | DT49: 10 | DU49: 24.7765 | DV49: 10 | DW49: 51.675614 | DX49: 6407.7761

Sheet Demand_kW
A1: period | B1: hour | C1: BES_TR8_one223_B | D1: BES_TR8_one252_C | E1: BES_TR8_one280_A | F1: BES_TR8_one313_A | G1: BES_TR8_one321_C | H1: BES_TR8_one345_A | I1: BES_TR8_one375_C | J1: BES_TR8_one410_B | K1: BES_TR8_one416_C | L1: BES_TR8_one423_B | M1: BES_TR8_one446_B | N1: BES_TR8_one469_A | O1: BES_TR8_one477_A | P1: BES_TR8_one482_B | Q1: BES_TR8_one61_A | R1: BES_TR8_one552_B | S1: BES_TR8_one560_C | T1: BES_TR8_one73_A | U1: BES_TR8_one137_A | V1: BES_TR8_four50_C | W1: BES_TR8_four171_A | X1: BES_TR8_four180_A | Y1: BES_TR8_four200_A | Z1: BES_TR8_four239_A | AA1: BES_TR8_four259_B | AB1: BES_TR8_four265_C | AC1: BES_TR8_four54_C | AD1: BES_TR8_four288_B | AE1: BES_TR8_four289_B | AF1: BES_TR8_four292_C | AG1: BES_TR8_four301_C | AH1: BES_TR8_four326_A | AI1: BES_TR8_four352_A | AJ1: BES_TR8_four358_C | AK1: BES_TR8_four368_C | AL1: BES_TR8_four372_C | AM1: BES_TR8_four381_A | AN1: BES_TR8_four385_A | AO1: BES_TR8_four423_C | AP1: BES_TR8_four437_A | AQ1: BES_TR8_four446_B | AR1: BES_TR8_four466_C | AS1: BES_TR8_four467_C | AT1: BES_TR8_four548_B | AU1: BES_TR8_four558_C | AV1: BES_TR8_four562_C | AW1: BES_TR8_four590_A | AX1: BES_TR8_four604_A | AY1: BES_TR8_four78_B | AZ1: BES_TR8_four734_A | BA1: BES_TR8_four797_C | BB1: BES_TR8_four846_C | BC1: BES_TR8_four854_A | BD1: BES_TR8_four936_C | BE1: BES_TR8_four950_B | BF1: BES_TR8_four978_A | BG1: BES_TR8_four104_A | BH1: BES_TR8_four988_A | BI1: BES_TR8_four1013_B | BJ1: BES_TR8_four1027_A | BK1: BES_TR8_four1132_C | BL1: BES_TR8_four126_A | BM1: BES_TR8_four1187_A | BN1: BES_TR8_four1207_B | BO1: BES_TR8_five168_A | BP1: BES_TR8_five186_C | BQ1: BES_TR8_five194_C | BR1: BES_TR8_five223_A | BS1: BES_TR8_five303_B | BT1: BES_TR8_five324_B | BU1: BES_TR8_five345_A | BV1: BES_TR8_five421_A | BW1: BES_TR8_five488_B | BX1: BES_TR8_five513_B | BY1: BES_TR8_five537_C | BZ1: BES_TR8_five540_A | CA1: BES_TR8_five551_C | CB1: BES_TR8_five631_B | CC1: BES_TR8_five649_A | CD1: BES_TR8_five663_C | CE1: BES_TR8_five670_C | CF1: BES_TR8_five704_A | CG1: BES_TR8_five719_A | CH1: BES_TR8_five750_B | CI1: BES_TR8_five793_A | CJ1: BES_TR8_five801_C | CK1: BES_TR8_five905_B | CL1: BES_TR8_five118_B | CM1: BES_TR8_five123_B | CN1: BES_TR8_six64_A | CO1: BES_TR8_six154_C | CP1: BES_TR8_six173_C | CQ1: BES_TR8_six232_C | CR1: BES_TR8_six238_A | CS1: BES_TR8_six269_C | CT1: BES_TR8_six289_C | CU1: BES_TR8_six317_C | CV1: BES_TR8_six326_A | CW1: BES_TR8_six329_A | CX1: BES_TR8_six342_A | CY1: BES_TR8_six350_B | CZ1: BES_TR8_six365_C | DA1: BES_TR8_six75_A | DB1: BES_TR8_six385_B | DC1: BES_TR8_six431_C | DD1: BES_TR8_six571_C | DE1: BES_TR8_six595_B | DF1: BES_TR8_six643_A | DG1: BES_TR8_six652_A | DH1: BES_TR8_six667_A | DI1: BES_TR8_six699_C | DJ1: BES_TR8_six723_B | DK1: BES_TR8_six740_A | DL1: BES_TR8_six90_B | DM1: BES_TR8_six801_C | DN1: BES_TR8_six807_A | DO1: BES_TR8_six844_C | DP1: BES_TR8_six860_C | DQ1: BES_TR8_six909_C | DR1: BES_TR8_six914_A | DS1: BES_TR8_six111_C | DT1: BES_TR8_six1006_C | DU1: BES_TR8_six1020_A | DV1: BES_TR8_six1064_C | DW1: fleet_average | DX1: fleet_total
A2: 1 | B2: 0 | C2: 0.097928 | D2: 0.049 | E2: 0.054624333 | F2: 0.059 | G2: 0.047 | H2: 0.15037667 | I2: 0.13188267 | J2: 0.25522033 | K2: 0.17837333 | L2: 0.15895567 | M2: 0.16558 | N2: 0.22261 | O2: 0.53012433 | P2: 0.17988933 | Q2: 0.075348 | R2: 0.59302333 | S2: 0.961224 | T2: 0.18330067 | U2: 0.072729333 | V2: 0.23365 | W2: 0.227586 | X2: 0.057 | Y2: 0.031 | Z2: 0.055 | AA2: 0.064342 | AB2: 0.19162733 | AC2: 0.186292 | AD2: 0.25616833 | AE2: 0.55997167 | AF2: 0.220962 | AG2: 0.37828833 | AH2: 0.484378 | AI2: 0.059936 | AJ2: 0.18326 | AK2: 0.12977033 | AL2: 0.045 | AM2: 0.078828 | AN2: 0.107072 | AO2: 0.10019833 | AP2: 0.046 | AQ2: 0.12881 | AR2: 2.4385167 | AS2: 0.095141333 | AT2: 0.04 | AU2: 0.13306133 | AV2: 0.196642 | AW2: 0.06 | AX2: 0.059 | AY2: 0.11155267 | AZ2: 0.52604 | BA2: 0.36509733 | BB2: 0.21787367 | BC2: 0.03 | BD2: 0.29324033 | BE2: 0.124101 | BF2: 0.55286467 | BG2: 0.262799 | BH2: 0.179234 | BI2: 0.226871 | BJ2: 0.088565667 | BK2: 0.12333067 | BL2: 0.077798667 | BM2: 0.15307767 | BN2: 0.18429467 | BO2: 1.9461 | BP2: 0.05 | BQ2: 0.36297033 | BR2: 0.067455 | BS2: 0.425566 | BT2: 0.22558267 | BU2: 0.16771533 | BV2: 0.048 | BW2: 0.11537867 | BX2: 0.12564 | BY2: 0.27143133 | BZ2: 0.043 | CA2: 0.057 | CB2: 0.16150667 | CC2: 0.20530233 | CD2: 0.11949867 | CE2: 0.046 | CF2: 0.67774833 | CG2: 0.212737 | CH2: 0.19029333 | CI2: 0.117696 | CJ2: 0.30668767 | CK2: 0.21742667 | CL2: 0.05 | CM2: 0.05 | CN2: 0.14871667 | CO2: 0.195304 | CP2: 0.049 | CQ2: 1.565217 | CR2: 0.041 | CS2: 0.45129867 | CT2: 0.154661 | CU2: 1.4919313 | CV2: 0.054 | CW2: 0.04 | CX2: 0.058 | CY2: 0.089653 | CZ2: 0.125422 | DA2: 0.057 | DB2: 0.10000033 | DC2: 0.31546233 | DD2: 0.042 | DE2: 0.154724 | DF2: 0.71935233 | DG2: 0.058 | DH2: 0.05 | DI2: 0.234921 | DJ2: 0.27314067 | DK2: 0.15616267 | DL2: 0.166834 | DM2: 0.16659933 | DN2: 0.034 | DO2: 0.038 | DP2: 0.17833867 | DQ2: 0.145344 | DR2: 0.36720933 | DS2: 0.75684533 | DT2: 0.177796 | DU2: 0.167398 | DV2: 0.090446 | DW2: 0.23955602 | DX2: 29.704946
A3: 2 | B3: 0.5 | C3: 0.043 | D3: 0.238596 | E3: 0.12630973 | F3: 0.059 | G3: 0.047 | H3: 0.10778667 | I3: 0.243526 | J3: 0.031 | K3: 0.176826 | L3: 0.051 | M3: 0.048 | N3: 0.18476 | O3: 0.72674733 | P3: 0.045 | Q3: 0.13079333 | R3: 0.38345067 | S3: 0.81893333 | T3: 0.240402 | U3: 0.11955267 | V3: 0.136124 | W3: 0.048 | X3: 0.057 | Y3: 0.12665333 | Z3: 0.055 | AA3: 0.155078 | AB3: 0.21787233 | AC3: 0.12714933 | AD3: 0.094640333 | AE3: 0.53354867 | AF3: 0.05 | AG3: 0.382116 | AH3: 0.506309 | AI3: 0.302552 | AJ3: 0.051 | AK3: 0.12977033 | AL3: 0.045 | AM3: 0.28771267 | AN3: 0.047 | AO3: 0.33103167 | AP3: 0.046 | AQ3: 0.053 | AR3: 0.055 | AS3: 0.10442667 | AT3: 0.10873 | AU3: 0.05 | AV3: 0.055 | AW3: 0.06 | AX3: 0.17284 | AY3: 0.082220667 | AZ3: 0.44666333 | BA3: 0.039 | BB3: 0.081188667 | BC3: 0.16144 | BD3: 0.08845 | BE3: 0.140036 | BF3: 0.135042 | BG3: 0.054537333 | BH3: 0.078718667 | BI3: 0.069851 | BJ3: 0.080281 | BK3: 0.231904 | BL3: 0.12282467 | BM3: 0.16844567 | BN3: 0.068223333 | BO3: 0.53397667 | BP3: 0.05 | BQ3: 0.037 | BR3: 0.291881 | BS3: 0.059 | BT3: 0.053 | BU3: 0.056 | BV3: 0.048 | BW3: 0.05 | BX3: 0.051 | BY3: 0.083636 | BZ3: 0.211454 | CA3: 0.057 | CB3: 0.13958 | CC3: 0.052 | CD3: 0.053 | CE3: 0.046 | CF3: 0.297479 | CG3: 0.28407 | CH3: 0.047 | CI3: 0.22699267 | CJ3: 0.049 | CK3: 0.18875867 | CL3: 0.05 | CM3: 0.129002 | CN3: 0.1431 | CO3: 0.154932 | CP3: 0.10996 | CQ3: 0.058 | CR3: 0.22893267 | CS3: 0.32322667 | CT3: 0.047 | CU3: 0.197982 | CV3: 0.18836 | CW3: 0.095692 | CX3: 0.303148 | CY3: 0.034 | CZ3: 0.052 | DA3: 0.057 | DB3: 0.039 | DC3: 0.093176 | DD3: 0.114984 | DE3: 0.18325333 | DF3: 0.50780433 | DG3: 0.058 | DH3: 0.121232 | DI3: 0.20272267 | DJ3: 0.249628 | DK3: 0.054 | DL3: 0.26204667 | DM3: 0.12880467 | DN3: 0.034 | DO3: 0.13825867 | DP3: 0.101252 | DQ3: 0.047 | DR3: 0.44713533 | DS3: 1.7480433 | DT3: 0.052 | DU3: 0.067488667 | DV3: 0.049 | DW3: 0.16206498 | DX3: 20.096057
A4: 3 | B4: 1 | C4: 0.18032 | D4: 0.049 | E4: 0.063017867 | F4: 0.059 | G4: 0.047 | H4: 0.097662 | I4: 0.053 | J4: 0.031 | K4: 0.081294667 | L4: 0.17800667 | M4: 0.16558 | N4: 0.047 | O4: 0.12863667 | P4: 0.21956267 | Q4: 0.174438 | R4: 0.55861667 | S4: 0.67008867 | T4: 0.151653 | U4: 0.091458667 | V4: 0.059 | W4: 0.22722767 | X4: 0.057 | Y4: 0.04788 | Z4: 0.214258 | AA4: 0.053 | AB4: 0.080133333 | AC4: 0.05 | AD4: 0.051 | AE4: 0.055 | AF4: 0.213191 | AG4: 0.061 | AH4: 0.38427 | AI4: 0.10091467 | AJ4: 0.06656 | AK4: 0.11222933 | AL4: 0.060137333 | AM4: 0.05 | AN4: 0.159635 | AO4: 0.057654667 | AP4: 0.046 | AQ4: 0.12038667 | AR4: 0.055 | AS4: 0.058 | AT4: 0.16476667 | AU4: 0.086339333 | AV4: 0.388255 | AW4: 0.06 | AX4: 0.16592267 | AY4: 0.048 | AZ4: 0.052 | BA4: 0.039 | BB4: 0.12774933 | BC4: 0.03 | BD4: 0.197847 | BE4: 0.17982 | BF4: 0.17999733 | BG4: 0.24491667 | BH4: 0.057179667 | BI4: 0.148361 | BJ4: 0.080281 | BK4: 0.056076667 | BL4: 0.051 | BM4: 0.084846 | BN4: 0.24379633 | BO4: 0.077342667 | BP4: 0.05 | BQ4: 0.037 | BR4: 0.053 | BS4: 0.21948667 | BT4: 0.12285 | BU4: 0.056 | BV4: 0.048 | BW4: 0.33160767 | BX4: 0.055146667 | BY4: 0.183862 | BZ4: 0.043 | CA4: 0.057 | CB4: 0.19320133 | CC4: 0.19836767 | CD4: 0.30609733 | CE4: 0.046 | CF4: 0.13314267 | CG4: 0.13477667 | CH4: 0.17726667 | CI4: 0.051 | CJ4: 0.18173333 | CK4: 0.049 | CL4: 0.05 | CM4: 0.19508633 | CN4: 0.041 | CO4: 0.052 | CP4: 0.049 | CQ4: 0.10128 | CR4: 0.072853333 | CS4: 0.272669 | CT4: 0.047 | CU4: 0.054 | CV4: 0.054 | CW4: 0.15934 | CX4: 0.099752 | CY4: 0.034 | CZ4: 0.125422 | DA4: 0.057 | DB4: 0.16100067 | DC4: 0.093176 | DD4: 0.042 | DE4: 0.056 | DF4: 0.50585267 | DG4: 0.160725 | DH4: 0.10347667 | DI4: 0.099667333 | DJ4: 0.16691067 | DK4: 0.054 | DL4: 0.18824737 | DM4: 0.050497667 | DN4: 0.150915 | DO4: 0.084082 | DP4: 0.127852 | DQ4: 0.114288 | DR4: 0.17234133 | DS4: 0.257956 | DT4: 0.20575067 | DU4: 0.055 | DV4: 0.22083133 | DW4: 0.12509534 | DX4: 15.511822
A5: 4 | B5: 1.5 | C5: 0.043 | D5: 0.204124 | E5: 0.051 | F5: 0.059 | G5: 0.047 | H5: 0.10803133 | I5: 0.18126367 | J5: 0.16764933 | K5: 0.17837333 | L5: 0.051 | M5: 0.048 | N5: 0.09292 | O5: 0.152019 | P5: 0.120828 | Q5: 0.130044 | R5: 0.26205633 | S5: 0.35930333 | T5: 0.22301567 | U5: 0.16832933 | V5: 0.200394 | W5: 0.170445 | X5: 0.17545333 | Y5: 0.08164 | Z5: 0.055 | AA5: 0.053 | AB5: 0.30560067 | AC5: 0.14891733 | AD5: 0.29980867 | AE5: 0.055 | AF5: 0.057771 | AG5: 0.22489267 | AH5: 0.16685667 | AI5: 0.125744 | AJ5: 0.2066 | AK5: 0.10746933 | AL5: 0.19637333 | AM5: 0.05 | AN5: 0.099563 | AO5: 0.226074 | AP5: 0.046 | AQ5: 0.061423333 | AR5: 0.055 | AS5: 0.13228267 | AT5: 0.06291 | AU5: 0.11748733 | AV5: 0.069886667 | AW5: 0.06 | AX5: 0.17284 | AY5: 0.119142 | AZ5: 0.052 | BA5: 0.039 | BB5: 0.17438093 | BC5: 0.16144 | BD5: 0.058193333 | BE5: 0.140036 | BF5: 0.181166 | BG5: 0.065288 | BH5: 0.200773 | BI5: 0.148361 | BJ5: 0.10099267 | BK5: 0.11261333 | BL5: 0.23122867 | BM5: 0.295335 | BN5: 0.055 | BO5: 0.14737067 | BP5: 0.05 | BQ5: 0.20726533 | BR5: 0.053 | BS5: 0.31576 | BT5: 0.15326133 | BU5: 0.16771533 | BV5: 0.048 | BW5: 0.074517 | BX5: 0.12149333 | BY5: 0.055 | BZ5: 0.165512 | CA5: 0.057 | CB5: 0.15567667 | CC5: 0.12121833 | CD5: 0.053 | CE5: 0.046 | CF5: 0.20341667 | CG5: 0.041 | CH5: 0.060026667 | CI5: 0.117696 | CJ5: 0.049 | CK5: 0.087885333 | CL5: 0.05 | CM5: 0.104069 | CN5: 0.08184 | CO5: 0.298236 | CP5: 0.10996 | CQ5: 0.17341333 | CR5: 0.10382067 | CS5: 0.136302 | CT5: 0.154661 | CU5: 0.269334 | CV5: 0.18836 | CW5: 0.04 | CX5: 0.21875 | CY5: 0.098215 | CZ5: 0.052 | DA5: 0.057 | DB5: 0.039 | DC5: 0.243106 | DD5: 0.042 | DE5: 0.056 | DF5: 0.48313667 | DG5: 0.10593833 | DH5: 0.085616 | DI5: 0.202619 | DJ5: 0.076396 | DK5: 0.16402133 | DL5: 0.23688333 | DM5: 0.108793 | DN5: 0.088560333 | DO5: 0.26114233 | DP5: 0.22459067 | DQ5: 0.183122 | DR5: 0.54443433 | DS5: 0.52382167 | DT5: 0.052 | DU5: 0.055 | DV5: 0.154344 | DW5: 0.13857775 | DX5: 17.183641
A6: 5 | B6: 2 | C6: 0.049866 | D6: 0.083472 | E6: 0.051 | F6: 0.059 | G6: 0.047 | H6: 0.155561 | I6: 0.194145 | J6: 0.142454 | K6: 0.054 | L6: 0.076401333 | M6: 0.048 | N6: 0.16945333 | O6: 0.19760967 | P6: 0.045 | Q6: 0.16741367 | R6: 0.094186 | S6: 0.52779667 | T6: 0.140902 | U6: 0.15150867 | V6: 0.059 | W6: 0.17008667 | X6: 0.057 | Y6: 0.092893333 | Z6: 0.163585 | AA6: 0.16642 | AB6: 0.150845 | AC6: 0.10430067 | AD6: 0.051 | AE6: 0.055 | AF6: 0.088855 | AG6: 0.061 | AH6: 0.046 | AI6: 0.29966067 | AJ6: 0.051 | AK6: 0.15207133 | AL6: 0.045 | AM6: 0.29491967 | AN6: 0.051489667 | AO6: 0.155007 | AP6: 0.046 | AQ6: 0.095116667 | AR6: 0.055 | AS6: 0.067285333 | AT6: 0.11701167 | AU6: 0.05 | AV6: 0.10729467 | AW6: 0.06 | AX6: 0.059 | AY6: 0.048 | AZ6: 0.052 | BA6: 0.039 | BB6: 0.067937333 | BC6: 0.03 | BD6: 0.091342333 | BE6: 0.17982 | BF6: 0.057 | BG6: 0.16868667 | BH6: 0.05 | BI6: 0.062 | BJ6: 0.059569333 | BK6: 0.048 | BL6: 0.088664 | BM6: 0.064649667 | BN6: 0.171073 | BO6: 0.14694267 | BP6: 0.05 | BQ6: 0.037 | BR6: 0.245752 | BS6: 0.059 | BT6: 0.213798 | BU6: 0.056 | BV6: 0.048 | BW6: 0.20902267 | BX6: 0.051 | BY6: 0.140908 | BZ6: 0.088942 | CA6: 0.057 | CB6: 0.124928 | CC6: 0.13296667 | CD6: 0.053 | CE6: 0.046 | CF6: 0.039 | CG6: 0.25925333 | CH6: 0.13818667 | CI6: 0.074999 | CJ6: 0.13346667 | CK6: 0.17246733 | CL6: 0.05 | CM6: 0.098061333 | CN6: 0.14990667 | CO6: 0.052 | CP6: 0.049 | CQ6: 0.058 | CR6: 0.19796533 | CS6: 0.057 | CT6: 0.065999 | CU6: 0.186912 | CV6: 0.054 | CW6: 0.175252 | CX6: 0.19946 | CY6: 0.046843 | CZ6: 0.125422 | DA6: 0.057 | DB6: 0.039 | DC6: 0.14401467 | DD6: 0.042 | DE6: 0.25895533 | DF6: 0.14343333 | DG6: 0.092241667 | DH6: 0.085616 | DI6: 0.27069733 | DJ6: 0.39235667 | DK6: 0.054 | DL6: 0.06 | DM6: 0.18784733 | DN6: 0.034 | DO6: 0.038 | DP6: 0.063094667 | DQ6: 0.083232 | DR6: 0.23124367 | DS6: 0.301805 | DT6: 0.10790933 | DU6: 0.17988667 | DV6: 0.094118 | DW6: 0.11135694 | DX6: 13.80826
A7: 6 | B7: 2.5 | C7: 0.173454 | D7: 0.049 | E7: 0.051 | F7: 0.059 | G7: 0.047 | H7: 0.20629267 | I7: 0.056878333 | J7: 0.105536 | K7: 0.290577 | L7: 0.15260533 | M7: 0.048 | N7: 0.047 | O7: 0.129028 | P7: 0.14815067 | Q7: 0.13325967 | R7: 0.24358 | S7: 0.38999733 | T7: 0.14836267 | U7: 0.138282 | V7: 0.110416 | W7: 0.227586 | X7: 0.17545333 | Y7: 0.031 | Z7: 0.105673 | AA7: 0.053 | AB7: 0.14870067 | AC7: 0.17204667 | AD7: 0.10189567 | AE7: 0.055 | AF7: 0.182107 | AG7: 0.061 | AH7: 0.046 | AI7: 0.038 | AJ7: 0.2066 | AK7: 0.048 | AL7: 0.075274667 | AM7: 0.071621 | AN7: 0.19380393 | AO7: 0.17366167 | AP7: 0.046 | AQ7: 0.086693333 | AR7: 0.055 | AS7: 0.099784 | AT7: 0.14121167 | AU7: 0.15382667 | AV7: 0.23369467 | AW7: 0.06 | AX7: 0.26837867 | AY7: 0.119142 | AZ7: 0.052 | BA7: 0.039 | BB7: 0.11778067 | BC7: 0.115436 | BD7: 0.33868467 | BE7: 0.112024 | BF7: 0.26572667 | BG7: 0.15696 | BH7: 0.136156 | BI7: 0.116957 | BJ7: 0.043 | BK7: 0.25877467 | BL7: 0.051 | BM7: 0.17713667 | BN7: 0.14095167 | BO7: 0.141535 | BP7: 0.05 | BQ7: 0.129872 | BR7: 0.113584 | BS7: 0.059 | BT7: 0.062313333 | BU7: 0.16771533 | BV7: 0.048 | BW7: 0.197102 | BX7: 0.051 | BY7: 0.12659 | BZ7: 0.058314 | CA7: 0.057 | CB7: 0.17566 | CC7: 0.18661933 | CD7: 0.30609733 | CE7: 0.046 | CF7: 0.15170667 | CG7: 0.041 | CH7: 0.099106667 | CI7: 0.26969233 | CJ7: 0.097266667 | CK7: 0.26487667 | CL7: 0.05 | CM7: 0.280096 | CN7: 0.041 | CO7: 0.24404267 | CP7: 0.086253333 | CQ7: 0.21669333 | CR7: 0.041 | CS7: 0.136302 | CT7: 0.078665 | CU7: 0.054 | CV7: 0.15477 | CW7: 0.07978 | CX7: 0.14091267 | CY7: 0.082096667 | CZ7: 0.052 | DA7: 0.057 | DB7: 0.039 | DC7: 0.27761867 | DD7: 0.11092933 | DE7: 0.079022 | DF7: 0.15543533 | DG7: 0.17442167 | DH7: 0.05 | DI7: 0.24806567 | DJ7: 0.130412 | DK7: 0.16402133 | DL7: 0.06 | DM7: 0.064843333 | DN7: 0.034 | DO7: 0.20696733 | DP7: 0.11975733 | DQ7: 0.214178 | DR7: 0.33340967 | DS7: 0.155168 | DT7: 0.14984133 | DU7: 0.055 | DV7: 0.28105833 | DW7: 0.12965302 | DX7: 16.076975
A8: 7 | B8: 3 | C8: 0.043 | D8: 0.13518 | E8: 0.051 | F8: 0.059 | G8: 0.047 | H8: 0.051 | I8: 0.11893167 | J8: 0.12495733 | K8: 0.091917 | L8: 0.057350333 | M8: 0.16558 | N8: 0.047 | O8: 0.37269867 | P8: 0.116412 | Q8: 0.079906 | R8: 0.046 | S8: 0.30843467 | T8: 0.278864 | U8: 0.20401333 | V8: 0.148978 | W8: 0.048 | X8: 0.057 | Y8: 0.031 | Z8: 0.076717 | AA8: 0.104039 | AB8: 0.31450933 | AC8: 0.14139467 | AD8: 0.248913 | AE8: 0.055 | AF8: 0.05 | AG8: 0.20999333 | AH8: 0.046 | AI8: 0.30109733 | AJ8: 0.06656 | AK8: 0.062867333 | AL8: 0.181236 | AM8: 0.12713333 | AN8: 0.159635 | AO8: 0.20930133 | AP8: 0.046 | AQ8: 0.053 | AR8: 0.055 | AS8: 0.099784 | AT8: 0.11980833 | AU8: 0.05 | AV8: 0.099824 | AW8: 0.06 | AX8: 0.070384 | AY8: 0.14577333 | AZ8: 0.052 | BA8: 0.039 | BB8: 0.15636 | BC8: 0.076004 | BD8: 0.041 | BE8: 0.084012 | BF8: 0.10844367 | BG8: 0.18178233 | BH8: 0.12179667 | BI8: 0.179765 | BJ8: 0.043 | BK8: 0.10453667 | BL8: 0.18964367 | BM8: 0.211694 | BN8: 0.111568 | BO8: 0.15277833 | BP8: 0.05 | BQ8: 0.11439333 | BR8: 0.053 | BS8: 0.23360933 | BT8: 0.18610867 | BU8: 0.056 | BV8: 0.048 | BW8: 0.05 | BX8: 0.096613333 | BY8: 0.055 | BZ8: 0.19614 | CA8: 0.057 | CB8: 0.10494467 | CC8: 0.052 | CD8: 0.053 | CE8: 0.046 | CF8: 0.039 | CG8: 0.041 | CH8: 0.047 | CI8: 0.051 | CJ8: 0.0852 | CK8: 0.123334 | CL8: 0.05 | CM8: 0.05 | CN8: 0.19074667 | CO8: 0.10619333 | CP8: 0.072706667 | CQ8: 0.058 | CR8: 0.053741333 | CS8: 0.057 | CT8: 0.141995 | CU8: 0.163242 | CV8: 0.08759 | CW8: 0.04 | CX8: 0.24420067 | CY8: 0.068248 | CZ8: 0.072395 | DA8: 0.057 | DB8: 0.16100067 | DC8: 0.11910133 | DD8: 0.046054667 | DE8: 0.070264667 | DF8: 0.1978 | DG8: 0.058 | DH8: 0.121232 | DI8: 0.062142 | DJ8: 0.12278933 | DK8: 0.054 | DL8: 0.06 | DM8: 0.11931733 | DN8: 0.034 | DO8: 0.13825867 | DP8: 0.24482733 | DQ8: 0.047 | DR8: 0.52019367 | DS8: 0.057037333 | DT8: 0.052 | DU8: 0.17364233 | DV8: 0.049 | DW8: 0.1092713 | DX8: 13.549641
A9: 8 | B9: 3.5 | C9: 0.118526 | D9: 0.152416 | E9: 0.051 | F9: 0.059 | G9: 1.3336807 | H9: 0.31085133 | I9: 0.25259867 | J9: 0.11061 | K9: 0.19928067 | L9: 0.17165633 | M9: 0.048 | N9: 0.0965964 | O9: 0.503246 | P9: 0.15158333 | Q9: 0.18848667 | R9: 0.231711 | S9: 1.1998113 | T9: 0.046 | U9: 0.134554 | V9: 0.059 | W9: 0.30885767 | X9: 0.163608 | Y9: 0.08164 | Z9: 0.192541 | AA9: 0.115381 | AB9: 0.094586 | AC9: 0.11022333 | AD9: 0.095661333 | AE9: 0.055 | AF9: 0.220962 | AG9: 0.075899333 | AH9: 0.046 | AI9: 0.089444333 | AJ9: 0.051 | AK9: 0.19667333 | AL9: 0.045 | AM9: 0.22499333 | AN9: 0.047 | AO9: 0.247892 | AP9: 0.046 | AQ9: 0.12881 | AR9: 0.055 | AS9: 0.058 | AT9: 0.14605167 | AU9: 0.05 | AV9: 0.166732 | AW9: 0.06 | AX9: 0.081768 | AY9: 0.051952333 | AZ9: 0.052 | BA9: 0.039 | BB9: 0.097843333 | BC9: 0.082576 | BD9: 0.22117833 | BE9: 0.136483 | BF9: 0.122035 | BG9: 0.078384 | BH9: 0.078718667 | BI9: 0.062 | BJ9: 0.117562 | BK9: 0.069434667 | BL9: 0.130249 | BM9: 0.080038333 | BN9: 0.154175 | BO9: 0.054 | BP9: 0.05 | BQ9: 0.037 | BR9: 0.306336 | BS9: 0.30163867 | BT9: 0.176294 | BU9: 0.056 | BV9: 0.048 | BW9: 0.35612467 | BX9: 0.080026667 | BY9: 0.133749 | BZ9: 0.043 | CA9: 0.057 | CB9: 0.17954667 | CC9: 0.052 | CD9: 0.20977533 | CE9: 0.046 | CF9: 0.178223 | CG9: 0.041 | CH9: 0.19029333 | CI9: 0.24316767 | CJ9: 0.14553333 | CK9: 0.049 | CL9: 0.05 | CM9: 0.19495033 | CN9: 0.041 | CO9: 0.10728533 | CP9: 0.049 | CQ9: 0.18062667 | CR9: 0.18168433 | CS9: 0.057 | CT9: 0.047 | CU9: 0.17888 | CV9: 0.107744 | CW9: 0.103648 | CX9: 0.20847333 | CY9: 0.07681 | CZ9: 0.105027 | DA9: 0.057 | DB9: 0.039 | DC9: 0.14834067 | DD9: 0.042 | DE9: 0.26771267 | DF9: 0.15866333 | DG9: 0.201815 | DH9: 0.057914667 | DI9: 0.32745733 | DJ9: 0.27067267 | DK9: 0.054 | DL9: 0.06 | DM9: 0.112722 | DN9: 0.18209233 | DO9: 0.176246 | DP9: 0.10761533 | DQ9: 0.10252433 | DR9: 0.075624 | DS9: 0.029 | DT9: 0.052 | DU9: 0.061244333 | DV9: 0.29163967 | DW9: 0.14391197 | DX9: 17.845084
A10: 9 | B10: 4 | C10: 0.104794 | D10: 0.049 | E10: 0.051 | F10: 0.059 | G10: 0.047 | H10: 0.051 | I10: 0.053 | J10: 0.105536 | K10: 0.18321333 | L10: 0.051 | M10: 0.048 | N10: 0.17710667 | O10: 0.16964 | P10: 0.188804 | Q10: 0.14409267 | R10: 0.106055 | S10: 0.103304 | T10: 0.14448067 | U10: 0.170238 | V10: 0.200394 | W10: 0.088815 | X10: 0.068845333 | Y10: 0.092893333 | Z10: 0.055 | AA10: 0.053 | AB10: 0.20735433 | AC10: 0.18601133 | AD10: 0.23021 | AE10: 0.055 | AF10: 0.33932033 | AG10: 0.061 | AH10: 0.046 | AI10: 0.072864 | AJ10: 0.22216 | AK10: 0.048 | AL10: 0.21151067 | AM10: 0.064414 | AN10: 0.212198 | AO10: 0.183274 | AP10: 0.046 | AQ10: 0.053 | AR10: 0.055 | AS10: 0.141568 | AT10: 0.10835333 | AU10: 0.05 | AV10: 0.18546333 | AW10: 0.06 | AX10: 0.150072 | AY10: 0.212963 | AZ10: 0.052 | BA10: 0.039 | BB10: 0.095614667 | BC10: 0.108864 | BD10: 0.18813 | BE10: 0.099337 | BF10: 0.149248 | BG10: 0.117672 | BH10: 0.179234 | BI10: 0.21902 | BJ10: 0.043 | BK10: 0.20922667 | BL10: 0.085223 | BM10: 0.11849967 | BN10: 0.10128167 | BO10: 0.14694267 | BP10: 0.05 | BQ10: 0.20726533 | BR10: 0.053 | BS10: 0.059 | BT10: 0.093692 | BU10: 0.056 | BV10: 0.048 | BW10: 0.05 | BX10: 0.051 | BY10: 0.133749 | BZ10: 0.211454 | CA10: 0.057 | CB10: 0.067145 | CC10: 0.160514 | CD10: 0.149322 | CE10: 0.046 | CF10: 0.152701 | CG10: 0.13477667 | CH10: 0.047 | CI10: 0.10152667 | CJ10: 0.049 | CK10: 0.26309267 | CL10: 0.05 | CM10: 0.183207 | CN10: 0.17032667 | CO10: 0.18912133 | CP10: 0.049 | CQ10: 0.094066667 | CR10: 0.107355 | CS10: 0.065811333 | CT10: 0.084998 | CU10: 0.168124 | CV10: 0.134616 | CW10: 0.151384 | CX10: 0.13189933 | CY10: 0.034 | CZ10: 0.052 | DA10: 0.057 | DB10: 0.039 | DC10: 0.143548 | DD10: 0.042 | DE10: 0.056 | DF10: 0.15573867 | DG10: 0.064848333 | DH10: 0.11331733 | DI10: 0.165199 | DJ10: 0.18630667 | DK10: 0.10901067 | DL10: 0.06 | DM10: 0.042 | DN10: 0.057383 | DO10: 0.147496 | DP10: 0.23827667 | DQ10: 0.19488567 | DR10: 0.048 | DS10: 0.176196 | DT10: 0.12188667 | DU10: 0.055 | DV10: 0.083538333 | DW10: 0.11276629 | DX10: 13.98302
A11: 10 | B11: 4.5 | C11: 0.043 | D11: 0.238596 | E11: 0.051 | F11: 0.059 | G11: 0.047 | H11: 0.15469333 | I11: 0.20058567 | J11: 0.20456733 | K11: 0.054 | L11: 0.17800667 | M11: 0.048 | N11: 0.047 | O11: 0.103352 | P11: 0.10819 | Q11: 0.048 | R11: 0.118279 | S11: 0.054 | T11: 0.21287 | U11: 0.121506 | V11: 0.059 | W11: 0.113304 | X11: 0.163608 | Y11: 0.031 | Z11: 0.055 | AA11: 0.16642 | AB11: 0.21526967 | AC11: 0.12743 | AD11: 0.12059867 | AE11: 0.055 | AF11: 0.182107 | AG11: 0.22489267 | AH11: 0.046 | AI11: 0.23414633 | AJ11: 0.051 | AK11: 0.19667333 | AL11: 0.045 | AM11: 0.15798667 | AN11: 0.047 | AO11: 0.19826767 | AP11: 0.046 | AQ11: 0.053 | AR11: 0.055 | AS11: 0.058 | AT11: 0.16514333 | AU11: 0.05 | AV11: 0.066206 | AW11: 0.06 | AX11: 0.059 | AY11: 0.048 | AZ11: 0.052 | BA11: 0.039 | BB11: 0.14862 | BC11: 0.98764333 | BD11: 0.061715 | BE11: 0.201946 | BF11: 0.13387333 | BG11: 0.16868667 | BH11: 0.05 | BI11: 0.077702 | BJ11: 0.043 | BK11: 0.05996 | BL11: 0.23466967 | BM11: 0.056 | BN11: 0.114505 | BO11: 0.14737067 | BP11: 0.05 | BQ11: 0.037 | BR11: 0.13973 | BS11: 0.28660267 | BT11: 0.26871067 | BU11: 0.16771533 | BV11: 0.048 | BW11: 0.27440133 | BX11: 0.07588 | BY11: 0.055 | BZ11: 0.043 | CA11: 0.057 | CB11: 0.281733 | CC11: 0.159072 | CD11: 0.13723133 | CE11: 0.046 | CF11: 0.064524333 | CG11: 0.041 | CH11: 0.073053333 | CI11: 0.051 | CJ11: 0.049 | CK11: 0.049 | CL11: 0.05 | CM11: 0.100274 | CN11: 0.06142 | CO11: 0.10582933 | CP11: 0.10996 | CQ11: 0.058 | CR11: 0.12381867 | CS11: 0.12749067 | CT11: 0.135662 | CU11: 0.163242 | CV11: 0.054 | CW11: 0.04 | CX11: 0.306724 | CY11: 0.081091 | CZ11: 0.052 | DA11: 0.057 | DB11: 0.16100067 | DC11: 0.20183867 | DD11: 0.042 | DE11: 0.056 | DF11: 0.15896667 | DG11: 0.14702833 | DH11: 0.065829333 | DI11: 0.24469867 | DJ11: 0.273114 | DK11: 0.10901067 | DL11: 0.06 | DM11: 0.21069367 | DN11: 0.080766 | DO11: 0.059484 | DP11: 0.114166 | DQ11: 0.047 | DR11: 0.048 | DS11: 0.036009333 | DT11: 0.135864 | DU11: 0.055 | DV11: 0.229473 | DW11: 0.11641532 | DX11: 14.4355
A12: 11 | B12: 5 | C12: 0.043 | D12: 0.049 | E12: 0.051 | F12: 0.059 | G12: 0.047 | H12: 0.058098333 | I12: 0.174823 | J12: 0.031 | K12: 0.328494 | L12: 0.051 | M12: 0.130306 | N12: 0.21537333 | O12: 0.22060067 | P12: 0.057638 | Q12: 0.27052633 | R12: 0.150403 | S12: 0.11563 | T12: 0.069292 | U12: 0.10650467 | V12: 0.18754 | W12: 0.28436867 | X12: 0.068845333 | Y12: 0.14353333 | Z12: 0.055 | AA12: 0.053 | AB12: 0.054 | AC12: 0.05 | AD12: 0.14916367 | AE12: 0.055 | AF12: 0.088855 | AG12: 0.061 | AH12: 0.046 | AI12: 0.19125667 | AJ12: 0.17548 | AK12: 0.062867333 | AL12: 0.045 | AM12: 0.208554 | AN12: 0.092054 | AO12: 0.16078733 | AP12: 0.29405033 | AQ12: 0.12881 | AR12: 0.055 | AS12: 0.058 | AT12: 0.04 | AU12: 0.065574 | AV12: 0.122236 | AW12: 0.06 | AX12: 0.16592267 | AY12: 0.14577333 | AZ12: 0.052 | BA12: 0.039 | BB12: 0.137718 | BC12: 0.24377333 | BD12: 0.12799167 | BE12: 0.11791 | BF12: 0.057 | BG12: 0.143864 | BH12: 0.05 | BI12: 0.171914 | BJ12: 0.117562 | BK12: 0.093898333 | BL12: 0.051 | BM12: 0.33283067 | BN12: 0.19751667 | BO12: 0.061733333 | BP12: 0.05 | BQ12: 0.044739333 | BR12: 0.053 | BS12: 0.24864467 | BT12: 0.053 | BU12: 0.056 | BV12: 0.048 | BW12: 0.13172333 | BX12: 0.10076 | BY12: 0.176703 | BZ12: 0.134884 | CA12: 0.057 | CB12: 0.043 | CC12: 0.096788333 | CD12: 0.221866 | CE12: 0.046 | CF12: 0.170599 | CG12: 0.041 | CH12: 0.16424 | CI12: 0.293694 | CJ12: 0.14553333 | CK12: 0.17415533 | CL12: 0.05 | CM12: 0.27788333 | CN12: 0.041 | CO12: 0.20403467 | CP12: 0.049 | CQ12: 0.21669333 | CR12: 0.098336 | CS12: 0.057 | CT12: 0.047 | CU12: 0.220716 | CV12: 0.054 | CW12: 0.04 | CX12: 0.058 | CY12: 0.063967 | CZ12: 0.052 | DA12: 0.057 | DB12: 0.039 | DC12: 0.23278967 | DD12: 0.11092933 | DE12: 0.056 | DF12: 0.14847567 | DG12: 0.119635 | DH12: 0.10540267 | DI12: 0.15486867 | DJ12: 0.120348 | DK12: 0.054 | DL12: 0.06 | DM12: 0.112722 | DN12: 0.15870933 | DO12: 0.160366 | DP12: 0.075236667 | DQ12: 0.047 | DR12: 0.199932 | DS12: 0.085074667 | DT12: 0.052 | DU12: 0.11744333 | DV12: 0.14570733 | DW12: 0.11359415 | DX12: 14.085674
A13: 12 | B13: 5.5 | C13: 0.18032 | D13: 0.126562 | E13: 0.051 | F13: 0.059 | G13: 0.0920695 | H13: 0.200065 | I13: 0.053 | J13: 0.16764933 | K13: 0.054 | L13: 0.051 | M13: 0.083274 | N13: 0.047 | O13: 0.052 | P13: 0.045 | Q13: 0.062048667 | R13: 0.1192545 | S13: 0.066326 | T13: 0.28208833 | U13: 0.16651 | V13: 0.071854 | W13: 0.048 | X13: 0.057 | Y13: 0.031 | Z13: 0.141868 | AA13: 0.143736 | AB13: 0.26039467 | AC13: 0.238712 | AD13: 0.15698367 | AE13: 0.055 | AF13: 0.12771 | AG13: 0.061 | AH13: 0.046 | AI13: 0.14810067 | AJ13: 0.09768 | AK13: 0.048 | AL13: 0.21151067 | AM13: 0.09628 | AN13: 0.167144 | AO13: 0.12414433 | AP13: 0.046 | AQ13: 0.053 | AR13: 0.097111 | AS13: 0.058 | AT13: 0.23349667 | AU13: 0.13825267 | AV13: 0.21875333 | AW13: 0.06 | AX13: 0.059 | AY13: 0.048 | AZ13: 0.052 | BA13: 0.039 | BB13: 0.06348 | BC13: 0.03 | BD13: 0.30203633 | BE13: 0.140036 | BF13: 0.17231 | BG13: 0.052192 | BH13: 0.20795267 | BI13: 0.124808 | BJ13: 0.043 | BK13: 0.269413 | BL13: 0.112564 | BM13: 0.056 | BN13: 0.055 | BO13: 0.234864 | BP13: 0.05 | BQ13: 0.199526 | BR13: 0.185168 | BS13: 0.059 | BT13: 0.22558267 | BU13: 0.056 | BV13: 0.048 | BW13: 0.05 | BX13: 0.051 | BY13: 0.090795 | BZ13: 0.11957 | CA13: 0.057 | CB13: 0.244432 | CC13: 0.22279767 | CD13: 0.053 | CE13: 0.046 | CF13: 0.14607133 | CG13: 0.054396667 | CH13: 0.047 | CI13: 0.051 | CJ13: 0.0852 | CK13: 0.13793733 | CL13: 0.05 | CM13: 0.057182 | CN13: 0.041 | CO13: 0.14620133 | CP13: 0.049 | CQ13: 0.058 | CR13: 0.092737467 | CS13: 0.057 | CT13: 0.047 | CU13: 0.188712 | CV13: 0.054 | CW13: 0.04 | CX13: 0.27711333 | CY13: 0.034 | CZ13: 0.052 | DA13: 0.057 | DB13: 0.117429 | DC13: 0.12363833 | DD13: 0.046054667 | DE13: 0.26771267 | DF13: 0.23582633 | DG13: 0.058 | DH13: 0.05 | DI13: 0.21820733 | DJ13: 0.057 | DK13: 0.16402133 | DL13: 0.06 | DM13: 0.13337333 | DN13: 0.034 | DO13: 0.18485733 | DP13: 0.24637133 | DQ13: 0.136538 | DR13: 0.048 | DS13: 0.12713067 | DT13: 0.052 | DU13: 0.11744333 | DV13: 0.17421333 | DW13: 0.1087806 | DX13: 13.488795
... A49: 48 | B49: 23.5 | C49: 0.69304467 | D49: 0.049 | E49: 0.051 | F49: 0.059 | G49: 0.047 | H49: 0.051 | I49: 0.19147667 | J49: 0.086727 | K49: 0.505706 | L49: 0.15260533 | M49: 0.21166 | N49: 0.077613333 | O49: 0.10654067 | P49: 0.045 | Q49: 0.20253533 | R49: 0.16327 | S49: 0.17460267 | T49: 0.53206767 | U49: 0.13236667 | V49: 0.174686 | W49: 0.11117367 | X49: 0.13991733 | Y49: 0.14353333 | Z49: 0.185302 | AA49: 0.053 | AB49: 0.21694833 | AC49: 0.058603333 | AD49: 0.23086167 | AE49: 0.055 | AF49: 0.151023 | AG49: 0.16529533 | AH49: 0.50397333 | AI49: 0.31141567 | AJ49: 0.43429833 | AK49: 0.048 | AL49: 0.045 | AM49: 0.61599767 | AN49: 0.55700967 | AO49: 0.061982 | AP49: 0.046 | AQ49: 0.33791067 | AR49: 0.055 | AS49: 0.058 | AT49: 0.17278 | AU49: 0.13825267 | AV49: 0.44712333 | AW49: 1.102703 | AX49: 0.16534667 | AY49: 0.54701067 | AZ49: 0.27930767 | BA49: 0.27924367 | BB49: 0.16162667 | BC49: 0.03 | BD49: 0.19125833 | BE49: 0.070006 | BF49: 0.158104 | BG49: 0.30963233 | BH49: 0.05 | BI49: 0.062 | BJ49: 0.28870267 | BK49: 0.2953 | BL49: 0.051 | BM49: 0.099269 | BN49: 0.11817967 | BO49: 0.094849667 | BP49: 0.312858 | BQ49: 0.75672767 | BR49: 0.26434367 | BS49: 0.23638 | BT49: 0.17851467 | BU49: 0.62400733 | BV49: 0.51275033 | BW49: 0.10981167 | BX49: 0.051 | BY49: 0.447443 | BZ49: 0.043 | CA49: 0.057 | CB49: 0.19442233 | CC49: 0.052 | CD49: 0.12804727 | CE49: 0.080879667 | CF49: 0.11225933 | CG49: 0.041 | CH49: 0.047 | CI49: 0.13722933 | CJ49: 0.055033333 | CK49: 0.180508 | CL49: 0.05 | CM49: 0.32815733 | CN49: 0.041 | CO49: 0.24422467 | CP49: 0.3624 | CQ49: 0.058 | CR49: 0.2920708 | CS49: 0.615552 | CT49: 0.53738833 | CU49: 0.294796 | CV49: 0.191898 | CW49: 0.19912 | CX49: 0.496065 | CY49: 0.308894 | CZ49: 0.631548 | DA49: 0.057 | DB49: 0.47516167 | DC49: 0.63323067 | DD49: 0.086601333 | DE49: 0.207896 | DF49: 0.20556667 | DG49: 0.058 | DH49: 0.057914667 | DI49: 0.68506633 | DJ49: 0.212794 | DK49: 0.70146533 | DL49: 0.62299067 | DM49: 0.112722 | DN49: 0.33706167 | DO49: 0.20696733 | DP49: 0.22013133 | DQ49: 0.047 | DR49: 0.25321467 | DS49: 0.090284667 | DT49: 0.20575067 | DU49: 0.15293333 | DV49: 0.569352 | DW49: 0.23287321 | DX49: 28.876278

Sheet PV_kW
A1: period | B1: hour | C1: BES_TR8_one223_B | D1: BES_TR8_one252_C | E1: BES_TR8_one280_A | F1: BES_TR8_one313_A | G1: BES_TR8_one321_C | H1: BES_TR8_one345_A | I1: BES_TR8_one375_C | J1: BES_TR8_one410_B | K1: BES_TR8_one416_C | L1: BES_TR8_one423_B | M1: BES_TR8_one446_B | N1: BES_TR8_one469_A | O1: BES_TR8_one477_A | P1: BES_TR8_one482_B | Q1: BES_TR8_one61_A | R1: BES_TR8_one552_B | S1: BES_TR8_one560_C | T1: BES_TR8_one73_A | U1: BES_TR8_one137_A | V1: BES_TR8_four50_C | W1: BES_TR8_four171_A | X1: BES_TR8_four180_A | Y1: BES_TR8_four200_A | Z1: BES_TR8_four239_A | AA1: BES_TR8_four259_B | AB1: BES_TR8_four265_C | AC1: BES_TR8_four54_C | AD1: BES_TR8_four288_B | AE1: BES_TR8_four289_B | AF1: BES_TR8_four292_C | AG1: BES_TR8_four301_C | AH1: BES_TR8_four326_A | AI1: BES_TR8_four352_A | AJ1: BES_TR8_four358_C | AK1: BES_TR8_four368_C | AL1: BES_TR8_four372_C | AM1: BES_TR8_four381_A | AN1: BES_TR8_four385_A | AO1: BES_TR8_four423_C | AP1: BES_TR8_four437_A | AQ1: BES_TR8_four446_B | AR1: BES_TR8_four466_C | AS1: BES_TR8_four467_C | AT1: BES_TR8_four548_B | AU1: BES_TR8_four558_C | AV1: BES_TR8_four562_C | AW1: BES_TR8_four590_A | AX1: BES_TR8_four604_A | AY1: BES_TR8_four78_B | AZ1: BES_TR8_four734_A | BA1: BES_TR8_four797_C | BB1: BES_TR8_four846_C | BC1: BES_TR8_four854_A | BD1: BES_TR8_four936_C | BE1: BES_TR8_four950_B | BF1: BES_TR8_four978_A | BG1: BES_TR8_four104_A | BH1: BES_TR8_four988_A | BI1: BES_TR8_four1013_B | BJ1: BES_TR8_four1027_A | BK1: BES_TR8_four1132_C | BL1: BES_TR8_four126_A | BM1: BES_TR8_four1187_A | BN1: BES_TR8_four1207_B | BO1: BES_TR8_five168_A | BP1: BES_TR8_five186_C | BQ1: BES_TR8_five194_C | BR1: BES_TR8_five223_A | BS1: BES_TR8_five303_B | BT1: BES_TR8_five324_B | BU1: BES_TR8_five345_A | BV1: BES_TR8_five421_A | BW1: BES_TR8_five488_B | BX1: BES_TR8_five513_B | BY1: BES_TR8_five537_C | BZ1: BES_TR8_five540_A | CA1: BES_TR8_five551_C | CB1: BES_TR8_five631_B | CC1: BES_TR8_five649_A | CD1: BES_TR8_five663_C | CE1: BES_TR8_five670_C | CF1: BES_TR8_five704_A | CG1: BES_TR8_five719_A | CH1: BES_TR8_five750_B | CI1: BES_TR8_five793_A | CJ1: BES_TR8_five801_C | CK1: BES_TR8_five905_B | CL1: BES_TR8_five118_B | CM1: BES_TR8_five123_B | CN1: BES_TR8_six64_A | CO1: BES_TR8_six154_C | CP1: BES_TR8_six173_C | CQ1: BES_TR8_six232_C | CR1: BES_TR8_six238_A | CS1: BES_TR8_six269_C | CT1: BES_TR8_six289_C | CU1: BES_TR8_six317_C | CV1: BES_TR8_six326_A | CW1: BES_TR8_six329_A | CX1: BES_TR8_six342_A | CY1: BES_TR8_six350_B | CZ1: BES_TR8_six365_C | DA1: BES_TR8_six75_A | DB1: BES_TR8_six385_B | DC1: BES_TR8_six431_C | DD1: BES_TR8_six571_C | DE1: BES_TR8_six595_B | DF1: BES_TR8_six643_A | DG1: BES_TR8_six652_A | DH1: BES_TR8_six667_A | DI1: BES_TR8_six699_C | DJ1: BES_TR8_six723_B | DK1: BES_TR8_six740_A | DL1: BES_TR8_six90_B | DM1: BES_TR8_six801_C | DN1: BES_TR8_six807_A | DO1: BES_TR8_six844_C | DP1: BES_TR8_six860_C | DQ1: BES_TR8_six909_C | DR1: BES_TR8_six914_A | DS1: BES_TR8_six111_C | DT1: BES_TR8_six1006_C | DU1: BES_TR8_six1020_A | DV1: BES_TR8_six1064_C | DW1: fleet_average | DX1: fleet_total
A2: 1 | B2: 0 | C2: 0 | D2: 0 | E2: 0 | F2: 0 | G2: 0 | H2: 0 | I2: 0 | J2: 0 | K2: 0 | L2: 0 | M2: 0 | N2: 0 | O2: 0 | P2: 0 | Q2: 0 | R2: 0 | S2: 0 | T2: 0 | U2: 0 | V2: 0 | W2: 0 | X2: 0 | Y2: 0 | Z2: 0 | AA2: 0 | AB2: 0 | AC2: 0 | AD2: 0 | AE2: 0 | AF2: 0 | AG2: 0 | AH2: 0 | AI2: 0 | AJ2: 0 | AK2: 0 | AL2: 0 | AM2: 0 | AN2: 0 | AO2: 0 | AP2: 0 | AQ2: 0 | AR2: 0 | AS2: 0 | AT2: 0 | AU2: 0 | AV2: 0 | AW2: 0 | AX2: 0 | AY2: 0 | AZ2: 0 | BA2: 0 | BB2: 0 | BC2: 0 | BD2: 0 | BE2: 0 | BF2: 0 | BG2: 0 | BH2: 0 | BI2: 0 | BJ2: 0 | BK2: 0 | BL2: 0 | BM2: 0 | BN2: 0 | BO2: 0 | BP2: 0 | BQ2: 0 | BR2: 0 | BS2: 0 | BT2: 0 | BU2: 0 | BV2: 0 | BW2: 0 | BX2: 0 | BY2: 0 | BZ2: 0 | CA2: 0 | CB2: 0 | CC2: 0 | CD2: 0 | CE2: 0 | CF2: 0 | CG2: 0 | CH2: 0 | CI2: 0 | CJ2: 0 | CK2: 0 | CL2: 0 | CM2: 0 | CN2: 0 | CO2: 0 | CP2: 0 | CQ2: 0 | CR2: 0 | CS2: 0 | CT2: 0 | CU2: 0 | CV2: 0 | CW2: 0 | CX2: 0 | CY2: 0 | CZ2: 0 | DA2: 0 | DB2: 0 | DC2: 0 | DD2: 0 | DE2: 0 | DF2: 0 | DG2: 0 | DH2: 0 | DI2: 0 | DJ2: 0 | DK2: 0 | DL2: 0 | DM2: 0 | DN2: 0 | DO2: 0 | DP2: 0 | DQ2: 0 | DR2: 0 | DS2: 0 | DT2: 0 | DU2: 0 | DV2: 0 | DW2: 0 | DX2: 0
A3: 2 | B3: 0.5 | C3: 0 | D3: 0 | E3: 0 | F3: 0 | G3: 0 | H3: 0 | I3: 0 | J3: 0 | K3: 0 | L3: 0 | M3: 0 | N3: 0 | O3: 0 | P3: 0 | Q3: 0 | R3: 0 | S3: 0 | T3: 0 | U3: 0 | V3: 0 | W3: 0 | X3: 0 | Y3: 0 | Z3: 0 | AA3: 0 | AB3: 0 | AC3: 0 | AD3: 0 | AE3: 0 | AF3: 0 | AG3: 0 | AH3: 0 | AI3: 0 | AJ3: 0 | AK3: 0 | AL3: 0 | AM3: 0 | AN3: 0 | AO3: 0 | AP3: 0 | AQ3: 0 | AR3: 0 | AS3: 0 | AT3: 0 | AU3: 0 | AV3: 0 | AW3: 0 | AX3: 0 | AY3: 0 | AZ3: 0 | BA3: 0 | BB3: 0 | BC3: 0 | BD3: 0 | BE3: 0 | BF3: 0 | BG3: 0 | BH3: 0 | BI3: 0 | BJ3: 0 | BK3: 0 | BL3: 0 | BM3: 0 | BN3: 0 | BO3: 0 | BP3: 0 | BQ3: 0 | BR3: 0 | BS3: 0 | BT3: 0 | BU3: 0 | BV3: 0 | BW3: 0 | BX3: 0 | BY3: 0 | BZ3: 0 | CA3: 0 | CB3: 0 | CC3: 0 | CD3: 0 | CE3: 0 | CF3: 0 | CG3: 0 | CH3: 0 | CI3: 0 | CJ3: 0 | CK3: 0 | CL3: 0 | CM3: 0 | CN3: 0 | CO3: 0 | CP3: 0 | CQ3: 0 | CR3: 0 | CS3: 0 | CT3: 0 | CU3: 0 | CV3: 0 | CW3: 0 | CX3: 0 | CY3: 0 | CZ3: 0 | DA3: 0 | DB3: 0 | DC3: 0 | DD3: 0 | DE3: 0 | DF3: 0 | DG3: 0 | DH3: 0 | DI3: 0 | DJ3: 0 | DK3: 0 | DL3: 0 | DM3: 0 | DN3: 0 | DO3: 0 | DP3: 0 | DQ3: 0 | DR3: 0 | DS3: 0 | DT3: 0 | DU3: 0 | DV3: 0 | DW3: 0 | DX3: 0
A4: 3 | B4: 1 | C4: 0 | D4: 0 | E4: 0 | F4: 0 | G4: 0 | H4: 0 | I4: 0 | J4: 0 | K4: 0 | L4: 0 | M4: 0 | N4: 0 | O4: 0 | P4: 0 | Q4: 0 | R4: 0 | S4: 0 | T4: 0 | U4: 0 | V4: 0 | W4: 0 | X4: 0 | Y4: 0 | Z4: 0 | AA4: 0 | AB4: 0 | AC4: 0 | AD4: 0 | AE4: 0 | AF4: 0 | AG4: 0 | AH4: 0 | AI4: 0 | AJ4: 0 | AK4: 0 | AL4: 0 | AM4: 0 | AN4: 0 | AO4: 0 | AP4: 0 | AQ4: 0 | AR4: 0 | AS4: 0 | AT4: 0 | AU4: 0 | AV4: 0 | AW4: 0 | AX4: 0 | AY4: 0 | AZ4: 0 | BA4: 0 | BB4: 0 | BC4: 0 | BD4: 0 | BE4: 0 | BF4: 0 | BG4: 0 | BH4: 0 | BI4: 0 | BJ4: 0 | BK4: 0 | BL4: 0 | BM4: 0 | BN4: 0 | BO4: 0 | BP4: 0 | BQ4: 0 | BR4: 0 | BS4: 0 | BT4: 0 | BU4: 0 | BV4: 0 | BW4: 0 | BX4: 0 | BY4: 0 | BZ4: 0 | CA4: 0 | CB4: 0 | CC4: 0 | CD4: 0 | CE4: 0 | CF4: 0 | CG4: 0 | CH4: 0 | CI4: 0 | CJ4: 0 | CK4: 0 | CL4: 0 | CM4: 0 | CN4: 0 | CO4: 0 | CP4: 0 | CQ4: 0 | CR4: 0 | CS4: 0 | CT4: 0 | CU4: 0 | CV4: 0 | CW4: 0 | CX4: 0 | CY4: 0 | CZ4: 0 | DA4: 0 | DB4: 0 | DC4: 0 | DD4: 0 | DE4: 0 | DF4: 0 | DG4: 0 | DH4: 0 | DI4: 0 | DJ4: 0 | DK4: 0 | DL4: 0 | DM4: 0 | DN4: 0 | DO4: 0 | DP4: 0 | DQ4: 0 | DR4: 0 | DS4: 0 | DT4: 0 | DU4: 0 | DV4: 0 | DW4: 0 | DX4: 0
A5: 4 | B5: 1.5 | C5: 0 | D5: 0 | E5: 0 | F5: 0 | G5: 0 | H5: 0 | I5: 0 | J5: 0 | K5: 0 | L5: 0 | M5: 0 | N5: 0 | O5: 0 | P5: 0 | Q5: 0 | R5: 0 | S5: 0 | T5: 0 | U5: 0 | V5: 0 | W5: 0 | X5: 0 | Y5: 0 | Z5: 0 | AA5: 0 | AB5: 0 | AC5: 0 | AD5: 0 | AE5: 0 | AF5: 0 | AG5: 0 | AH5: 0 | AI5: 0 | AJ5: 0 | AK5: 0 | AL5: 0 | AM5: 0 | AN5: 0 | AO5: 0 | AP5: 0 | AQ5: 0 | AR5: 0 | AS5: 0 | AT5: 0 | AU5: 0 | AV5: 0 | AW5: 0 | AX5: 0 | AY5: 0 | AZ5: 0 | BA5: 0 | BB5: 0 | BC5: 0 | BD5: 0 | BE5: 0 | BF5: 0 | BG5: 0 | BH5: 0 | BI5: 0 | BJ5: 0 | BK5: 0 | BL5: 0 | BM5: 0 | BN5: 0 | BO5: 0 | BP5: 0 | BQ5: 0 | BR5: 0 | BS5: 0 | BT5: 0 | BU5: 0 | BV5: 0 | BW5: 0 | BX5: 0 | BY5: 0 | BZ5: 0 | CA5: 0 | CB5: 0 | CC5: 0 | CD5: 0 | CE5: 0 | CF5: 0 | CG5: 0 | CH5: 0 | CI5: 0 | CJ5: 0 | CK5: 0 | CL5: 0 | CM5: 0 | CN5: 0 | CO5: 0 | CP5: 0 | CQ5: 0 | CR5: 0 | CS5: 0 | CT5: 0 | CU5: 0 | CV5: 0 | CW5: 0 | CX5: 0 | CY5: 0 | CZ5: 0 | DA5: 0 | DB5: 0 | DC5: 0 | DD5: 0 | DE5: 0 | DF5: 0 | DG5: 0 | DH5: 0 | DI5: 0 | DJ5: 0 | DK5: 0 | DL5: 0 | DM5: 0 | DN5: 0 | DO5: 0 | DP5: 0 | DQ5: 0 | DR5: 0 | DS5: 0 | DT5: 0 | DU5: 0 | DV5: 0 | DW5: 0 | DX5: 0
A6: 5 | B6: 2 | C6: 0 | D6: 0 | E6: 0 | F6: 0 | G6: 0 | H6: 0 | I6: 0 | J6: 0 | K6: 0 | L6: 0 | M6: 0 | N6: 0 | O6: 0 | P6: 0 | Q6: 0 | R6: 0 | S6: 0 | T6: 0 | U6: 0 | V6: 0 | W6: 0 | X6: 0 | Y6: 0 | Z6: 0 | AA6: 0 | AB6: 0 | AC6: 0 | AD6: 0 | AE6: 0 | AF6: 0 | AG6: 0 | AH6: 0 | AI6: 0 | AJ6: 0 | AK6: 0 | AL6: 0 | AM6: 0 | AN6: 0 | AO6: 0 | AP6: 0 | AQ6: 0 | AR6: 0 | AS6: 0 | AT6: 0 | AU6: 0 | AV6: 0 | AW6: 0 | AX6: 0 | AY6: 0 | AZ6: 0 | BA6: 0 | BB6: 0 | BC6: 0 | BD6: 0 | BE6: 0 | BF6: 0 | BG6: 0 | BH6: 0 | BI6: 0 | BJ6: 0 | BK6: 0 | BL6: 0 | BM6: 0 | BN6: 0 | BO6: 0 | BP6: 0 | BQ6: 0 | BR6: 0 | BS6: 0 | BT6: 0 | BU6: 0 | BV6: 0 | BW6: 0 | BX6: 0 | BY6: 0 | BZ6: 0 | CA6: 0 | CB6: 0 | CC6: 0 | CD6: 0 | CE6: 0 | CF6: 0 | CG6: 0 | CH6: 0 | CI6: 0 | CJ6: 0 | CK6: 0 | CL6: 0 | CM6: 0 | CN6: 0 | CO6: 0 | CP6: 0 | CQ6: 0 | CR6: 0 | CS6: 0 | CT6: 0 | CU6: 0 | CV6: 0 | CW6: 0 | CX6: 0 | CY6: 0 | CZ6: 0 | DA6: 0 | DB6: 0 | DC6: 0 | DD6: 0 | DE6: 0 | DF6: 0 | DG6: 0 | DH6: 0 | DI6: 0 | DJ6: 0 | DK6: 0 | DL6: 0 | DM6: 0 | DN6: 0 | DO6: 0 | DP6: 0 | DQ6: 0 | DR6: 0 | DS6: 0 | DT6: 0 | DU6: 0 | DV6: 0 | DW6: 0 | DX6: 0
A7: 6 | B7: 2.5 | C7: 0 | D7: 0 | E7: 0 | F7: 0 | G7: 0 | H7: 0 | I7: 0 | J7: 0 | K7: 0 | L7: 0 | M7: 0 | N7: 0 | O7: 0 | P7: 0 | Q7: 0 | R7: 0 | S7: 0 | T7: 0 | U7: 0 | V7: 0 | W7: 0 | X7: 0 | Y7: 0 | Z7: 0 | AA7: 0 | AB7: 0 | AC7: 0 | AD7: 0 | AE7: 0 | AF7: 0 | AG7: 0 | AH7: 0 | AI7: 0 | AJ7: 0 | AK7: 0 | AL7: 0 | AM7: 0 | AN7: 0 | AO7: 0 | AP7: 0 | AQ7: 0 | AR7: 0 | AS7: 0 | AT7: 0 | AU7: 0 | AV7: 0 | AW7: 0 | AX7: 0 | AY7: 0 | AZ7: 0 | BA7: 0 | BB7: 0 | BC7: 0 | BD7: 0 | BE7: 0 | BF7: 0 | BG7: 0 | BH7: 0 | BI7: 0 | BJ7: 0 | BK7: 0 | BL7: 0 | BM7: 0 | BN7: 0 | BO7: 0 | BP7: 0 | BQ7: 0 | BR7: 0 | BS7: 0 | BT7: 0 | BU7: 0 | BV7: 0 | BW7: 0 | BX7: 0 | BY7: 0 | BZ7: 0 | CA7: 0 | CB7: 0 | CC7: 0 | CD7: 0 | CE7: 0 | CF7: 0 | CG7: 0 | CH7: 0 | CI7: 0 | CJ7: 0 | CK7: 0 | CL7: 0 | CM7: 0 | CN7: 0 | CO7: 0 | CP7: 0 | CQ7: 0 | CR7: 0 | CS7: 0 | CT7: 0 | CU7: 0 | CV7: 0 | CW7: 0 | CX7: 0 | CY7: 0 | CZ7: 0 | DA7: 0 | DB7: 0 | DC7: 0 | DD7: 0 | DE7: 0 | DF7: 0 | DG7: 0 | DH7: 0 | DI7: 0 | DJ7: 0 | DK7: 0 | DL7: 0 | DM7: 0 | DN7: 0 | DO7: 0 | DP7: 0 | DQ7: 0 | DR7: 0 | DS7: 0 | DT7: 0 | DU7: 0 | DV7: 0 | DW7: 0 | DX7: 0
A8: 7 | B8: 3 | C8: 0 | D8: 0 | E8: 0 | F8: 0 | G8: 0 | H8: 0 | I8: 0 | J8: 0 | K8: 0 | L8: 0 | M8: 0 | N8: 0 | O8: 0 | P8: 0 | Q8: 0 | R8: 0 | S8: 0 | T8: 0 | U8: 0 | V8: 0 | W8: 0 | X8: 0 | Y8: 0 | Z8: 0 | AA8: 0 | AB8: 0 | AC8: 0 | AD8: 0 | AE8: 0 | AF8: 0 | AG8: 0 | AH8: 0 | AI8: 0 | AJ8: 0 | AK8: 0 | AL8: 0 | AM8: 0 | AN8: 0 | AO8: 0 | AP8: 0 | AQ8: 0 | AR8: 0 | AS8: 0 | AT8: 0 | AU8: 0 | AV8: 0 | AW8: 0 | AX8: 0 | AY8: 0 | AZ8: 0 | BA8: 0 | BB8: 0 | BC8: 0 | BD8: 0 | BE8: 0 | BF8: 0 | BG8: 0 | BH8: 0 | BI8: 0 | BJ8: 0 | BK8: 0 | BL8: 0 | BM8: 0 | BN8: 0 | BO8: 0 | BP8: 0 | BQ8: 0 | BR8: 0 | BS8: 0 | BT8: 0 | BU8: 0 | BV8: 0 | BW8: 0 | BX8: 0 | BY8: 0 | BZ8: 0 | CA8: 0 | CB8: 0 | CC8: 0 | CD8: 0 | CE8: 0 | CF8: 0 | CG8: 0 | CH8: 0 | CI8: 0 | CJ8: 0 | CK8: 0 | CL8: 0 | CM8: 0 | CN8: 0 | CO8: 0 | CP8: 0 | CQ8: 0 | CR8: 0 | CS8: 0 | CT8: 0 | CU8: 0 | CV8: 0 | CW8: 0 | CX8: 0 | CY8: 0 | CZ8: 0 | DA8: 0 | DB8: 0 | DC8: 0 | DD8: 0 | DE8: 0 | DF8: 0 | DG8: 0 | DH8: 0 | DI8: 0 | DJ8: 0 | DK8: 0 | DL8: 0 | DM8: 0 | DN8: 0 | DO8: 0 | DP8: 0 | DQ8: 0 | DR8: 0 | DS8: 0 | DT8: 0 | DU8: 0 | DV8: 0 | DW8: 0 | DX8: 0
A9: 8 | B9: 3.5 | C9: 0.0017204017 | D9: 0.0021505022 | E9: 0.0021505022 | F9: 0.0017204017 | G9: 0.0034408035 | H9: 0.0034408035 | I9: 0.0034408035 | J9: 0.0025806026 | K9: 0.0017204017 | L9: 0.0025806026 | M9: 0.0034408035 | N9: 0.0034408035 | O9: 0.0034408035 | P9: 0.003010703 | Q9: 0.0017204017 | R9: 0.0012903013 | S9: 0.0017204017 | T9: 0.00086020087 | U9: 0.0034408035 | V9: 0.0034408035 | W9: 0.0017204017 | X9: 0.0021505022 | Y9: 0.0025806026 | Z9: 0.0034408035 | AA9: 0.003010703 | AB9: 0.0021505022 | AC9: 0.0034408035 | AD9: 0.0034408035 | AE9: 0.0034408035 | AF9: 0.0025806026 | AG9: 0.0021505022 | AH9: 0.0034408035 | AI9: 0.003010703 | AJ9: 0.003010703 | AK9: 0.0025806026 | AL9: 0.0021505022 | AM9: 0.0017204017 | AN9: 0.0034408035 | AO9: 0.0034408035 | AP9: 0.003010703 | AQ9: 0.003010703 | AR9: 0.0034408035 | AS9: 0.0034408035 | AT9: 0.0017204017 | AU9: 0.0034408035 | AV9: 0.003010703 | AW9: 0.0034408035 | AX9: 0.0021505022 | AY9: 0.0034408035 | AZ9: 0.0025806026 | BA9: 0.0025806026 | BB9: 0.0034408035 | BC9: 0.0034408035 | BD9: 0.0012903013 | BE9: 0.0034408035 | BF9: 0.0021505022 | BG9: 0.0012903013 | BH9: 0.0017204017 | BI9: 0.0034408035 | BJ9: 0.0017204017 | BK9: 0.003010703 | BL9: 0.003010703 | BM9: 0.0017204017 | BN9: 0.0012903013 | BO9: 0.003010703 | BP9: 0.0025806026 | BQ9: 0.0034408035 | BR9: 0.003010703 | BS9: 0.0017204017 | BT9: 0.0025806026 | BU9: 0.0034408035 | BV9: 0.0025806026 | BW9: 0.0034408035 | BX9: 0.003010703 | BY9: 0.0034408035 | BZ9: 0.0025806026 | CA9: 0.0034408035 | CB9: 0.0025806026 | CC9: 0.0034408035 | CD9: 0.0025806026 | CE9: 0.0021505022 | CF9: 0.0034408035 | CG9: 0.0034408035 | CH9: 0.0034408035 | CI9: 0.0012903013 | CJ9: 0.003010703 | CK9: 0.0021505022 | CL9: 0.0025806026 | CM9: 0.0025806026 | CN9: 0.0017204017 | CO9: 0.0025806026 | CP9: 0.0034408035 | CQ9: 0.0017204017 | CR9: 0.0012903013 | CS9: 0.0034408035 | CT9: 0.003010703 | CU9: 0.003010703 | CV9: 0.003010703 | CW9: 0.0012903013 | CX9: 0.0012903013 | CY9: 0.0034408035 | CZ9: 0.0017204017 | DA9: 0.0034408035 | DB9: 0.0021505022 | DC9: 0.0012903013 | DD9: 0.0017204017 | DE9: 0.0017204017 | DF9: 0.003010703 | DG9: 0.0034408035 | DH9: 0.0034408035 | DI9: 0.003010703 | DJ9: 0.0034408035 | DK9: 0.003010703 | DL9: 0.0025806026 | DM9: 0.0034408035 | DN9: 0.0034408035 | DO9: 0.0034408035 | DP9: 0.0021505022 | DQ9: 0.0021505022 | DR9: 0.0034408035 | DS9: 0.0017204017 | DT9: 0.0017204017 | DU9: 0.0017204017 | DV9: 0.00086020087 | DW9: 0.0026465051 | DX9: 0.32816663
A10: 9 | B10: 4 | C10: 0.024867246 | D10: 0.031084058 | E10: 0.031084058 | F10: 0.024867246 | G10: 0.049734493 | H10: 0.049734493 | I10: 0.049734493 | J10: 0.037300869 | K10: 0.024867246 | L10: 0.037300869 | M10: 0.049734493 | N10: 0.049734493 | O10: 0.049734493 | P10: 0.043517681 | Q10: 0.024867246 | R10: 0.018650435 | S10: 0.024867246 | T10: 0.012433623 | U10: 0.049734493 | V10: 0.049734493 | W10: 0.024867246 | X10: 0.031084058 | Y10: 0.037300869 | Z10: 0.049734493 | AA10: 0.043517681 | AB10: 0.031084058 | AC10: 0.049734493 | AD10: 0.049734493 | AE10: 0.049734493 | AF10: 0.037300869 | AG10: 0.031084058 | AH10: 0.049734493 | AI10: 0.043517681 | AJ10: 0.043517681 | AK10: 0.037300869 | AL10: 0.031084058 | AM10: 0.024867246 | AN10: 0.049734493 | AO10: 0.049734493 | AP10: 0.043517681 | AQ10: 0.043517681 | AR10: 0.049734493 | AS10: 0.049734493 | AT10: 0.024867246 | AU10: 0.049734493 | AV10: 0.043517681 | AW10: 0.049734493 | AX10: 0.031084058 | AY10: 0.049734493 | AZ10: 0.037300869 | BA10: 0.037300869 | BB10: 0.049734493 | BC10: 0.049734493 | BD10: 0.018650435 | BE10: 0.049734493 | BF10: 0.031084058 | BG10: 0.018650435 | BH10: 0.024867246 | BI10: 0.049734493 | BJ10: 0.024867246 | BK10: 0.043517681 | BL10: 0.043517681 | BM10: 0.024867246 | BN10: 0.018650435 | BO10: 0.043517681 | BP10: 0.037300869 | BQ10: 0.049734493 | BR10: 0.043517681 | BS10: 0.024867246 | BT10: 0.037300869 | BU10: 0.049734493 | BV10: 0.037300869 | BW10: 0.049734493 | BX10: 0.043517681 | BY10: 0.049734493 | BZ10: 0.037300869 | CA10: 0.049734493 | CB10: 0.037300869 | CC10: 0.049734493 | CD10: 0.037300869 | CE10: 0.031084058 | CF10: 0.049734493 | CG10: 0.049734493 | CH10: 0.049734493 | CI10: 0.018650435 | CJ10: 0.043517681 | CK10: 0.031084058 | CL10: 0.037300869 | CM10: 0.037300869 | CN10: 0.024867246 | CO10: 0.037300869 | CP10: 0.049734493 | CQ10: 0.024867246 | CR10: 0.018650435 | CS10: 0.049734493 | CT10: 0.043517681 | CU10: 0.043517681 | CV10: 0.043517681 | CW10: 0.018650435 | CX10: 0.018650435 | CY10: 0.049734493 | CZ10: 0.024867246 | DA10: 0.049734493 | DB10: 0.031084058 | DC10: 0.018650435 | DD10: 0.024867246 | DE10: 0.024867246 | DF10: 0.043517681 | DG10: 0.049734493 | DH10: 0.049734493 | DI10: 0.043517681 | DJ10: 0.049734493 | DK10: 0.043517681 | DL10: 0.037300869 | DM10: 0.049734493 | DN10: 0.049734493 | DO10: 0.049734493 | DP10: 0.031084058 | DQ10: 0.031084058 | DR10: 0.049734493 | DS10: 0.024867246 | DT10: 0.024867246 | DU10: 0.024867246 | DV10: 0.012433623 | DW10: 0.038253445 | DX10: 4.7434272
A11: 10 | B11: 4.5 | C11: 0.11628678 | D11: 0.14535847 | E11: 0.14535847 | F11: 0.11628678 | G11: 0.23257356 | H11: 0.23257356 | I11: 0.23257356 | J11: 0.17443017 | K11: 0.11628678 | L11: 0.17443017 | M11: 0.23257356 | N11: 0.23257356 | O11: 0.23257356 | P11: 0.20350186 | Q11: 0.11628678 | R11: 0.087215084 | S11: 0.11628678 | T11: 0.058143389 | U11: 0.23257356 | V11: 0.23257356 | W11: 0.11628678 | X11: 0.14535847 | Y11: 0.17443017 | Z11: 0.23257356 | AA11: 0.20350186 | AB11: 0.14535847 | AC11: 0.23257356 | AD11: 0.23257356 | AE11: 0.23257356 | AF11: 0.17443017 | AG11: 0.14535847 | AH11: 0.23257356 | AI11: 0.20350186 | AJ11: 0.20350186 | AK11: 0.17443017 | AL11: 0.14535847 | AM11: 0.11628678 | AN11: 0.23257356 | AO11: 0.23257356 | AP11: 0.20350186 | AQ11: 0.20350186 | AR11: 0.23257356 | AS11: 0.23257356 | AT11: 0.11628678 | AU11: 0.23257356 | AV11: 0.20350186 | AW11: 0.23257356 | AX11: 0.14535847 | AY11: 0.23257356 | AZ11: 0.17443017 | BA11: 0.17443017 | BB11: 0.23257356 | BC11: 0.23257356 | BD11: 0.087215084 | BE11: 0.23257356 | BF11: 0.14535847 | BG11: 0.087215084 | BH11: 0.11628678 | BI11: 0.23257356 | BJ11: 0.11628678 | BK11: 0.20350186 | BL11: 0.20350186 | BM11: 0.11628678 | BN11: 0.087215084 | BO11: 0.20350186 | BP11: 0.17443017 | BQ11: 0.23257356 | BR11: 0.20350186 | BS11: 0.11628678 | BT11: 0.17443017 | BU11: 0.23257356 | BV11: 0.17443017 | BW11: 0.23257356 | BX11: 0.20350186 | BY11: 0.23257356 | BZ11: 0.17443017 | CA11: 0.23257356 | CB11: 0.17443017 | CC11: 0.23257356 | CD11: 0.17443017 | CE11: 0.14535847 | CF11: 0.23257356 | CG11: 0.23257356 | CH11: 0.23257356 | CI11: 0.087215084 | CJ11: 0.20350186 | CK11: 0.14535847 | CL11: 0.17443017 | CM11: 0.17443017 | CN11: 0.11628678 | CO11: 0.17443017 | CP11: 0.23257356 | CQ11: 0.11628678 | CR11: 0.087215084 | CS11: 0.23257356 | CT11: 0.20350186 | CU11: 0.20350186 | CV11: 0.20350186 | CW11: 0.087215084 | CX11: 0.087215084 | CY11: 0.23257356 | CZ11: 0.11628678 | DA11: 0.23257356 | DB11: 0.14535847 | DC11: 0.087215084 | DD11: 0.11628678 | DE11: 0.11628678 | DF11: 0.20350186 | DG11: 0.23257356 | DH11: 0.23257356 | DI11: 0.20350186 | DJ11: 0.23257356 | DK11: 0.20350186 | DL11: 0.17443017 | DM11: 0.23257356 | DN11: 0.23257356 | DO11: 0.23257356 | DP11: 0.14535847 | DQ11: 0.14535847 | DR11: 0.23257356 | DS11: 0.11628678 | DT11: 0.11628678 | DU11: 0.11628678 | DV11: 0.058143389 | DW11: 0.1788847 | DX11: 22.181703
A12: 11 | B12: 5 | C12: 0.23067014 | D12: 0.28833768 | E12: 0.28833768 | F12: 0.23067014 | G12: 0.46134029 | H12: 0.46134029 | I12: 0.46134029 | J12: 0.34600522 | K12: 0.23067014 | L12: 0.34600522 | M12: 0.46134029 | N12: 0.46134029 | O12: 0.46134029 | P12: 0.40367275 | Q12: 0.23067014 | R12: 0.17300261 | S12: 0.23067014 | T12: 0.11533507 | U12: 0.46134029 | V12: 0.46134029 | W12: 0.23067014 | X12: 0.28833768 | Y12: 0.34600522 | Z12: 0.46134029 | AA12: 0.40367275 | AB12: 0.28833768 | AC12: 0.46134029 | AD12: 0.46134029 | AE12: 0.46134029 | AF12: 0.34600522 | AG12: 0.28833768 | AH12: 0.46134029 | AI12: 0.40367275 | AJ12: 0.40367275 | AK12: 0.34600522 | AL12: 0.28833768 | AM12: 0.23067014 | AN12: 0.46134029 | AO12: 0.46134029 | AP12: 0.40367275 | AQ12: 0.40367275 | AR12: 0.46134029 | AS12: 0.46134029 | AT12: 0.23067014 | AU12: 0.46134029 | AV12: 0.40367275 | AW12: 0.46134029 | AX12: 0.28833768 | AY12: 0.46134029 | AZ12: 0.34600522 | BA12: 0.34600522 | BB12: 0.46134029 | BC12: 0.46134029 | BD12: 0.17300261 | BE12: 0.46134029 | BF12: 0.28833768 | BG12: 0.17300261 | BH12: 0.23067014 | BI12: 0.46134029 | BJ12: 0.23067014 | BK12: 0.40367275 | BL12: 0.40367275 | BM12: 0.23067014 | BN12: 0.17300261 | BO12: 0.40367275 | BP12: 0.34600522 | BQ12: 0.46134029 | BR12: 0.40367275 | BS12: 0.23067014 | BT12: 0.34600522 | BU12: 0.46134029 | BV12: 0.34600522 | BW12: 0.46134029 | BX12: 0.40367275 | BY12: 0.46134029 | BZ12: 0.34600522 | CA12: 0.46134029 | CB12: 0.34600522 | CC12: 0.46134029 | CD12: 0.34600522 | CE12: 0.28833768 | CF12: 0.46134029 | CG12: 0.46134029 | CH12: 0.46134029 | CI12: 0.17300261 | CJ12: 0.40367275 | CK12: 0.28833768 | CL12: 0.34600522 | CM12: 0.34600522 | CN12: 0.23067014 | CO12: 0.34600522 | CP12: 0.46134029 | CQ12: 0.23067014 | CR12: 0.17300261 | CS12: 0.46134029 | CT12: 0.40367275 | CU12: 0.40367275 | CV12: 0.40367275 | CW12: 0.17300261 | CX12: 0.17300261 | CY12: 0.46134029 | CZ12: 0.23067014 | DA12: 0.46134029 | DB12: 0.28833768 | DC12: 0.17300261 | DD12: 0.23067014 | DE12: 0.23067014 | DF12: 0.40367275 | DG12: 0.46134029 | DH12: 0.46134029 | DI12: 0.40367275 | DJ12: 0.46134029 | DK12: 0.40367275 | DL12: 0.34600522 | DM12: 0.46134029 | DN12: 0.46134029 | DO12: 0.46134029 | DP12: 0.28833768 | DQ12: 0.28833768 | DR12: 0.46134029 | DS12: 0.23067014 | DT12: 0.23067014 | DU12: 0.23067014 | DV12: 0.11533507 | DW12: 0.35484137 | DX12: 44.00033
A13: 12 | B13: 5.5 | C13: 0.37092899 | D13: 0.46366124 | E13: 0.46366124 | F13: 0.37092899 | G13: 0.74185798 | H13: 0.74185798 | I13: 0.74185798 | J13: 0.55639348 | K13: 0.37092899 | L13: 0.55639348 | M13: 0.74185798 | N13: 0.74185798 | O13: 0.74185798 | P13: 0.64912573 | Q13: 0.37092899 | R13: 0.27819674 | S13: 0.37092899 | T13: 0.18546449 | U13: 0.74185798 | V13: 0.74185798 | W13: 0.37092899 | X13: 0.46366124 | Y13: 0.55639348 | Z13: 0.74185798 | AA13: 0.64912573 | AB13: 0.46366124 | AC13: 0.74185798 | AD13: 0.74185798 | AE13: 0.74185798 | AF13: 0.55639348 | AG13: 0.46366124 | AH13: 0.74185798 | AI13: 0.64912573 | AJ13: 0.64912573 | AK13: 0.55639348 | AL13: 0.46366124 | AM13: 0.37092899 | AN13: 0.74185798 | AO13: 0.74185798 | AP13: 0.64912573 | AQ13: 0.64912573 | AR13: 0.74185798 | AS13: 0.74185798 | AT13: 0.37092899 | AU13: 0.74185798 | AV13: 0.64912573 | AW13: 0.74185798 | AX13: 0.46366124 | AY13: 0.74185798 | AZ13: 0.55639348 | BA13: 0.55639348 | BB13: 0.74185798 | BC13: 0.74185798 | BD13: 0.27819674 | BE13: 0.74185798 | BF13: 0.46366124 | BG13: 0.27819674 | BH13: 0.37092899 | BI13: 0.74185798 | BJ13: 0.37092899 | BK13: 0.64912573 | BL13: 0.64912573 | BM13: 0.37092899 | BN13: 0.27819674 | BO13: 0.64912573 | BP13: 0.55639348 | BQ13: 0.74185798 | BR13: 0.64912573 | BS13: 0.37092899 | BT13: 0.55639348 | BU13: 0.74185798 | BV13: 0.55639348 | BW13: 0.74185798 | BX13: 0.64912573 | BY13: 0.74185798 | BZ13: 0.55639348 | CA13: 0.74185798 | CB13: 0.55639348 | CC13: 0.74185798 | CD13: 0.55639348 | CE13: 0.46366124 | CF13: 0.74185798 | CG13: 0.74185798 | CH13: 0.74185798 | CI13: 0.27819674 | CJ13: 0.64912573 | CK13: 0.46366124 | CL13: 0.55639348 | CM13: 0.55639348 | CN13: 0.37092899 | CO13: 0.55639348 | CP13: 0.74185798 | CQ13: 0.37092899 | CR13: 0.27819674 | CS13: 0.74185798 | CT13: 0.64912573 | CU13: 0.64912573 | CV13: 0.64912573 | CW13: 0.27819674 | CX13: 0.27819674 | CY13: 0.74185798 | CZ13: 0.37092899 | DA13: 0.74185798 | DB13: 0.46366124 | DC13: 0.27819674 | DD13: 0.37092899 | DE13: 0.37092899 | DF13: 0.64912573 | DG13: 0.74185798 | DH13: 0.74185798 | DI13: 0.64912573 | DJ13: 0.74185798 | DK13: 0.64912573 | DL13: 0.55639348 | DM13: 0.74185798 | DN13: 0.74185798 | DO13: 0.74185798 | DP13: 0.46366124 | DQ13: 0.46366124 | DR13: 0.74185798 | DS13: 0.37092899 | DT13: 0.37092899 | DU13: 0.37092899 | DV13: 0.18546449 | DW13: 0.57060246 | DX13: 70.754705
... A49: 48 | B49: 23.5 | C49: 0 | D49: 0 | E49: 0 | F49: 0 | G49: 0 | H49: 0 | I49: 0 | J49: 0 | K49: 0 | L49: 0 | M49: 0 | N49: 0 | O49: 0 | P49: 0 | Q49: 0 | R49: 0 | S49: 0 | T49: 0 | U49: 0 | V49: 0 | W49: 0 | X49: 0 | Y49: 0 | Z49: 0 | AA49: 0 | AB49: 0 | AC49: 0 | AD49: 0 | AE49: 0 | AF49: 0 | AG49: 0 | AH49: 0 | AI49: 0 | AJ49: 0 | AK49: 0 | AL49: 0 | AM49: 0 | AN49: 0 | AO49: 0 | AP49: 0 | AQ49: 0 | AR49: 0 | AS49: 0 | AT49: 0 | AU49: 0 | AV49: 0 | AW49: 0 | AX49: 0 | AY49: 0 | AZ49: 0 | BA49: 0 | BB49: 0 | BC49: 0 | BD49: 0 | BE49: 0 | BF49: 0 | BG49: 0 | BH49: 0 | BI49: 0 | BJ49: 0 | BK49: 0 | BL49: 0 | BM49: 0 | BN49: 0 | BO49: 0 | BP49: 0 | BQ49: 0 | BR49: 0 | BS49: 0 | BT49: 0 | BU49: 0 | BV49: 0 | BW49: 0 | BX49: 0 | BY49: 0 | BZ49: 0 | CA49: 0 | CB49: 0 | CC49: 0 | CD49: 0 | CE49: 0 | CF49: 0 | CG49: 0 | CH49: 0 | CI49: 0 | CJ49: 0 | CK49: 0 | CL49: 0 | CM49: 0 | CN49: 0 | CO49: 0 | CP49: 0 | CQ49: 0 | CR49: 0 | CS49: 0 | CT49: 0 | CU49: 0 | CV49: 0 | CW49: 0 | CX49: 0 | CY49: 0 | CZ49: 0 | DA49: 0 | DB49: 0 | DC49: 0 | DD49: 0 | DE49: 0 | DF49: 0 | DG49: 0 | DH49: 0 | DI49: 0 | DJ49: 0 | DK49: 0 | DL49: 0 | DM49: 0 | DN49: 0 | DO49: 0 | DP49: 0 | DQ49: 0 | DR49: 0 | DS49: 0 | DT49: 0 | DU49: 0 | DV49: 0 | DW49: 0 | DX49: 0

Sheet Charge_kW
A1: period | B1: hour | C1: BES_TR8_one223_B | D1: BES_TR8_one252_C | E1: BES_TR8_one280_A | F1: BES_TR8_one313_A | G1: BES_TR8_one321_C | H1: BES_TR8_one345_A | I1: BES_TR8_one375_C | J1: BES_TR8_one410_B | K1: BES_TR8_one416_C | L1: BES_TR8_one423_B | M1: BES_TR8_one446_B | N1: BES_TR8_one469_A | O1: BES_TR8_one477_A | P1: BES_TR8_one482_B | Q1: BES_TR8_one61_A | R1: BES_TR8_one552_B | S1: BES_TR8_one560_C | T1: BES_TR8_one73_A | U1: BES_TR8_one137_A | V1: BES_TR8_four50_C | W1: BES_TR8_four171_A | X1: BES_TR8_four180_A | Y1: BES_TR8_four200_A | Z1: BES_TR8_four239_A | AA1: BES_TR8_four259_B | AB1: BES_TR8_four265_C | AC1: BES_TR8_four54_C | AD1: BES_TR8_four288_B | AE1: BES_TR8_four289_B | AF1: BES_TR8_four292_C | AG1: BES_TR8_four301_C | AH1: BES_TR8_four326_A | AI1: BES_TR8_four352_A | AJ1: BES_TR8_four358_C | AK1: BES_TR8_four368_C | AL1: BES_TR8_four372_C | AM1: BES_TR8_four381_A | AN1: BES_TR8_four385_A | AO1: BES_TR8_four423_C | AP1: BES_TR8_four437_A | AQ1: BES_TR8_four446_B | AR1: BES_TR8_four466_C | AS1: BES_TR8_four467_C | AT1: BES_TR8_four548_B | AU1: BES_TR8_four558_C | AV1: BES_TR8_four562_C | AW1: BES_TR8_four590_A | AX1: BES_TR8_four604_A | AY1: BES_TR8_four78_B | AZ1: BES_TR8_four734_A | BA1: BES_TR8_four797_C | BB1: BES_TR8_four846_C | BC1: BES_TR8_four854_A | BD1: BES_TR8_four936_C | BE1: BES_TR8_four950_B | BF1: BES_TR8_four978_A | BG1: BES_TR8_four104_A | BH1: BES_TR8_four988_A | BI1: BES_TR8_four1013_B | BJ1: BES_TR8_four1027_A | BK1: BES_TR8_four1132_C | BL1: BES_TR8_four126_A | BM1: BES_TR8_four1187_A | BN1: BES_TR8_four1207_B | BO1: BES_TR8_five168_A | BP1: BES_TR8_five186_C | BQ1: BES_TR8_five194_C | BR1: BES_TR8_five223_A | BS1: BES_TR8_five303_B | BT1: BES_TR8_five324_B | BU1: BES_TR8_five345_A | BV1: BES_TR8_five421_A | BW1: BES_TR8_five488_B | BX1: BES_TR8_five513_B | BY1: BES_TR8_five537_C | BZ1: BES_TR8_five540_A | CA1: BES_TR8_five551_C | CB1: BES_TR8_five631_B | CC1: BES_TR8_five649_A | CD1: BES_TR8_five663_C | CE1: BES_TR8_five670_C | CF1: BES_TR8_five704_A | CG1: BES_TR8_five719_A | CH1: BES_TR8_five750_B | CI1: BES_TR8_five793_A | CJ1: BES_TR8_five801_C | CK1: BES_TR8_five905_B | CL1: BES_TR8_five118_B | CM1: BES_TR8_five123_B | CN1: BES_TR8_six64_A | CO1: BES_TR8_six154_C | CP1: BES_TR8_six173_C | CQ1: BES_TR8_six232_C | CR1: BES_TR8_six238_A | CS1: BES_TR8_six269_C | CT1: BES_TR8_six289_C | CU1: BES_TR8_six317_C | CV1: BES_TR8_six326_A | CW1: BES_TR8_six329_A | CX1: BES_TR8_six342_A | CY1: BES_TR8_six350_B | CZ1: BES_TR8_six365_C | DA1: BES_TR8_six75_A | DB1: BES_TR8_six385_B | DC1: BES_TR8_six431_C | DD1: BES_TR8_six571_C | DE1: BES_TR8_six595_B | DF1: BES_TR8_six643_A | DG1: BES_TR8_six652_A | DH1: BES_TR8_six667_A | DI1: BES_TR8_six699_C | DJ1: BES_TR8_six723_B | DK1: BES_TR8_six740_A | DL1: BES_TR8_six90_B | DM1: BES_TR8_six801_C | DN1: BES_TR8_six807_A | DO1: BES_TR8_six844_C | DP1: BES_TR8_six860_C | DQ1: BES_TR8_six909_C | DR1: BES_TR8_six914_A | DS1: BES_TR8_six111_C | DT1: BES_TR8_six1006_C | DU1: BES_TR8_six1020_A | DV1: BES_TR8_six1064_C | DW1: fleet_average | DX1: fleet_total
A2: 1 | B2: 0 | C2: 0 | D2: 0 | E2: 0 | F2: 0 | G2: 0 | H2: 0 | I2: 0 | J2: 0 | K2: 0 | L2: 0 | M2: 0 | N2: 0 | O2: 0 | P2: 0 | Q2: 0 | R2: 0 | S2: 0 | T2: 0 | U2: 0 | V2: 0 | W2: 0 | X2: 0 | Y2: 0 | Z2: 0 | AA2: 0 | AB2: 0 | AC2: 0 | AD2: 0 | AE2: 0 | AF2: 0 | AG2: 0 | AH2: 0 | AI2: 0 | AJ2: 0 | AK2: 0 | AL2: 0 | AM2: 0 | AN2: 0 | AO2: 0 | AP2: 0 | AQ2: 0 | AR2: 0 | AS2: 0 | AT2: 0 | AU2: 0 | AV2: 0 | AW2: 0 | AX2: 0 | AY2: 0 | AZ2: 0 | BA2: 0 | BB2: 0 | BC2: 0 | BD2: 0 | BE2: 0 | BF2: 0 | BG2: 0 | BH2: 0 | BI2: 0 | BJ2: 0 | BK2: 0 | BL2: 0 | BM2: 0 | BN2: 0 | BO2: 0 | BP2: 0 | BQ2: 0 | BR2: 0 | BS2: 0 | BT2: 0 | BU2: 0 | BV2: 0 | BW2: 0 | BX2: 0 | BY2: 0 | BZ2: 0 | CA2: 0 | CB2: 0 | CC2: 0 | CD2: 0 | CE2: 0 | CF2: 0 | CG2: 0 | CH2: 0 | CI2: 0 | CJ2: 0 | CK2: 0 | CL2: 0 | CM2: 0 | CN2: 0 | CO2: 0 | CP2: 0 | CQ2: 0 | CR2: 0 | CS2: 0 | CT2: 0 | CU2: 0 | CV2: 0 | CW2: 0 | CX2: 0 | CY2: 0 | CZ2: 0 | DA2: 0 | DB2: 0 | DC2: 0 | DD2: 0 | DE2: 0 | DF2: 0 | DG2: 0 | DH2: 0 | DI2: 0 | DJ2: 0 | DK2: 0 | DL2: 0 | DM2: 0 | DN2: 0 | DO2: 0 | DP2: 0 | DQ2: 0 | DR2: 0 | DS2: 0 | DT2: 0 | DU2: 0 | DV2: 0 | DW2: 0 | DX2: 0
A3: 2 | B3: 0.5 | C3: 0 | D3: 0 | E3: 0 | F3: 0 | G3: 0 | H3: 0 | I3: 0 | J3: 0 | K3: 0 | L3: 0 | M3: 0 | N3: 0 | O3: 0 | P3: 0 | Q3: 0 | R3: 0 | S3: 0 | T3: 0 | U3: 0 | V3: 0 | W3: 0 | X3: 0 | Y3: 0 | Z3: 0 | AA3: 0 | AB3: 0 | AC3: 0 | AD3: 0 | AE3: 0 | AF3: 0 | AG3: 0 | AH3: 0 | AI3: 0 | AJ3: 0 | AK3: 0 | AL3: 0 | AM3: 0 | AN3: 0 | AO3: 0 | AP3: 0 | AQ3: 0 | AR3: 0 | AS3: 0 | AT3: 0 | AU3: 0 | AV3: 0 | AW3: 0 | AX3: 0 | AY3: 0 | AZ3: 0 | BA3: 0 | BB3: 0 | BC3: 0 | BD3: 0 | BE3: 0 | BF3: 0 | BG3: 0 | BH3: 0 | BI3: 0 | BJ3: 0 | BK3: 0 | BL3: 0 | BM3: 0 | BN3: 0 | BO3: 0 | BP3: 0 | BQ3: 0 | BR3: 0 | BS3: 0 | BT3: 0 | BU3: 0 | BV3: 0 | BW3: 0 | BX3: 0 | BY3: 0 | BZ3: 0 | CA3: 0 | CB3: 0 | CC3: 0 | CD3: 0 | CE3: 0 | CF3: 0 | CG3: 0 | CH3: 0 | CI3: 0 | CJ3: 0 | CK3: 0 | CL3: 0 | CM3: 0 | CN3: 0 | CO3: 0 | CP3: 0 | CQ3: 0 | CR3: 0 | CS3: 0 | CT3: 0 | CU3: 0 | CV3: 0 | CW3: 0 | CX3: 0 | CY3: 0 | CZ3: 0 | DA3: 0 | DB3: 0 | DC3: 0 | DD3: 0 | DE3: 0 | DF3: 0 | DG3: 0 | DH3: 0 | DI3: 0 | DJ3: 0 | DK3: 0 | DL3: 0 | DM3: 0 | DN3: 0 | DO3: 0 | DP3: 0 | DQ3: 0 | DR3: 0 | DS3: 0 | DT3: 0 | DU3: 0 | DV3: 0 | DW3: 0 | DX3: 0
A4: 3 | B4: 1 | C4: 0 | D4: 0 | E4: 0 | F4: 0 | G4: 0 | H4: 0 | I4: 0 | J4: 0 | K4: 0 | L4: 0 | M4: 0 | N4: 0 | O4: 0 | P4: 0 | Q4: 0 | R4: 0 | S4: 0 | T4: 0 | U4: 0 | V4: 0 | W4: 0 | X4: 0 | Y4: 0 | Z4: 0 | AA4: 0 | AB4: 0 | AC4: 0 | AD4: 0 | AE4: 0 | AF4: 0 | AG4: 0 | AH4: 0 | AI4: 0 | AJ4: 0 | AK4: 0 | AL4: 0 | AM4: 0 | AN4: 0 | AO4: 0 | AP4: 0 | AQ4: 0 | AR4: 0 | AS4: 0 | AT4: 0 | AU4: 0 | AV4: 0 | AW4: 0 | AX4: 0 | AY4: 0 | AZ4: 0 | BA4: 0 | BB4: 0 | BC4: 0 | BD4: 0 | BE4: 0 | BF4: 0 | BG4: 0 | BH4: 0 | BI4: 0 | BJ4: 0 | BK4: 0 | BL4: 0 | BM4: 0 | BN4: 0 | BO4: 0 | BP4: 0 | BQ4: 0 | BR4: 0 | BS4: 0 | BT4: 0 | BU4: 0 | BV4: 0 | BW4: 0 | BX4: 0 | BY4: 0 | BZ4: 0 | CA4: 0 | CB4: 0 | CC4: 0 | CD4: 0 | CE4: 0 | CF4: 0 | CG4: 0 | CH4: 0 | CI4: 0 | CJ4: 0 | CK4: 0 | CL4: 0 | CM4: 0 | CN4: 0 | CO4: 0 | CP4: 0 | CQ4: 0 | CR4: 0 | CS4: 0 | CT4: 0 | CU4: 0 | CV4: 0 | CW4: 0 | CX4: 0 | CY4: 0 | CZ4: 0 | DA4: 0 | DB4: 0 | DC4: 0 | DD4: 0 | DE4: 0 | DF4: 0 | DG4: 0 | DH4: 0 | DI4: 0 | DJ4: 0 | DK4: 0 | DL4: 0 | DM4: 0 | DN4: 0 | DO4: 0 | DP4: 0 | DQ4: 0 | DR4: 0 | DS4: 0 | DT4: 0 | DU4: 0 | DV4: 0 | DW4: 0 | DX4: 0
A5: 4 | B5: 1.5 | C5: 0 | D5: 0 | E5: 0 | F5: 0 | G5: 0 | H5: 0 | I5: 0 | J5: 0 | K5: 0 | L5: 0 | M5: 0 | N5: 0 | O5: 0 | P5: 0 | Q5: 0 | R5: 0 | S5: 0 | T5: 0 | U5: 0 | V5: 0 | W5: 0 | X5: 0 | Y5: 0 | Z5: 0 | AA5: 0 | AB5: 0 | AC5: 0 | AD5: 0 | AE5: 0 | AF5: 0 | AG5: 0 | AH5: 0 | AI5: 0 | AJ5: 0 | AK5: 0 | AL5: 0 | AM5: 0 | AN5: 0 | AO5: 0 | AP5: 0 | AQ5: 0 | AR5: 0 | AS5: 0 | AT5: 0 | AU5: 0 | AV5: 0 | AW5: 0 | AX5: 0 | AY5: 0 | AZ5: 0 | BA5: 0 | BB5: 0 | BC5: 0 | BD5: 0 | BE5: 0 | BF5: 0 | BG5: 0 | BH5: 0 | BI5: 0 | BJ5: 0 | BK5: 0 | BL5: 0 | BM5: 0 | BN5: 0 | BO5: 0 | BP5: 0 | BQ5: 0 | BR5: 0 | BS5: 0 | BT5: 0 | BU5: 0 | BV5: 0 | BW5: 0 | BX5: 0 | BY5: 0 | BZ5: 0 | CA5: 0 | CB5: 0 | CC5: 0 | CD5: 0 | CE5: 0 | CF5: 0 | CG5: 0 | CH5: 0 | CI5: 0 | CJ5: 0 | CK5: 0 | CL5: 0 | CM5: 0 | CN5: 0 | CO5: 0 | CP5: 0 | CQ5: 0 | CR5: 0 | CS5: 0 | CT5: 0 | CU5: 0 | CV5: 0 | CW5: 0 | CX5: 0 | CY5: 0 | CZ5: 0 | DA5: 0 | DB5: 0 | DC5: 0 | DD5: 0 | DE5: 0 | DF5: 0 | DG5: 0 | DH5: 0 | DI5: 0 | DJ5: 0 | DK5: 0 | DL5: 0 | DM5: 0 | DN5: 0 | DO5: 0 | DP5: 0 | DQ5: 0 | DR5: 0 | DS5: 0 | DT5: 0 | DU5: 0 | DV5: 0 | DW5: 0 | DX5: 0
A6: 5 | B6: 2 | C6: 0 | D6: 0 | E6: 0 | F6: 0 | G6: 0 | H6: 0 | I6: 0 | J6: 0 | K6: 0 | L6: 0 | M6: 0 | N6: 0 | O6: 0 | P6: 0 | Q6: 0 | R6: 0 | S6: 0 | T6: 0 | U6: 0 | V6: 0 | W6: 0 | X6: 0 | Y6: 0 | Z6: 0 | AA6: 0 | AB6: 0 | AC6: 0 | AD6: 0 | AE6: 0 | AF6: 0 | AG6: 0 | AH6: 0 | AI6: 0 | AJ6: 0 | AK6: 0 | AL6: 0 | AM6: 0 | AN6: 0 | AO6: 0 | AP6: 0 | AQ6: 0 | AR6: 0 | AS6: 0 | AT6: 0 | AU6: 0 | AV6: 0 | AW6: 0 | AX6: 0 | AY6: 0 | AZ6: 0 | BA6: 0 | BB6: 0 | BC6: 0 | BD6: 0 | BE6: 0 | BF6: 0 | BG6: 0 | BH6: 0 | BI6: 0 | BJ6: 0 | BK6: 0 | BL6: 0 | BM6: 0 | BN6: 0 | BO6: 0 | BP6: 0 | BQ6: 0 | BR6: 0 | BS6: 0 | BT6: 0 | BU6: 0 | BV6: 0 | BW6: 0 | BX6: 0 | BY6: 0 | BZ6: 0 | CA6: 0 | CB6: 0 | CC6: 0 | CD6: 0 | CE6: 0 | CF6: 0 | CG6: 0 | CH6: 0 | CI6: 0 | CJ6: 0 | CK6: 0 | CL6: 0 | CM6: 0 | CN6: 0 | CO6: 0 | CP6: 0 | CQ6: 0 | CR6: 0 | CS6: 0 | CT6: 0 | CU6: 0 | CV6: 0 | CW6: 0 | CX6: 0 | CY6: 0 | CZ6: 0 | DA6: 0 | DB6: 0 | DC6: 0 | DD6: 0 | DE6: 0 | DF6: 0 | DG6: 0 | DH6: 0 | DI6: 0 | DJ6: 0 | DK6: 0 | DL6: 0 | DM6: 0 | DN6: 0 | DO6: 0 | DP6: 0 | DQ6: 0 | DR6: 0 | DS6: 0 | DT6: 0 | DU6: 0 | DV6: 0 | DW6: 0 | DX6: 0
A7: 6 | B7: 2.5 | C7: 0 | D7: 0 | E7: 0 | F7: 0 | G7: 0 | H7: 0 | I7: 0 | J7: 0 | K7: 0 | L7: 0 | M7: 0 | N7: 0 | O7: 0 | P7: 0 | Q7: 0 | R7: 0 | S7: 0 | T7: 0 | U7: 0 | V7: 0 | W7: 0 | X7: 0 | Y7: 0 | Z7: 0 | AA7: 0 | AB7: 0 | AC7: 0 | AD7: 0 | AE7: 0 | AF7: 0 | AG7: 0 | AH7: 0 | AI7: 0 | AJ7: 0 | AK7: 0 | AL7: 0 | AM7: 0 | AN7: 0 | AO7: 0 | AP7: 0 | AQ7: 0 | AR7: 0 | AS7: 0 | AT7: 0 | AU7: 0 | AV7: 0 | AW7: 0 | AX7: 0 | AY7: 0 | AZ7: 0 | BA7: 0 | BB7: 0 | BC7: 0 | BD7: 0 | BE7: 0 | BF7: 0 | BG7: 0 | BH7: 0 | BI7: 0 | BJ7: 0 | BK7: 0 | BL7: 0 | BM7: 0 | BN7: 0 | BO7: 0 | BP7: 0 | BQ7: 0 | BR7: 0 | BS7: 0 | BT7: 0 | BU7: 0 | BV7: 0 | BW7: 0 | BX7: 0 | BY7: 0 | BZ7: 0 | CA7: 0 | CB7: 0 | CC7: 0 | CD7: 0 | CE7: 0 | CF7: 0 | CG7: 0 | CH7: 0 | CI7: 0 | CJ7: 0 | CK7: 0 | CL7: 0 | CM7: 0 | CN7: 0 | CO7: 0 | CP7: 0 | CQ7: 0 | CR7: 0 | CS7: 0 | CT7: 0 | CU7: 0 | CV7: 0 | CW7: 0 | CX7: 0 | CY7: 0 | CZ7: 0 | DA7: 0 | DB7: 0 | DC7: 0 | DD7: 0 | DE7: 0 | DF7: 0 | DG7: 0 | DH7: 0 | DI7: 0 | DJ7: 0 | DK7: 0 | DL7: 0 | DM7: 0 | DN7: 0 | DO7: 0 | DP7: 0 | DQ7: 0 | DR7: 0 | DS7: 0 | DT7: 0 | DU7: 0 | DV7: 0 | DW7: 0 | DX7: 0
A8: 7 | B8: 3 | C8: 0 | D8: 0 | E8: 0 | F8: 0 | G8: 0 | H8: 0 | I8: 0 | J8: 0 | K8: 0 | L8: 0 | M8: 0 | N8: 0 | O8: 0 | P8: 0 | Q8: 0 | R8: 0 | S8: 0 | T8: 0 | U8: 0 | V8: 0 | W8: 0 | X8: 0 | Y8: 0 | Z8: 0 | AA8: 0 | AB8: 0 | AC8: 0 | AD8: 0 | AE8: 0 | AF8: 0 | AG8: 0 | AH8: 0 | AI8: 0 | AJ8: 0 | AK8: 0 | AL8: 0 | AM8: 0 | AN8: 0 | AO8: 0 | AP8: 0 | AQ8: 0 | AR8: 0 | AS8: 0 | AT8: 0 | AU8: 0 | AV8: 0 | AW8: 0 | AX8: 0 | AY8: 0 | AZ8: 0 | BA8: 0 | BB8: 0 | BC8: 0 | BD8: 0 | BE8: 0 | BF8: 0 | BG8: 0 | BH8: 0 | BI8: 0 | BJ8: 0 | BK8: 0 | BL8: 0 | BM8: 0 | BN8: 0 | BO8: 0 | BP8: 0 | BQ8: 0 | BR8: 0 | BS8: 0 | BT8: 0 | BU8: 0 | BV8: 0 | BW8: 0 | BX8: 0 | BY8: 0 | BZ8: 0 | CA8: 0 | CB8: 0 | CC8: 0 | CD8: 0 | CE8: 0 | CF8: 0 | CG8: 0 | CH8: 0 | CI8: 0 | CJ8: 0 | CK8: 0 | CL8: 0 | CM8: 0 | CN8: 0 | CO8: 0 | CP8: 0 | CQ8: 0 | CR8: 0 | CS8: 0 | CT8: 0 | CU8: 0 | CV8: 0 | CW8: 0 | CX8: 0 | CY8: 0 | CZ8: 0 | DA8: 0 | DB8: 0 | DC8: 0 | DD8: 0 | DE8: 0 | DF8: 0 | DG8: 0 | DH8: 0 | DI8: 0 | DJ8: 0 | DK8: 0 | DL8: 0 | DM8: 0 | DN8: 0 | DO8: 0 | DP8: 0 | DQ8: 0 | DR8: 0 | DS8: 0 | DT8: 0 | DU8: 0 | DV8: 0 | DW8: 0 | DX8: 0
A9: 8 | B9: 3.5 | C9: 0 | D9: 0 | E9: 0 | F9: 0 | G9: 0 | H9: 0 | I9: 0 | J9: 0 | K9: 0 | L9: 0 | M9: 0 | N9: 0 | O9: 0 | P9: 0 | Q9: 0 | R9: 0 | S9: 0 | T9: 0 | U9: 0 | V9: 0 | W9: 0 | X9: 0 | Y9: 0 | Z9: 0 | AA9: 0 | AB9: 0 | AC9: 0 | AD9: 0 | AE9: 0 | AF9: 0 | AG9: 0 | AH9: 0 | AI9: 0 | AJ9: 0 | AK9: 0 | AL9: 0 | AM9: 0 | AN9: 0 | AO9: 0 | AP9: 0 | AQ9: 0 | AR9: 0 | AS9: 0 | AT9: 0 | AU9: 0 | AV9: 0 | AW9: 0 | AX9: 0 | AY9: 0 | AZ9: 0 | BA9: 0 | BB9: 0 | BC9: 0 | BD9: 0 | BE9: 0 | BF9: 0 | BG9: 0 | BH9: 0 | BI9: 0 | BJ9: 0 | BK9: 0 | BL9: 0 | BM9: 0 | BN9: 0 | BO9: 0 | BP9: 0 | BQ9: 0 | BR9: 0 | BS9: 0 | BT9: 0 | BU9: 0 | BV9: 0 | BW9: 0 | BX9: 0 | BY9: 0 | BZ9: 0 | CA9: 0 | CB9: 0 | CC9: 0 | CD9: 0 | CE9: 0 | CF9: 0 | CG9: 0 | CH9: 0 | CI9: 0 | CJ9: 0 | CK9: 0 | CL9: 0 | CM9: 0 | CN9: 0 | CO9: 0 | CP9: 0 | CQ9: 0 | CR9: 0 | CS9: 0 | CT9: 0 | CU9: 0 | CV9: 0 | CW9: 0 | CX9: 0 | CY9: 0 | CZ9: 0 | DA9: 0 | DB9: 0 | DC9: 0 | DD9: 0 | DE9: 0 | DF9: 0 | DG9: 0 | DH9: 0 | DI9: 0 | DJ9: 0 | DK9: 0 | DL9: 0 | DM9: 0 | DN9: 0 | DO9: 0 | DP9: 0 | DQ9: 0 | DR9: 0 | DS9: 0 | DT9: 0 | DU9: 0 | DV9: 0 | DW9: 0 | DX9: 0
A10: 9 | B10: 4 | C10: 0 | D10: 0 | E10: 0 | F10: 0 | G10: 0.003 | H10: 0 | I10: 0 | J10: 0 | K10: 0 | L10: 0 | M10: 0.002 | N10: 0 | O10: 0 | P10: 0 | Q10: 0 | R10: 0 | S10: 0 | T10: 0 | U10: 0 | V10: 0 | W10: 0 | X10: 0 | Y10: 0 | Z10: 0 | AA10: 0 | AB10: 0 | AC10: 0 | AD10: 0 | AE10: 0 | AF10: 0 | AG10: 0 | AH10: 0.004 | AI10: 0 | AJ10: 0 | AK10: 0 | AL10: 0 | AM10: 0 | AN10: 0 | AO10: 0 | AP10: 0 | AQ10: 0 | AR10: 0 | AS10: 0 | AT10: 0 | AU10: 0 | AV10: 0 | AW10: 0 | AX10: 0 | AY10: 0 | AZ10: 0 | BA10: 0 | BB10: 0 | BC10: 0 | BD10: 0 | BE10: 0 | BF10: 0 | BG10: 0 | BH10: 0 | BI10: 0 | BJ10: 0 | BK10: 0 | BL10: 0 | BM10: 0 | BN10: 0 | BO10: 0 | BP10: 0 | BQ10: 0 | BR10: 0 | BS10: 0 | BT10: 0 | BU10: 0 | BV10: 0 | BW10: 0 | BX10: 0 | BY10: 0 | BZ10: 0 | CA10: 0 | CB10: 0 | CC10: 0 | CD10: 0 | CE10: 0 | CF10: 0 | CG10: 0 | CH10: 0.003 | CI10: 0 | CJ10: 0 | CK10: 0 | CL10: 0 | CM10: 0 | CN10: 0 | CO10: 0 | CP10: 0.001 | CQ10: 0 | CR10: 0 | CS10: 0 | CT10: 0 | CU10: 0 | CV10: 0 | CW10: 0 | CX10: 0 | CY10: 0.016 | CZ10: 0 | DA10: 0 | DB10: 0 | DC10: 0 | DD10: 0 | DE10: 0 | DF10: 0 | DG10: 0 | DH10: 0 | DI10: 0 | DJ10: 0 | DK10: 0 | DL10: 0 | DM10: 0.008 | DN10: 0 | DO10: 0 | DP10: 0 | DQ10: 0 | DR10: 0.002 | DS10: 0 | DT10: 0 | DU10: 0 | DV10: 0 | DW10: 0.00031451613 | DX10: 0.039
A11: 10 | B11: 4.5 | C11: 0.073 | D11: 0 | E11: 0.094 | F11: 0.057 | G11: 0.186 | H11: 0.078 | I11: 0.032 | J11: 0 | K11: 0.062 | L11: 0 | M11: 0.185 | N11: 0.186 | O11: 0.129 | P11: 0.095 | Q11: 0.068 | R11: 0 | S11: 0.062 | T11: 0 | U11: 0.111 | V11: 0.174 | W11: 0.003 | X11: 0 | Y11: 0.143 | Z11: 0.178 | AA11: 0.037 | AB11: 0 | AC11: 0.105 | AD11: 0.112 | AE11: 0.178 | AF11: 0 | AG11: 0 | AH11: 0.187 | AI11: 0 | AJ11: 0.153 | AK11: 0 | AL11: 0.1 | AM11: 0 | AN11: 0.186 | AO11: 0.034 | AP11: 0.158 | AQ11: 0.151 | AR11: 0.178 | AS11: 0.175 | AT11: 0 | AU11: 0.183 | AV11: 0.137 | AW11: 0.173 | AX11: 0.086 | AY11: 0.185 | AZ11: 0.122 | BA11: 0.135 | BB11: 0.084 | BC11: 0 | BD11: 0.026 | BE11: 0.031 | BF11: 0.011 | BG11: 0 | BH11: 0.066 | BI11: 0.155 | BJ11: 0.073 | BK11: 0.144 | BL11: 0 | BM11: 0.06 | BN11: 0 | BO11: 0.056 | BP11: 0.124 | BQ11: 0.196 | BR11: 0.064 | BS11: 0 | BT11: 0 | BU11: 0.065 | BV11: 0.126 | BW11: 0 | BX11: 0.128 | BY11: 0.178 | BZ11: 0.131 | CA11: 0.176 | CB11: 0 | CC11: 0.074 | CD11: 0.037 | CE11: 0.099 | CF11: 0.168 | CG11: 0.192 | CH11: 0.16 | CI11: 0.036 | CJ11: 0.155 | CK11: 0.096 | CL11: 0.124 | CM11: 0.074 | CN11: 0.055 | CO11: 0.069 | CP11: 0.123 | CQ11: 0.058 | CR11: 0 | CS11: 0.105 | CT11: 0.068 | CU11: 0.04 | CV11: 0.15 | CW11: 0.047 | CX11: 0 | CY11: 0.151 | CZ11: 0.064 | DA11: 0.176 | DB11: 0 | DC11: 0 | DD11: 0.074 | DE11: 0.06 | DF11: 0.045 | DG11: 0.086 | DH11: 0.167 | DI11: 0 | DJ11: 0 | DK11: 0.094 | DL11: 0.114 | DM11: 0.022 | DN11: 0.152 | DO11: 0.173 | DP11: 0.031 | DQ11: 0.098 | DR11: 0.185 | DS11: 0.08 | DT11: 0 | DU11: 0.061 | DV11: 0 | DW11: 0.083451613 | DX11: 10.348
A12: 11 | B12: 5 | C12: 0.188 | D12: 0.239 | E12: 0.237 | F12: 0.172 | G12: 0.414 | H12: 0.403 | I12: 0.287 | J12: 0.315 | K12: 0 | L12: 0.295 | M12: 0.331 | N12: 0.246 | O12: 0.241 | P12: 0.346 | Q12: 0 | R12: 0.023 | S12: 0.115 | T12: 0.046 | U12: 0.355 | V12: 0.274 | W12: 0 | X12: 0.219 | Y12: 0.202 | Z12: 0.406 | AA12: 0.351 | AB12: 0.234 | AC12: 0.411 | AD12: 0.312 | AE12: 0.406 | AF12: 0.257 | AG12: 0.227 | AH12: 0.415 | AI12: 0.212 | AJ12: 0.228 | AK12: 0.283 | AL12: 0.243 | AM12: 0.022 | AN12: 0.369 | AO12: 0.301 | AP12: 0.11 | AQ12: 0.275 | AR12: 0.406 | AS12: 0.403 | AT12: 0.191 | AU12: 0.396 | AV12: 0.281 | AW12: 0.401 | AX12: 0.122 | AY12: 0.316 | AZ12: 0.294 | BA12: 0.307 | BB12: 0.324 | BC12: 0.218 | BD12: 0.045 | BE12: 0.343 | BF12: 0.231 | BG12: 0.029 | BH12: 0.181 | BI12: 0.289 | BJ12: 0.113 | BK12: 0.31 | BL12: 0.353 | BM12: 0 | BN12: 0 | BO12: 0.342 | BP12: 0.296 | BQ12: 0.417 | BR12: 0.351 | BS12: 0 | BT12: 0.293 | BU12: 0.405 | BV12: 0.298 | BW12: 0.33 | BX12: 0.303 | BY12: 0.285 | BZ12: 0.211 | CA12: 0.404 | CB12: 0.303 | CC12: 0.365 | CD12: 0.124 | CE12: 0.242 | CF12: 0.291 | CG12: 0.42 | CH12: 0.297 | CI12: 0 | CJ12: 0.258 | CK12: 0.114 | CL12: 0.296 | CM12: 0.068 | CN12: 0.19 | CO12: 0.142 | CP12: 0.412 | CQ12: 0.014 | CR12: 0.075 | CS12: 0.404 | CT12: 0.357 | CU12: 0.183 | CV12: 0.35 | CW12: 0.133 | CX12: 0.115 | CY12: 0.397 | CZ12: 0.179 | DA12: 0.404 | DB12: 0.249 | DC12: 0 | DD12: 0.12 | DE12: 0.175 | DF12: 0.255 | DG12: 0.342 | DH12: 0.356 | DI12: 0.249 | DJ12: 0.341 | DK12: 0.35 | DL12: 0.286 | DM12: 0.349 | DN12: 0.303 | DO12: 0.301 | DP12: 0.213 | DQ12: 0.241 | DR12: 0.261 | DS12: 0.146 | DT12: 0.179 | DU12: 0.113 | DV12: 0 | DW12: 0.24564516 | DX12: 30.46
A13: 12 | B13: 5.5 | C13: 0.191 | D13: 0.337 | E13: 0.413 | F13: 0.312 | G13: 0.65 | H13: 0.542 | I13: 0.689 | J13: 0.389 | K13: 0.317 | L13: 0.505 | M13: 0.659 | N13: 0.695 | O13: 0.69 | P13: 0.604 | Q13: 0.309 | R13: 0.159 | S13: 0.305 | T13: 0 | U13: 0.575 | V13: 0.67 | W13: 0.323 | X13: 0.407 | Y13: 0.525 | Z13: 0.6 | AA13: 0.505 | AB13: 0.203 | AC13: 0.503 | AD13: 0.585 | AE13: 0.687 | AF13: 0.429 | AG13: 0.403 | AH13: 0.696 | AI13: 0.501 | AJ13: 0.551 | AK13: 0.508 | AL13: 0.252 | AM13: 0.275 | AN13: 0.575 | AO13: 0.618 | AP13: 0.603 | AQ13: 0.596 | AR13: 0.645 | AS13: 0.684 | AT13: 0.137 | AU13: 0.604 | AV13: 0.43 | AW13: 0.682 | AX13: 0.405 | AY13: 0.694 | AZ13: 0.504 | BA13: 0.517 | BB13: 0.678 | BC13: 0.712 | BD13: 0 | BE13: 0.602 | BF13: 0.291 | BG13: 0.226 | BH13: 0.163 | BI13: 0.617 | BJ13: 0.328 | BK13: 0.38 | BL13: 0.537 | BM13: 0.315 | BN13: 0.223 | BO13: 0.414 | BP13: 0.506 | BQ13: 0.542 | BR13: 0.464 | BS13: 0.312 | BT13: 0.331 | BU13: 0.686 | BV13: 0.508 | BW13: 0.692 | BX13: 0.598 | BY13: 0.651 | BZ13: 0.437 | CA13: 0.685 | CB13: 0.312 | CC13: 0.519 | CD13: 0.503 | CE13: 0.418 | CF13: 0.596 | CG13: 0.687 | CH13: 0.695 | CI13: 0.227 | CJ13: 0.564 | CK13: 0.326 | CL13: 0.506 | CM13: 0.499 | CN13: 0.33 | CO13: 0.41 | CP13: 0.693 | CQ13: 0.313 | CR13: 0.185 | CS13: 0.685 | CT13: 0.602 | CU13: 0.46 | CV13: 0.595 | CW13: 0.238 | CX13: 0.001 | CY13: 0.708 | CZ13: 0.319 | DA13: 0.685 | DB13: 0.346 | DC13: 0.155 | DD13: 0.325 | DE13: 0.103 | DF13: 0.413 | DG13: 0.684 | DH13: 0.692 | DI13: 0.431 | DJ13: 0.685 | DK13: 0.485 | DL13: 0.496 | DM13: 0.608 | DN13: 0.708 | DO13: 0.557 | DP13: 0.217 | DQ13: 0.327 | DR13: 0.694 | DS13: 0.244 | DT13: 0.319 | DU13: 0.253 | DV13: 0.011 | DW13: 0.46278226 | DX13: 57.385
... A49: 48 | B49: 23.5 | C49: 0 | D49: 0 | E49: 0 | F49: 0 | G49: 0 | H49: 0 | I49: 0 | J49: 0 | K49: 0 | L49: 0 | M49: 0 | N49: 0 | O49: 0 | P49: 0 | Q49: 0 | R49: 0 | S49: 0 | T49: 0 | U49: 0 | V49: 0 | W49: 0 | X49: 0 | Y49: 0 | Z49: 0 | AA49: 0 | AB49: 0 | AC49: 0 | AD49: 0 | AE49: 0 | AF49: 0 | AG49: 0 | AH49: 0 | AI49: 0 | AJ49: 0 | AK49: 0 | AL49: 0 | AM49: 0 | AN49: 0 | AO49: 0 | AP49: 0 | AQ49: 0 | AR49: 0 | AS49: 0 | AT49: 0 | AU49: 0 | AV49: 0 | AW49: 0 | AX49: 0 | AY49: 0 | AZ49: 0 | BA49: 0 | BB49: 0 | BC49: 0 | BD49: 0 | BE49: 0 | BF49: 0 | BG49: 0 | BH49: 0 | BI49: 0 | BJ49: 0 | BK49: 0 | BL49: 0 | BM49: 0 | BN49: 0 | BO49: 0 | BP49: 0 | BQ49: 0 | BR49: 0 | BS49: 0 | BT49: 0 | BU49: 0 | BV49: 0 | BW49: 0 | BX49: 0 | BY49: 0 | BZ49: 0 | CA49: 0 | CB49: 0 | CC49: 0 | CD49: 0 | CE49: 0 | CF49: 0 | CG49: 0 | CH49: 0 | CI49: 0 | CJ49: 0 | CK49: 0 | CL49: 0 | CM49: 0 | CN49: 0 | CO49: 0 | CP49: 0 | CQ49: 0 | CR49: 0 | CS49: 0 | CT49: 0 | CU49: 0 | CV49: 0 | CW49: 0 | CX49: 0 | CY49: 0 | CZ49: 0 | DA49: 0 | DB49: 0 | DC49: 0 | DD49: 0 | DE49: 0 | DF49: 0 | DG49: 0 | DH49: 0 | DI49: 0 | DJ49: 0 | DK49: 0 | DL49: 0 | DM49: 0 | DN49: 0 | DO49: 0 | DP49: 0 | DQ49: 0 | DR49: 0 | DS49: 0 | DT49: 0 | DU49: 0 | DV49: 0 | DW49: 0 | DX49: 0

Sheet Discharge_kW
A1: period | B1: hour | C1: BES_TR8_one223_B | D1: BES_TR8_one252_C | E1: BES_TR8_one280_A | F1: BES_TR8_one313_A | G1: BES_TR8_one321_C | H1: BES_TR8_one345_A | I1: BES_TR8_one375_C | J1: BES_TR8_one410_B | K1: BES_TR8_one416_C | L1: BES_TR8_one423_B | M1: BES_TR8_one446_B | N1: BES_TR8_one469_A | O1: BES_TR8_one477_A | P1: BES_TR8_one482_B | Q1: BES_TR8_one61_A | R1: BES_TR8_one552_B | S1: BES_TR8_one560_C | T1: BES_TR8_one73_A | U1: BES_TR8_one137_A | V1: BES_TR8_four50_C | W1: BES_TR8_four171_A | X1: BES_TR8_four180_A | Y1: BES_TR8_four200_A | Z1: BES_TR8_four239_A | AA1: BES_TR8_four259_B | AB1: BES_TR8_four265_C | AC1: BES_TR8_four54_C | AD1: BES_TR8_four288_B | AE1: BES_TR8_four289_B | AF1: BES_TR8_four292_C | AG1: BES_TR8_four301_C | AH1: BES_TR8_four326_A | AI1: BES_TR8_four352_A | AJ1: BES_TR8_four358_C | AK1: BES_TR8_four368_C | AL1: BES_TR8_four372_C | AM1: BES_TR8_four381_A | AN1: BES_TR8_four385_A | AO1: BES_TR8_four423_C | AP1: BES_TR8_four437_A | AQ1: BES_TR8_four446_B | AR1: BES_TR8_four466_C | AS1: BES_TR8_four467_C | AT1: BES_TR8_four548_B | AU1: BES_TR8_four558_C | AV1: BES_TR8_four562_C | AW1: BES_TR8_four590_A | AX1: BES_TR8_four604_A | AY1: BES_TR8_four78_B | AZ1: BES_TR8_four734_A | BA1: BES_TR8_four797_C | BB1: BES_TR8_four846_C | BC1: BES_TR8_four854_A | BD1: BES_TR8_four936_C | BE1: BES_TR8_four950_B | BF1: BES_TR8_four978_A | BG1: BES_TR8_four104_A | BH1: BES_TR8_four988_A | BI1: BES_TR8_four1013_B | BJ1: BES_TR8_four1027_A | BK1: BES_TR8_four1132_C | BL1: BES_TR8_four126_A | BM1: BES_TR8_four1187_A | BN1: BES_TR8_four1207_B | BO1: BES_TR8_five168_A | BP1: BES_TR8_five186_C | BQ1: BES_TR8_five194_C | BR1: BES_TR8_five223_A | BS1: BES_TR8_five303_B | BT1: BES_TR8_five324_B | BU1: BES_TR8_five345_A | BV1: BES_TR8_five421_A | BW1: BES_TR8_five488_B | BX1: BES_TR8_five513_B | BY1: BES_TR8_five537_C | BZ1: BES_TR8_five540_A | CA1: BES_TR8_five551_C | CB1: BES_TR8_five631_B | CC1: BES_TR8_five649_A | CD1: BES_TR8_five663_C | CE1: BES_TR8_five670_C | CF1: BES_TR8_five704_A | CG1: BES_TR8_five719_A | CH1: BES_TR8_five750_B | CI1: BES_TR8_five793_A | CJ1: BES_TR8_five801_C | CK1: BES_TR8_five905_B | CL1: BES_TR8_five118_B | CM1: BES_TR8_five123_B | CN1: BES_TR8_six64_A | CO1: BES_TR8_six154_C | CP1: BES_TR8_six173_C | CQ1: BES_TR8_six232_C | CR1: BES_TR8_six238_A | CS1: BES_TR8_six269_C | CT1: BES_TR8_six289_C | CU1: BES_TR8_six317_C | CV1: BES_TR8_six326_A | CW1: BES_TR8_six329_A | CX1: BES_TR8_six342_A | CY1: BES_TR8_six350_B | CZ1: BES_TR8_six365_C | DA1: BES_TR8_six75_A | DB1: BES_TR8_six385_B | DC1: BES_TR8_six431_C | DD1: BES_TR8_six571_C | DE1: BES_TR8_six595_B | DF1: BES_TR8_six643_A | DG1: BES_TR8_six652_A | DH1: BES_TR8_six667_A | DI1: BES_TR8_six699_C | DJ1: BES_TR8_six723_B | DK1: BES_TR8_six740_A | DL1: BES_TR8_six90_B | DM1: BES_TR8_six801_C | DN1: BES_TR8_six807_A | DO1: BES_TR8_six844_C | DP1: BES_TR8_six860_C | DQ1: BES_TR8_six909_C | DR1: BES_TR8_six914_A | DS1: BES_TR8_six111_C | DT1: BES_TR8_six1006_C | DU1: BES_TR8_six1020_A | DV1: BES_TR8_six1064_C | DW1: fleet_average | DX1: fleet_total
A2: 1 | B2: 0 | C2: 0.098 | D2: 0.049 | E2: 0.055 | F2: 0.059 | G2: 0.047 | H2: 0.15 | I2: 0.132 | J2: 0.255 | K2: 0.178 | L2: 0.159 | M2: 0.166 | N2: 0.223 | O2: 0.53 | P2: 0.18 | Q2: 0.075 | R2: 0.593 | S2: 0.961 | T2: 0.183 | U2: 0.073 | V2: 0.234 | W2: 0.228 | X2: 0.057 | Y2: 0.031 | Z2: 0.055 | AA2: 0.064 | AB2: 0.192 | AC2: 0.186 | AD2: 0.256 | AE2: 0.56 | AF2: 0.221 | AG2: 0.378 | AH2: 0.484 | AI2: 0.06 | AJ2: 0.183 | AK2: 0.13 | AL2: 0.045 | AM2: 0.079 | AN2: 0.107 | AO2: 0.1 | AP2: 0.046 | AQ2: 0.129 | AR2: 2.391 | AS2: 0.095 | AT2: 0.04 | AU2: 0.133 | AV2: 0.197 | AW2: 0.06 | AX2: 0.059 | AY2: 0.112 | AZ2: 0.526 | BA2: 0.365 | BB2: 0.218 | BC2: 0.03 | BD2: 0.293 | BE2: 0.124 | BF2: 0.553 | BG2: 0.263 | BH2: 0.179 | BI2: 0.227 | BJ2: 0.089 | BK2: 0.123 | BL2: 0.078 | BM2: 0.153 | BN2: 0.184 | BO2: 1.946 | BP2: 0.05 | BQ2: 0.363 | BR2: 0.067 | BS2: 0.426 | BT2: 0.226 | BU2: 0.168 | BV2: 0.048 | BW2: 0.115 | BX2: 0.126 | BY2: 0.271 | BZ2: 0.043 | CA2: 0.057 | CB2: 0.162 | CC2: 0.205 | CD2: 0.119 | CE2: 0.046 | CF2: 0.678 | CG2: 0.213 | CH2: 0.19 | CI2: 0.118 | CJ2: 0.307 | CK2: 0.217 | CL2: 0.05 | CM2: 0.05 | CN2: 0.149 | CO2: 0.195 | CP2: 0.049 | CQ2: 1.565 | CR2: 0.041 | CS2: 0.451 | CT2: 0.155 | CU2: 1.492 | CV2: 0.054 | CW2: 0.04 | CX2: 0.058 | CY2: 0.09 | CZ2: 0.125 | DA2: 0.057 | DB2: 0.1 | DC2: 0.315 | DD2: 0.042 | DE2: 0.155 | DF2: 0.719 | DG2: 0.058 | DH2: 0.05 | DI2: 0.235 | DJ2: 0.273 | DK2: 0.156 | DL2: 0.167 | DM2: 0.167 | DN2: 0.034 | DO2: 0.038 | DP2: 0.178 | DQ2: 0.145 | DR2: 0.367 | DS2: 0.757 | DT2: 0.178 | DU2: 0.167 | DV2: 0.09 | DW2: 0.23916129 | DX2: 29.656
A3: 2 | B3: 0.5 | C3: 0.043 | D3: 0.239 | E3: 0.126 | F3: 0.059 | G3: 0.047 | H3: 0.108 | I3: 0.244 | J3: 0.031 | K3: 0.177 | L3: 0.051 | M3: 0.048 | N3: 0.185 | O3: 0.727 | P3: 0.045 | Q3: 0.131 | R3: 0.383 | S3: 0.819 | T3: 0.24 | U3: 0.12 | V3: 0.136 | W3: 0.048 | X3: 0.057 | Y3: 0.127 | Z3: 0.055 | AA3: 0.155 | AB3: 0.218 | AC3: 0.127 | AD3: 0.095 | AE3: 0.534 | AF3: 0.05 | AG3: 0.382 | AH3: 0.506 | AI3: 0.303 | AJ3: 0.051 | AK3: 0.13 | AL3: 0.045 | AM3: 0.288 | AN3: 0.047 | AO3: 0.331 | AP3: 0.046 | AQ3: 0.053 | AR3: 0 | AS3: 0.104 | AT3: 0.109 | AU3: 0.05 | AV3: 0.055 | AW3: 0.06 | AX3: 0.173 | AY3: 0.082 | AZ3: 0.447 | BA3: 0.039 | BB3: 0.081 | BC3: 0.161 | BD3: 0.088 | BE3: 0.14 | BF3: 0.135 | BG3: 0.055 | BH3: 0.079 | BI3: 0.07 | BJ3: 0.08 | BK3: 0.232 | BL3: 0.123 | BM3: 0.168 | BN3: 0.068 | BO3: 0.445 | BP3: 0.05 | BQ3: 0.037 | BR3: 0.292 | BS3: 0.059 | BT3: 0.053 | BU3: 0.056 | BV3: 0.048 | BW3: 0.05 | BX3: 0.051 | BY3: 0.084 | BZ3: 0.211 | CA3: 0.057 | CB3: 0.14 | CC3: 0.052 | CD3: 0.053 | CE3: 0.046 | CF3: 0.297 | CG3: 0.284 | CH3: 0.047 | CI3: 0.227 | CJ3: 0.049 | CK3: 0.189 | CL3: 0.05 | CM3: 0.129 | CN3: 0.143 | CO3: 0.155 | CP3: 0.11 | CQ3: 0.058 | CR3: 0.229 | CS3: 0.323 | CT3: 0.047 | CU3: 0.198 | CV3: 0.188 | CW3: 0.096 | CX3: 0.303 | CY3: 0.034 | CZ3: 0.052 | DA3: 0.057 | DB3: 0.039 | DC3: 0.093 | DD3: 0.115 | DE3: 0.183 | DF3: 0.508 | DG3: 0.058 | DH3: 0.121 | DI3: 0.203 | DJ3: 0.25 | DK3: 0.054 | DL3: 0.262 | DM3: 0.129 | DN3: 0.034 | DO3: 0.138 | DP3: 0.101 | DQ3: 0.047 | DR3: 0.447 | DS3: 1.634 | DT3: 0.052 | DU3: 0.067 | DV3: 0.049 | DW3: 0.15999194 | DX3: 19.839
A4: 3 | B4: 1 | C4: 0.18 | D4: 0.049 | E4: 0.063 | F4: 0.059 | G4: 0.047 | H4: 0.098 | I4: 0.053 | J4: 0.031 | K4: 0.081 | L4: 0.178 | M4: 0.166 | N4: 0.047 | O4: 0.129 | P4: 0.22 | Q4: 0.174 | R4: 0.559 | S4: 0.611 | T4: 0.152 | U4: 0.091 | V4: 0.059 | W4: 0.227 | X4: 0.057 | Y4: 0.048 | Z4: 0.214 | AA4: 0.053 | AB4: 0.08 | AC4: 0.05 | AD4: 0.051 | AE4: 0.055 | AF4: 0.213 | AG4: 0.061 | AH4: 0.384 | AI4: 0.101 | AJ4: 0.067 | AK4: 0.112 | AL4: 0.06 | AM4: 0.05 | AN4: 0.16 | AO4: 0.058 | AP4: 0.046 | AQ4: 0.12 | AR4: 0 | AS4: 0.058 | AT4: 0.165 | AU4: 0.086 | AV4: 0.388 | AW4: 0.06 | AX4: 0.166 | AY4: 0.048 | AZ4: 0.052 | BA4: 0.039 | BB4: 0.128 | BC4: 0.03 | BD4: 0.198 | BE4: 0.18 | BF4: 0.18 | BG4: 0.245 | BH4: 0.057 | BI4: 0.148 | BJ4: 0.08 | BK4: 0.056 | BL4: 0.051 | BM4: 0.085 | BN4: 0.244 | BO4: 0 | BP4: 0.05 | BQ4: 0.037 | BR4: 0.053 | BS4: 0.219 | BT4: 0.123 | BU4: 0.056 | BV4: 0.048 | BW4: 0.332 | BX4: 0.055 | BY4: 0.184 | BZ4: 0.043 | CA4: 0.057 | CB4: 0.193 | CC4: 0.198 | CD4: 0.306 | CE4: 0.046 | CF4: 0.133 | CG4: 0.135 | CH4: 0.177 | CI4: 0.051 | CJ4: 0.182 | CK4: 0.049 | CL4: 0.05 | CM4: 0.195 | CN4: 0.041 | CO4: 0.052 | CP4: 0.049 | CQ4: 0.101 | CR4: 0.073 | CS4: 0.273 | CT4: 0.047 | CU4: 0.054 | CV4: 0.054 | CW4: 0.159 | CX4: 0.1 | CY4: 0.034 | CZ4: 0.125 | DA4: 0.057 | DB4: 0.161 | DC4: 0.093 | DD4: 0.042 | DE4: 0.056 | DF4: 0.506 | DG4: 0.161 | DH4: 0.103 | DI4: 0.1 | DJ4: 0.167 | DK4: 0.054 | DL4: 0.188 | DM4: 0.05 | DN4: 0.151 | DO4: 0.084 | DP4: 0.128 | DQ4: 0.114 | DR4: 0.172 | DS4: 0 | DT4: 0.206 | DU4: 0.055 | DV4: 0.221 | DW4: 0.12145968 | DX4: 15.061
A5: 4 | B5: 1.5 | C5: 0.043 | D5: 0.204 | E5: 0.051 | F5: 0.059 | G5: 0.047 | H5: 0.108 | I5: 0.181 | J5: 0.168 | K5: 0.178 | L5: 0.051 | M5: 0.048 | N5: 0.093 | O5: 0.152 | P5: 0.121 | Q5: 0.13 | R5: 0.262 | S5: 0 | T5: 0.223 | U5: 0.168 | V5: 0.2 | W5: 0.17 | X5: 0.175 | Y5: 0.082 | Z5: 0.055 | AA5: 0.053 | AB5: 0.306 | AC5: 0.149 | AD5: 0.3 | AE5: 0.055 | AF5: 0.058 | AG5: 0.225 | AH5: 0.167 | AI5: 0.126 | AJ5: 0.207 | AK5: 0.107 | AL5: 0.196 | AM5: 0.05 | AN5: 0.1 | AO5: 0.226 | AP5: 0.046 | AQ5: 0.061 | AR5: 0 | AS5: 0.132 | AT5: 0.063 | AU5: 0.117 | AV5: 0.07 | AW5: 0.06 | AX5: 0.173 | AY5: 0.119 | AZ5: 0.052 | BA5: 0.039 | BB5: 0.174 | BC5: 0.161 | BD5: 0.058 | BE5: 0.14 | BF5: 0.181 | BG5: 0.065 | BH5: 0.201 | BI5: 0.148 | BJ5: 0.101 | BK5: 0.113 | BL5: 0.231 | BM5: 0.295 | BN5: 0.055 | BO5: 0 | BP5: 0.05 | BQ5: 0.207 | BR5: 0.053 | BS5: 0.316 | BT5: 0.153 | BU5: 0.168 | BV5: 0.048 | BW5: 0.075 | BX5: 0.121 | BY5: 0.055 | BZ5: 0.166 | CA5: 0.057 | CB5: 0.156 | CC5: 0.121 | CD5: 0.053 | CE5: 0.046 | CF5: 0.203 | CG5: 0.041 | CH5: 0.06 | CI5: 0.118 | CJ5: 0.049 | CK5: 0.088 | CL5: 0.05 | CM5: 0.104 | CN5: 0.082 | CO5: 0.298 | CP5: 0.11 | CQ5: 0.173 | CR5: 0.104 | CS5: 0.136 | CT5: 0.155 | CU5: 0.269 | CV5: 0.188 | CW5: 0.04 | CX5: 0.219 | CY5: 0.098 | CZ5: 0.052 | DA5: 0.057 | DB5: 0.039 | DC5: 0.243 | DD5: 0.042 | DE5: 0.056 | DF5: 0.483 | DG5: 0.106 | DH5: 0.086 | DI5: 0.203 | DJ5: 0.076 | DK5: 0.164 | DL5: 0.237 | DM5: 0.109 | DN5: 0.089 | DO5: 0.261 | DP5: 0.225 | DQ5: 0.183 | DR5: 0.544 | DS5: 0 | DT5: 0.052 | DU5: 0.055 | DV5: 0.154 | DW5: 0.12979839 | DX5: 16.095
A6: 5 | B6: 2 | C6: 0.05 | D6: 0.083 | E6: 0.051 | F6: 0.059 | G6: 0.047 | H6: 0.156 | I6: 0.194 | J6: 0.142 | K6: 0.054 | L6: 0.076 | M6: 0.048 | N6: 0.169 | O6: 0.198 | P6: 0.045 | Q6: 0.167 | R6: 0.094 | S6: 0 | T6: 0.141 | U6: 0.152 | V6: 0.059 | W6: 0.17 | X6: 0.057 | Y6: 0.093 | Z6: 0.164 | AA6: 0.166 | AB6: 0.151 | AC6: 0.104 | AD6: 0.051 | AE6: 0.055 | AF6: 0.089 | AG6: 0.061 | AH6: 0.046 | AI6: 0.3 | AJ6: 0.051 | AK6: 0.152 | AL6: 0.045 | AM6: 0.295 | AN6: 0.051 | AO6: 0.155 | AP6: 0.046 | AQ6: 0.095 | AR6: 0 | AS6: 0.067 | AT6: 0.117 | AU6: 0.05 | AV6: 0.107 | AW6: 0.06 | AX6: 0.059 | AY6: 0.048 | AZ6: 0.052 | BA6: 0.039 | BB6: 0.068 | BC6: 0.03 | BD6: 0.091 | BE6: 0.18 | BF6: 0.057 | BG6: 0.169 | BH6: 0.05 | BI6: 0.062 | BJ6: 0.06 | BK6: 0.048 | BL6: 0.089 | BM6: 0.065 | BN6: 0.171 | BO6: 0 | BP6: 0.05 | BQ6: 0.037 | BR6: 0.246 | BS6: 0.059 | BT6: 0.214 | BU6: 0.056 | BV6: 0.048 | BW6: 0.209 | BX6: 0.051 | BY6: 0.141 | BZ6: 0.089 | CA6: 0.057 | CB6: 0.125 | CC6: 0.133 | CD6: 0.053 | CE6: 0.046 | CF6: 0.039 | CG6: 0.259 | CH6: 0.138 | CI6: 0.075 | CJ6: 0.133 | CK6: 0.172 | CL6: 0.05 | CM6: 0.098 | CN6: 0.15 | CO6: 0.052 | CP6: 0.049 | CQ6: 0.058 | CR6: 0.198 | CS6: 0.057 | CT6: 0.066 | CU6: 0.187 | CV6: 0.054 | CW6: 0.175 | CX6: 0.199 | CY6: 0.047 | CZ6: 0.125 | DA6: 0.057 | DB6: 0.039 | DC6: 0.144 | DD6: 0.042 | DE6: 0.259 | DF6: 0.143 | DG6: 0.092 | DH6: 0.086 | DI6: 0.271 | DJ6: 0.392 | DK6: 0.054 | DL6: 0.06 | DM6: 0.188 | DN6: 0.034 | DO6: 0.038 | DP6: 0.063 | DQ6: 0.083 | DR6: 0.231 | DS6: 0 | DT6: 0.108 | DU6: 0.18 | DV6: 0.094 | DW6: 0.10301613 | DX6: 12.774
A7: 6 | B7: 2.5 | C7: 0.173 | D7: 0.049 | E7: 0.051 | F7: 0.059 | G7: 0.047 | H7: 0.206 | I7: 0.057 | J7: 0.106 | K7: 0.291 | L7: 0.153 | M7: 0.048 | N7: 0.047 | O7: 0.129 | P7: 0.148 | Q7: 0.133 | R7: 0.244 | S7: 0 | T7: 0.148 | U7: 0.138 | V7: 0.11 | W7: 0.228 | X7: 0.175 | Y7: 0.031 | Z7: 0.106 | AA7: 0.053 | AB7: 0.149 | AC7: 0.172 | AD7: 0.102 | AE7: 0.055 | AF7: 0.182 | AG7: 0.061 | AH7: 0.046 | AI7: 0.038 | AJ7: 0.207 | AK7: 0.048 | AL7: 0.075 | AM7: 0.072 | AN7: 0.194 | AO7: 0.174 | AP7: 0.046 | AQ7: 0.087 | AR7: 0 | AS7: 0.1 | AT7: 0.141 | AU7: 0.154 | AV7: 0.234 | AW7: 0.06 | AX7: 0.268 | AY7: 0.119 | AZ7: 0.052 | BA7: 0.039 | BB7: 0.118 | BC7: 0.115 | BD7: 0.339 | BE7: 0.112 | BF7: 0.266 | BG7: 0.157 | BH7: 0.136 | BI7: 0.117 | BJ7: 0.043 | BK7: 0.259 | BL7: 0.051 | BM7: 0.177 | BN7: 0.141 | BO7: 0 | BP7: 0.05 | BQ7: 0.13 | BR7: 0.114 | BS7: 0.059 | BT7: 0.062 | BU7: 0.168 | BV7: 0.048 | BW7: 0.197 | BX7: 0.051 | BY7: 0.127 | BZ7: 0.058 | CA7: 0.057 | CB7: 0.176 | CC7: 0.187 | CD7: 0.306 | CE7: 0.046 | CF7: 0.152 | CG7: 0.041 | CH7: 0.099 | CI7: 0.27 | CJ7: 0.097 | CK7: 0.265 | CL7: 0.05 | CM7: 0.28 | CN7: 0.041 | CO7: 0.244 | CP7: 0.086 | CQ7: 0.217 | CR7: 0.041 | CS7: 0.136 | CT7: 0.079 | CU7: 0.054 | CV7: 0.155 | CW7: 0.08 | CX7: 0.141 | CY7: 0.082 | CZ7: 0.052 | DA7: 0.057 | DB7: 0.039 | DC7: 0.278 | DD7: 0.111 | DE7: 0.079 | DF7: 0.031 | DG7: 0.174 | DH7: 0.05 | DI7: 0.248 | DJ7: 0.13 | DK7: 0.164 | DL7: 0.06 | DM7: 0.065 | DN7: 0.034 | DO7: 0.207 | DP7: 0.12 | DQ7: 0.214 | DR7: 0.333 | DS7: 0 | DT7: 0.15 | DU7: 0.055 | DV7: 0.281 | DW7: 0.12269355 | DX7: 15.214
A8: 7 | B8: 3 | C8: 0.043 | D8: 0.135 | E8: 0.051 | F8: 0.059 | G8: 0.047 | H8: 0.051 | I8: 0.119 | J8: 0.125 | K8: 0.092 | L8: 0.057 | M8: 0.166 | N8: 0.047 | O8: 0.373 | P8: 0.116 | Q8: 0.08 | R8: 0.046 | S8: 0 | T8: 0.279 | U8: 0.204 | V8: 0.149 | W8: 0.048 | X8: 0.057 | Y8: 0.031 | Z8: 0.077 | AA8: 0.104 | AB8: 0.315 | AC8: 0.141 | AD8: 0.249 | AE8: 0.055 | AF8: 0.05 | AG8: 0.21 | AH8: 0.046 | AI8: 0.301 | AJ8: 0.067 | AK8: 0.063 | AL8: 0.181 | AM8: 0.127 | AN8: 0.16 | AO8: 0.209 | AP8: 0.046 | AQ8: 0.053 | AR8: 0 | AS8: 0.1 | AT8: 0.12 | AU8: 0.05 | AV8: 0.1 | AW8: 0.06 | AX8: 0.07 | AY8: 0.146 | AZ8: 0.052 | BA8: 0.039 | BB8: 0.156 | BC8: 0.076 | BD8: 0.041 | BE8: 0.084 | BF8: 0.108 | BG8: 0.182 | BH8: 0.122 | BI8: 0.18 | BJ8: 0.043 | BK8: 0.105 | BL8: 0.19 | BM8: 0.212 | BN8: 0.112 | BO8: 0 | BP8: 0.05 | BQ8: 0.114 | BR8: 0.053 | BS8: 0.234 | BT8: 0.186 | BU8: 0.056 | BV8: 0.048 | BW8: 0.05 | BX8: 0.097 | BY8: 0.055 | BZ8: 0.196 | CA8: 0.057 | CB8: 0.105 | CC8: 0.052 | CD8: 0.053 | CE8: 0.046 | CF8: 0.039 | CG8: 0.041 | CH8: 0.047 | CI8: 0.051 | CJ8: 0.085 | CK8: 0.123 | CL8: 0.05 | CM8: 0.05 | CN8: 0.191 | CO8: 0.106 | CP8: 0.073 | CQ8: 0.058 | CR8: 0.054 | CS8: 0.057 | CT8: 0.142 | CU8: 0.137 | CV8: 0.088 | CW8: 0.04 | CX8: 0.244 | CY8: 0.068 | CZ8: 0.072 | DA8: 0.057 | DB8: 0.161 | DC8: 0.119 | DD8: 0.046 | DE8: 0.07 | DF8: 0 | DG8: 0.058 | DH8: 0.121 | DI8: 0.062 | DJ8: 0.123 | DK8: 0.054 | DL8: 0.06 | DM8: 0.119 | DN8: 0.034 | DO8: 0.138 | DP8: 0.245 | DQ8: 0.047 | DR8: 0.295 | DS8: 0 | DT8: 0.052 | DU8: 0.174 | DV8: 0.049 | DW8: 0.10104032 | DX8: 12.529
A9: 8 | B9: 3.5 | C9: 0.117 | D9: 0.15 | E9: 0.049 | F9: 0.057 | G9: 1.33 | H9: 0.307 | I9: 0.249 | J9: 0.108 | K9: 0.198 | L9: 0.169 | M9: 0.045 | N9: 0.093 | O9: 0.154 | P9: 0.149 | Q9: 0.187 | R9: 0.21 | S9: 0 | T9: 0.045 | U9: 0.131 | V9: 0.056 | W9: 0.307 | X9: 0.161 | Y9: 0.079 | Z9: 0.189 | AA9: 0.112 | AB9: 0.092 | AC9: 0.107 | AD9: 0.092 | AE9: 0.052 | AF9: 0.218 | AG9: 0.074 | AH9: 0.043 | AI9: 0.086 | AJ9: 0.048 | AK9: 0.194 | AL9: 0.043 | AM9: 0.223 | AN9: 0.044 | AO9: 0.244 | AP9: 0.043 | AQ9: 0.126 | AR9: 0 | AS9: 0.055 | AT9: 0.144 | AU9: 0.047 | AV9: 0.164 | AW9: 0.057 | AX9: 0.08 | AY9: 0.049 | AZ9: 0.049 | BA9: 0.036 | BB9: 0.094 | BC9: 0.079 | BD9: 0.22 | BE9: 0.133 | BF9: 0.12 | BG9: 0.077 | BH9: 0.077 | BI9: 0.059 | BJ9: 0.116 | BK9: 0.066 | BL9: 0.127 | BM9: 0.078 | BN9: 0.153 | BO9: 0 | BP9: 0.047 | BQ9: 0.034 | BR9: 0.303 | BS9: 0.3 | BT9: 0.174 | BU9: 0.053 | BV9: 0.045 | BW9: 0.353 | BX9: 0.077 | BY9: 0.13 | BZ9: 0.04 | CA9: 0.054 | CB9: 0.177 | CC9: 0.049 | CD9: 0.207 | CE9: 0.044 | CF9: 0.175 | CG9: 0.038 | CH9: 0.187 | CI9: 0.242 | CJ9: 0.143 | CK9: 0.047 | CL9: 0.047 | CM9: 0.192 | CN9: 0.039 | CO9: 0.105 | CP9: 0.046 | CQ9: 0.16 | CR9: 0.18 | CS9: 0.054 | CT9: 0.044 | CU9: 0 | CV9: 0.105 | CW9: 0.102 | CX9: 0.207 | CY9: 0.073 | CZ9: 0.103 | DA9: 0.054 | DB9: 0.037 | DC9: 0.147 | DD9: 0.04 | DE9: 0.266 | DF9: 0 | DG9: 0.198 | DH9: 0.054 | DI9: 0.324 | DJ9: 0.267 | DK9: 0.051 | DL9: 0.057 | DM9: 0.109 | DN9: 0.179 | DO9: 0.173 | DP9: 0.105 | DQ9: 0.1 | DR9: 0 | DS9: 0 | DT9: 0.05 | DU9: 0.06 | DV9: 0.291 | DW9: 0.12418548 | DX9: 15.399
A10: 9 | B10: 4 | C10: 0.08 | D10: 0.018 | E10: 0.02 | F10: 0.034 | G10: 0 | H10: 0.001 | I10: 0.003 | J10: 0.068 | K10: 0.158 | L10: 0.014 | M10: 0 | N10: 0.127 | O10: 0 | P10: 0.145 | Q10: 0.119 | R10: 0 | S10: 0 | T10: 0.132 | U10: 0.121 | V10: 0.151 | W10: 0.064 | X10: 0.038 | Y10: 0.056 | Z10: 0.005 | AA10: 0.009 | AB10: 0.176 | AC10: 0.136 | AD10: 0.18 | AE10: 0.005 | AF10: 0.302 | AG10: 0.03 | AH10: 0 | AI10: 0.029 | AJ10: 0.179 | AK10: 0.011 | AL10: 0.18 | AM10: 0.04 | AN10: 0.162 | AO10: 0.134 | AP10: 0.002 | AQ10: 0.009 | AR10: 0 | AS10: 0.092 | AT10: 0.083 | AU10: 0.000265513 | AV10: 0.142 | AW10: 0.01 | AX10: 0.119 | AY10: 0.163 | AZ10: 0.015 | BA10: 0.002 | BB10: 0.046 | BC10: 0.059 | BD10: 0.169 | BE10: 0.05 | BF10: 0.118 | BG10: 0.099 | BH10: 0.154 | BI10: 0.169 | BJ10: 0.018 | BK10: 0.166 | BL10: 0.042 | BM10: 0.094 | BN10: 0.083 | BO10: 0 | BP10: 0.013 | BQ10: 0.158 | BR10: 0.009 | BS10: 0.034 | BT10: 0.056 | BU10: 0.006 | BV10: 0.011 | BW10: 0.000265513 | BX10: 0.007 | BY10: 0.084 | BZ10: 0.174 | CA10: 0.007 | CB10: 0.03 | CC10: 0.111 | CD10: 0.112 | CE10: 0.015 | CF10: 0.103 | CG10: 0.085 | CH10: 0 | CI10: 0.083 | CJ10: 0.005 | CK10: 0.232 | CL10: 0.013 | CM10: 0.146 | CN10: 0.145 | CO10: 0.152 | CP10: 0 | CQ10: 0 | CR10: 0.089 | CS10: 0.016 | CT10: 0.041 | CU10: 0 | CV10: 0.091 | CW10: 0.133 | CX10: 0.113 | CY10: 0 | CZ10: 0.027 | DA10: 0.007 | DB10: 0.008 | DC10: 0.125 | DD10: 0.017 | DE10: 0.031 | DF10: 0 | DG10: 0.015 | DH10: 0.064 | DI10: 0.122 | DJ10: 0.137 | DK10: 0.065 | DL10: 0.023 | DM10: 0 | DN10: 0.008 | DO10: 0.098 | DP10: 0.207 | DQ10: 0.164 | DR10: 0 | DS10: 0 | DT10: 0.097 | DU10: 0.03 | DV10: 0.071 | DW10: 0.067915573 | DX10: 8.421531
A11: 10 | B11: 4.5 | C11: 0 | D11: 0.093 | E11: 0 | F11: 0 | G11: 0 | H11: 0 | I11: 0 | J11: 0.03 | K11: 0 | L11: 0.004 | M11: 0 | N11: 0 | O11: 0 | P11: 0 | Q11: 0 | R11: 0 | S11: 0 | T11: 0.155 | U11: 0 | V11: 0 | W11: 0 | X11: 0.018 | Y11: 0 | Z11: 0 | AA11: 0 | AB11: 0.07 | AC11: 0 | AD11: 0 | AE11: 0 | AF11: 0.008 | AG11: 0.08 | AH11: 0 | AI11: 0.031 | AJ11: 0 | AK11: 0.022 | AL11: 0 | AM11: 0.042 | AN11: 0 | AO11: 0 | AP11: 0 | AQ11: 0 | AR11: 0 | AS11: 0 | AT11: 0.049 | AU11: 0 | AV11: 0 | AW11: 0 | AX11: 0 | AY11: 0 | AZ11: 0 | BA11: 0 | BB11: 0 | BC11: 0.755 | BD11: 0 | BE11: 0 | BF11: 0 | BG11: 0.081 | BH11: 0 | BI11: 0 | BJ11: 0 | BK11: 0 | BL11: 0.031 | BM11: 0 | BN11: 0.027 | BO11: 0 | BP11: 0 | BQ11: 0 | BR11: 0 | BS11: 0.17 | BT11: 0.094 | BU11: 0 | BV11: 0 | BW11: 0.042 | BX11: 0 | BY11: 0 | BZ11: 0 | CA11: 0 | CB11: 0.107 | CC11: 0 | CD11: 0 | CE11: 0 | CF11: 0 | CG11: 0 | CH11: 0 | CI11: 0 | CJ11: 0 | CK11: 0 | CL11: 0 | CM11: 0 | CN11: 0 | CO11: 0 | CP11: 0 | CQ11: 0 | CR11: 0.037 | CS11: 0 | CT11: 0 | CU11: 0 | CV11: 0 | CW11: 0 | CX11: 0.22 | CY11: 0 | CZ11: 0 | DA11: 0 | DB11: 0.016 | DC11: 0.115 | DD11: 0 | DE11: 0 | DF11: 0 | DG11: 0 | DH11: 0 | DI11: 0.041 | DJ11: 0.041 | DK11: 0 | DL11: 0 | DM11: 0 | DN11: 0 | DO11: 0 | DP11: 0 | DQ11: 0 | DR11: 0 | DS11: 0 | DT11: 0.02 | DU11: 0 | DV11: 0.171 | DW11: 0.020725806 | DX11: 2.57
A12: 11 | B12: 5 | C12: 0 | D12: 0 | E12: 0 | F12: 0 | G12: 0 | H12: 0 | I12: 0 | J12: 0 | K12: 0.098 | L12: 0 | M12: 0 | N12: 0 | O12: 0 | P12: 0 | Q12: 0.04 | R12: 0 | S12: 0 | T12: 0 | U12: 0 | V12: 0 | W12: 0.054 | X12: 0 | Y12: 0 | Z12: 0 | AA12: 0 | AB12: 0 | AC12: 0 | AD12: 0 | AE12: 0 | AF12: 0 | AG12: 0 | AH12: 0 | AI12: 0 | AJ12: 0 | AK12: 0 | AL12: 0 | AM12: 0 | AN12: 0 | AO12: 0 | AP12: 0 | AQ12: 0 | AR12: 0 | AS12: 0 | AT12: 0 | AU12: 0 | AV12: 0 | AW12: 0 | AX12: 0 | AY12: 0 | AZ12: 0 | BA12: 0 | BB12: 0 | BC12: 0 | BD12: 0 | BE12: 0 | BF12: 0 | BG12: 0 | BH12: 0 | BI12: 0 | BJ12: 0 | BK12: 0 | BL12: 0 | BM12: 0.102 | BN12: 0.025 | BO12: 0 | BP12: 0 | BQ12: 0 | BR12: 0 | BS12: 0.018 | BT12: 0 | BU12: 0 | BV12: 0 | BW12: 0 | BX12: 0 | BY12: 0 | BZ12: 0 | CA12: 0 | CB12: 0 | CC12: 0 | CD12: 0 | CE12: 0 | CF12: 0 | CG12: 0 | CH12: 0 | CI12: 0.121 | CJ12: 0 | CK12: 0 | CL12: 0 | CM12: 0 | CN12: 0 | CO12: 0 | CP12: 0 | CQ12: 0 | CR12: 0 | CS12: 0 | CT12: 0 | CU12: 0 | CV12: 0 | CW12: 0 | CX12: 0 | CY12: 0 | CZ12: 0 | DA12: 0 | DB12: 0 | DC12: 0.06 | DD12: 0 | DE12: 0 | DF12: 0 | DG12: 0 | DH12: 0 | DI12: 0 | DJ12: 0 | DK12: 0 | DL12: 0 | DM12: 0 | DN12: 0 | DO12: 0 | DP12: 0 | DQ12: 0 | DR12: 0 | DS12: 0 | DT12: 0 | DU12: 0 | DV12: 0.03 | DW12: 0.0044193548 | DX12: 0.548
A13: 12 | B13: 5.5 | C13: 0 | D13: 0 | E13: 0 | F13: 0 | G13: 0 | H13: 0 | I13: 0 | J13: 0 | K13: 0 | L13: 0 | M13: 0 | N13: 0 | O13: 0 | P13: 0 | Q13: 0 | R13: 0 | S13: 0 | T13: 0.097 | U13: 0 | V13: 0 | W13: 0 | X13: 0 | Y13: 0 | Z13: 0 | AA13: 0 | AB13: 0 | AC13: 0 | AD13: 0 | AE13: 0 | AF13: 0 | AG13: 0 | AH13: 0 | AI13: 0 | AJ13: 0 | AK13: 0 | AL13: 0 | AM13: 0 | AN13: 0 | AO13: 0 | AP13: 0 | AQ13: 0 | AR13: 0 | AS13: 0 | AT13: 0 | AU13: 0 | AV13: 0 | AW13: 0 | AX13: 0 | AY13: 0 | AZ13: 0 | BA13: 0 | BB13: 0 | BC13: 0 | BD13: 0.024 | BE13: 0 | BF13: 0 | BG13: 0 | BH13: 0 | BI13: 0 | BJ13: 0 | BK13: 0 | BL13: 0 | BM13: 0 | BN13: 0 | BO13: 0 | BP13: 0 | BQ13: 0 | BR13: 0 | BS13: 0 | BT13: 0 | BU13: 0 | BV13: 0 | BW13: 0 | BX13: 0 | BY13: 0 | BZ13: 0 | CA13: 0 | CB13: 0 | CC13: 0 | CD13: 0 | CE13: 0 | CF13: 0 | CG13: 0 | CH13: 0 | CI13: 0 | CJ13: 0 | CK13: 0 | CL13: 0 | CM13: 0 | CN13: 0 | CO13: 0 | CP13: 0 | CQ13: 0 | CR13: 0 | CS13: 0 | CT13: 0 | CU13: 0 | CV13: 0 | CW13: 0 | CX13: 0 | CY13: 0 | CZ13: 0 | DA13: 0 | DB13: 0 | DC13: 0 | DD13: 0 | DE13: 0 | DF13: 0 | DG13: 0 | DH13: 0 | DI13: 0 | DJ13: 0 | DK13: 0 | DL13: 0 | DM13: 0 | DN13: 0 | DO13: 0 | DP13: 0 | DQ13: 0 | DR13: 0 | DS13: 0 | DT13: 0 | DU13: 0 | DV13: 0 | DW13: 0.00097580645 | DX13: 0.121
... A49: 48 | B49: 23.5 | C49: 0.693 | D49: 0.049 | E49: 0.051 | F49: 0.059 | G49: 0.047 | H49: 0.051 | I49: 0.191 | J49: 0.087 | K49: 0.506 | L49: 0.153 | M49: 0.212 | N49: 0.078 | O49: 0.107 | P49: 0.045 | Q49: 0.203 | R49: 0.163 | S49: 0.175 | T49: 0.232 | U49: 0.132 | V49: 0.175 | W49: 0.111 | X49: 0.14 | Y49: 0.144 | Z49: 0.185 | AA49: 0.053 | AB49: 0 | AC49: 0.059 | AD49: 0.231 | AE49: 0.055 | AF49: 0.151 | AG49: 0 | AH49: 0.504 | AI49: 0.311 | AJ49: 0.434 | AK49: 0 | AL49: 0 | AM49: 0.616 | AN49: 0.557 | AO49: 0.062 | AP49: 0.046 | AQ49: 0.338 | AR49: 0.055 | AS49: 0.058 | AT49: 0.173 | AU49: 0.138 | AV49: 0 | AW49: 1.103 | AX49: 0.165 | AY49: 0 | AZ49: 0 | BA49: 0.279 | BB49: 0.162 | BC49: 0.03 | BD49: 0.133 | BE49: 0.07 | BF49: 0.158 | BG49: 0.31 | BH49: 0.05 | BI49: 0.062 | BJ49: 0.289 | BK49: 0.295 | BL49: 0.051 | BM49: 0.099 | BN49: 0.118 | BO49: 0.095 | BP49: 0 | BQ49: 0.757 | BR49: 0.264 | BS49: 0 | BT49: 0.179 | BU49: 0.624 | BV49: 0.513 | BW49: 0.11 | BX49: 0.051 | BY49: 0.447 | BZ49: 0.043 | CA49: 0.057 | CB49: 0.194 | CC49: 0.052 | CD49: 0.128 | CE49: 0.081 | CF49: 0 | CG49: 0.041 | CH49: 0.047 | CI49: 0.137 | CJ49: 0.055 | CK49: 0.181 | CL49: 0.05 | CM49: 0.328 | CN49: 0.041 | CO49: 0.244 | CP49: 0 | CQ49: 0.058 | CR49: 0.292 | CS49: 0.592 | CT49: 0.537 | CU49: 0.295 | CV49: 0.192 | CW49: 0.199 | CX49: 0 | CY49: 0.309 | CZ49: 0.612 | DA49: 0.057 | DB49: 0.475 | DC49: 0.633 | DD49: 0.087 | DE49: 0.208 | DF49: 0 | DG49: 0.058 | DH49: 0.058 | DI49: 0.685 | DJ49: 0.213 | DK49: 0 | DL49: 0.623 | DM49: 0.113 | DN49: 0.337 | DO49: 0.207 | DP49: 0.22 | DQ49: 0.047 | DR49: 0.253 | DS49: 0.09 | DT49: 0 | DU49: 0.153 | DV49: 0 | DW49: 0.18972581 | DX49: 23.526

Sheet Net_kW
A1: period | B1: hour | C1: BES_TR8_one223_B | D1: BES_TR8_one252_C | E1: BES_TR8_one280_A | F1: BES_TR8_one313_A | G1: BES_TR8_one321_C | H1: BES_TR8_one345_A | I1: BES_TR8_one375_C | J1: BES_TR8_one410_B | K1: BES_TR8_one416_C | L1: BES_TR8_one423_B | M1: BES_TR8_one446_B | N1: BES_TR8_one469_A | O1: BES_TR8_one477_A | P1: BES_TR8_one482_B | Q1: BES_TR8_one61_A | R1: BES_TR8_one552_B | S1: BES_TR8_one560_C | T1: BES_TR8_one73_A | U1: BES_TR8_one137_A | V1: BES_TR8_four50_C | W1: BES_TR8_four171_A | X1: BES_TR8_four180_A | Y1: BES_TR8_four200_A | Z1: BES_TR8_four239_A | AA1: BES_TR8_four259_B | AB1: BES_TR8_four265_C | AC1: BES_TR8_four54_C | AD1: BES_TR8_four288_B | AE1: BES_TR8_four289_B | AF1: BES_TR8_four292_C | AG1: BES_TR8_four301_C | AH1: BES_TR8_four326_A | AI1: BES_TR8_four352_A | AJ1: BES_TR8_four358_C | AK1: BES_TR8_four368_C | AL1: BES_TR8_four372_C | AM1: BES_TR8_four381_A | AN1: BES_TR8_four385_A | AO1: BES_TR8_four423_C | AP1: BES_TR8_four437_A | AQ1: BES_TR8_four446_B | AR1: BES_TR8_four466_C | AS1: BES_TR8_four467_C | AT1: BES_TR8_four548_B | AU1: BES_TR8_four558_C | AV1: BES_TR8_four562_C | AW1: BES_TR8_four590_A | AX1: BES_TR8_four604_A | AY1: BES_TR8_four78_B | AZ1: BES_TR8_four734_A | BA1: BES_TR8_four797_C | BB1: BES_TR8_four846_C | BC1: BES_TR8_four854_A | BD1: BES_TR8_four936_C | BE1: BES_TR8_four950_B | BF1: BES_TR8_four978_A | BG1: BES_TR8_four104_A | BH1: BES_TR8_four988_A | BI1: BES_TR8_four1013_B | BJ1: BES_TR8_four1027_A | BK1: BES_TR8_four1132_C | BL1: BES_TR8_four126_A | BM1: BES_TR8_four1187_A | BN1: BES_TR8_four1207_B | BO1: BES_TR8_five168_A | BP1: BES_TR8_five186_C | BQ1: BES_TR8_five194_C | BR1: BES_TR8_five223_A | BS1: BES_TR8_five303_B | BT1: BES_TR8_five324_B | BU1: BES_TR8_five345_A | BV1: BES_TR8_five421_A | BW1: BES_TR8_five488_B | BX1: BES_TR8_five513_B | BY1: BES_TR8_five537_C | BZ1: BES_TR8_five540_A | CA1: BES_TR8_five551_C | CB1: BES_TR8_five631_B | CC1: BES_TR8_five649_A | CD1: BES_TR8_five663_C | CE1: BES_TR8_five670_C | CF1: BES_TR8_five704_A | CG1: BES_TR8_five719_A | CH1: BES_TR8_five750_B | CI1: BES_TR8_five793_A | CJ1: BES_TR8_five801_C | CK1: BES_TR8_five905_B | CL1: BES_TR8_five118_B | CM1: BES_TR8_five123_B | CN1: BES_TR8_six64_A | CO1: BES_TR8_six154_C | CP1: BES_TR8_six173_C | CQ1: BES_TR8_six232_C | CR1: BES_TR8_six238_A | CS1: BES_TR8_six269_C | CT1: BES_TR8_six289_C | CU1: BES_TR8_six317_C | CV1: BES_TR8_six326_A | CW1: BES_TR8_six329_A | CX1: BES_TR8_six342_A | CY1: BES_TR8_six350_B | CZ1: BES_TR8_six365_C | DA1: BES_TR8_six75_A | DB1: BES_TR8_six385_B | DC1: BES_TR8_six431_C | DD1: BES_TR8_six571_C | DE1: BES_TR8_six595_B | DF1: BES_TR8_six643_A | DG1: BES_TR8_six652_A | DH1: BES_TR8_six667_A | DI1: BES_TR8_six699_C | DJ1: BES_TR8_six723_B | DK1: BES_TR8_six740_A | DL1: BES_TR8_six90_B | DM1: BES_TR8_six801_C | DN1: BES_TR8_six807_A | DO1: BES_TR8_six844_C | DP1: BES_TR8_six860_C | DQ1: BES_TR8_six909_C | DR1: BES_TR8_six914_A | DS1: BES_TR8_six111_C | DT1: BES_TR8_six1006_C | DU1: BES_TR8_six1020_A | DV1: BES_TR8_six1064_C | DW1: fleet_average | DX1: fleet_total
A2: 1 | B2: 0 | C2: -7.2e-05 | D2: 0 | E2: -0.00037566667 | F2: 0 | G2: 0 | H2: 0.00037666667 | I2: -0.00011733333 | J2: 0.00022033333 | K2: 0.00037333333 | L2: -4.4333333e-05 | M2: -0.00042 | N2: -0.00039 | O2: 0.00012433333 | P2: -0.00011066667 | Q2: 0.000348 | R2: 2.3333333e-05 | S2: 0.000224 | T2: 0.00030066667 | U2: -0.00027066667 | V2: -0.00035 | W2: -0.000414 | X2: 0 | Y2: 0 | Z2: 0 | AA2: 0.000342 | AB2: -0.00037266667 | AC2: 0.000292 | AD2: 0.00016833333 | AE2: -2.8333333e-05 | AF2: -3.8e-05 | AG2: 0.00028833333 | AH2: 0.000378 | AI2: -6.4e-05 | AJ2: 0.00026 | AK2: -0.00022966667 | AL2: -6.9388939e-18 | AM2: -0.000172 | AN2: 7.2e-05 | AO2: 0.00019833333 | AP2: 0 | AQ2: -0.00019 | AR2: 0.047516667 | AS2: 0.00014133333 | AT2: 0 | AU2: 6.1333333e-05 | AV2: -0.000358 | AW2: -6.9388939e-18 | AX2: 0 | AY2: -0.00044733333 | AZ2: 4e-05 | BA2: 9.7333333e-05 | BB2: -0.00012633333 | BC2: -3.469447e-18 | BD2: 0.00024033333 | BE2: 0.000101 | BF2: -0.00013533333 | BG2: -0.000201 | BH2: 0.000234 | BI2: -0.000129 | BJ2: -0.00043433333 | BK2: 0.00033066667 | BL2: -0.00020133333 | BM2: 7.7666667e-05 | BN2: 0.00029466667 | BO2: 0.0001 | BP2: 0 | BQ2: -2.9666667e-05 | BR2: 0.000455 | BS2: -0.000434 | BT2: -0.00041733333 | BU2: -0.00028466667 | BV2: 0 | BW2: 0.00037866667 | BX2: -0.00036 | BY2: 0.00043133333 | BZ2: -6.9388939e-18 | CA2: 0 | CB2: -0.00049333333 | CC2: 0.00030233333 | CD2: 0.00049866667 | CE2: 0 | CF2: -0.00025166667 | CG2: -0.000263 | CH2: 0.00029333333 | CI2: -0.000304 | CJ2: -0.00031233333 | CK2: 0.00042666667 | CL2: 0 | CM2: 0 | CN2: -0.00028333333 | CO2: 0.000304 | CP2: 0 | CQ2: 0.000217 | CR2: 0 | CS2: 0.00029866667 | CT2: -0.000339 | CU2: -6.8666667e-05 | CV2: 0 | CW2: 0 | CX2: 0 | CY2: -0.000347 | CZ2: 0.000422 | DA2: 0 | DB2: 3.3333333e-07 | DC2: 0.00046233333 | DD2: 6.9388939e-18 | DE2: -0.000276 | DF2: 0.00035233333 | DG2: 0 | DH2: 0 | DI2: -7.9e-05 | DJ2: 0.00014066667 | DK2: 0.00016266667 | DL2: -0.000166 | DM2: -0.00040066667 | DN2: 0 | DO2: 0 | DP2: 0.00033866667 | DQ2: 0.000344 | DR2: 0.00020933333 | DS2: -0.00015466667 | DT2: -0.000204 | DU2: 0.000398 | DV2: 0.000446 | DW2: 0.00039472849 | DX2: 0.048946333
A3: 2 | B3: 0.5 | C3: -6.9388939e-18 | D3: -0.000404 | E3: 0.00030973333 | F3: 0 | G3: 0 | H3: -0.00021333333 | I3: -0.000474 | J3: 0 | K3: -0.000174 | L3: 0 | M3: 0 | N3: -0.00024 | O3: -0.00025266667 | P3: -6.9388939e-18 | Q3: -0.00020666667 | R3: 0.00045066667 | S3: -6.6666667e-05 | T3: 0.000402 | U3: -0.00044733333 | V3: 0.000124 | W3: 0 | X3: 0 | Y3: -0.00034666667 | Z3: 0 | AA3: 7.8e-05 | AB3: -0.00012766667 | AC3: 0.00014933333 | AD3: -0.00035966667 | AE3: -0.00045133333 | AF3: 0 | AG3: 0.000116 | AH3: 0.000309 | AI3: -0.000448 | AJ3: 0 | AK3: -0.00022966667 | AL3: -6.9388939e-18 | AM3: -0.00028733333 | AN3: 0 | AO3: 3.1666667e-05 | AP3: 0 | AQ3: 0 | AR3: 0.055 | AS3: 0.00042666667 | AT3: -0.00027 | AU3: 0 | AV3: 0 | AW3: -6.9388939e-18 | AX3: -0.00016 | AY3: 0.00022066667 | AZ3: -0.00033666667 | BA3: 0 | BB3: 0.00018866667 | BC3: 0.00044 | BD3: 0.00045 | BE3: 3.6e-05 | BF3: 4.2e-05 | BG3: -0.00046266667 | BH3: -0.00028133333 | BI3: -0.000149 | BJ3: 0.000281 | BK3: -9.6e-05 | BL3: -0.00017533333 | BM3: 0.00044566667 | BN3: 0.00022333333 | BO3: 0.088976667 | BP3: 0 | BQ3: 0 | BR3: -0.000119 | BS3: 0 | BT3: 0 | BU3: 0 | BV3: 0 | BW3: 0 | BX3: 0 | BY3: -0.000364 | BZ3: 0.000454 | CA3: 0 | CB3: -0.00042 | CC3: 0 | CD3: 0 | CE3: 0 | CF3: 0.000479 | CG3: 7e-05 | CH3: 0 | CI3: -7.3333333e-06 | CJ3: 0 | CK3: -0.00024133333 | CL3: 0 | CM3: 2e-06 | CN3: 0.0001 | CO3: -6.8e-05 | CP3: -4e-05 | CQ3: 0 | CR3: -6.7333333e-05 | CS3: 0.00022666667 | CT3: 0 | CU3: -1.8e-05 | CV3: 0.00036 | CW3: -0.000308 | CX3: 0.000148 | CY3: 0 | CZ3: 0 | DA3: 0 | DB3: 0 | DC3: 0.000176 | DD3: -1.6e-05 | DE3: 0.00025333333 | DF3: -0.00019566667 | DG3: 0 | DH3: 0.000232 | DI3: -0.00027733333 | DJ3: -0.000372 | DK3: 0 | DL3: 4.6666667e-05 | DM3: -0.00019533333 | DN3: 0 | DO3: 0.00025866667 | DP3: 0.000252 | DQ3: 0 | DR3: 0.00013533333 | DS3: 0.11404333 | DT3: 0 | DU3: 0.00048866667 | DV3: 0 | DW3: 0.0020730435 | DX3: 0.2570574
A4: 3 | B4: 1 | C4: 0.00032 | D4: 0 | E4: 1.7866667e-05 | F4: 0 | G4: 0 | H4: -0.000338 | I4: 0 | J4: 0 | K4: 0.00029466667 | L4: 6.6666667e-06 | M4: -0.00042 | N4: 0 | O4: -0.00036333333 | P4: -0.00043733333 | Q4: 0.000438 | R4: -0.00038333333 | S4: 0.059088667 | T4: -0.000347 | U4: 0.00045866667 | V4: 0 | W4: 0.00022766667 | X4: 0 | Y4: -0.00012 | Z4: 0.000258 | AA4: 0 | AB4: 0.00013333333 | AC4: 0 | AD4: 0 | AE4: 0 | AF4: 0.000191 | AG4: 0 | AH4: 0.00027 | AI4: -8.5333333e-05 | AJ4: -0.00044 | AK4: 0.00022933333 | AL4: 0.00013733333 | AM4: 0 | AN4: -0.000365 | AO4: -0.00034533333 | AP4: 0 | AQ4: 0.00038666667 | AR4: 0.055 | AS4: 0 | AT4: -0.00023333333 | AU4: 0.00033933333 | AV4: 0.000255 | AW4: -6.9388939e-18 | AX4: -7.7333333e-05 | AY4: 0 | AZ4: 0 | BA4: 0 | BB4: -0.00025066667 | BC4: -3.469447e-18 | BD4: -0.000153 | BE4: -0.00018 | BF4: -2.6666667e-06 | BG4: -8.3333333e-05 | BH4: 0.00017966667 | BI4: 0.000361 | BJ4: 0.000281 | BK4: 7.6666667e-05 | BL4: 0 | BM4: -0.000154 | BN4: -0.00020366667 | BO4: 0.077342667 | BP4: 0 | BQ4: 0 | BR4: 0 | BS4: 0.00048666667 | BT4: -0.00015 | BU4: 0 | BV4: 0 | BW4: -0.00039233333 | BX4: 0.00014666667 | BY4: -0.000138 | BZ4: -6.9388939e-18 | CA4: 0 | CB4: 0.00020133333 | CC4: 0.00036766667 | CD4: 9.7333333e-05 | CE4: 0 | CF4: 0.00014266667 | CG4: -0.00022333333 | CH4: 0.00026666667 | CI4: 0 | CJ4: -0.00026666667 | CK4: 0 | CL4: 0 | CM4: 8.6333333e-05 | CN4: 0 | CO4: 0 | CP4: 0 | CQ4: 0.00028 | CR4: -0.00014666667 | CS4: -0.000331 | CT4: 0 | CU4: 0 | CV4: 0 | CW4: 0.00034 | CX4: -0.000248 | CY4: 0 | CZ4: 0.000422 | DA4: 0 | DB4: 6.6666667e-07 | DC4: 0.000176 | DD4: 6.9388939e-18 | DE4: 0 | DF4: -0.00014733333 | DG4: -0.000275 | DH4: 0.00047666667 | DI4: -0.00033266667 | DJ4: -8.9333333e-05 | DK4: 0 | DL4: 0.00024736667 | DM4: 0.00049766667 | DN4: -8.5e-05 | DO4: 8.2e-05 | DP4: -0.000148 | DQ4: 0.000288 | DR4: 0.00034133333 | DS4: 0.257956 | DT4: -0.00024933333 | DU4: 0 | DV4: -0.00016866667 | DW4: 0.0036356632 | DX4: 0.45082223
A5: 4 | B5: 1.5 | C5: -6.9388939e-18 | D5: 0.000124 | E5: 0 | F5: 0 | G5: 0 | H5: 3.1333333e-05 | I5: 0.00026366667 | J5: -0.00035066667 | K5: 0.00037333333 | L5: 0 | M5: 0 | N5: -8e-05 | O5: 1.9e-05 | P5: -0.000172 | Q5: 4.4e-05 | R5: 5.6333333e-05 | S5: 0.35930333 | T5: 1.5666667e-05 | U5: 0.00032933333 | V5: 0.000394 | W5: 0.000445 | X5: 0.00045333333 | Y5: -0.00036 | Z5: 0 | AA5: 0 | AB5: -0.00039933333 | AC5: -8.2666667e-05 | AD5: -0.00019133333 | AE5: 0 | AF5: -0.000229 | AG5: -0.00010733333 | AH5: -0.00014333333 | AI5: -0.000256 | AJ5: -0.0004 | AK5: 0.00046933333 | AL5: 0.00037333333 | AM5: 0 | AN5: -0.000437 | AO5: 7.4e-05 | AP5: 0 | AQ5: 0.00042333333 | AR5: 0.055 | AS5: 0.00028266667 | AT5: -9e-05 | AU5: 0.00048733333 | AV5: -0.00011333333 | AW5: -6.9388939e-18 | AX5: -0.00016 | AY5: 0.000142 | AZ5: 0 | BA5: 0 | BB5: 0.00038093333 | BC5: 0.00044 | BD5: 0.00019333333 | BE5: 3.6e-05 | BF5: 0.000166 | BG5: 0.000288 | BH5: -0.000227 | BI5: 0.000361 | BJ5: -7.3333333e-06 | BK5: -0.00038666667 | BL5: 0.00022866667 | BM5: 0.000335 | BN5: 0 | BO5: 0.14737067 | BP5: 0 | BQ5: 0.00026533333 | BR5: 0 | BS5: -0.00024 | BT5: 0.00026133333 | BU5: -0.00028466667 | BV5: 0 | BW5: -0.000483 | BX5: 0.00049333333 | BY5: 0 | BZ5: -0.000488 | CA5: 0 | CB5: -0.00032333333 | CC5: 0.00021833333 | CD5: 0 | CE5: 0 | CF5: 0.00041666667 | CG5: 0 | CH5: 2.6666667e-05 | CI5: -0.000304 | CJ5: 0 | CK5: -0.00011466667 | CL5: 0 | CM5: 6.9e-05 | CN5: -0.00016 | CO5: 0.000236 | CP5: -4e-05 | CQ5: 0.00041333333 | CR5: -0.00017933333 | CS5: 0.000302 | CT5: -0.000339 | CU5: 0.000334 | CV5: 0.00036 | CW5: 0 | CX5: -0.00025 | CY5: 0.000215 | CZ5: 0 | DA5: 0 | DB5: 0 | DC5: 0.000106 | DD5: 6.9388939e-18 | DE5: 0 | DF5: 0.00013666667 | DG5: -6.1666667e-05 | DH5: -0.000384 | DI5: -0.000381 | DJ5: 0.000396 | DK5: 2.1333333e-05 | DL5: -0.00011666667 | DM5: -0.000207 | DN5: -0.00043966667 | DO5: 0.00014233333 | DP5: -0.00040933333 | DQ5: 0.000122 | DR5: 0.00043433333 | DS5: 0.52382167 | DT5: 0 | DU5: 0 | DV5: 0.000344 | DW5: 0.0087793624 | DX5: 1.0886409
A6: 5 | B6: 2 | C6: -0.000134 | D6: 0.000472 | E6: 0 | F6: 0 | G6: 0 | H6: -0.000439 | I6: 0.000145 | J6: 0.000454 | K6: 0 | L6: 0.00040133333 | M6: 0 | N6: 0.00045333333 | O6: -0.00039033333 | P6: -6.9388939e-18 | Q6: 0.00041366667 | R6: 0.000186 | S6: 0.52779667 | T6: -9.8e-05 | U6: -0.00049133333 | V6: 0 | W6: 8.6666667e-05 | X6: 0 | Y6: -0.00010666667 | Z6: -0.000415 | AA6: 0.00042 | AB6: -0.000155 | AC6: 0.00030066667 | AD6: 0 | AE6: 0 | AF6: -0.000145 | AG6: 0 | AH6: 0 | AI6: -0.00033933333 | AJ6: 0 | AK6: 7.1333333e-05 | AL6: -6.9388939e-18 | AM6: -8.0333333e-05 | AN6: 0.00048966667 | AO6: 7e-06 | AP6: 0 | AQ6: 0.00011666667 | AR6: 0.055 | AS6: 0.00028533333 | AT6: 1.1666667e-05 | AU6: 0 | AV6: 0.00029466667 | AW6: -6.9388939e-18 | AX6: 0 | AY6: 0 | AZ6: 0 | BA6: 0 | BB6: -6.2666667e-05 | BC6: -3.469447e-18 | BD6: 0.00034233333 | BE6: -0.00018 | BF6: 0 | BG6: -0.00031333333 | BH6: 0 | BI6: 0 | BJ6: -0.00043066667 | BK6: 0 | BL6: -0.000336 | BM6: -0.00035033333 | BN6: 7.3e-05 | BO6: 0.14694267 | BP6: 0 | BQ6: 0 | BR6: -0.000248 | BS6: 0 | BT6: -0.000202 | BU6: 0 | BV6: 0 | BW6: 2.2666667e-05 | BX6: 0 | BY6: -9.2e-05 | BZ6: -5.8e-05 | CA6: 0 | CB6: -7.2e-05 | CC6: -3.3333333e-05 | CD6: 0 | CE6: 0 | CF6: 0 | CG6: 0.00025333333 | CH6: 0.00018666667 | CI6: -1e-06 | CJ6: 0.00046666667 | CK6: 0.00046733333 | CL6: 0 | CM6: 6.1333333e-05 | CN6: -9.3333333e-05 | CO6: 0 | CP6: 0 | CQ6: 0 | CR6: -3.4666667e-05 | CS6: 0 | CT6: -1e-06 | CU6: -8.8e-05 | CV6: 0 | CW6: 0.000252 | CX6: 0.00046 | CY6: -0.000157 | CZ6: 0.000422 | DA6: 0 | DB6: 0 | DC6: 1.4666667e-05 | DD6: 6.9388939e-18 | DE6: -4.4666667e-05 | DF6: 0.00043333333 | DG6: 0.00024166667 | DH6: -0.000384 | DI6: -0.00030266667 | DJ6: 0.00035666667 | DK6: 0 | DL6: -6.9388939e-18 | DM6: -0.00015266667 | DN6: 0 | DO6: 0 | DP6: 9.4666667e-05 | DQ6: 0.000232 | DR6: 0.00024366667 | DS6: 0.301805 | DT6: -9.0666667e-05 | DU6: -0.00011333333 | DV6: 0.000118 | DW6: 0.0083408065 | DX6: 1.03426
A7: 6 | B7: 2.5 | C7: 0.000454 | D7: 0 | E7: 0 | F7: 0 | G7: 0 | H7: 0.00029266667 | I7: -0.00012166667 | J7: -0.000464 | K7: -0.000423 | L7: -0.00039466667 | M7: 0 | N7: 0 | O7: 2.8e-05 | P7: 0.00015066667 | Q7: 0.00025966667 | R7: -0.00042 | S7: 0.38999733 | T7: 0.00036266667 | U7: 0.000282 | V7: 0.000416 | W7: -0.000414 | X7: 0.00045333333 | Y7: 0 | Z7: -0.000327 | AA7: 0 | AB7: -0.00029933333 | AC7: 4.6666667e-05 | AD7: -0.00010433333 | AE7: 0 | AF7: 0.000107 | AG7: 0 | AH7: 0 | AI7: 0 | AJ7: -0.0004 | AK7: 0 | AL7: 0.00027466667 | AM7: -0.000379 | AN7: -0.00019606667 | AO7: -0.00033833333 | AP7: 0 | AQ7: -0.00030666667 | AR7: 0.055 | AS7: -0.000216 | AT7: 0.00021166667 | AU7: -0.00017333333 | AV7: -0.00030533333 | AW7: -6.9388939e-18 | AX7: 0.00037866667 | AY7: 0.000142 | AZ7: 0 | BA7: 0 | BB7: -0.00021933333 | BC7: 0.000436 | BD7: -0.00031533333 | BE7: 2.4e-05 | BF7: -0.00027333333 | BG7: -4e-05 | BH7: 0.000156 | BI7: -4.3e-05 | BJ7: -6.9388939e-18 | BK7: -0.00022533333 | BL7: 0 | BM7: 0.00013666667 | BN7: -4.8333333e-05 | BO7: 0.141535 | BP7: 0 | BQ7: -0.000128 | BR7: -0.000416 | BS7: 0 | BT7: 0.00031333333 | BU7: -0.00028466667 | BV7: 0 | BW7: 0.000102 | BX7: 0 | BY7: -0.00041 | BZ7: 0.000314 | CA7: 0 | CB7: -0.00034 | CC7: -0.00038066667 | CD7: 9.7333333e-05 | CE7: 0 | CF7: -0.00029333333 | CG7: 0 | CH7: 0.00010666667 | CI7: -0.00030766667 | CJ7: 0.00026666667 | CK7: -0.00012333333 | CL7: 0 | CM7: 9.6e-05 | CN7: 0 | CO7: 4.2666667e-05 | CP7: 0.00025333333 | CQ7: -0.00030666667 | CR7: 0 | CS7: 0.000302 | CT7: -0.000335 | CU7: 0 | CV7: -0.00023 | CW7: -0.00022 | CX7: -8.7333333e-05 | CY7: 9.6666667e-05 | CZ7: 0 | DA7: 0 | DB7: 0 | DC7: -0.00038133333 | DD7: -7.0666667e-05 | DE7: 2.2e-05 | DF7: 0.12443533 | DG7: 0.00042166667 | DH7: 0 | DI7: 6.5666667e-05 | DJ7: 0.000412 | DK7: 2.1333333e-05 | DL7: -6.9388939e-18 | DM7: -0.00015666667 | DN7: 0 | DO7: -3.2666667e-05 | DP7: -0.00024266667 | DQ7: 0.000178 | DR7: 0.00040966667 | DS7: 0.155168 | DT7: -0.00015866667 | DU7: 0 | DV7: 5.8333333e-05 | DW7: 0.0069594726 | DX7: 0.8629746
A8: 7 | B8: 3 | C8: -6.9388939e-18 | D8: 0.00018 | E8: 0 | F8: 0 | G8: 0 | H8: 0 | I8: -6.8333333e-05 | J8: -4.2666667e-05 | K8: -8.3e-05 | L8: 0.00035033333 | M8: -0.00042 | N8: 0 | O8: -0.00030133333 | P8: 0.000412 | Q8: -9.4e-05 | R8: 0 | S8: 0.30843467 | T8: -0.000136 | U8: 1.3333333e-05 | V8: -2.2e-05 | W8: 0 | X8: 0 | Y8: 0 | Z8: -0.000283 | AA8: 3.9e-05 | AB8: -0.00049066667 | AC8: 0.00039466667 | AD8: -8.7e-05 | AE8: 0 | AF8: 0 | AG8: -6.6666667e-06 | AH8: 0 | AI8: 9.7333333e-05 | AJ8: -0.00044 | AK8: -0.00013266667 | AL8: 0.000236 | AM8: 0.00013333333 | AN8: -0.000365 | AO8: 0.00030133333 | AP8: 0 | AQ8: 0 | AR8: 0.055 | AS8: -0.000216 | AT8: -0.00019166667 | AU8: 0 | AV8: -0.000176 | AW8: -6.9388939e-18 | AX8: 0.000384 | AY8: -0.00022666667 | AZ8: 0 | BA8: 0 | BB8: 0.00036 | BC8: 4e-06 | BD8: 0 | BE8: 1.2e-05 | BF8: 0.00044366667 | BG8: -0.00021766667 | BH8: -0.00020333333 | BI8: -0.000235 | BJ8: -6.9388939e-18 | BK8: -0.00046333333 | BL8: -0.00035633333 | BM8: -0.000306 | BN8: -0.000432 | BO8: 0.15277833 | BP8: 0 | BQ8: 0.00039333333 | BR8: 0 | BS8: -0.00039066667 | BT8: 0.00010866667 | BU8: 0 | BV8: 0 | BW8: 0 | BX8: -0.00038666667 | BY8: 0 | BZ8: 0.00014 | CA8: 0 | CB8: -5.5333333e-05 | CC8: 0 | CD8: 0 | CE8: 0 | CF8: 0 | CG8: 0 | CH8: 0 | CI8: 0 | CJ8: 0.0002 | CK8: 0.000334 | CL8: 0 | CM8: 0 | CN8: -0.00025333333 | CO8: 0.00019333333 | CP8: -0.00029333333 | CQ8: 0 | CR8: -0.00025866667 | CS8: 0 | CT8: -5e-06 | CU8: 0.026242 | CV8: -0.00041 | CW8: 0 | CX8: 0.00020066667 | CY8: 0.000248 | CZ8: 0.000395 | DA8: 0 | DB8: 6.6666667e-07 | DC8: 0.00010133333 | DD8: 5.4666667e-05 | DE8: 0.00026466667 | DF8: 0.1978 | DG8: 0 | DH8: 0.000232 | DI8: 0.000142 | DJ8: -0.00021066667 | DK8: 0 | DL8: -6.9388939e-18 | DM8: 0.00031733333 | DN8: 0 | DO8: 0.00025866667 | DP8: -0.00017266667 | DQ8: 0 | DR8: 0.22519367 | DS8: 0.057037333 | DT8: 0 | DU8: -0.00035766667 | DV8: 0 | DW8: 0.0082309758 | DX8: 1.020641
A9: 8 | B9: 3.5 | C9: -0.00019440173 | D9: 0.00026549783 | E9: -0.00015050217 | F9: 0.00027959827 | G9: 0.0002398632 | H9: 0.00041052987 | I9: 0.0001578632 | J9: 2.93974e-05 | K9: -0.00043973507 | L9: 7.5730733e-05 | M9: -0.00044080347 | N9: 0.00015559653 | O9: 0.3458052 | P9: -0.0004273697 | Q9: -0.00023373507 | R9: 0.020420699 | S9: 1.1980909 | T9: 0.00013979913 | U9: 0.00011319653 | V9: -0.00044080347 | W9: 0.00013726493 | X9: 0.00045749783 | Y9: 5.93974e-05 | Z9: 0.00010019653 | AA9: 0.00037029697 | AB9: 0.00043549783 | AC9: -0.00021747013 | AD9: 0.00022052987 | AE9: -0.00044080347 | AF9: 0.0003813974 | AG9: -0.00025116883 | AH9: -0.00044080347 | AI9: 0.0004336303 | AJ9: -1.0703033e-05 | AK9: 9.2730733e-05 | AL9: -0.00015050217 | AM9: 0.0002729316 | AN9: -0.00044080347 | AO9: 0.00045119653 | AP9: -1.0703033e-05 | AQ9: -0.00020070303 | AR9: 0.051559197 | AS9: -0.00044080347 | AT9: 0.00033126493 | AU9: -0.00044080347 | AV9: -0.00027870303 | AW9: -0.00044080347 | AX9: -0.00038250217 | AY9: -0.00048847013 | AZ9: 0.0004193974 | BA9: 0.0004193974 | BB9: 0.00040252987 | BC9: 0.00013519653 | BD9: -0.00011196797 | BE9: 4.2196533e-05 | BF9: -0.00011550217 | BG9: 9.36987e-05 | BH9: -1.7350667e-06 | BI9: -0.00044080347 | BJ9: -0.00015840173 | BK9: 0.00042396363 | BL9: 0.00023829697 | BM9: 0.0003179316 | BN9: -0.0001153013 | BO9: 0.050989297 | BP9: 0.0004193974 | BQ9: -0.00044080347 | BR9: 0.00032529697 | BS9: -8.1735067e-05 | BT9: -0.0002866026 | BU9: -0.00044080347 | BV9: 0.0004193974 | BW9: -0.0003161368 | BX9: 1.5963633e-05 | BY9: 0.00030819653 | BZ9: 0.0004193974 | CA9: -0.00044080347 | CB9: -3.3935933e-05 | CC9: -0.00044080347 | CD9: 0.00019473073 | CE9: -0.00015050217 | CF9: -0.00021780347 | CG9: -0.00044080347 | CH9: -0.00014747013 | CI9: -0.00012263463 | CJ9: -0.0004773697 | CK9: -0.00015050217 | CL9: 0.0004193974 | CM9: 0.00036973073 | CN9: 0.00027959827 | CO9: -0.00029526927 | CP9: -0.00044080347 | CQ9: 0.018906265 | CR9: 0.00039403203 | CS9: -0.00044080347 | CT9: -1.0703033e-05 | CU9: 0.1758693 | CV9: -0.00026670303 | CW9: 0.0003576987 | CX9: 0.00018303203 | CY9: 0.00036919653 | CZ9: 0.00030659827 | DA9: -0.00044080347 | DB9: -0.00015050217 | DC9: 5.0365367e-05 | DD9: 0.00027959827 | DE9: -7.7350667e-06 | DF9: 0.15565263 | DG9: 0.00037419653 | DH9: 0.0004738632 | DI9: 0.0004466303 | DJ9: 0.0002318632 | DK9: -1.0703033e-05 | DL9: 0.0004193974 | DM9: 0.00028119653 | DN9: -0.00034847013 | DO9: -0.00019480347 | DP9: 0.00046483117 | DQ9: 0.00037383117 | DR9: 0.072183197 | DS9: 0.027279598 | DT9: 0.00027959827 | DU9: -0.0004760684 | DV9: -0.0002205342 | DW9: 0.017079979 | DX9: 2.1179174
A10: 9 | B10: 4 | C10: -7.3246267e-05 | D10: -8.4057833e-05 | E10: -8.4057833e-05 | F10: 0.00013275373 | G10: 0.00026550747 | H10: 0.00026550747 | I10: 0.00026550747 | J10: 0.0002351306 | K10: 0.00034608707 | L10: -0.0003008694 | M10: 0.00026550747 | N10: 0.00037217413 | O10: 0.11990551 | P10: 0.00028631903 | Q10: 0.0002254204 | R10: 0.087404565 | S10: 0.078436754 | T10: 4.7043533e-05 | U10: -0.00049649253 | V10: -0.00034049253 | W10: -5.2246267e-05 | X10: -0.0002387245 | Y10: -0.00040753607 | Z10: 0.00026550747 | AA10: 0.00048231903 | AB10: 0.0002702755 | AC10: 0.0002768408 | AD10: 0.00047550747 | AE10: 0.00026550747 | AF10: 1.9463933e-05 | AG10: -8.4057833e-05 | AH10: 0.00026550747 | AI10: 0.00034631903 | AJ10: -0.00035768097 | AK10: -0.0003008694 | AL10: 0.00042660883 | AM10: -0.00045324627 | AN10: 0.00046350747 | AO10: -0.00046049253 | AP10: 0.00048231903 | AQ10: 0.00048231903 | AR10: 0.0052655075 | AS10: -0.00016649253 | AT10: 0.00048608707 | AU10: -5.5333332e-09 | AV10: -5.4347633e-05 | AW10: 0.00026550747 | AX10: -1.2057833e-05 | AY10: 0.00022850747 | AZ10: -0.0003008694 | BA10: -0.0003008694 | BB10: -0.00011982587 | BC10: 0.00012950747 | BD10: 0.0004795653 | BE10: -0.00039749253 | BF10: 0.00016394217 | BG10: 2.15653e-05 | BH10: 0.00036675373 | BI10: 0.00028550747 | BJ10: 0.00013275373 | BK10: -0.0002910143 | BL10: -0.00029468097 | BM10: -0.0003675796 | BN10: -0.00036876803 | BO10: 0.10342499 | BP10: -0.0003008694 | BQ10: -0.0004691592 | BR10: 0.00048231903 | BS10: 0.00013275373 | BT10: 0.0003911306 | BU10: 0.00026550747 | BV10: -0.0003008694 | BW10: -5.5333332e-09 | BX10: 0.00048231903 | BY10: 1.4507467e-05 | BZ10: 0.0001531306 | CA10: 0.00026550747 | CB10: -0.0001558694 | CC10: -0.00022049253 | CD10: 2.11306e-05 | CE10: -8.4057833e-05 | CF10: -3.3492533e-05 | CG10: 4.2174133e-05 | CH10: 0.00026550747 | CI10: -0.00012376803 | CJ10: 0.00048231903 | CK10: 8.6088333e-06 | CL10: -0.0003008694 | CM10: -9.38694e-05 | CN10: 0.0004594204 | CO10: -0.00017953607 | CP10: 0.00026550747 | CQ10: 0.06919942 | CR10: -0.0002954347 | CS10: 7.68408e-05 | CT10: 0.00048031903 | CU10: 0.12460632 | CV10: 9.8319033e-05 | CW10: -0.0002664347 | CX10: 0.00024889863 | CY10: 0.00026550747 | CZ10: 0.00013275373 | DA10: 0.00026550747 | DB10: -8.4057833e-05 | DC10: -0.0001024347 | DD10: 0.00013275373 | DE10: 0.00013275373 | DF10: 0.11222099 | DG10: 0.0001138408 | DH10: -0.0004171592 | DI10: -0.00031868097 | DJ10: -0.00042782587 | DK10: 0.0004929857 | DL10: -0.0003008694 | DM10: 0.00026550747 | DN10: -0.00035149253 | DO10: -0.00023849253 | DP10: 0.00019260883 | DQ10: -0.00019839117 | DR10: 0.00026550747 | DS10: 0.15132875 | DT10: 1.94204e-05 | DU10: 0.00013275373 | DV10: 0.0001047102 | DW10: 0.006911791 | DX10: 0.85706208
A11: 10 | B11: 4.5 | C11: -0.0002867786 | D11: 0.00023752675 | E11: -0.00035847325 | F11: -0.0002867786 | G11: 0.0004264428 | H11: 0.00011977613 | I11: 1.2109467e-05 | J11: 0.00013716543 | K11: -0.0002867786 | L11: -0.00042350123 | M11: 0.0004264428 | N11: 0.0004264428 | O11: -0.0002215572 | P11: -0.00031186255 | Q11: -0.0002867786 | R11: 0.031063916 | S11: -0.0002867786 | T11: -0.0002733893 | U11: -6.75572e-05 | V11: 0.0004264428 | W11: 1.72214e-05 | X11: 0.00024952675 | Y11: -0.0004301679 | Z11: 0.0004264428 | AA11: -8.186255e-05 | AB11: -8.8806583e-05 | AC11: -0.0001435572 | AD11: 2.5109467e-05 | AE11: 0.0004264428 | AF11: -0.0003231679 | AG11: -0.00046580658 | AH11: 0.0004264428 | AI11: -0.00035552922 | AJ11: 0.00049813745 | AK11: 0.00024316543 | AL11: -0.00035847325 | AM11: -0.00030011193 | AN11: 0.0004264428 | AO11: -0.00030589053 | AP11: 0.00049813745 | AQ11: 0.00049813745 | AR11: 0.0004264428 | AS11: 0.0004264428 | AT11: -0.00014344527 | AU11: 0.0004264428 | AV11: -0.00029586255 | AW11: 0.0004264428 | AX11: -0.00035847325 | AY11: 0.0004264428 | AZ11: -0.0004301679 | BA11: -0.0004301679 | BB11: 4.64428e-05 | BC11: 6.9776133e-05 | BD11: 0.00049991605 | BE11: 0.0003724428 | BF11: -0.00048513992 | BG11: 0.00047158272 | BH11: -0.0002867786 | BI11: 0.0001284428 | BJ11: -0.0002867786 | BK11: 0.00045813745 | BL11: 0.00016780412 | BM11: -0.0002867786 | BN11: 0.00028991605 | BO11: -0.00013119588 | BP11: -0.0004301679 | BQ11: 0.0004264428 | BR11: 0.00022813745 | BS11: 0.00031588807 | BT11: 0.00028049877 | BU11: 0.00014177613 | BV11: -0.0004301679 | BW11: -0.00017222387 | BX11: 0.00037813745 | BY11: 0.0004264428 | BZ11: -0.0004301679 | CA11: 0.0004264428 | CB11: 0.0003028321 | CC11: 0.0004984428 | CD11: -0.00019883457 | CE11: -0.00035847325 | CF11: -4.9223867e-05 | CG11: 0.0004264428 | CH11: 0.00047977613 | CI11: -0.00021508395 | CJ11: 0.00049813745 | CK11: -0.00035847325 | CL11: -0.0004301679 | CM11: -0.0001561679 | CN11: 0.0001332214 | CO11: 0.00039916543 | CP11: 0.0003864428 | CQ11: -0.0002867786 | CR11: -0.00039641728 | CS11: -8.2890533e-05 | CT11: 0.00016013745 | CU11: -0.00025986255 | CV11: 0.00049813745 | CW11: -0.00021508395 | CX11: -0.00049108395 | CY11: -0.0004825572 | CZ11: -0.0002867786 | DA11: 0.0004264428 | DB11: -0.00035780658 | DC11: -0.00037641728 | DD11: -0.0002867786 | DE11: -0.0002867786 | DF11: 0.00046480412 | DG11: 0.00045477613 | DH11: 0.00025577613 | DI11: 0.00019680412 | DJ11: -0.0004595572 | DK11: -0.00049119588 | DL11: -0.0004301679 | DM11: 0.00012010947 | DN11: 0.0001924428 | DO11: -8.95572e-05 | DP11: -0.00019247325 | DQ11: -0.00035847325 | DR11: 0.0004264428 | DS11: -0.00027744527 | DT11: -0.0004227786 | DU11: -0.0002867786 | DV11: 0.0003296107 | DW11: 0.00025642459 | DX11: 0.031796649
A12: 11 | B12: 5 | C12: 0.00032985587 | D12: -0.00033768017 | E12: -0.00033768017 | F12: 0.00032985587 | G12: -0.00034028827 | H12: -0.00024195493 | I12: 0.00048271173 | J12: -5.2162e-06 | K12: -0.00017614413 | L12: -5.2162e-06 | M12: -3.4288267e-05 | N12: 3.3045067e-05 | O12: 0.0002603784 | P12: -3.4752233e-05 | Q12: -0.0001438108 | R12: 0.0004003919 | S12: -4.0144133e-05 | T12: -4.3072067e-05 | U12: 0.0001643784 | V12: 0.00019971173 | W12: -0.00030147747 | X12: -0.00049234683 | Y12: -0.00047188287 | Z12: -0.00034028827 | AA12: 0.00032724777 | AB12: -0.00033768017 | AC12: -0.00034028827 | AD12: -0.0001766216 | AE12: -0.00034028827 | AF12: -0.0001502162 | AG12: -0.00033768017 | AH12: -0.00034028827 | AI12: -0.00041608557 | AJ12: -0.00019275223 | AK12: -0.00013788287 | AL12: -0.00033768017 | AM12: -0.00011614413 | AN12: -0.00028628827 | AO12: 0.00044704507 | AP12: 0.0003775811 | AQ12: 0.00013724777 | AR12: -0.00034028827 | AS12: -0.00034028827 | AT12: 0.00032985587 | AU12: 0.00023371173 | AV12: -0.00043675223 | AW12: -0.00034028827 | AX12: -0.0004150135 | AY12: 0.00043304507 | AZ12: -5.2162e-06 | BA12: -5.2162e-06 | BB12: 0.00037771173 | BC12: 0.00043304507 | BD12: -1.0941433e-05 | BE12: -0.00043028827 | BF12: -0.00033768017 | BG12: -0.0001386081 | BH12: 0.00032985587 | BI12: -0.00042628827 | BJ12: -0.00010814413 | BK12: 0.0002255811 | BL12: 0.00032724777 | BM12: 0.00016052253 | BN12: -0.00048594143 | BO12: 6.05811e-05 | BP12: -5.2162e-06 | BQ12: 0.00039904507 | BR12: 0.00032724777 | BS12: -2.5477467e-05 | BT12: -5.2162e-06 | BU12: -0.00034028827 | BV12: -5.2162e-06 | BW12: 0.00038304507 | BX12: 8.7247767e-05 | BY12: 0.00036271173 | BZ12: -0.0001212162 | CA12: -0.00034028827 | CB12: -5.2162e-06 | CC12: 0.00044804507 | CD12: -0.0001392162 | CE12: -0.00033768017 | CF12: 0.00025871173 | CG12: -0.00034028827 | CH12: -0.00010028827 | CI12: -0.0003086081 | CJ12: -0.0001394189 | CK12: -0.00018234683 | CL12: -5.2162e-06 | CM12: -0.00012188287 | CN12: 0.00032985587 | CO12: 2.9450467e-05 | CP12: -0.00034028827 | CQ12: 2.31892e-05 | CR12: 0.0003333919 | CS12: -0.00034028827 | CT12: 0.00032724777 | CU12: 4.3247767e-05 | CV12: 0.00032724777 | CW12: -2.6081e-06 | CX12: -2.6081e-06 | CY12: -0.00037328827 | CZ12: 0.00032985587 | DA12: -0.00034028827 | DB12: -0.00033768017 | DC12: -0.00021294143 | DD12: 0.0002591892 | DE12: 0.00032985587 | DF12: -0.00019708557 | DG12: 0.00029471173 | DH12: 6.23784e-05 | DI12: 0.00019591443 | DJ12: 7.7117333e-06 | DK12: 0.00032724777 | DL12: -5.2162e-06 | DM12: 0.00038171173 | DN12: 0.00036904507 | DO12: 2.5711733e-05 | DP12: -0.0001010135 | DQ12: -0.00033768017 | DR12: -0.00040828827 | DS12: 0.00040452253 | DT12: 0.00032985587 | DU12: -0.0002268108 | DV12: 0.00037226127 | DW12: -2.1419302e-05 | DX12: -0.0026559934
A13: 12 | B13: 5.5 | C13: 0.00039101173 | D13: -9.9235333e-05 | E13: 0.00033876467 | F13: 7.1011733e-05 | G13: 0.00021152347 | H13: 0.00020702347 | I13: 0.00014202347 | J13: 0.00025585093 | K13: 7.1011733e-05 | L13: -0.0003934824 | M13: 0.00041602347 | N13: 0.00014202347 | O13: 0.00014202347 | P13: -0.00012572947 | Q13: 0.0001196784 | R13: 5.77588e-05 | S13: 0.00039701173 | T13: -0.0003761608 | U13: -0.00034797653 | V13: -3.9765333e-06 | W13: 7.1011733e-05 | X13: 0.00033876467 | Y13: -0.0003934824 | Z13: 1.0023467e-05 | AA13: -0.00038972947 | AB13: -0.00026656867 | AC13: -0.00014597653 | AD13: 0.00012569013 | AE13: 0.00014202347 | AF13: 0.0003165176 | AG13: 0.00033876467 | AH13: 0.00014202347 | AI13: -2.50628e-05 | AJ13: -0.00044572947 | AK13: -0.0003934824 | AL13: -0.00015056867 | AM13: 0.00035101173 | AN13: 0.00028602347 | AO13: 0.0002863568 | AP13: -0.00012572947 | AQ13: -0.00012572947 | AR13: 0.00025302347 | AS13: 0.00014202347 | AT13: -0.0004323216 | AU13: 0.00039469013 | AV13: -0.00037239613 | AW13: 0.00014202347 | AX13: 0.00033876467 | AY13: 0.00014202347 | AZ13: -0.0003934824 | BA13: -0.0003934824 | BB13: -0.00037797653 | BC13: 0.00014202347 | BD13: -0.00016040787 | BE13: 0.00017802347 | BF13: -0.00035123533 | BG13: -4.7412e-06 | BH13: 2.36784e-05 | BI13: -4.9976533e-05 | BJ13: 7.1011733e-05 | BK13: 0.00028727053 | BL13: 0.00043827053 | BM13: 7.1011733e-05 | BN13: -0.0001967412 | BO13: -0.00026172947 | BP13: -0.0003934824 | BQ13: -0.00033197653 | BR13: 4.2270533e-05 | BS13: 7.1011733e-05 | BT13: 0.00018918427 | BU13: 0.00014202347 | BV13: -0.0003934824 | BW13: 0.00014202347 | BX13: -0.00012572947 | BY13: -6.2976533e-05 | BZ13: 0.0001765176 | CA13: 0.00014202347 | CB13: 3.85176e-05 | CC13: -6.0309867e-05 | CD13: -0.0003934824 | CE13: 0.00033876467 | CF13: 0.0002133568 | CG13: -0.00046130987 | CH13: 0.00014202347 | CI13: -0.0001967412 | CJ13: 7.4270533e-05 | CK13: 0.000276098 | CL13: -0.0003934824 | CM13: -0.0002114824 | CN13: 7.1011733e-05 | CO13: -0.00019214907 | CP13: 0.00014202347 | CQ13: 7.1011733e-05 | CR13: -0.00045927453 | CS13: 0.00014202347 | CT13: -0.00012572947 | CU13: -0.00041372947 | CV13: -0.00012572947 | CW13: -0.0001967412 | CX13: -8.3407867e-05 | CY13: 0.00014202347 | CZ13: 7.1011733e-05 | DA13: 0.00014202347 | DB13: -0.00023223533 | DC13: 0.00044159213 | DD13: 0.0001256784 | DE13: -0.0002163216 | DF13: -0.00029939613 | DG13: 0.00014202347 | DH13: 0.00014202347 | DI13: 8.1603867e-05 | DJ13: 0.00014202347 | DK13: -0.00010439613 | DL13: -0.0003934824 | DM13: -0.0004846432 | DN13: 0.00014202347 | DO13: -6.432e-07 | DP13: -0.000289902 | DQ13: -0.00012323533 | DR13: 0.00014202347 | DS13: 0.0002016784 | DT13: 7.1011733e-05 | DU13: -0.00048565493 | DV13: -0.0002511608 | DW13: -1.5400902e-05 | DX13: -0.0019097119
... A49: 48 | B49: 23.5 | C49: 4.4666667e-05 | D49: 0 | E49: 0 | F49: 0 | G49: 0 | H49: 0 | I49: 0.00047666667 | J49: -0.000273 | K49: -0.000294 | L49: -0.00039466667 | M49: -0.00034 | N49: -0.00038666667 | O49: -0.00045933333 | P49: -6.9388939e-18 | Q49: -0.00046466667 | R49: 0.00027 | S49: -0.00039733333 | T49: 0.30006767 | U49: 0.00036666667 | V49: -0.000314 | W49: 0.00017366667 | X49: -8.2666667e-05 | Y49: -0.00046666667 | Z49: 0.000302 | AA49: 0 | AB49: 0.21694833 | AC49: -0.00039666667 | AD49: -0.00013833333 | AE49: 0 | AF49: 2.3e-05 | AG49: 0.16529533 | AH49: -2.6666667e-05 | AI49: 0.00041566667 | AJ49: 0.00029833333 | AK49: 0.048 | AL49: 0.045 | AM49: -2.3333333e-06 | AN49: 9.6666667e-06 | AO49: -1.8e-05 | AP49: 0 | AQ49: -8.9333333e-05 | AR49: 0 | AS49: 0 | AT49: -0.00022 | AU49: 0.00025266667 | AV49: 0.44712333 | AW49: -0.000297 | AX49: 0.00034666667 | AY49: 0.54701067 | AZ49: 0.27930767 | BA49: 0.00024366667 | BB49: -0.00037333333 | BC49: -3.469447e-18 | BD49: 0.058258333 | BE49: 6e-06 | BF49: 0.000104 | BG49: -0.00036766667 | BH49: 0 | BI49: 0 | BJ49: -0.00029733333 | BK49: 0.0003 | BL49: 0 | BM49: 0.000269 | BN49: 0.00017966667 | BO49: -0.00015033333 | BP49: 0.312858 | BQ49: -0.00027233333 | BR49: 0.00034366667 | BS49: 0.23638 | BT49: -0.00048533333 | BU49: 7.3333333e-06 | BV49: -0.00024966667 | BW49: -0.00018833333 | BX49: 0 | BY49: 0.000443 | BZ49: -6.9388939e-18 | CA49: 0 | CB49: 0.00042233333 | CC49: 0 | CD49: 4.7266667e-05 | CE49: -0.00012033333 | CF49: 0.11225933 | CG49: 0 | CH49: 0 | CI49: 0.00022933333 | CJ49: 3.3333333e-05 | CK49: -0.000492 | CL49: 0 | CM49: 0.00015733333 | CN49: 0 | CO49: 0.00022466667 | CP49: 0.3624 | CQ49: 0 | CR49: 7.08e-05 | CS49: 0.023552 | CT49: 0.00038833333 | CU49: -0.000204 | CV49: -0.000102 | CW49: 0.00012 | CX49: 0.496065 | CY49: -0.000106 | CZ49: 0.019548 | DA49: 0 | DB49: 0.00016166667 | DC49: 0.00023066667 | DD49: -0.00039866667 | DE49: -0.000104 | DF49: 0.20556667 | DG49: 0 | DH49: -8.5333333e-05 | DI49: 6.6333333e-05 | DJ49: -0.000206 | DK49: 0.70146533 | DL49: -9.3333333e-06 | DM49: -0.000278 | DN49: 6.1666667e-05 | DO49: -3.2666667e-05 | DP49: 0.00013133333 | DQ49: 0 | DR49: 0.00021466667 | DS49: 0.00028466667 | DT49: 0.20575067 | DU49: -6.6666667e-05 | DV49: 0.569352 | DW49: 0.043147404 | DX49: 5.3502781

Sheet ProsumerMetrics
A1: battery | B1: bus | C1: phase | D1: BattMaxP_kW | E1: BattEcap_kWh | F1: PV_kWh | G1: demand_kWh | H1: export_kWh | I1: import_kWh | J1: SCR_pct | K1: SSR_pct
A2: BES_TR8_one223_B | B2: TR8_one223 | C2: 2 | D2: 3.6 | E2: 4.2 | F2: 16.15 | G2: 3.62 | H2: 11.72 | I2: 0.002 | J2: 27.4 | K2: 100
A3: BES_TR8_one252_C | B3: TR8_one252 | C3: 3 | D3: 3.6 | E3: 4.2 | F3: 20.19 | G3: 3.82 | H3: 14.13 | I3: 0.001 | J3: 30 | K3: 100
A4: BES_TR8_one280_A | B4: TR8_one280 | C4: 1 | D4: 3.6 | E4: 4.2 | F4: 20.19 | G4: 1.82 | H4: 15.91 | I4: 0.001 | J4: 21.2 | K4: 100
A5: BES_TR8_one313_A | B5: TR8_one313 | C5: 1 | D5: 3.6 | E5: 4.2 | F5: 16.15 | G5: 8.2 | H5: 6.47 | I5: 0.002 | J5: 59.9 | K5: 100
A6: BES_TR8_one321_C | B6: TR8_one321 | C6: 3 | D6: 3.6 | E6: 4.2 | F6: 32.31 | G6: 2.74 | H6: 27.78 | I6: 0.001 | J6: 14 | K6: 100
A7: BES_TR8_one345_A | B7: TR8_one345 | C7: 1 | D7: 3.6 | E7: 4.2 | F7: 32.31 | G7: 5.33 | H7: 26.26 | I7: 0.002 | J7: 18.7 | K7: 100
A8: BES_TR8_one375_C | B8: TR8_one375 | C8: 3 | D8: 3.6 | E8: 4.2 | F8: 32.31 | G8: 8.91 | H8: 23.89 | I8: 0.002 | J8: 26.1 | K8: 100
A9: BES_TR8_one410_B | B9: TR8_one410 | C9: 2 | D9: 3.6 | E9: 4.2 | F9: 24.23 | G9: 6.81 | H9: 16.15 | I9: 0.001 | J9: 33.4 | K9: 100
A10: BES_TR8_one416_C | B10: TR8_one416 | C10: 3 | D10: 3.6 | E10: 4.2 | F10: 16.15 | G10: 6.72 | H10: 9.11 | I10: 0.002 | J10: 43.6 | K10: 100
A11: BES_TR8_one423_B | B11: TR8_one423 | C11: 2 | D11: 3.6 | E11: 4.2 | F11: 24.23 | G11: 7.17 | H11: 17.16 | I11: 0.001 | J11: 29.2 | K11: 100
A12: BES_TR8_one446_B | B12: TR8_one446 | C12: 2 | D12: 3.6 | E12: 4.2 | F12: 32.31 | G12: 3.04 | H12: 27.45 | I12: 0.001 | J12: 15 | K12: 100
A13: BES_TR8_one469_A | B13: TR8_one469 | C13: 1 | D13: 3.6 | E13: 4.2 | F13: 32.31 | G13: 8.31 | H13: 24.08 | I13: 0.001 | J13: 25.5 | K13: 100
... A125: BES_TR8_six1064_C | B125: TR8_six1064 | C125: 3 | D125: 3.6 | E125: 4.2 | F125: 8.08 | G125: 9.71 | H125: 0 | I125: 0.733 | J125: 100 | K125: 92.5

Sheet Dashboard
A1: TR8 Rolling Dispatch Analysis
A2: Data behind TR8 rolling-dispatch figures: SOC, demand/PV/dispatch, net power, self-consumption, and prosumer metrics.
A4: Prosumers | B4: Prosumers | D4: PV Generated (kWh/day) | E4: PV Generated (kWh/day) | G4: Demand (kWh/day) | H4: Demand (kWh/day) | J4: Imported (kWh/day) | K4: Imported (kWh/day) | M4: SCR (%) | N4: SCR (%) | P4: SSR (%) | Q4: SSR (%)
A5: =Summary!B5 -> 124 | D5: =Summary!B6 -> 3081.1 | G5: =Summary!B7 -> 851.2 | J5: =Summary!B9 -> 25.8 | M5: =Summary!B10 -> 29.7 | P5: =Summary!B11 -> 97
J43: Notes: positive net power indicates fleet import; negative net power indicates export. SCR and SSR values are stored on a 0-100 percentage scale in the source workbook.

Sheet ChartData
A1: Hour | B1: Demand total kW | C1: PV total kW | D1: Net total kW | F1: Hour | G1: Charge avg kW | H1: Discharge avg kW | I1: SOC avg % | K1: Battery | L1: SCR % | M1: SSR % | O1: Rank | P1: Battery | Q1: Export kWh/day | R1: Chart label | T1: Hour | U1: demand | V1: PV generation | W1: charging | X1: discharging | Y1: net exchange | AA1: Hour | AB1: Net target kW | AC1: Fleet avg net kW | AD1: Import only kW | AE1: Export only kW | AF1: SOC max % | AG1: Fleet avg SOC %
A2: =FleetAverage!B2 -> 0 | B2: =FleetAverage!I2 -> 29.704946 | C2: =FleetAverage!J2 -> 0 | D2: =FleetAverage!K2 -> 0.048946333 | F2: =FleetAverage!B2 -> 0 | G2: =FleetAverage!E2 -> 0 | H2: =FleetAverage!F2 -> 0.23916129 | I2: =FleetAverage!H2 -> 40 | K2: =ProsumerMetrics!A2 -> BES_TR8_one223_B | L2: =ProsumerMetrics!J2 -> 27.4 | M2: =ProsumerMetrics!K2 -> 100 | O2: 1 | P2: =INDEX(ProsumerMetrics!$A$2:$A$125,MATCH(Q2,ProsumerMetrics!$H$2:$H$125,0)) -> BES_TR8_six173_C | Q2: =LARGE(ProsumerMetrics!$H$2:$H$125,O2) -> 27.84 | R2: =MID(P2,9,99) -> six173_C | T2: =FleetAverage!B2 -> 0 | U2: =FleetAverage!C2 -> 0.23955602 | V2: =FleetAverage!D2 -> 0 | W2: =FleetAverage!E2 -> 0 | X2: =FleetAverage!F2 -> 0.23916129 | Y2: =FleetAverage!G2 -> 0.00039472849 | AA2: =FleetAverage!B2 -> 0 | AB2: =0 -> 0 | AC2: =FleetAverage!G2 -> 0.00039472849 | AD2: =MAX(AC2,0) -> 0.00039472849 | AE2: =MIN(AC2,0) -> 0 | AF2: =100 -> 100 | AG2: =FleetAverage!H2 -> 40
A3: =FleetAverage!B3 -> 0.5 | B3: =FleetAverage!I3 -> 20.096057 | C3: =FleetAverage!J3 -> 0 | D3: =FleetAverage!K3 -> 0.2570574 | F3: =FleetAverage!B3 -> 0.5 | G3: =FleetAverage!E3 -> 0 | H3: =FleetAverage!F3 -> 0.15999194 | I3: =FleetAverage!H3 -> 36.998769 | K3: =ProsumerMetrics!A3 -> BES_TR8_one252_C | L3: =ProsumerMetrics!J3 -> 30 | M3: =ProsumerMetrics!K3 -> 100 | O3: 2 | P3: =INDEX(ProsumerMetrics!$A$2:$A$125,MATCH(Q3,ProsumerMetrics!$H$2:$H$125,0)) -> BES_TR8_one321_C | Q3: =LARGE(ProsumerMetrics!$H$2:$H$125,O3) -> 27.78 | R3: =MID(P3,9,99) -> one321_C | T3: =FleetAverage!B3 -> 0.5 | U3: =FleetAverage!C3 -> 0.16206498 | V3: =FleetAverage!D3 -> 0 | W3: =FleetAverage!E3 -> 0 | X3: =FleetAverage!F3 -> 0.15999194 | Y3: =FleetAverage!G3 -> 0.0020730435 | AA3: =FleetAverage!B3 -> 0.5 | AB3: =0 -> 0 | AC3: =FleetAverage!G3 -> 0.0020730435 | AD3: =MAX(AC3,0) -> 0.0020730435 | AE3: =MIN(AC3,0) -> 0 | AF3: =100 -> 100 | AG3: =FleetAverage!H3 -> 36.998769
A4: =FleetAverage!B4 -> 1 | B4: =FleetAverage!I4 -> 15.511822 | C4: =FleetAverage!J4 -> 0 | D4: =FleetAverage!K4 -> 0.45082223 | F4: =FleetAverage!B4 -> 1 | G4: =FleetAverage!E4 -> 0 | H4: =FleetAverage!F4 -> 0.12145968 | I4: =FleetAverage!H4 -> 34.991258 | K4: =ProsumerMetrics!A4 -> BES_TR8_one280_A | L4: =ProsumerMetrics!J4 -> 21.2 | M4: =ProsumerMetrics!K4 -> 100 | O4: 3 | P4: =INDEX(ProsumerMetrics!$A$2:$A$125,MATCH(Q4,ProsumerMetrics!$H$2:$H$125,0)) -> BES_TR8_five345_A | Q4: =LARGE(ProsumerMetrics!$H$2:$H$125,O4) -> 27.73 | R4: =MID(P4,9,99) -> five345_A | T4: =FleetAverage!B4 -> 1 | U4: =FleetAverage!C4 -> 0.12509534 | V4: =FleetAverage!D4 -> 0 | W4: =FleetAverage!E4 -> 0 | X4: =FleetAverage!F4 -> 0.12145968 | Y4: =FleetAverage!G4 -> 0.0036356632 | AA4: =FleetAverage!B4 -> 1 | AB4: =0 -> 0 | AC4: =FleetAverage!G4 -> 0.0036356632 | AD4: =MAX(AC4,0) -> 0.0036356632 | AE4: =MIN(AC4,0) -> 0 | AF4: =100 -> 100 | AG4: =FleetAverage!H4 -> 34.991258
A5: =FleetAverage!B5 -> 1.5 | B5: =FleetAverage!I5 -> 17.183641 | C5: =FleetAverage!J5 -> 0 | D5: =FleetAverage!K5 -> 1.0886409 | F5: =FleetAverage!B5 -> 1.5 | G5: =FleetAverage!E5 -> 0 | H5: =FleetAverage!F5 -> 0.12979839 | I5: =FleetAverage!H5 -> 33.467018 | K5: =ProsumerMetrics!A5 -> BES_TR8_one313_A | L5: =ProsumerMetrics!J5 -> 59.9 | M5: =ProsumerMetrics!K5 -> 100 | O5: 4 | P5: =INDEX(ProsumerMetrics!$A$2:$A$125,MATCH(Q5,ProsumerMetrics!$H$2:$H$125,0)) -> BES_TR8_four239_A | Q5: =LARGE(ProsumerMetrics!$H$2:$H$125,O5) -> 27.48 | R5: =MID(P5,9,99) -> four239_A | T5: =FleetAverage!B5 -> 1.5 | U5: =FleetAverage!C5 -> 0.13857775 | V5: =FleetAverage!D5 -> 0 | W5: =FleetAverage!E5 -> 0 | X5: =FleetAverage!F5 -> 0.12979839 | Y5: =FleetAverage!G5 -> 0.0087793624 | AA5: =FleetAverage!B5 -> 1.5 | AB5: =0 -> 0 | AC5: =FleetAverage!G5 -> 0.0087793624 | AD5: =MAX(AC5,0) -> 0.0087793624 | AE5: =MIN(AC5,0) -> 0 | AF5: =100 -> 100 | AG5: =FleetAverage!H5 -> 33.467018
A6: =FleetAverage!B6 -> 2 | B6: =FleetAverage!I6 -> 13.80826 | C6: =FleetAverage!J6 -> 0 | D6: =FleetAverage!K6 -> 1.03426 | F6: =FleetAverage!B6 -> 2 | G6: =FleetAverage!E6 -> 0 | H6: =FleetAverage!F6 -> 0.10301613 | I6: =FleetAverage!H6 -> 31.837924 | K6: =ProsumerMetrics!A6 -> BES_TR8_one321_C | L6: =ProsumerMetrics!J6 -> 14 | M6: =ProsumerMetrics!K6 -> 100 | O6: 5 | P6: =INDEX(ProsumerMetrics!$A$2:$A$125,MATCH(Q6,ProsumerMetrics!$H$2:$H$125,0)) -> BES_TR8_four385_A | Q6: =LARGE(ProsumerMetrics!$H$2:$H$125,O6) -> 27.46 | R6: =MID(P6,9,99) -> four385_A | T6: =FleetAverage!B6 -> 2 | U6: =FleetAverage!C6 -> 0.11135694 | V6: =FleetAverage!D6 -> 0 | W6: =FleetAverage!E6 -> 0 | X6: =FleetAverage!F6 -> 0.10301613 | Y6: =FleetAverage!G6 -> 0.0083408065 | AA6: =FleetAverage!B6 -> 2 | AB6: =0 -> 0 | AC6: =FleetAverage!G6 -> 0.0083408065 | AD6: =MAX(AC6,0) -> 0.0083408065 | AE6: =MIN(AC6,0) -> 0 | AF6: =100 -> 100 | AG6: =FleetAverage!H6 -> 31.837924
A7: =FleetAverage!B7 -> 2.5 | B7: =FleetAverage!I7 -> 16.076975 | C7: =FleetAverage!J7 -> 0 | D7: =FleetAverage!K7 -> 0.8629746 | F7: =FleetAverage!B7 -> 2.5 | G7: =FleetAverage!E7 -> 0 | H7: =FleetAverage!F7 -> 0.12269355 | I7: =FleetAverage!H7 -> 30.544951 | K7: =ProsumerMetrics!A7 -> BES_TR8_one345_A | L7: =ProsumerMetrics!J7 -> 18.7 | M7: =ProsumerMetrics!K7 -> 100 | O7: 6 | P7: =INDEX(ProsumerMetrics!$A$2:$A$125,MATCH(Q7,ProsumerMetrics!$H$2:$H$125,0)) -> BES_TR8_one446_B | Q7: =LARGE(ProsumerMetrics!$H$2:$H$125,O7) -> 27.45 | R7: =MID(P7,9,99) -> one446_B | T7: =FleetAverage!B7 -> 2.5 | U7: =FleetAverage!C7 -> 0.12965302 | V7: =FleetAverage!D7 -> 0 | W7: =FleetAverage!E7 -> 0 | X7: =FleetAverage!F7 -> 0.12269355 | Y7: =FleetAverage!G7 -> 0.0069594726 | AA7: =FleetAverage!B7 -> 2.5 | AB7: =0 -> 0 | AC7: =FleetAverage!G7 -> 0.0069594726 | AD7: =MAX(AC7,0) -> 0.0069594726 | AE7: =MIN(AC7,0) -> 0 | AF7: =100 -> 100 | AG7: =FleetAverage!H7 -> 30.544951
A8: =FleetAverage!B8 -> 3 | B8: =FleetAverage!I8 -> 13.549641 | C8: =FleetAverage!J8 -> 0 | D8: =FleetAverage!K8 -> 1.020641 | F8: =FleetAverage!B8 -> 3 | G8: =FleetAverage!E8 -> 0 | H8: =FleetAverage!F8 -> 0.10104032 | I8: =FleetAverage!H8 -> 29.005632 | K8: =ProsumerMetrics!A8 -> BES_TR8_one375_C | L8: =ProsumerMetrics!J8 -> 26.1 | M8: =ProsumerMetrics!K8 -> 100 | O8: 7 | P8: =INDEX(ProsumerMetrics!$A$2:$A$125,MATCH(Q8,ProsumerMetrics!$H$2:$H$125,0)) -> BES_TR8_four590_A | Q8: =LARGE(ProsumerMetrics!$H$2:$H$125,O8) -> 27.38 | R8: =MID(P8,9,99) -> four590_A | T8: =FleetAverage!B8 -> 3 | U8: =FleetAverage!C8 -> 0.1092713 | V8: =FleetAverage!D8 -> 0 | W8: =FleetAverage!E8 -> 0 | X8: =FleetAverage!F8 -> 0.10104032 | Y8: =FleetAverage!G8 -> 0.0082309758 | AA8: =FleetAverage!B8 -> 3 | AB8: =0 -> 0 | AC8: =FleetAverage!G8 -> 0.0082309758 | AD8: =MAX(AC8,0) -> 0.0082309758 | AE8: =MIN(AC8,0) -> 0 | AF8: =100 -> 100 | AG8: =FleetAverage!H8 -> 29.005632
A9: =FleetAverage!B9 -> 3.5 | B9: =FleetAverage!I9 -> 17.845084 | C9: =FleetAverage!J9 -> 0.32816663 | D9: =FleetAverage!K9 -> 2.1179174 | F9: =FleetAverage!B9 -> 3.5 | G9: =FleetAverage!E9 -> 0 | H9: =FleetAverage!F9 -> 0.12418548 | I9: =FleetAverage!H9 -> 27.737964 | K9: =ProsumerMetrics!A9 -> BES_TR8_one410_B | L9: =ProsumerMetrics!J9 -> 33.4 | M9: =ProsumerMetrics!K9 -> 100 | O9: 8 | P9: =INDEX(ProsumerMetrics!$A$2:$A$125,MATCH(Q9,ProsumerMetrics!$H$2:$H$125,0)) -> BES_TR8_four854_A | Q9: =LARGE(ProsumerMetrics!$H$2:$H$125,O9) -> 27.2 | R9: =MID(P9,9,99) -> four854_A | T9: =FleetAverage!B9 -> 3.5 | U9: =FleetAverage!C9 -> 0.14391197 | V9: =FleetAverage!D9 -> 0.0026465051 | W9: =FleetAverage!E9 -> 0 | X9: =FleetAverage!F9 -> 0.12418548 | Y9: =FleetAverage!G9 -> 0.017079979 | AA9: =FleetAverage!B9 -> 3.5 | AB9: =0 -> 0 | AC9: =FleetAverage!G9 -> 0.017079979 | AD9: =MAX(AC9,0) -> 0.017079979 | AE9: =MIN(AC9,0) -> 0 | AF9: =100 -> 100 | AG9: =FleetAverage!H9 -> 27.737964
A10: =FleetAverage!B10 -> 4 | B10: =FleetAverage!I10 -> 13.98302 | C10: =FleetAverage!J10 -> 4.7434272 | D10: =FleetAverage!K10 -> 0.85706208 | F10: =FleetAverage!B10 -> 4 | G10: =FleetAverage!E10 -> 0.00031451613 | H10: =FleetAverage!F10 -> 0.067915573 | I10: =FleetAverage!H10 -> 26.179535 | K10: =ProsumerMetrics!A10 -> BES_TR8_one416_C | L10: =ProsumerMetrics!J10 -> 43.6 | M10: =ProsumerMetrics!K10 -> 100 | O10: 9 | P10: =INDEX(ProsumerMetrics!$A$2:$A$125,MATCH(Q10,ProsumerMetrics!$H$2:$H$125,0)) -> BES_TR8_five551_C | Q10: =LARGE(ProsumerMetrics!$H$2:$H$125,O10) -> 26.84 | R10: =MID(P10,9,99) -> five551_C | T10: =FleetAverage!B10 -> 4 | U10: =FleetAverage!C10 -> 0.11276629 | V10: =FleetAverage!D10 -> 0.038253445 | W10: =FleetAverage!E10 -> 0.00031451613 | X10: =FleetAverage!F10 -> 0.067915573 | Y10: =FleetAverage!G10 -> 0.006911791 | AA10: =FleetAverage!B10 -> 4 | AB10: =0 -> 0 | AC10: =FleetAverage!G10 -> 0.006911791 | AD10: =MAX(AC10,0) -> 0.006911791 | AE10: =MIN(AC10,0) -> 0 | AF10: =100 -> 100 | AG10: =FleetAverage!H10 -> 26.179535
A11: =FleetAverage!B11 -> 4.5 | B11: =FleetAverage!I11 -> 14.4355 | C11: =FleetAverage!J11 -> 22.181703 | D11: =FleetAverage!K11 -> 0.031796649 | F11: =FleetAverage!B11 -> 4.5 | G11: =FleetAverage!E11 -> 0.083451613 | H11: =FleetAverage!F11 -> 0.020725806 | I11: =FleetAverage!H11 -> 25.330335 | K11: =ProsumerMetrics!A11 -> BES_TR8_one423_B | L11: =ProsumerMetrics!J11 -> 29.2 | M11: =ProsumerMetrics!K11 -> 100 | O11: 10 | P11: =INDEX(ProsumerMetrics!$A$2:$A$125,MATCH(Q11,ProsumerMetrics!$H$2:$H$125,0)) -> BES_TR8_five750_B | Q11: =LARGE(ProsumerMetrics!$H$2:$H$125,O11) -> 26.6 | R11: =MID(P11,9,99) -> five750_B | T11: =FleetAverage!B11 -> 4.5 | U11: =FleetAverage!C11 -> 0.11641532 | V11: =FleetAverage!D11 -> 0.1788847 | W11: =FleetAverage!E11 -> 0.083451613 | X11: =FleetAverage!F11 -> 0.020725806 | Y11: =FleetAverage!G11 -> 0.00025642459 | AA11: =FleetAverage!B11 -> 4.5 | AB11: =0 -> 0 | AC11: =FleetAverage!G11 -> 0.00025642459 | AD11: =MAX(AC11,0) -> 0.00025642459 | AE11: =MIN(AC11,0) -> 0 | AF11: =100 -> 100 | AG11: =FleetAverage!H11 -> 25.330335
A12: =FleetAverage!B12 -> 5 | B12: =FleetAverage!I12 -> 14.085674 | C12: =FleetAverage!J12 -> 44.00033 | D12: =FleetAverage!K12 -> -0.0026559934 | F12: =FleetAverage!B12 -> 5 | G12: =FleetAverage!E12 -> 0.24564516 | H12: =FleetAverage!F12 -> 0.0044193548 | I12: =FleetAverage!H12 -> 26.012711 | K12: =ProsumerMetrics!A12 -> BES_TR8_one446_B | L12: =ProsumerMetrics!J12 -> 15 | M12: =ProsumerMetrics!K12 -> 100 | T12: =FleetAverage!B12 -> 5 | U12: =FleetAverage!C12 -> 0.11359415 | V12: =FleetAverage!D12 -> 0.35484137 | W12: =FleetAverage!E12 -> 0.24564516 | X12: =FleetAverage!F12 -> 0.0044193548 | Y12: =FleetAverage!G12 -> -2.1419302e-05 | AA12: =FleetAverage!B12 -> 5 | AB12: =0 -> 0 | AC12: =FleetAverage!G12 -> -2.1419302e-05 | AD12: =MAX(AC12,0) -> 0 | AE12: =MIN(AC12,0) -> -2.1419302e-05 | AF12: =100 -> 100 | AG12: =FleetAverage!H12 -> 26.012711
A13: =FleetAverage!B13 -> 5.5 | B13: =FleetAverage!I13 -> 13.488795 | C13: =FleetAverage!J13 -> 70.754705 | D13: =FleetAverage!K13 -> -0.0019097119 | F13: =FleetAverage!B13 -> 5.5 | G13: =FleetAverage!E13 -> 0.46278226 | H13: =FleetAverage!F13 -> 0.00097580645 | I13: =FleetAverage!H13 -> 28.731836 | K13: =ProsumerMetrics!A13 -> BES_TR8_one469_A | L13: =ProsumerMetrics!J13 -> 25.5 | M13: =ProsumerMetrics!K13 -> 100 | T13: =FleetAverage!B13 -> 5.5 | U13: =FleetAverage!C13 -> 0.1087806 | V13: =FleetAverage!D13 -> 0.57060246 | W13: =FleetAverage!E13 -> 0.46278226 | X13: =FleetAverage!F13 -> 0.00097580645 | Y13: =FleetAverage!G13 -> -1.5400902e-05 | AA13: =FleetAverage!B13 -> 5.5 | AB13: =0 -> 0 | AC13: =FleetAverage!G13 -> -1.5400902e-05 | AD13: =MAX(AC13,0) -> 0 | AE13: =MIN(AC13,0) -> -1.5400902e-05 | AF13: =100 -> 100 | AG13: =FleetAverage!H13 -> 28.731836
A14: =FleetAverage!B14 -> 6 | B14: =FleetAverage!I14 -> 15.431137 | C14: =FleetAverage!J14 -> 99.945236 | D14: =FleetAverage!K14 -> 0.93390166 | F14: =FleetAverage!B14 -> 6 | G14: =FleetAverage!E14 -> 0.69041129 | H14: =FleetAverage!F14 -> 0.0013145161 | I14: =FleetAverage!H14 -> 33.946455 | K14: =ProsumerMetrics!A14 -> BES_TR8_one477_A | L14: =ProsumerMetrics!J14 -> 30.3 | M14: =ProsumerMetrics!K14 -> 97.3 | T14: =FleetAverage!B14 -> 6 | U14: =FleetAverage!C14 -> 0.12444466 | V14: =FleetAverage!D14 -> 0.80600997 | W14: =FleetAverage!E14 -> 0.69041129 | X14: =FleetAverage!F14 -> 0.0013145161 | Y14: =FleetAverage!G14 -> 0.007531465 | AA14: =FleetAverage!B14 -> 6 | AB14: =0 -> 0 | AC14: =FleetAverage!G14 -> 0.007531465 | AD14: =MAX(AC14,0) -> 0.007531465 | AE14: =MIN(AC14,0) -> 0 | AF14: =100 -> 100 | AG14: =FleetAverage!H14 -> 33.946455
A15: =FleetAverage!B15 -> 6.5 | B15: =FleetAverage!I15 -> 18.15753 | C15: =FleetAverage!J15 -> 129.49456 | D15: =FleetAverage!K15 -> 0.0009657941 | F15: =FleetAverage!B15 -> 6.5 | G15: =FleetAverage!E15 -> 0.90394355 | H15: =FleetAverage!F15 -> 0.0060564516 | I15: =FleetAverage!H15 -> 41.726845 | K15: =ProsumerMetrics!A15 -> BES_TR8_one482_B | L15: =ProsumerMetrics!J15 -> 23.6 | M15: =ProsumerMetrics!K15 -> 100 | T15: =FleetAverage!B15 -> 6.5 | U15: =FleetAverage!C15 -> 0.14643169 | V15: =FleetAverage!D15 -> 1.044311 | W15: =FleetAverage!E15 -> 0.90394355 | X15: =FleetAverage!F15 -> 0.0060564516 | Y15: =FleetAverage!G15 -> 7.7886621e-06 | AA15: =FleetAverage!B15 -> 6.5 | AB15: =0 -> 0 | AC15: =FleetAverage!G15 -> 7.7886621e-06 | AD15: =MAX(AC15,0) -> 7.7886621e-06 | AE15: =MIN(AC15,0) -> 0 | AF15: =100 -> 100 | AG15: =FleetAverage!H15 -> 41.726845
A16: =FleetAverage!B16 -> 7 | B16: =FleetAverage!I16 -> 18.777768 | C16: =FleetAverage!J16 -> 158.89088 | D16: =FleetAverage!K16 -> -0.069114802 | F16: =FleetAverage!B16 -> 7 | G16: =FleetAverage!E16 -> 1.1330242 | H16: =FleetAverage!F16 -> 0.0036370968 | I16: =FleetAverage!H16 -> 51.859936 | K16: =ProsumerMetrics!A16 -> BES_TR8_one61_A | L16: =ProsumerMetrics!J16 -> 60.1 | M16: =ProsumerMetrics!K16 -> 100 | T16: =FleetAverage!B16 -> 7 | U16: =FleetAverage!C16 -> 0.15143361 | V16: =FleetAverage!D16 -> 1.2813781 | W16: =FleetAverage!E16 -> 1.1330242 | X16: =FleetAverage!F16 -> 0.0036370968 | Y16: =FleetAverage!G16 -> -0.00055737743 | AA16: =FleetAverage!B16 -> 7 | AB16: =0 -> 0 | AC16: =FleetAverage!G16 -> -0.00055737743 | AD16: =MAX(AC16,0) -> 0 | AE16: =MIN(AC16,0) -> -0.00055737743 | AF16: =100 -> 100 | AG16: =FleetAverage!H16 -> 51.859936
A17: =FleetAverage!B17 -> 7.5 | B17: =FleetAverage!I17 -> 22.534144 | C17: =FleetAverage!J17 -> 188.32996 | D17: =FleetAverage!K17 -> -12.937819 | F17: =FleetAverage!B17 -> 7.5 | G17: =FleetAverage!E17 -> 1.2344758 | H17: =FleetAverage!F17 -> 0.00175 | I17: =FleetAverage!H17 -> 64.610876 | K17: =ProsumerMetrics!A17 -> BES_TR8_one552_B | L17: =ProsumerMetrics!J17 -> 97.4 | M17: =ProsumerMetrics!K17 -> 95.6 | T17: =FleetAverage!B17 -> 7.5 | U17: =FleetAverage!C17 -> 0.18172697 | V17: =FleetAverage!D17 -> 1.51879 | W17: =FleetAverage!E17 -> 1.2344758 | X17: =FleetAverage!F17 -> 0.00175 | Y17: =FleetAverage!G17 -> -0.10433725 | AA17: =FleetAverage!B17 -> 7.5 | AB17: =0 -> 0 | AC17: =FleetAverage!G17 -> -0.10433725 | AD17: =MAX(AC17,0) -> 0 | AE17: =MIN(AC17,0) -> -0.10433725 | AF17: =100 -> 100 | AG17: =FleetAverage!H17 -> 64.610876
A18: =FleetAverage!B18 -> 8 | B18: =FleetAverage!I18 -> 30.580285 | C18: =FleetAverage!J18 -> 215.96042 | D18: =FleetAverage!K18 -> -97.190132 | F18: =FleetAverage!B18 -> 8 | G18: =FleetAverage!E18 -> 0.71991129 | H18: =FleetAverage!F18 -> 0.0087016129 | I18: =FleetAverage!H18 -> 78.53095 | K18: =ProsumerMetrics!A18 -> BES_TR8_one560_C | L18: =ProsumerMetrics!J18 -> 46.1 | M18: =ProsumerMetrics!K18 -> 84 | T18: =FleetAverage!B18 -> 8 | U18: =FleetAverage!C18 -> 0.2466152 | V18: =FleetAverage!D18 -> 1.7416163 | W18: =FleetAverage!E18 -> 0.71991129 | X18: =FleetAverage!F18 -> 0.0087016129 | Y18: =FleetAverage!G18 -> -0.78379138 | AA18: =FleetAverage!B18 -> 8 | AB18: =0 -> 0 | AC18: =FleetAverage!G18 -> -0.78379138 | AD18: =MAX(AC18,0) -> 0 | AE18: =MIN(AC18,0) -> -0.78379138 | AF18: =100 -> 100 | AG18: =FleetAverage!H18 -> 78.53095
A19: =FleetAverage!B19 -> 8.5 | B19: =FleetAverage!I19 -> 37.009505 | C19: =FleetAverage!J19 -> 241.93308 | D19: =FleetAverage!K19 -> -158.08558 | F19: =FleetAverage!B19 -> 8.5 | G19: =FleetAverage!E19 -> 0.38551613 | H19: =FleetAverage!F19 -> 0.0077903226 | I19: =FleetAverage!H19 -> 86.552555 | K19: =ProsumerMetrics!A19 -> BES_TR8_one73_A | L19: =ProsumerMetrics!J19 -> 98 | M19: =ProsumerMetrics!K19 -> 98.3 | T19: =FleetAverage!B19 -> 8.5 | U19: =FleetAverage!C19 -> 0.29846375 | V19: =FleetAverage!D19 -> 1.9510732 | W19: =FleetAverage!E19 -> 0.38551613 | X19: =FleetAverage!F19 -> 0.0077903226 | Y19: =FleetAverage!G19 -> -1.2748837 | AA19: =FleetAverage!B19 -> 8.5 | AB19: =0 -> 0 | AC19: =FleetAverage!G19 -> -1.2748837 | AD19: =MAX(AC19,0) -> 0 | AE19: =MIN(AC19,0) -> -1.2748837 | AF19: =100 -> 100 | AG19: =FleetAverage!H19 -> 86.552555
A20: =FleetAverage!B20 -> 9 | B20: =FleetAverage!I20 -> 40.686142 | C20: =FleetAverage!J20 -> 264.05288 | D20: =FleetAverage!K20 -> -192.99173 | F20: =FleetAverage!B20 -> 9 | G20: =FleetAverage!E20 -> 0.25962903 | H20: =FleetAverage!F20 -> 0.014669355 | I20: =FleetAverage!H20 -> 90.80905 | K20: =ProsumerMetrics!A20 -> BES_TR8_one137_A | L20: =ProsumerMetrics!J20 -> 26.8 | M20: =ProsumerMetrics!K20 -> 100 | T20: =FleetAverage!B20 -> 9 | U20: =FleetAverage!C20 -> 0.32811405 | V20: =FleetAverage!D20 -> 2.1294587 | W20: =FleetAverage!E20 -> 0.25962903 | X20: =FleetAverage!F20 -> 0.014669355 | Y20: =FleetAverage!G20 -> -1.5563849 | AA20: =FleetAverage!B20 -> 9 | AB20: =0 -> 0 | AC20: =FleetAverage!G20 -> -1.5563849 | AD20: =MAX(AC20,0) -> 0 | AE20: =MIN(AC20,0) -> -1.5563849 | AF20: =100 -> 100 | AG20: =FleetAverage!H20 -> 90.80905
A21: =FleetAverage!B21 -> 9.5 | B21: =FleetAverage!I21 -> 41.661213 | C21: =FleetAverage!J21 -> 282.91882 | D21: =FleetAverage!K21 -> -220.2276 | F21: =FleetAverage!B21 -> 9.5 | G21: =FleetAverage!E21 -> 0.19473387 | H21: =FleetAverage!F21 -> 0.025137097 | I21: =FleetAverage!H21 -> 93.557691 | K21: =ProsumerMetrics!A21 -> BES_TR8_four50_C | L21: =ProsumerMetrics!J21 -> 22.5 | M21: =ProsumerMetrics!K21 -> 100 | T21: =FleetAverage!B21 -> 9.5 | U21: =FleetAverage!C21 -> 0.33597753 | V21: =FleetAverage!D21 -> 2.2816034 | W21: =FleetAverage!E21 -> 0.19473387 | X21: =FleetAverage!F21 -> 0.025137097 | Y21: =FleetAverage!G21 -> -1.7760291 | AA21: =FleetAverage!B21 -> 9.5 | AB21: =0 -> 0 | AC21: =FleetAverage!G21 -> -1.7760291 | AD21: =MAX(AC21,0) -> 0 | AE21: =MIN(AC21,0) -> -1.7760291 | AF21: =100 -> 100 | AG21: =FleetAverage!H21 -> 93.557691
A22: =FleetAverage!B22 -> 10 | B22: =FleetAverage!I22 -> 44.838114 | C22: =FleetAverage!J22 -> 299.47835 | D22: =FleetAverage!K22 -> -241.68124 | F22: =FleetAverage!B22 -> 10 | G22: =FleetAverage!E22 -> 0.11648387 | H22: =FleetAverage!F22 -> 0.011975806 | I22: =FleetAverage!H22 -> 95.441881 | K22: =ProsumerMetrics!A22 -> BES_TR8_four171_A | L22: =ProsumerMetrics!J22 -> 56.3 | M22: =ProsumerMetrics!K22 -> 100 | T22: =FleetAverage!B22 -> 10 | U22: =FleetAverage!C22 -> 0.36159769 | V22: =FleetAverage!D22 -> 2.415148 | W22: =FleetAverage!E22 -> 0.11648387 | X22: =FleetAverage!F22 -> 0.011975806 | Y22: =FleetAverage!G22 -> -1.9490422 | AA22: =FleetAverage!B22 -> 10 | AB22: =0 -> 0 | AC22: =FleetAverage!G22 -> -1.9490422 | AD22: =MAX(AC22,0) -> 0 | AE22: =MIN(AC22,0) -> -1.9490422 | AF22: =100 -> 100 | AG22: =FleetAverage!H22 -> 95.441881
A23: =FleetAverage!B23 -> 10.5 | B23: =FleetAverage!I23 -> 47.066099 | C23: =FleetAverage!J23 -> 313.14523 | D23: =FleetAverage!K23 -> -261.25513 | F23: =FleetAverage!B23 -> 10.5 | G23: =FleetAverage!E23 -> 0.069266129 | H23: =FleetAverage!F23 -> 0.030362903 | I23: =FleetAverage!H23 -> 96.60721 | K23: =ProsumerMetrics!A23 -> BES_TR8_four180_A | L23: =ProsumerMetrics!J23 -> 31.1 | M23: =ProsumerMetrics!K23 -> 100 | T23: =FleetAverage!B23 -> 10.5 | U23: =FleetAverage!C23 -> 0.37956531 | V23: =FleetAverage!D23 -> 2.5253647 | W23: =FleetAverage!E23 -> 0.069266129 | X23: =FleetAverage!F23 -> 0.030362903 | Y23: =FleetAverage!G23 -> -2.1068962 | AA23: =FleetAverage!B23 -> 10.5 | AB23: =0 -> 0 | AC23: =FleetAverage!G23 -> -2.1068962 | AD23: =MAX(AC23,0) -> 0 | AE23: =MIN(AC23,0) -> -2.1068962 | AF23: =100 -> 100 | AG23: =FleetAverage!H23 -> 96.60721
... A49: =FleetAverage!B49 -> 23.5 | B49: =FleetAverage!I49 -> 28.876278 | C49: =FleetAverage!J49 -> 0 | D49: =FleetAverage!K49 -> 5.3502781 | F49: =FleetAverage!B49 -> 23.5 | G49: =FleetAverage!E49 -> 0 | H49: =FleetAverage!F49 -> 0.18972581 | I49: =FleetAverage!H49 -> 51.675614 | K49: =ProsumerMetrics!A49 -> BES_TR8_four604_A | L49: =ProsumerMetrics!J49 -> 34.5 | M49: =ProsumerMetrics!K49 -> 100 | T49: =FleetAverage!B49 -> 23.5 | U49: =FleetAverage!C49 -> 0.23287321 | V49: =FleetAverage!D49 -> 0 | W49: =FleetAverage!E49 -> 0 | X49: =FleetAverage!F49 -> 0.18972581 | Y49: =FleetAverage!G49 -> 0.043147404 | AA49: =FleetAverage!B49 -> 23.5 | AB49: =0 -> 0 | AC49: =FleetAverage!G49 -> 0.043147404 | AD49: =MAX(AC49,0) -> 0.043147404 | AE49: =MIN(AC49,0) -> 0 | AF49: =100 -> 100 | AG49: =FleetAverage!H49 -> 51.675614
K50: =ProsumerMetrics!A50 -> BES_TR8_four78_B | L50: =ProsumerMetrics!J50 -> 28 | M50: =ProsumerMetrics!K50 -> 93.4
K51: =ProsumerMetrics!A51 -> BES_TR8_four734_A | L51: =ProsumerMetrics!J51 -> 38.3 | M51: =ProsumerMetrics!K51 -> 86.7
K52: =ProsumerMetrics!A52 -> BES_TR8_four797_C | L52: =ProsumerMetrics!J52 -> 23.7 | M52: =ProsumerMetrics!K52 -> 100
K53: =ProsumerMetrics!A53 -> BES_TR8_four846_C | L53: =ProsumerMetrics!J53 -> 20.2 | M53: =ProsumerMetrics!K53 -> 100
K54: =ProsumerMetrics!A54 -> BES_TR8_four854_A | L54: =ProsumerMetrics!J54 -> 15.8 | M54: =ProsumerMetrics!K54 -> 99.9
K55: =ProsumerMetrics!A55 -> BES_TR8_four936_C | L55: =ProsumerMetrics!J55 -> 81.9 | M55: =ProsumerMetrics!K55 -> 99.7
K56: =ProsumerMetrics!A56 -> BES_TR8_four950_B | L56: =ProsumerMetrics!J56 -> 26.2 | M56: =ProsumerMetrics!K56 -> 100
K57: =ProsumerMetrics!A57 -> BES_TR8_four978_A | L57: =ProsumerMetrics!J57 -> 44.8 | M57: =ProsumerMetrics!K57 -> 100
K58: =ProsumerMetrics!A58 -> BES_TR8_four104_A | L58: =ProsumerMetrics!J58 -> 72.3 | M58: =ProsumerMetrics!K58 -> 100
K59: =ProsumerMetrics!A59 -> BES_TR8_four988_A | L59: =ProsumerMetrics!J59 -> 39.3 | M59: =ProsumerMetrics!K59 -> 100
K60: =ProsumerMetrics!A60 -> BES_TR8_four1013_B | L60: =ProsumerMetrics!J60 -> 26.7 | M60: =ProsumerMetrics!K60 -> 100
K61: =ProsumerMetrics!A61 -> BES_TR8_four1027_A | L61: =ProsumerMetrics!J61 -> 29.1 | M61: =ProsumerMetrics!K61 -> 100
... K125: =ProsumerMetrics!A125 -> BES_TR8_six1064_C | L125: =ProsumerMetrics!J125 -> 100 | M125: =ProsumerMetrics!K125 -> 92.5

Sheet Fleet Avg Figure
A26: Hour | B26: demand | C26: PV generation | D26: charging | E26: discharging | F26: net exchange
A27: =ChartData!T2 -> 0 | B27: =ChartData!U2 -> 0.23955602 | C27: =ChartData!V2 -> 0 | D27: =ChartData!W2 -> 0 | E27: =ChartData!X2 -> 0.23916129 | F27: =ChartData!Y2 -> 0.00039472849
A28: =ChartData!T3 -> 0.5 | B28: =ChartData!U3 -> 0.16206498 | C28: =ChartData!V3 -> 0 | D28: =ChartData!W3 -> 0 | E28: =ChartData!X3 -> 0.15999194 | F28: =ChartData!Y3 -> 0.0020730435
A29: =ChartData!T4 -> 1 | B29: =ChartData!U4 -> 0.12509534 | C29: =ChartData!V4 -> 0 | D29: =ChartData!W4 -> 0 | E29: =ChartData!X4 -> 0.12145968 | F29: =ChartData!Y4 -> 0.0036356632
A30: =ChartData!T5 -> 1.5 | B30: =ChartData!U5 -> 0.13857775 | C30: =ChartData!V5 -> 0 | D30: =ChartData!W5 -> 0 | E30: =ChartData!X5 -> 0.12979839 | F30: =ChartData!Y5 -> 0.0087793624
A31: =ChartData!T6 -> 2 | B31: =ChartData!U6 -> 0.11135694 | C31: =ChartData!V6 -> 0 | D31: =ChartData!W6 -> 0 | E31: =ChartData!X6 -> 0.10301613 | F31: =ChartData!Y6 -> 0.0083408065
A32: =ChartData!T7 -> 2.5 | B32: =ChartData!U7 -> 0.12965302 | C32: =ChartData!V7 -> 0 | D32: =ChartData!W7 -> 0 | E32: =ChartData!X7 -> 0.12269355 | F32: =ChartData!Y7 -> 0.0069594726
A33: =ChartData!T8 -> 3 | B33: =ChartData!U8 -> 0.1092713 | C33: =ChartData!V8 -> 0 | D33: =ChartData!W8 -> 0 | E33: =ChartData!X8 -> 0.10104032 | F33: =ChartData!Y8 -> 0.0082309758
A34: =ChartData!T9 -> 3.5 | B34: =ChartData!U9 -> 0.14391197 | C34: =ChartData!V9 -> 0.0026465051 | D34: =ChartData!W9 -> 0 | E34: =ChartData!X9 -> 0.12418548 | F34: =ChartData!Y9 -> 0.017079979
A35: =ChartData!T10 -> 4 | B35: =ChartData!U10 -> 0.11276629 | C35: =ChartData!V10 -> 0.038253445 | D35: =ChartData!W10 -> 0.00031451613 | E35: =ChartData!X10 -> 0.067915573 | F35: =ChartData!Y10 -> 0.006911791
A36: =ChartData!T11 -> 4.5 | B36: =ChartData!U11 -> 0.11641532 | C36: =ChartData!V11 -> 0.1788847 | D36: =ChartData!W11 -> 0.083451613 | E36: =ChartData!X11 -> 0.020725806 | F36: =ChartData!Y11 -> 0.00025642459
A37: =ChartData!T12 -> 5 | B37: =ChartData!U12 -> 0.11359415 | C37: =ChartData!V12 -> 0.35484137 | D37: =ChartData!W12 -> 0.24564516 | E37: =ChartData!X12 -> 0.0044193548 | F37: =ChartData!Y12 -> -2.1419302e-05
A38: =ChartData!T13 -> 5.5 | B38: =ChartData!U13 -> 0.1087806 | C38: =ChartData!V13 -> 0.57060246 | D38: =ChartData!W13 -> 0.46278226 | E38: =ChartData!X13 -> 0.00097580645 | F38: =ChartData!Y13 -> -1.5400902e-05
... A74: =ChartData!T49 -> 23.5 | B74: =ChartData!U49 -> 0.23287321 | C74: =ChartData!V49 -> 0 | D74: =ChartData!W49 -> 0 | E74: =ChartData!X49 -> 0.18972581 | F74: =ChartData!Y49 -> 0.043147404

Sheet Self Consumption Figure
A34: Legend: very light thin lines = sampled individual prosumers; bold black = fleet-average net; bold muted green = fleet-average SOC; dashed gray targets show net = 0 and SOC max = 100%.
A36: Hour | B36: Net target kW | C36: Fleet avg net kW | D36: Import only kW | E36: Export only kW | F36: SOC max % | G36: Fleet avg SOC %
A37: =ChartData!AA2 -> 0 | B37: =ChartData!AB2 -> 0 | C37: =ChartData!AC2 -> 0.00039472849 | D37: =ChartData!AD2 -> 0.00039472849 | E37: =ChartData!AE2 -> 0 | F37: =ChartData!AF2 -> 100 | G37: =ChartData!AG2 -> 40
A38: =ChartData!AA3 -> 0.5 | B38: =ChartData!AB3 -> 0 | C38: =ChartData!AC3 -> 0.0020730435 | D38: =ChartData!AD3 -> 0.0020730435 | E38: =ChartData!AE3 -> 0 | F38: =ChartData!AF3 -> 100 | G38: =ChartData!AG3 -> 36.998769
A39: =ChartData!AA4 -> 1 | B39: =ChartData!AB4 -> 0 | C39: =ChartData!AC4 -> 0.0036356632 | D39: =ChartData!AD4 -> 0.0036356632 | E39: =ChartData!AE4 -> 0 | F39: =ChartData!AF4 -> 100 | G39: =ChartData!AG4 -> 34.991258
A40: =ChartData!AA5 -> 1.5 | B40: =ChartData!AB5 -> 0 | C40: =ChartData!AC5 -> 0.0087793624 | D40: =ChartData!AD5 -> 0.0087793624 | E40: =ChartData!AE5 -> 0 | F40: =ChartData!AF5 -> 100 | G40: =ChartData!AG5 -> 33.467018
A41: =ChartData!AA6 -> 2 | B41: =ChartData!AB6 -> 0 | C41: =ChartData!AC6 -> 0.0083408065 | D41: =ChartData!AD6 -> 0.0083408065 | E41: =ChartData!AE6 -> 0 | F41: =ChartData!AF6 -> 100 | G41: =ChartData!AG6 -> 31.837924
A42: =ChartData!AA7 -> 2.5 | B42: =ChartData!AB7 -> 0 | C42: =ChartData!AC7 -> 0.0069594726 | D42: =ChartData!AD7 -> 0.0069594726 | E42: =ChartData!AE7 -> 0 | F42: =ChartData!AF7 -> 100 | G42: =ChartData!AG7 -> 30.544951
A43: =ChartData!AA8 -> 3 | B43: =ChartData!AB8 -> 0 | C43: =ChartData!AC8 -> 0.0082309758 | D43: =ChartData!AD8 -> 0.0082309758 | E43: =ChartData!AE8 -> 0 | F43: =ChartData!AF8 -> 100 | G43: =ChartData!AG8 -> 29.005632
A44: =ChartData!AA9 -> 3.5 | B44: =ChartData!AB9 -> 0 | C44: =ChartData!AC9 -> 0.017079979 | D44: =ChartData!AD9 -> 0.017079979 | E44: =ChartData!AE9 -> 0 | F44: =ChartData!AF9 -> 100 | G44: =ChartData!AG9 -> 27.737964
A45: =ChartData!AA10 -> 4 | B45: =ChartData!AB10 -> 0 | C45: =ChartData!AC10 -> 0.006911791 | D45: =ChartData!AD10 -> 0.006911791 | E45: =ChartData!AE10 -> 0 | F45: =ChartData!AF10 -> 100 | G45: =ChartData!AG10 -> 26.179535
A46: =ChartData!AA11 -> 4.5 | B46: =ChartData!AB11 -> 0 | C46: =ChartData!AC11 -> 0.00025642459 | D46: =ChartData!AD11 -> 0.00025642459 | E46: =ChartData!AE11 -> 0 | F46: =ChartData!AF11 -> 100 | G46: =ChartData!AG11 -> 25.330335
A47: =ChartData!AA12 -> 5 | B47: =ChartData!AB12 -> 0 | C47: =ChartData!AC12 -> -2.1419302e-05 | D47: =ChartData!AD12 -> 0 | E47: =ChartData!AE12 -> -2.1419302e-05 | F47: =ChartData!AF12 -> 100 | G47: =ChartData!AG12 -> 26.012711
A48: =ChartData!AA13 -> 5.5 | B48: =ChartData!AB13 -> 0 | C48: =ChartData!AC13 -> -1.5400902e-05 | D48: =ChartData!AD13 -> 0 | E48: =ChartData!AE13 -> -1.5400902e-05 | F48: =ChartData!AF13 -> 100 | G48: =ChartData!AG13 -> 28.731836
... A84: =ChartData!AA49 -> 23.5 | B84: =ChartData!AB49 -> 0 | C84: =ChartData!AC49 -> 0.043147404 | D84: =ChartData!AD49 -> 0.043147404 | E84: =ChartData!AE49 -> 0 | F84: =ChartData!AF49 -> 100 | G84: =ChartData!AG49 -> 51.675614

Sheet Net Per Prosumer Figure
A26: Hour | B26: Net zero target | C26: Fleet average net
A27: =ChartData!AA2 -> 0 | B27: =ChartData!AB2 -> 0 | C27: =ChartData!AC2 -> 0.00039472849
A28: =ChartData!AA3 -> 0.5 | B28: =ChartData!AB3 -> 0 | C28: =ChartData!AC3 -> 0.0020730435
A29: =ChartData!AA4 -> 1 | B29: =ChartData!AB4 -> 0 | C29: =ChartData!AC4 -> 0.0036356632
A30: =ChartData!AA5 -> 1.5 | B30: =ChartData!AB5 -> 0 | C30: =ChartData!AC5 -> 0.0087793624
A31: =ChartData!AA6 -> 2 | B31: =ChartData!AB6 -> 0 | C31: =ChartData!AC6 -> 0.0083408065
A32: =ChartData!AA7 -> 2.5 | B32: =ChartData!AB7 -> 0 | C32: =ChartData!AC7 -> 0.0069594726
A33: =ChartData!AA8 -> 3 | B33: =ChartData!AB8 -> 0 | C33: =ChartData!AC8 -> 0.0082309758
A34: =ChartData!AA9 -> 3.5 | B34: =ChartData!AB9 -> 0 | C34: =ChartData!AC9 -> 0.017079979
A35: =ChartData!AA10 -> 4 | B35: =ChartData!AB10 -> 0 | C35: =ChartData!AC10 -> 0.006911791
A36: =ChartData!AA11 -> 4.5 | B36: =ChartData!AB11 -> 0 | C36: =ChartData!AC11 -> 0.00025642459
A37: =ChartData!AA12 -> 5 | B37: =ChartData!AB12 -> 0 | C37: =ChartData!AC12 -> -2.1419302e-05
A38: =ChartData!AA13 -> 5.5 | B38: =ChartData!AB13 -> 0 | C38: =ChartData!AC13 -> -1.5400902e-05
... A74: =ChartData!AA49 -> 23.5 | B74: =ChartData!AB49 -> 0 | C74: =ChartData!AC49 -> 0.043147404

Sheet Demand PV Dispatch Figure
A1: Demand, PV and battery dispatch - TR8
A37: Hour | B37: Demand avg kW | C37: PV avg kW | D37: Charge avg kW | E37: Disch. avg kW
A38: =ChartData!T2 -> 0 | B38: =ChartData!U2 -> 0.23955602 | C38: =ChartData!V2 -> 0 | D38: =ChartData!W2 -> 0 | E38: =ChartData!X2 -> 0.23916129
A39: =ChartData!T3 -> 0.5 | B39: =ChartData!U3 -> 0.16206498 | C39: =ChartData!V3 -> 0 | D39: =ChartData!W3 -> 0 | E39: =ChartData!X3 -> 0.15999194
A40: =ChartData!T4 -> 1 | B40: =ChartData!U4 -> 0.12509534 | C40: =ChartData!V4 -> 0 | D40: =ChartData!W4 -> 0 | E40: =ChartData!X4 -> 0.12145968
A41: =ChartData!T5 -> 1.5 | B41: =ChartData!U5 -> 0.13857775 | C41: =ChartData!V5 -> 0 | D41: =ChartData!W5 -> 0 | E41: =ChartData!X5 -> 0.12979839
A42: =ChartData!T6 -> 2 | B42: =ChartData!U6 -> 0.11135694 | C42: =ChartData!V6 -> 0 | D42: =ChartData!W6 -> 0 | E42: =ChartData!X6 -> 0.10301613
A43: =ChartData!T7 -> 2.5 | B43: =ChartData!U7 -> 0.12965302 | C43: =ChartData!V7 -> 0 | D43: =ChartData!W7 -> 0 | E43: =ChartData!X7 -> 0.12269355
A44: =ChartData!T8 -> 3 | B44: =ChartData!U8 -> 0.1092713 | C44: =ChartData!V8 -> 0 | D44: =ChartData!W8 -> 0 | E44: =ChartData!X8 -> 0.10104032
A45: =ChartData!T9 -> 3.5 | B45: =ChartData!U9 -> 0.14391197 | C45: =ChartData!V9 -> 0.0026465051 | D45: =ChartData!W9 -> 0 | E45: =ChartData!X9 -> 0.12418548
A46: =ChartData!T10 -> 4 | B46: =ChartData!U10 -> 0.11276629 | C46: =ChartData!V10 -> 0.038253445 | D46: =ChartData!W10 -> 0.00031451613 | E46: =ChartData!X10 -> 0.067915573
A47: =ChartData!T11 -> 4.5 | B47: =ChartData!U11 -> 0.11641532 | C47: =ChartData!V11 -> 0.1788847 | D47: =ChartData!W11 -> 0.083451613 | E47: =ChartData!X11 -> 0.020725806
A48: =ChartData!T12 -> 5 | B48: =ChartData!U12 -> 0.11359415 | C48: =ChartData!V12 -> 0.35484137 | D48: =ChartData!W12 -> 0.24564516 | E48: =ChartData!X12 -> 0.0044193548
A49: =ChartData!T13 -> 5.5 | B49: =ChartData!U13 -> 0.1087806 | C49: =ChartData!V13 -> 0.57060246 | D49: =ChartData!W13 -> 0.46278226 | E49: =ChartData!X13 -> 0.00097580645
... A85: =ChartData!T49 -> 23.5 | B85: =ChartData!U49 -> 0.23287321 | C85: =ChartData!V49 -> 0 | D85: =ChartData!W49 -> 0 | E85: =ChartData!X49 -> 0.18972581
