Workbook

Sheet 1_Summary
B2: TR9 rolling flexibility operating region (FOR)
B3: How the region is built, column by column — 48 half-hourly rolling steps × 12 boundary directions, measured at the feeder PCC with TR9's batteries as the flexible resource.
B6: WHAT THIS WORKBOOK IS
B7: Purpose | C7: Each half-hour of the day has its own FOR: the set of active/reactive power (P,Q) that can be presented at the feeder's point of common coupling for the next time slot, when TR9's batteries are the flexible resource. IMPORTANT: the PCC is the feeder's slack/HV bus, so every (P,Q) here is a whole-feeder quantity — all nine transformers, all 172+ loads and every PV panel — not TR9's own connection point. The eight other transformers are lumped as passive loads in this run, their batteries idle. The optimizer finds the region by pushing the operating point as far as it will go in 12 compass directions (0°,30°,…,330°). Joining those 12 points gives the boundary. This file shows the numbers and the formulas that turn them into the two pictures you have seen (absolute and deviation). Two flexibilities live here and must not be confused: the PV (uncontrollable, already in the baseline) and the battery (controllable — the deviation the operator can move).
B8: Sign convention | C8: P > 0 = IMPORT from the grid. P < 0 = EXPORT (surplus sent to the grid). Q > 0 = the inverters absorb reactive power. Q < 0 = they inject it. Units: MW / MVAr (per-unit × 1 MVA base).
B10: AT A GLANCE (LIVE COUNTS FROM 4_ALL_PERIODS)
B11: Rolling steps | C11: =MAX('4_All_periods'!A2:A577) -> 48
B12: Boundary points solved | C12: =COUNTA('4_All_periods'!A2:A577) -> 576
B13: Solves that are not optimal | C13: =COUNTIF('4_All_periods'!G2:G577,"<>Optimal") -> 0
B14: Points at the 1.10 pu voltage wall | C14: =COUNTIF('4_All_periods'!H2:H577,">=1.0999") -> 254
B16: CONTENTS — HOW THE TABS ARE ORGANISED
B17: 1_Summary | C17: This page: purpose, sign convention, column glossary and the recipe for building one FOR by hand.
B18: 2_Sample_00h00 | C18: Worked example for period 1 = 00:00. The P/Q numbers are typed in, so you can overwrite them and watch the charts move.
B19: 3_Sample_12h00 | C19: Worked example for period 25 = 12:00, in the midday solar window. Same layout, numbers typed in.
B20: 4_All_periods | C20: Master data. All 48 periods × 12 directions = 576 boundary points, with the baseline and the deviation of each.
B21: P02_00h30 … P48_23h30 | C21: One tab per rolling step, each with its own absolute and deviation chart. These read from 4_All_periods, so they follow the master data.
B23: COLUMN GLOSSARY
B24: now | C24: Rolling step = which half-hour we are planning from. 1 = 00:00, 2 = 00:30, … 48 = 23:30.
B25: target | C25: The service slot being offered = the next half-hour (t+1), so target = now + 1. The last step (now = 48 = 23:30) offers slot 1 = 00:00.
B26: angle_deg | C26: Direction the optimizer pushes in. 0° = as much IMPORT as possible, 90° = as much +Q, 180° = as much EXPORT, 270° = as much −Q. The 12 angles trace the boundary.
B27: P | C27: Active power at the PCC at that boundary point (MW). + import / − export.
B28: Q | C28: Reactive power at the PCC at that boundary point (MVAr).
B29: proj | C29: ‘Support’ value = how far the region reaches in the push direction. proj = P·cos(angle) + Q·sin(angle). (Column F recomputes it so you can check.)
B30: status | C30: Solver result. ‘Optimal’ = a valid boundary point. All 576 are Optimal here.
B31: VmaxTrue | C31: The TRUE highest voltage anywhere in the network at that point (per-unit). When it equals 1.10000 the over-voltage limit is what stops the region — the binding wall.
B32: VminTrue | C32: The true lowest network voltage (pu). Watches the under-voltage limit (0.94). (in the source CSV; not carried into this workbook)
B33: OVviol / UVviol | C33: Over-/under-voltage violation (pu). ≈0 means the point is genuinely AC-feasible. (in the source CSV; not carried into this workbook)
B34: LinErr | C34: Internal linearization-error check (pu). Small = the linear model tracked the exact AC solve. (in the source CSV; not carried into this workbook)
B35: B_P , B_Q | C35: The BASELINE for that half-hour = the PCC power with every battery ON THE FEEDER switched OFF. It is the whole feeder's passive imbalance: load − PV summed over all nine transformers, plus the network losses. Sanity check at period 25: B_P = −2.2582 MW, the nine transformers' load − PV sum to −2.2803 MW, and the 22 kW gap is losses. TR9 alone is only −0.1784 MW. This is the UNCONTROLLABLE part: the PV / self-consumption commitment already serving local load, neighbours' load and losses — nobody is paid for it. The batteries deviate around this point. Read from FOR_rolling_baseline.csv, one series shared by all nine per-transformer runs.
B36: dP , dQ | C36: The DEVIATION = P − B_P and Q − B_Q. This is the CONTROLLABLE flexibility a DSO/TSO can dispatch — the effect of TR9's batteries at the PCC (battery power, to within a small network-loss term). PV is NOT here; it is already inside the baseline. dP > 0 = the batteries can still charge (import more); dP < 0 = they can still discharge (export more). Use the deviation, not the absolute point, for fairness allocation and dispatch: the absolute regions of all nine transformers overlap on the shared baseline, so only the deviation separates them. Reference: measured from the batteries-OFF baseline, not from the committed self-consumption schedule.
B38: STEP BY STEP: HOW TO BUILD ONE FOR BY HAND
B39: Step 1 | C39: Pick a half-hour (a ‘now’ value, e.g. 25 = 12:00).
B40: Step 2 | C40: Read its 12 boundary vertices (angle, P, Q) — columns A,B,C on the sample sheets. Each came from ONE optimization solve that maximised the push in that direction.
B41: Step 3 | C41: Read the baseline B = (B_P, B_Q) for that half-hour (the batteries-off PCC point).
B42: Step 4 | C42: Compute the deviation for every vertex: dP = P − B_P , dQ = Q − B_Q. (Column D,E do this with a formula.)
B43: Step 5 | C43: Plot P vs Q → the ABSOLUTE FOR (where the region really sits).
B44: Step 6 | C44: Plot dP vs dQ → the DEVIATION FOR (centred on the self-consumption plan). Right of the vertical axis = battery can still charge; left = still discharge.
B45: Step 7 | C45: Read the flexibility off it: import-reach = max(dP over the 12 points, but ≥0); export-reach = −min(dP), ≥0. If both > 0 the region straddles zero (can do both).
B47: COLOUR KEY
B48: INPUT | C48: Numbers straight from the optimizer. Safe to overwrite on the two sample tabs if you want to test a what-if.
B49: LIVE FORMULA | C49: Calculated cell — click it to see the formula. Recomputes as soon as an input changes.
B50: BASELINE B | C50: The batteries-off PCC point (load − PV) that every deviation is measured from.
B52: Source: rolling FOR solves exported as FOR_rolling_TR9.csv; baselines from FOR_rolling_baseline.csv. P, Q, proj and the baselines are stored rounded to 4 decimals and VmaxTrue to 5, so the proj check agrees with the solver's proj to about 1e-4 rather than exactly. Checked against the exports: all 576 solves optimal, true voltages within 1.10000 / 0.94454 pu and no limit violations. Editing a value on 4_All_periods updates every P## tab and chart that reads it.

Sheet 2_Sample_00h00
A1: TR9 rolling FOR — period 1 = 00:00 (worked example)
A3: BASELINE B ≈ load − PV, batteries OFF — the all-idle PCC point (also carries losses). This is the UNCONTROLLABLE PV commitment; the battery deviates around it:
A4: B_P (MW) = | B4: 0.5454 | C4: B_Q (MVAr) = | D4: 0.112
A6: angle_deg | B6: P_abs (MW) | C6: Q_abs (MVAr) | D6: dP = P − B_P | E6: dQ = Q − B_Q | F6: proj check | G6: battery side
A7: 0 | B7: 0.775 | C7: 0.0853 | D7: =B7-$B$4 -> 0.2296 | E7: =C7-$D$4 -> -0.0267 | F7: =B7*COS(RADIANS(A7))+C7*SIN(RADIANS(A7)) -> 0.775 | G7: =IF(D7>0,"charge/import","discharge/export") -> charge/import
A8: 30 | B8: 0.7285 | C8: 0.2533 | D8: =B8-$B$4 -> 0.1831 | E8: =C8-$D$4 -> 0.1413 | F8: =B8*COS(RADIANS(A8))+C8*SIN(RADIANS(A8)) -> 0.75754951 | G8: =IF(D8>0,"charge/import","discharge/export") -> charge/import
A9: 60 | B9: 0.6073 | C9: 0.3755 | D9: =B9-$B$4 -> 0.0619 | E9: =C9-$D$4 -> 0.2635 | F9: =B9*COS(RADIANS(A9))+C9*SIN(RADIANS(A9)) -> 0.62884254 | G9: =IF(D9>0,"charge/import","discharge/export") -> charge/import
A10: 90 | B10: 0.4554 | C10: 0.4146 | D10: =B10-$B$4 -> -0.09 | E10: =C10-$D$4 -> 0.3026 | F10: =B10*COS(RADIANS(A10))+C10*SIN(RADIANS(A10)) -> 0.4146 | G10: =IF(D10>0,"charge/import","discharge/export") -> discharge/export
A11: 120 | B11: 0.2923 | C11: 0.3713 | D11: =B11-$B$4 -> -0.2531 | E11: =C11-$D$4 -> 0.2593 | F11: =B11*COS(RADIANS(A11))+C11*SIN(RADIANS(A11)) -> 0.17540523 | G11: =IF(D11>0,"charge/import","discharge/export") -> discharge/export
A12: 150 | B12: 0.2578 | C12: 0.3477 | D12: =B12-$B$4 -> -0.2876 | E12: =C12-$D$4 -> 0.2357 | F12: =B12*COS(RADIANS(A12))+C12*SIN(RADIANS(A12)) -> -0.049411349 | G12: =IF(D12>0,"charge/import","discharge/export") -> discharge/export
A13: 180 | B13: 0.2551 | C13: -0.1119 | D13: =B13-$B$4 -> -0.2903 | E13: =C13-$D$4 -> -0.2239 | F13: =B13*COS(RADIANS(A13))+C13*SIN(RADIANS(A13)) -> -0.2551 | G13: =IF(D13>0,"charge/import","discharge/export") -> discharge/export
A14: 210 | B14: 0.2667 | C14: -0.1651 | D14: =B14-$B$4 -> -0.2787 | E14: =C14-$D$4 -> -0.2771 | F14: =B14*COS(RADIANS(A14))+C14*SIN(RADIANS(A14)) -> -0.14841898 | G14: =IF(D14>0,"charge/import","discharge/export") -> discharge/export
A15: 240 | B15: 0.3065 | C15: -0.194 | D15: =B15-$B$4 -> -0.2389 | E15: =C15-$D$4 -> -0.306 | F15: =B15*COS(RADIANS(A15))+C15*SIN(RADIANS(A15)) -> 0.014758928 | G15: =IF(D15>0,"charge/import","discharge/export") -> discharge/export
A16: 270 | B16: 0.4468 | C16: -0.2297 | D16: =B16-$B$4 -> -0.0986 | E16: =C16-$D$4 -> -0.3417 | F16: =B16*COS(RADIANS(A16))+C16*SIN(RADIANS(A16)) -> 0.2297 | G16: =IF(D16>0,"charge/import","discharge/export") -> discharge/export
A17: 300 | B17: 0.6119 | C17: -0.1854 | D17: =B17-$B$4 -> 0.0665 | E17: =C17-$D$4 -> -0.2974 | F17: =B17*COS(RADIANS(A17))+C17*SIN(RADIANS(A17)) -> 0.46651111 | G17: =IF(D17>0,"charge/import","discharge/export") -> charge/import
A18: 330 | B18: 0.7327 | C18: -0.0647 | D18: =B18-$B$4 -> 0.1873 | E18: =C18-$D$4 -> -0.1767 | F18: =B18*COS(RADIANS(A18))+C18*SIN(RADIANS(A18)) -> 0.66688681 | G18: =IF(D18>0,"charge/import","discharge/export") -> charge/import
A19: (close) | B19: =B7 -> 0.775 | C19: =C7 -> 0.0853 | D19: =D7 -> 0.2296 | E19: =E7 -> -0.0267
A21: Interpretation (all computed live):
A22: P width (MW) | C22: =MAX(B7:B18)-MIN(B7:B18) -> 0.5199
A23: import-reach (charge) | C23: =MAX(0,MAX(D7:D18)) -> 0.2296
A24: export-reach (dischg) | C24: =MAX(0,-MIN(D7:D18)) -> 0.2903
A25: verdict | C25: =IF(AND(C23>0.02,C24>0.02),"two-sided → can charge (import) or discharge (export)",IF(C23<=0.02,"one-sided → discharge/export only (no import headroom)","one-sided → charge/import only (no export headroom)")) -> two-sided → can charge (import) or discharge (export)
A26: what stops it | C26: =IF(AND(C23>0.02,C24>0.02),"both directions have headroom",IF(C23<=0.02,"blocked at 0°: Vmax there = "&TEXT('4_All_periods'!H2,"0.00000")&" pu"&IF('4_All_periods'!H2>=1.0999," → over-voltage limit is active"," → clear of the limit, so the battery bounds it"),"blocked at 180°: Vmax there = "&TEXT('4_All_periods'!H8,"0.00000")&" pu"&IF('4_All_periods'!H8>=1.0999," → over-voltage limit is active"," → clear of the limit, so the battery bounds it"))) -> both directions have headroom
A27: Tip: change any light-blue P/Q or the pink baseline and the amber cells + both charts update automatically.

Sheet 3_Sample_12h00
A1: TR9 rolling FOR — period 25 = 12:00 (worked example)
A3: BASELINE B ≈ load − PV, batteries OFF — the all-idle PCC point (also carries losses). This is the UNCONTROLLABLE PV commitment; the battery deviates around it:
A4: B_P (MW) = | B4: -2.2582 | C4: B_Q (MVAr) = | D4: 0.2073
A6: angle_deg | B6: P_abs (MW) | C6: Q_abs (MVAr) | D6: dP = P − B_P | E6: dQ = Q − B_Q | F6: proj check | G6: battery side
A7: 0 | B7: -2.259 | C7: 0.2471 | D7: =B7-$B$4 -> -0.0008 | E7: =C7-$D$4 -> 0.0398 | F7: =B7*COS(RADIANS(A7))+C7*SIN(RADIANS(A7)) -> -2.259 | G7: =IF(D7>0,"charge/import","discharge/export") -> discharge/export
A8: 30 | B8: -2.274 | C8: 0.515 | D8: =B8-$B$4 -> -0.0158 | E8: =C8-$D$4 -> 0.3077 | F8: =B8*COS(RADIANS(A8))+C8*SIN(RADIANS(A8)) -> -1.7118418 | G8: =IF(D8>0,"charge/import","discharge/export") -> discharge/export
A9: 60 | B9: -2.2778 | C9: 0.5183 | D9: =B9-$B$4 -> -0.0196 | E9: =C9-$D$4 -> 0.311 | F9: =B9*COS(RADIANS(A9))+C9*SIN(RADIANS(A9)) -> -0.69003903 | G9: =IF(D9>0,"charge/import","discharge/export") -> discharge/export
A10: 90 | B10: -2.3207 | C10: 0.5227 | D10: =B10-$B$4 -> -0.0625 | E10: =C10-$D$4 -> 0.3154 | F10: =B10*COS(RADIANS(A10))+C10*SIN(RADIANS(A10)) -> 0.5227 | G10: =IF(D10>0,"charge/import","discharge/export") -> discharge/export
A11: 120 | B11: -2.4081 | C11: 0.5033 | D11: =B11-$B$4 -> -0.1499 | E11: =C11-$D$4 -> 0.296 | F11: =B11*COS(RADIANS(A11))+C11*SIN(RADIANS(A11)) -> 1.6399206 | G11: =IF(D11>0,"charge/import","discharge/export") -> discharge/export
A12: 150 | B12: -2.5088 | C12: 0.396 | D12: =B12-$B$4 -> -0.2506 | E12: =C12-$D$4 -> 0.1887 | F12: =B12*COS(RADIANS(A12))+C12*SIN(RADIANS(A12)) -> 2.3706845 | G12: =IF(D12>0,"charge/import","discharge/export") -> discharge/export
A13: 180 | B13: -2.5456 | C13: 0.2774 | D13: =B13-$B$4 -> -0.2874 | E13: =C13-$D$4 -> 0.0701 | F13: =B13*COS(RADIANS(A13))+C13*SIN(RADIANS(A13)) -> 2.5456 | G13: =IF(D13>0,"charge/import","discharge/export") -> discharge/export
A14: 210 | B14: -2.5269 | C14: 0.2235 | D14: =B14-$B$4 -> -0.2687 | E14: =C14-$D$4 -> 0.0162 | F14: =B14*COS(RADIANS(A14))+C14*SIN(RADIANS(A14)) -> 2.0766096 | G14: =IF(D14>0,"charge/import","discharge/export") -> discharge/export
A15: 240 | B15: -2.3268 | C15: 0.0122 | D15: =B15-$B$4 -> -0.0686 | E15: =C15-$D$4 -> -0.1951 | F15: =B15*COS(RADIANS(A15))+C15*SIN(RADIANS(A15)) -> 1.1528345 | G15: =IF(D15>0,"charge/import","discharge/export") -> discharge/export
A16: 270 | B16: -2.2763 | C16: -0.0009 | D16: =B16-$B$4 -> -0.0181 | E16: =C16-$D$4 -> -0.2082 | F16: =B16*COS(RADIANS(A16))+C16*SIN(RADIANS(A16)) -> 0.0009 | G16: =IF(D16>0,"charge/import","discharge/export") -> discharge/export
A17: 300 | B17: -2.2673 | C17: -0.0003 | D17: =B17-$B$4 -> -0.0091 | E17: =C17-$D$4 -> -0.2076 | F17: =B17*COS(RADIANS(A17))+C17*SIN(RADIANS(A17)) -> -1.1333902 | G17: =IF(D17>0,"charge/import","discharge/export") -> discharge/export
A18: 330 | B18: -2.2673 | C18: -0.0003 | D18: =B18-$B$4 -> -0.0091 | E18: =C18-$D$4 -> -0.2076 | F18: =B18*COS(RADIANS(A18))+C18*SIN(RADIANS(A18)) -> -1.9633894 | G18: =IF(D18>0,"charge/import","discharge/export") -> discharge/export
A19: (close) | B19: =B7 -> -2.259 | C19: =C7 -> 0.2471 | D19: =D7 -> -0.0008 | E19: =E7 -> 0.0398
A21: Interpretation (all computed live):
A22: P width (MW) | C22: =MAX(B7:B18)-MIN(B7:B18) -> 0.2866
A23: import-reach (charge) | C23: =MAX(0,MAX(D7:D18)) -> 0
A24: export-reach (dischg) | C24: =MAX(0,-MIN(D7:D18)) -> 0.2874
A25: verdict | C25: =IF(AND(C23>0.02,C24>0.02),"two-sided → can charge (import) or discharge (export)",IF(C23<=0.02,"one-sided → discharge/export only (no import headroom)","one-sided → charge/import only (no export headroom)")) -> one-sided → discharge/export only (no import headroom)
A26: what stops it | C26: =IF(AND(C23>0.02,C24>0.02),"both directions have headroom",IF(C23<=0.02,"blocked at 0°: Vmax there = "&TEXT('4_All_periods'!H290,"0.00000")&" pu"&IF('4_All_periods'!H290>=1.0999," → over-voltage limit is active"," → clear of the limit, so the battery bounds it"),"blocked at 180°: Vmax there = "&TEXT('4_All_periods'!H296,"0.00000")&" pu"&IF('4_All_periods'!H296>=1.0999," → over-voltage limit is active"," → clear of the limit, so the battery bounds it"))) -> blocked at 0°: Vmax there = 1.10000 pu → over-voltage limit is active
A27: Tip: change any light-blue P/Q or the pink baseline and the amber cells + both charts update automatically.

Sheet 4_All_periods
A1: now | B1: hour | C1: angle_deg | D1: P (MW) | E1: Q (MVAr) | F1: proj | G1: status | H1: VmaxTrue (pu) | I1: B_P (MW) | J1: B_Q (MVAr) | K1: dP = P−B_P | L1: dQ = Q−B_Q
A2: 1 | B2: 00:00 | C2: 0 | D2: 0.775 | E2: 0.0853 | F2: 0.775 | G2: Optimal | H2: 1.02746 | I2: 0.5454 | J2: 0.112 | K2: =D2-I2 -> 0.2296 | L2: =E2-J2 -> -0.0267
A3: 1 | B3: 00:00 | C3: 30 | D3: 0.7285 | E3: 0.2533 | F3: 0.7575 | G3: Optimal | H3: 1.00921 | I3: 0.5454 | J3: 0.112 | K3: =D3-I3 -> 0.1831 | L3: =E3-J3 -> 0.1413
A4: 1 | B4: 00:00 | C4: 60 | D4: 0.6073 | E4: 0.3755 | F4: 0.6288 | G4: Optimal | H4: 1.00492 | I4: 0.5454 | J4: 0.112 | K4: =D4-I4 -> 0.0619 | L4: =E4-J4 -> 0.2635
A5: 1 | B5: 00:00 | C5: 90 | D5: 0.4554 | E5: 0.4146 | F5: 0.4146 | G5: Optimal | H5: 1.00925 | I5: 0.5454 | J5: 0.112 | K5: =D5-I5 -> -0.09 | L5: =E5-J5 -> 0.3026
A6: 1 | B6: 00:00 | C6: 120 | D6: 0.2923 | E6: 0.3713 | F6: 0.1754 | G6: Optimal | H6: 1.02738 | I6: 0.5454 | J6: 0.112 | K6: =D6-I6 -> -0.2531 | L6: =E6-J6 -> 0.2593
A7: 1 | B7: 00:00 | C7: 150 | D7: 0.2578 | E7: 0.3477 | F7: -0.0495 | G7: Optimal | H7: 1.04445 | I7: 0.5454 | J7: 0.112 | K7: =D7-I7 -> -0.2876 | L7: =E7-J7 -> 0.2357
A8: 1 | B8: 00:00 | C8: 180 | D8: 0.2551 | E8: -0.1119 | F8: -0.2551 | G8: Optimal | H8: 1.09999 | I8: 0.5454 | J8: 0.112 | K8: =D8-I8 -> -0.2903 | L8: =E8-J8 -> -0.2239
A9: 1 | B9: 00:00 | C9: 210 | D9: 0.2667 | E9: -0.1651 | F9: -0.1484 | G9: Optimal | H9: 1.1 | I9: 0.5454 | J9: 0.112 | K9: =D9-I9 -> -0.2787 | L9: =E9-J9 -> -0.2771
A10: 1 | B10: 00:00 | C10: 240 | D10: 0.3065 | E10: -0.194 | F10: 0.0147 | G10: Optimal | H10: 1.1 | I10: 0.5454 | J10: 0.112 | K10: =D10-I10 -> -0.2389 | L10: =E10-J10 -> -0.306
A11: 1 | B11: 00:00 | C11: 270 | D11: 0.4468 | E11: -0.2297 | F11: 0.2297 | G11: Optimal | H11: 1.09527 | I11: 0.5454 | J11: 0.112 | K11: =D11-I11 -> -0.0986 | L11: =E11-J11 -> -0.3417
A12: 1 | B12: 00:00 | C12: 300 | D12: 0.6119 | E12: -0.1854 | F12: 0.4665 | G12: Optimal | H12: 1.07527 | I12: 0.5454 | J12: 0.112 | K12: =D12-I12 -> 0.0665 | L12: =E12-J12 -> -0.2974
A13: 1 | B13: 00:00 | C13: 330 | D13: 0.7327 | E13: -0.0647 | F13: 0.6669 | G13: Optimal | H13: 1.04676 | I13: 0.5454 | J13: 0.112 | K13: =D13-I13 -> 0.1873 | L13: =E13-J13 -> -0.1767
... A577: 48 | B577: 23:30 | C577: 330 | D577: 0.8068 | E577: -0.0642 | F577: 0.7308 | G577: Optimal | H577: 1.04899 | I577: 0.6488 | J577: 0.1337 | K577: =D577-I577 -> 0.158 | L577: =E577-J577 -> -0.1979

Sheet P02_00h30
A1: TR9 rolling FOR — period 2 = 00:30
A3: BASELINE B ≈ load − PV, batteries OFF — the all-idle PCC point (also carries losses). This is the UNCONTROLLABLE PV commitment; the battery deviates around it:
A4: B_P (MW) = | B4: ='4_All_periods'!I14 -> 0.4511 | C4: B_Q (MVAr) = | D4: ='4_All_periods'!J14 -> 0.0924
A6: angle_deg | B6: P_abs (MW) | C6: Q_abs (MVAr) | D6: dP = P − B_P | E6: dQ = Q − B_Q | F6: proj check | G6: battery side
A7: ='4_All_periods'!C14 -> 0 | B7: ='4_All_periods'!D14 -> 0.6851 | C7: ='4_All_periods'!E14 -> 0.0676 | D7: =B7-$B$4 -> 0.234 | E7: =C7-$D$4 -> -0.0248 | F7: =B7*COS(RADIANS(A7))+C7*SIN(RADIANS(A7)) -> 0.6851 | G7: =IF(D7>0,"charge/import","discharge/export") -> charge/import
A8: ='4_All_periods'!C15 -> 30 | B8: ='4_All_periods'!D15 -> 0.6367 | C8: ='4_All_periods'!E15 -> 0.2389 | D8: =B8-$B$4 -> 0.1856 | E8: =C8-$D$4 -> 0.1465 | F8: =B8*COS(RADIANS(A8))+C8*SIN(RADIANS(A8)) -> 0.67084837 | G8: =IF(D8>0,"charge/import","discharge/export") -> charge/import
A9: ='4_All_periods'!C16 -> 60 | B9: ='4_All_periods'!D16 -> 0.522 | C9: ='4_All_periods'!E16 -> 0.355 | D9: =B9-$B$4 -> 0.0709 | E9: =C9-$D$4 -> 0.2626 | F9: =B9*COS(RADIANS(A9))+C9*SIN(RADIANS(A9)) -> 0.56843902 | G9: =IF(D9>0,"charge/import","discharge/export") -> charge/import
A10: ='4_All_periods'!C17 -> 90 | B10: ='4_All_periods'!D17 -> 0.3646 | C10: ='4_All_periods'!E17 -> 0.3963 | D10: =B10-$B$4 -> -0.0865 | E10: =C10-$D$4 -> 0.3039 | F10: =B10*COS(RADIANS(A10))+C10*SIN(RADIANS(A10)) -> 0.3963 | G10: =IF(D10>0,"charge/import","discharge/export") -> discharge/export
A11: ='4_All_periods'!C18 -> 120 | B11: ='4_All_periods'!D18 -> 0.2101 | C11: ='4_All_periods'!E18 -> 0.3565 | D11: =B11-$B$4 -> -0.241 | E11: =C11-$D$4 -> 0.2641 | F11: =B11*COS(RADIANS(A11))+C11*SIN(RADIANS(A11)) -> 0.20368806 | G11: =IF(D11>0,"charge/import","discharge/export") -> discharge/export
A12: ='4_All_periods'!C19 -> 150 | B12: ='4_All_periods'!D19 -> 0.187 | C12: ='4_All_periods'!E19 -> 0.3413 | D12: =B12-$B$4 -> -0.2641 | E12: =C12-$D$4 -> 0.2489 | F12: =B12*COS(RADIANS(A12))+C12*SIN(RADIANS(A12)) -> 0.0087032495 | G12: =IF(D12>0,"charge/import","discharge/export") -> discharge/export
A13: ='4_All_periods'!C20 -> 180 | B13: ='4_All_periods'!D20 -> 0.1845 | C13: ='4_All_periods'!E20 -> -0.1443 | D13: =B13-$B$4 -> -0.2666 | E13: =C13-$D$4 -> -0.2367 | F13: =B13*COS(RADIANS(A13))+C13*SIN(RADIANS(A13)) -> -0.1845 | G13: =IF(D13>0,"charge/import","discharge/export") -> discharge/export
A14: ='4_All_periods'!C21 -> 210 | B14: ='4_All_periods'!D21 -> 0.1963 | C14: ='4_All_periods'!E21 -> -0.1915 | D14: =B14-$B$4 -> -0.2548 | E14: =C14-$D$4 -> -0.2839 | F14: =B14*COS(RADIANS(A14))+C14*SIN(RADIANS(A14)) -> -0.074250787 | G14: =IF(D14>0,"charge/import","discharge/export") -> discharge/export
A15: ='4_All_periods'!C22 -> 240 | B15: ='4_All_periods'!D22 -> 0.2297 | C15: ='4_All_periods'!E22 -> -0.2154 | D15: =B15-$B$4 -> -0.2214 | E15: =C15-$D$4 -> -0.3078 | F15: =B15*COS(RADIANS(A15))+C15*SIN(RADIANS(A15)) -> 0.071691872 | G15: =IF(D15>0,"charge/import","discharge/export") -> discharge/export
A16: ='4_All_periods'!C23 -> 270 | B16: ='4_All_periods'!D23 -> 0.3579 | C16: ='4_All_periods'!E23 -> -0.2485 | D16: =B16-$B$4 -> -0.0932 | E16: =C16-$D$4 -> -0.3409 | F16: =B16*COS(RADIANS(A16))+C16*SIN(RADIANS(A16)) -> 0.2485 | G16: =IF(D16>0,"charge/import","discharge/export") -> discharge/export
A17: ='4_All_periods'!C24 -> 300 | B17: ='4_All_periods'!D24 -> 0.5222 | C17: ='4_All_periods'!E24 -> -0.2044 | D17: =B17-$B$4 -> 0.0711 | E17: =C17-$D$4 -> -0.2968 | F17: =B17*COS(RADIANS(A17))+C17*SIN(RADIANS(A17)) -> 0.43811559 | G17: =IF(D17>0,"charge/import","discharge/export") -> charge/import
A18: ='4_All_periods'!C25 -> 330 | B18: ='4_All_periods'!D25 -> 0.6424 | C18: ='4_All_periods'!E25 -> -0.0842 | D18: =B18-$B$4 -> 0.1913 | E18: =C18-$D$4 -> -0.1766 | F18: =B18*COS(RADIANS(A18))+C18*SIN(RADIANS(A18)) -> 0.59843472 | G18: =IF(D18>0,"charge/import","discharge/export") -> charge/import
A19: (close) | B19: =B7 -> 0.6851 | C19: =C7 -> 0.0676 | D19: =D7 -> 0.234 | E19: =E7 -> -0.0248
A21: Interpretation (all computed live):
A22: P width (MW) | C22: =MAX(B7:B18)-MIN(B7:B18) -> 0.5006
A23: import-reach (charge) | C23: =MAX(0,MAX(D7:D18)) -> 0.234
A24: export-reach (dischg) | C24: =MAX(0,-MIN(D7:D18)) -> 0.2666
A25: verdict | C25: =IF(AND(C23>0.02,C24>0.02),"two-sided → can charge (import) or discharge (export)",IF(C23<=0.02,"one-sided → discharge/export only (no import headroom)","one-sided → charge/import only (no export headroom)")) -> two-sided → can charge (import) or discharge (export)
A26: what stops it | C26: =IF(AND(C23>0.02,C24>0.02),"both directions have headroom",IF(C23<=0.02,"blocked at 0°: Vmax there = "&TEXT('4_All_periods'!H14,"0.00000")&" pu"&IF('4_All_periods'!H14>=1.0999," → over-voltage limit is active"," → clear of the limit, so the battery bounds it"),"blocked at 180°: Vmax there = "&TEXT('4_All_periods'!H20,"0.00000")&" pu"&IF('4_All_periods'!H20>=1.0999," → over-voltage limit is active"," → clear of the limit, so the battery bounds it"))) -> both directions have headroom
A27: Tip: change any light-blue P/Q or the pink baseline and the amber cells + both charts update automatically.

Sheet P03_01h00
A1: TR9 rolling FOR — period 3 = 01:00
A3: BASELINE B ≈ load − PV, batteries OFF — the all-idle PCC point (also carries losses). This is the UNCONTROLLABLE PV commitment; the battery deviates around it:
A4: B_P (MW) = | B4: ='4_All_periods'!I26 -> 0.3612 | C4: B_Q (MVAr) = | D4: ='4_All_periods'!J26 -> 0.0739
A6: angle_deg | B6: P_abs (MW) | C6: Q_abs (MVAr) | D6: dP = P − B_P | E6: dQ = Q − B_Q | F6: proj check | G6: battery side
A7: ='4_All_periods'!C26 -> 0 | B7: ='4_All_periods'!D26 -> 0.669 | C7: ='4_All_periods'!E26 -> 0.0631 | D7: =B7-$B$4 -> 0.3078 | E7: =C7-$D$4 -> -0.0108 | F7: =B7*COS(RADIANS(A7))+C7*SIN(RADIANS(A7)) -> 0.669 | G7: =IF(D7>0,"charge/import","discharge/export") -> charge/import
A8: ='4_All_periods'!C27 -> 30 | B8: ='4_All_periods'!D27 -> 0.6206 | C8: ='4_All_periods'!E27 -> 0.2354 | D8: =B8-$B$4 -> 0.2594 | E8: =C8-$D$4 -> 0.1615 | F8: =B8*COS(RADIANS(A8))+C8*SIN(RADIANS(A8)) -> 0.65515537 | G8: =IF(D8>0,"charge/import","discharge/export") -> charge/import
A9: ='4_All_periods'!C28 -> 60 | B9: ='4_All_periods'!D28 -> 0.5037 | C9: ='4_All_periods'!E28 -> 0.3528 | D9: =B9-$B$4 -> 0.1425 | E9: =C9-$D$4 -> 0.2789 | F9: =B9*COS(RADIANS(A9))+C9*SIN(RADIANS(A9)) -> 0.55738376 | G9: =IF(D9>0,"charge/import","discharge/export") -> charge/import
A10: ='4_All_periods'!C29 -> 90 | B10: ='4_All_periods'!D29 -> 0.3485 | C10: ='4_All_periods'!E29 -> 0.3931 | D10: =B10-$B$4 -> -0.0127 | E10: =C10-$D$4 -> 0.3192 | F10: =B10*COS(RADIANS(A10))+C10*SIN(RADIANS(A10)) -> 0.3931 | G10: =IF(D10>0,"charge/import","discharge/export") -> discharge/export
A11: ='4_All_periods'!C30 -> 120 | B11: ='4_All_periods'!D30 -> 0.2004 | C11: ='4_All_periods'!E30 -> 0.3553 | D11: =B11-$B$4 -> -0.1608 | E11: =C11-$D$4 -> 0.2814 | F11: =B11*COS(RADIANS(A11))+C11*SIN(RADIANS(A11)) -> 0.20749883 | G11: =IF(D11>0,"charge/import","discharge/export") -> discharge/export
A12: ='4_All_periods'!C31 -> 150 | B12: ='4_All_periods'!D31 -> 0.1855 | C12: ='4_All_periods'!E31 -> 0.3457 | D12: =B12-$B$4 -> -0.1757 | E12: =C12-$D$4 -> 0.2718 | F12: =B12*COS(RADIANS(A12))+C12*SIN(RADIANS(A12)) -> 0.012202288 | G12: =IF(D12>0,"charge/import","discharge/export") -> discharge/export
A13: ='4_All_periods'!C32 -> 180 | B13: ='4_All_periods'!D32 -> 0.1833 | C13: ='4_All_periods'!E32 -> -0.1595 | D13: =B13-$B$4 -> -0.1779 | E13: =C13-$D$4 -> -0.2334 | F13: =B13*COS(RADIANS(A13))+C13*SIN(RADIANS(A13)) -> -0.1833 | G13: =IF(D13>0,"charge/import","discharge/export") -> discharge/export
A14: ='4_All_periods'!C33 -> 210 | B14: ='4_All_periods'!D33 -> 0.1941 | C14: ='4_All_periods'!E33 -> -0.2041 | D14: =B14-$B$4 -> -0.1671 | E14: =C14-$D$4 -> -0.278 | F14: =B14*COS(RADIANS(A14))+C14*SIN(RADIANS(A14)) -> -0.066045531 | G14: =IF(D14>0,"charge/import","discharge/export") -> discharge/export
A15: ='4_All_periods'!C34 -> 240 | B15: ='4_All_periods'!D34 -> 0.2168 | C15: ='4_All_periods'!E34 -> -0.2201 | D15: =B15-$B$4 -> -0.1444 | E15: =C15-$D$4 -> -0.294 | F15: =B15*COS(RADIANS(A15))+C15*SIN(RADIANS(A15)) -> 0.082212191 | G15: =IF(D15>0,"charge/import","discharge/export") -> discharge/export
A16: ='4_All_periods'!C35 -> 270 | B16: ='4_All_periods'!D35 -> 0.3423 | C16: ='4_All_periods'!E35 -> -0.2518 | D16: =B16-$B$4 -> -0.0189 | E16: =C16-$D$4 -> -0.3257 | F16: =B16*COS(RADIANS(A16))+C16*SIN(RADIANS(A16)) -> 0.2518 | G16: =IF(D16>0,"charge/import","discharge/export") -> discharge/export
A17: ='4_All_periods'!C36 -> 300 | B17: ='4_All_periods'!D36 -> 0.5064 | C17: ='4_All_periods'!E36 -> -0.2077 | D17: =B17-$B$4 -> 0.1452 | E17: =C17-$D$4 -> -0.2816 | F17: =B17*COS(RADIANS(A17))+C17*SIN(RADIANS(A17)) -> 0.43307348 | G17: =IF(D17>0,"charge/import","discharge/export") -> charge/import
A18: ='4_All_periods'!C37 -> 330 | B18: ='4_All_periods'!D37 -> 0.6266 | C18: ='4_All_periods'!E37 -> -0.0877 | D18: =B18-$B$4 -> 0.2654 | E18: =C18-$D$4 -> -0.1616 | F18: =B18*COS(RADIANS(A18))+C18*SIN(RADIANS(A18)) -> 0.58650152 | G18: =IF(D18>0,"charge/import","discharge/export") -> charge/import
A19: (close) | B19: =B7 -> 0.669 | C19: =C7 -> 0.0631 | D19: =D7 -> 0.3078 | E19: =E7 -> -0.0108
A21: Interpretation (all computed live):
A22: P width (MW) | C22: =MAX(B7:B18)-MIN(B7:B18) -> 0.4857
A23: import-reach (charge) | C23: =MAX(0,MAX(D7:D18)) -> 0.3078
A24: export-reach (dischg) | C24: =MAX(0,-MIN(D7:D18)) -> 0.1779
A25: verdict | C25: =IF(AND(C23>0.02,C24>0.02),"two-sided → can charge (import) or discharge (export)",IF(C23<=0.02,"one-sided → discharge/export only (no import headroom)","one-sided → charge/import only (no export headroom)")) -> two-sided → can charge (import) or discharge (export)
A26: what stops it | C26: =IF(AND(C23>0.02,C24>0.02),"both directions have headroom",IF(C23<=0.02,"blocked at 0°: Vmax there = "&TEXT('4_All_periods'!H26,"0.00000")&" pu"&IF('4_All_periods'!H26>=1.0999," → over-voltage limit is active"," → clear of the limit, so the battery bounds it"),"blocked at 180°: Vmax there = "&TEXT('4_All_periods'!H32,"0.00000")&" pu"&IF('4_All_periods'!H32>=1.0999," → over-voltage limit is active"," → clear of the limit, so the battery bounds it"))) -> both directions have headroom
A27: Tip: change any light-blue P/Q or the pink baseline and the amber cells + both charts update automatically.

Sheet P04_01h30
A1: TR9 rolling FOR — period 4 = 01:30
A3: BASELINE B ≈ load − PV, batteries OFF — the all-idle PCC point (also carries losses). This is the UNCONTROLLABLE PV commitment; the battery deviates around it:
A4: B_P (MW) = | B4: ='4_All_periods'!I38 -> 0.3453 | C4: B_Q (MVAr) = | D4: ='4_All_periods'!J38 -> 0.0707
A6: angle_deg | B6: P_abs (MW) | C6: Q_abs (MVAr) | D6: dP = P − B_P | E6: dQ = Q − B_Q | F6: proj check | G6: battery side
A7: ='4_All_periods'!C38 -> 0 | B7: ='4_All_periods'!D38 -> 0.638 | C7: ='4_All_periods'!E38 -> 0.0561 | D7: =B7-$B$4 -> 0.2927 | E7: =C7-$D$4 -> -0.0146 | F7: =B7*COS(RADIANS(A7))+C7*SIN(RADIANS(A7)) -> 0.638 | G7: =IF(D7>0,"charge/import","discharge/export") -> charge/import
A8: ='4_All_periods'!C39 -> 30 | B8: ='4_All_periods'!D39 -> 0.5894 | C8: ='4_All_periods'!E39 -> 0.2293 | D8: =B8-$B$4 -> 0.2441 | E8: =C8-$D$4 -> 0.1586 | F8: =B8*COS(RADIANS(A8))+C8*SIN(RADIANS(A8)) -> 0.62508537 | G8: =IF(D8>0,"charge/import","discharge/export") -> charge/import
A9: ='4_All_periods'!C40 -> 60 | B9: ='4_All_periods'!D40 -> 0.4739 | C9: ='4_All_periods'!E40 -> 0.3459 | D9: =B9-$B$4 -> 0.1286 | E9: =C9-$D$4 -> 0.2752 | F9: =B9*COS(RADIANS(A9))+C9*SIN(RADIANS(A9)) -> 0.53650819 | G9: =IF(D9>0,"charge/import","discharge/export") -> charge/import
A10: ='4_All_periods'!C41 -> 90 | B10: ='4_All_periods'!D41 -> 0.3176 | C10: ='4_All_periods'!E41 -> 0.3868 | D10: =B10-$B$4 -> -0.0277 | E10: =C10-$D$4 -> 0.3161 | F10: =B10*COS(RADIANS(A10))+C10*SIN(RADIANS(A10)) -> 0.3868 | G10: =IF(D10>0,"charge/import","discharge/export") -> discharge/export
A11: ='4_All_periods'!C42 -> 120 | B11: ='4_All_periods'!D42 -> 0.1751 | C11: ='4_All_periods'!E42 -> 0.351 | D11: =B11-$B$4 -> -0.1702 | E11: =C11-$D$4 -> 0.2803 | F11: =B11*COS(RADIANS(A11))+C11*SIN(RADIANS(A11)) -> 0.21642492 | G11: =IF(D11>0,"charge/import","discharge/export") -> discharge/export
A12: ='4_All_periods'!C43 -> 150 | B12: ='4_All_periods'!D43 -> 0.167 | C12: ='4_All_periods'!E43 -> 0.3459 | D12: =B12-$B$4 -> -0.1783 | E12: =C12-$D$4 -> 0.2752 | F12: =B12*COS(RADIANS(A12))+C12*SIN(RADIANS(A12)) -> 0.028323758 | G12: =IF(D12>0,"charge/import","discharge/export") -> discharge/export
A13: ='4_All_periods'!C44 -> 180 | B13: ='4_All_periods'!D44 -> 0.1648 | C13: ='4_All_periods'!E44 -> -0.1805 | D13: =B13-$B$4 -> -0.1805 | E13: =C13-$D$4 -> -0.2512 | F13: =B13*COS(RADIANS(A13))+C13*SIN(RADIANS(A13)) -> -0.1648 | G13: =IF(D13>0,"charge/import","discharge/export") -> discharge/export
A14: ='4_All_periods'!C45 -> 210 | B14: ='4_All_periods'!D45 -> 0.174 | C14: ='4_All_periods'!E45 -> -0.2157 | D14: =B14-$B$4 -> -0.1713 | E14: =C14-$D$4 -> -0.2864 | F14: =B14*COS(RADIANS(A14))+C14*SIN(RADIANS(A14)) -> -0.04283842 | G14: =IF(D14>0,"charge/import","discharge/export") -> discharge/export
A15: ='4_All_periods'!C46 -> 240 | B15: ='4_All_periods'!D46 -> 0.1923 | C15: ='4_All_periods'!E46 -> -0.2285 | D15: =B15-$B$4 -> -0.153 | E15: =C15-$D$4 -> -0.2992 | F15: =B15*COS(RADIANS(A15))+C15*SIN(RADIANS(A15)) -> 0.1017368 | G15: =IF(D15>0,"charge/import","discharge/export") -> discharge/export
A16: ='4_All_periods'!C47 -> 270 | B16: ='4_All_periods'!D47 -> 0.3116 | C16: ='4_All_periods'!E47 -> -0.2582 | D16: =B16-$B$4 -> -0.0337 | E16: =C16-$D$4 -> -0.3289 | F16: =B16*COS(RADIANS(A16))+C16*SIN(RADIANS(A16)) -> 0.2582 | G16: =IF(D16>0,"charge/import","discharge/export") -> discharge/export
A17: ='4_All_periods'!C48 -> 300 | B17: ='4_All_periods'!D48 -> 0.4756 | C17: ='4_All_periods'!E48 -> -0.2142 | D17: =B17-$B$4 -> 0.1303 | E17: =C17-$D$4 -> -0.2849 | F17: =B17*COS(RADIANS(A17))+C17*SIN(RADIANS(A17)) -> 0.42330264 | G17: =IF(D17>0,"charge/import","discharge/export") -> charge/import
A18: ='4_All_periods'!C49 -> 330 | B18: ='4_All_periods'!D49 -> 0.5957 | C18: ='4_All_periods'!E49 -> -0.0942 | D18: =B18-$B$4 -> 0.2504 | E18: =C18-$D$4 -> -0.1649 | F18: =B18*COS(RADIANS(A18))+C18*SIN(RADIANS(A18)) -> 0.56299133 | G18: =IF(D18>0,"charge/import","discharge/export") -> charge/import
A19: (close) | B19: =B7 -> 0.638 | C19: =C7 -> 0.0561 | D19: =D7 -> 0.2927 | E19: =E7 -> -0.0146
A21: Interpretation (all computed live):
A22: P width (MW) | C22: =MAX(B7:B18)-MIN(B7:B18) -> 0.4732
A23: import-reach (charge) | C23: =MAX(0,MAX(D7:D18)) -> 0.2927
A24: export-reach (dischg) | C24: =MAX(0,-MIN(D7:D18)) -> 0.1805
A25: verdict | C25: =IF(AND(C23>0.02,C24>0.02),"two-sided → can charge (import) or discharge (export)",IF(C23<=0.02,"one-sided → discharge/export only (no import headroom)","one-sided → charge/import only (no export headroom)")) -> two-sided → can charge (import) or discharge (export)
A26: what stops it | C26: =IF(AND(C23>0.02,C24>0.02),"both directions have headroom",IF(C23<=0.02,"blocked at 0°: Vmax there = "&TEXT('4_All_periods'!H38,"0.00000")&" pu"&IF('4_All_periods'!H38>=1.0999," → over-voltage limit is active"," → clear of the limit, so the battery bounds it"),"blocked at 180°: Vmax there = "&TEXT('4_All_periods'!H44,"0.00000")&" pu"&IF('4_All_periods'!H44>=1.0999," → over-voltage limit is active"," → clear of the limit, so the battery bounds it"))) -> both directions have headroom
A27: Tip: change any light-blue P/Q or the pink baseline and the amber cells + both charts update automatically.

Sheet P05_02h00
A1: TR9 rolling FOR — period 5 = 02:00
A3: BASELINE B ≈ load − PV, batteries OFF — the all-idle PCC point (also carries losses). This is the UNCONTROLLABLE PV commitment; the battery deviates around it:
A4: B_P (MW) = | B4: ='4_All_periods'!I50 -> 0.3146 | C4: B_Q (MVAr) = | D4: ='4_All_periods'!J50 -> 0.0643
A6: angle_deg | B6: P_abs (MW) | C6: Q_abs (MVAr) | D6: dP = P − B_P | E6: dQ = Q − B_Q | F6: proj check | G6: battery side
A7: ='4_All_periods'!C50 -> 0 | B7: ='4_All_periods'!D50 -> 0.6293 | C7: ='4_All_periods'!E50 -> 0.0555 | D7: =B7-$B$4 -> 0.3147 | E7: =C7-$D$4 -> -0.0088 | F7: =B7*COS(RADIANS(A7))+C7*SIN(RADIANS(A7)) -> 0.6293 | G7: =IF(D7>0,"charge/import","discharge/export") -> charge/import
A8: ='4_All_periods'!C51 -> 30 | B8: ='4_All_periods'!D51 -> 0.5809 | C8: ='4_All_periods'!E51 -> 0.2273 | D8: =B8-$B$4 -> 0.2663 | E8: =C8-$D$4 -> 0.163 | F8: =B8*COS(RADIANS(A8))+C8*SIN(RADIANS(A8)) -> 0.61672416 | G8: =IF(D8>0,"charge/import","discharge/export") -> charge/import
A9: ='4_All_periods'!C52 -> 60 | B9: ='4_All_periods'!D52 -> 0.4653 | C9: ='4_All_periods'!E52 -> 0.344 | D9: =B9-$B$4 -> 0.1507 | E9: =C9-$D$4 -> 0.2797 | F9: =B9*COS(RADIANS(A9))+C9*SIN(RADIANS(A9)) -> 0.53056274 | G9: =IF(D9>0,"charge/import","discharge/export") -> charge/import
A10: ='4_All_periods'!C53 -> 90 | B10: ='4_All_periods'!D53 -> 0.3084 | C10: ='4_All_periods'!E53 -> 0.3851 | D10: =B10-$B$4 -> -0.0062 | E10: =C10-$D$4 -> 0.3208 | F10: =B10*COS(RADIANS(A10))+C10*SIN(RADIANS(A10)) -> 0.3851 | G10: =IF(D10>0,"charge/import","discharge/export") -> discharge/export
A11: ='4_All_periods'!C54 -> 120 | B11: ='4_All_periods'!D54 -> 0.1734 | C11: ='4_All_periods'!E54 -> 0.3526 | D11: =B11-$B$4 -> -0.1412 | E11: =C11-$D$4 -> 0.2883 | F11: =B11*COS(RADIANS(A11))+C11*SIN(RADIANS(A11)) -> 0.21866056 | G11: =IF(D11>0,"charge/import","discharge/export") -> discharge/export
A12: ='4_All_periods'!C55 -> 150 | B12: ='4_All_periods'!D55 -> 0.1693 | C12: ='4_All_periods'!E55 -> 0.35 | D12: =B12-$B$4 -> -0.1453 | E12: =C12-$D$4 -> 0.2857 | F12: =B12*COS(RADIANS(A12))+C12*SIN(RADIANS(A12)) -> 0.028381899 | G12: =IF(D12>0,"charge/import","discharge/export") -> discharge/export
A13: ='4_All_periods'!C56 -> 180 | B13: ='4_All_periods'!D56 -> 0.1672 | C13: ='4_All_periods'!E56 -> -0.1886 | D13: =B13-$B$4 -> -0.1474 | E13: =C13-$D$4 -> -0.2529 | F13: =B13*COS(RADIANS(A13))+C13*SIN(RADIANS(A13)) -> -0.1672 | G13: =IF(D13>0,"charge/import","discharge/export") -> discharge/export
A14: ='4_All_periods'!C57 -> 210 | B14: ='4_All_periods'!D57 -> 0.1762 | C14: ='4_All_periods'!E57 -> -0.2231 | D14: =B14-$B$4 -> -0.1384 | E14: =C14-$D$4 -> -0.2874 | F14: =B14*COS(RADIANS(A14))+C14*SIN(RADIANS(A14)) -> -0.041043676 | G14: =IF(D14>0,"charge/import","discharge/export") -> discharge/export
A15: ='4_All_periods'!C58 -> 240 | B15: ='4_All_periods'!D58 -> 0.1915 | C15: ='4_All_periods'!E58 -> -0.2337 | D15: =B15-$B$4 -> -0.1231 | E15: =C15-$D$4 -> -0.298 | F15: =B15*COS(RADIANS(A15))+C15*SIN(RADIANS(A15)) -> 0.10664014 | G15: =IF(D15>0,"charge/import","discharge/export") -> discharge/export
A16: ='4_All_periods'!C59 -> 270 | B16: ='4_All_periods'!D59 -> 0.3028 | C16: ='4_All_periods'!E59 -> -0.2601 | D16: =B16-$B$4 -> -0.0118 | E16: =C16-$D$4 -> -0.3244 | F16: =B16*COS(RADIANS(A16))+C16*SIN(RADIANS(A16)) -> 0.2601 | G16: =IF(D16>0,"charge/import","discharge/export") -> discharge/export
A17: ='4_All_periods'!C60 -> 300 | B17: ='4_All_periods'!D60 -> 0.4667 | C17: ='4_All_periods'!E60 -> -0.2161 | D17: =B17-$B$4 -> 0.1521 | E17: =C17-$D$4 -> -0.2804 | F17: =B17*COS(RADIANS(A17))+C17*SIN(RADIANS(A17)) -> 0.42049809 | G17: =IF(D17>0,"charge/import","discharge/export") -> charge/import
A18: ='4_All_periods'!C61 -> 330 | B18: ='4_All_periods'!D61 -> 0.5867 | C18: ='4_All_periods'!E61 -> -0.0963 | D18: =B18-$B$4 -> 0.2721 | E18: =C18-$D$4 -> -0.1606 | F18: =B18*COS(RADIANS(A18))+C18*SIN(RADIANS(A18)) -> 0.5562471 | G18: =IF(D18>0,"charge/import","discharge/export") -> charge/import
A19: (close) | B19: =B7 -> 0.6293 | C19: =C7 -> 0.0555 | D19: =D7 -> 0.3147 | E19: =E7 -> -0.0088
A21: Interpretation (all computed live):
A22: P width (MW) | C22: =MAX(B7:B18)-MIN(B7:B18) -> 0.4621
A23: import-reach (charge) | C23: =MAX(0,MAX(D7:D18)) -> 0.3147
A24: export-reach (dischg) | C24: =MAX(0,-MIN(D7:D18)) -> 0.1474
A25: verdict | C25: =IF(AND(C23>0.02,C24>0.02),"two-sided → can charge (import) or discharge (export)",IF(C23<=0.02,"one-sided → discharge/export only (no import headroom)","one-sided → charge/import only (no export headroom)")) -> two-sided → can charge (import) or discharge (export)
A26: what stops it | C26: =IF(AND(C23>0.02,C24>0.02),"both directions have headroom",IF(C23<=0.02,"blocked at 0°: Vmax there = "&TEXT('4_All_periods'!H50,"0.00000")&" pu"&IF('4_All_periods'!H50>=1.0999," → over-voltage limit is active"," → clear of the limit, so the battery bounds it"),"blocked at 180°: Vmax there = "&TEXT('4_All_periods'!H56,"0.00000")&" pu"&IF('4_All_periods'!H56>=1.0999," → over-voltage limit is active"," → clear of the limit, so the battery bounds it"))) -> both directions have headroom
A27: Tip: change any light-blue P/Q or the pink baseline and the amber cells + both charts update automatically.

Sheet P06_02h30
A1: TR9 rolling FOR — period 6 = 02:30
A3: BASELINE B ≈ load − PV, batteries OFF — the all-idle PCC point (also carries losses). This is the UNCONTROLLABLE PV commitment; the battery deviates around it:
A4: B_P (MW) = | B4: ='4_All_periods'!I62 -> 0.3055 | C4: B_Q (MVAr) = | D4: ='4_All_periods'!J62 -> 0.0625
A6: angle_deg | B6: P_abs (MW) | C6: Q_abs (MVAr) | D6: dP = P − B_P | E6: dQ = Q − B_Q | F6: proj check | G6: battery side
A7: ='4_All_periods'!C62 -> 0 | B7: ='4_All_periods'!D62 -> 0.6328 | C7: ='4_All_periods'!E62 -> 0.055 | D7: =B7-$B$4 -> 0.3273 | E7: =C7-$D$4 -> -0.0075 | F7: =B7*COS(RADIANS(A7))+C7*SIN(RADIANS(A7)) -> 0.6328 | G7: =IF(D7>0,"charge/import","discharge/export") -> charge/import
A8: ='4_All_periods'!C63 -> 30 | B8: ='4_All_periods'!D63 -> 0.5845 | C8: ='4_All_periods'!E63 -> 0.2275 | D8: =B8-$B$4 -> 0.279 | E8: =C8-$D$4 -> 0.165 | F8: =B8*COS(RADIANS(A8))+C8*SIN(RADIANS(A8)) -> 0.61994185 | G8: =IF(D8>0,"charge/import","discharge/export") -> charge/import
A9: ='4_All_periods'!C64 -> 60 | B9: ='4_All_periods'!D64 -> 0.4671 | C9: ='4_All_periods'!E64 -> 0.3456 | D9: =B9-$B$4 -> 0.1616 | E9: =C9-$D$4 -> 0.2831 | F9: =B9*COS(RADIANS(A9))+C9*SIN(RADIANS(A9)) -> 0.53284838 | G9: =IF(D9>0,"charge/import","discharge/export") -> charge/import
A10: ='4_All_periods'!C65 -> 90 | B10: ='4_All_periods'!D65 -> 0.3122 | C10: ='4_All_periods'!E65 -> 0.3858 | D10: =B10-$B$4 -> 0.0067 | E10: =C10-$D$4 -> 0.3233 | F10: =B10*COS(RADIANS(A10))+C10*SIN(RADIANS(A10)) -> 0.3858 | G10: =IF(D10>0,"charge/import","discharge/export") -> charge/import
A11: ='4_All_periods'!C66 -> 120 | B11: ='4_All_periods'!D66 -> 0.1862 | C11: ='4_All_periods'!E66 -> 0.3571 | D11: =B11-$B$4 -> -0.1193 | E11: =C11-$D$4 -> 0.2946 | F11: =B11*COS(RADIANS(A11))+C11*SIN(RADIANS(A11)) -> 0.21615767 | G11: =IF(D11>0,"charge/import","discharge/export") -> discharge/export
A12: ='4_All_periods'!C67 -> 150 | B12: ='4_All_periods'!D67 -> 0.1838 | C12: ='4_All_periods'!E67 -> 0.3556 | D12: =B12-$B$4 -> -0.1217 | E12: =C12-$D$4 -> 0.2931 | F12: =B12*COS(RADIANS(A12))+C12*SIN(RADIANS(A12)) -> 0.018624531 | G12: =IF(D12>0,"charge/import","discharge/export") -> discharge/export
A13: ='4_All_periods'!C68 -> 180 | B13: ='4_All_periods'!D68 -> 0.1816 | C13: ='4_All_periods'!E68 -> -0.1997 | D13: =B13-$B$4 -> -0.1239 | E13: =C13-$D$4 -> -0.2622 | F13: =B13*COS(RADIANS(A13))+C13*SIN(RADIANS(A13)) -> -0.1816 | G13: =IF(D13>0,"charge/import","discharge/export") -> discharge/export
A14: ='4_All_periods'!C69 -> 210 | B14: ='4_All_periods'!D69 -> 0.1899 | C14: ='4_All_periods'!E69 -> -0.2288 | D14: =B14-$B$4 -> -0.1156 | E14: =C14-$D$4 -> -0.2913 | F14: =B14*COS(RADIANS(A14))+C14*SIN(RADIANS(A14)) -> -0.050058224 | G14: =IF(D14>0,"charge/import","discharge/export") -> discharge/export
A15: ='4_All_periods'!C70 -> 240 | B15: ='4_All_periods'!D70 -> 0.1993 | C15: ='4_All_periods'!E70 -> -0.2353 | D15: =B15-$B$4 -> -0.1062 | E15: =C15-$D$4 -> -0.2978 | F15: =B15*COS(RADIANS(A15))+C15*SIN(RADIANS(A15)) -> 0.10412578 | G15: =IF(D15>0,"charge/import","discharge/export") -> discharge/export
A16: ='4_All_periods'!C71 -> 270 | B16: ='4_All_periods'!D71 -> 0.3066 | C16: ='4_All_periods'!E71 -> -0.2593 | D16: =B16-$B$4 -> 0.0011 | E16: =C16-$D$4 -> -0.3218 | F16: =B16*COS(RADIANS(A16))+C16*SIN(RADIANS(A16)) -> 0.2593 | G16: =IF(D16>0,"charge/import","discharge/export") -> charge/import
A17: ='4_All_periods'!C72 -> 300 | B17: ='4_All_periods'!D72 -> 0.4705 | C17: ='4_All_periods'!E72 -> -0.2153 | D17: =B17-$B$4 -> 0.165 | E17: =C17-$D$4 -> -0.2778 | F17: =B17*COS(RADIANS(A17))+C17*SIN(RADIANS(A17)) -> 0.42170527 | G17: =IF(D17>0,"charge/import","discharge/export") -> charge/import
A18: ='4_All_periods'!C73 -> 330 | B18: ='4_All_periods'!D73 -> 0.5905 | C18: ='4_All_periods'!E73 -> -0.0954 | D18: =B18-$B$4 -> 0.285 | E18: =C18-$D$4 -> -0.1579 | F18: =B18*COS(RADIANS(A18))+C18*SIN(RADIANS(A18)) -> 0.559088 | G18: =IF(D18>0,"charge/import","discharge/export") -> charge/import
A19: (close) | B19: =B7 -> 0.6328 | C19: =C7 -> 0.055 | D19: =D7 -> 0.3273 | E19: =E7 -> -0.0075
A21: Interpretation (all computed live):
A22: P width (MW) | C22: =MAX(B7:B18)-MIN(B7:B18) -> 0.4512
A23: import-reach (charge) | C23: =MAX(0,MAX(D7:D18)) -> 0.3273
A24: export-reach (dischg) | C24: =MAX(0,-MIN(D7:D18)) -> 0.1239
A25: verdict | C25: =IF(AND(C23>0.02,C24>0.02),"two-sided → can charge (import) or discharge (export)",IF(C23<=0.02,"one-sided → discharge/export only (no import headroom)","one-sided → charge/import only (no export headroom)")) -> two-sided → can charge (import) or discharge (export)
A26: what stops it | C26: =IF(AND(C23>0.02,C24>0.02),"both directions have headroom",IF(C23<=0.02,"blocked at 0°: Vmax there = "&TEXT('4_All_periods'!H62,"0.00000")&" pu"&IF('4_All_periods'!H62>=1.0999," → over-voltage limit is active"," → clear of the limit, so the battery bounds it"),"blocked at 180°: Vmax there = "&TEXT('4_All_periods'!H68,"0.00000")&" pu"&IF('4_All_periods'!H68>=1.0999," → over-voltage limit is active"," → clear of the limit, so the battery bounds it"))) -> both directions have headroom
A27: Tip: change any light-blue P/Q or the pink baseline and the amber cells + both charts update automatically.

Sheet P07_03h00
A1: TR9 rolling FOR — period 7 = 03:00
A3: BASELINE B ≈ load − PV, batteries OFF — the all-idle PCC point (also carries losses). This is the UNCONTROLLABLE PV commitment; the battery deviates around it:
A4: B_P (MW) = | B4: ='4_All_periods'!I74 -> 0.3093 | C4: B_Q (MVAr) = | D4: ='4_All_periods'!J74 -> 0.0632
A6: angle_deg | B6: P_abs (MW) | C6: Q_abs (MVAr) | D6: dP = P − B_P | E6: dQ = Q − B_Q | F6: proj check | G6: battery side
A7: ='4_All_periods'!C74 -> 0 | B7: ='4_All_periods'!D74 -> 0.636 | C7: ='4_All_periods'!E74 -> 0.0577 | D7: =B7-$B$4 -> 0.3267 | E7: =C7-$D$4 -> -0.0055 | F7: =B7*COS(RADIANS(A7))+C7*SIN(RADIANS(A7)) -> 0.636 | G7: =IF(D7>0,"charge/import","discharge/export") -> charge/import
A8: ='4_All_periods'!C75 -> 30 | B8: ='4_All_periods'!D75 -> 0.5875 | C8: ='4_All_periods'!E75 -> 0.2294 | D8: =B8-$B$4 -> 0.2782 | E8: =C8-$D$4 -> 0.1662 | F8: =B8*COS(RADIANS(A8))+C8*SIN(RADIANS(A8)) -> 0.62348992 | G8: =IF(D8>0,"charge/import","discharge/export") -> charge/import
A9: ='4_All_periods'!C76 -> 60 | B9: ='4_All_periods'!D76 -> 0.4724 | C9: ='4_All_periods'!E76 -> 0.3459 | D9: =B9-$B$4 -> 0.1631 | E9: =C9-$D$4 -> 0.2827 | F9: =B9*COS(RADIANS(A9))+C9*SIN(RADIANS(A9)) -> 0.53575819 | G9: =IF(D9>0,"charge/import","discharge/export") -> charge/import
A10: ='4_All_periods'!C77 -> 90 | B10: ='4_All_periods'!D77 -> 0.3152 | C10: ='4_All_periods'!E77 -> 0.3871 | D10: =B10-$B$4 -> 0.0059 | E10: =C10-$D$4 -> 0.3239 | F10: =B10*COS(RADIANS(A10))+C10*SIN(RADIANS(A10)) -> 0.3871 | G10: =IF(D10>0,"charge/import","discharge/export") -> charge/import
A11: ='4_All_periods'!C78 -> 120 | B11: ='4_All_periods'!D78 -> 0.1996 | C11: ='4_All_periods'!E78 -> 0.3624 | D11: =B11-$B$4 -> -0.1097 | E11: =C11-$D$4 -> 0.2992 | F11: =B11*COS(RADIANS(A11))+C11*SIN(RADIANS(A11)) -> 0.21404761 | G11: =IF(D11>0,"charge/import","discharge/export") -> discharge/export
A12: ='4_All_periods'!C79 -> 150 | B12: ='4_All_periods'!D79 -> 0.1982 | C12: ='4_All_periods'!E79 -> 0.3615 | D12: =B12-$B$4 -> -0.1111 | E12: =C12-$D$4 -> 0.2983 | F12: =B12*COS(RADIANS(A12))+C12*SIN(RADIANS(A12)) -> 0.009103765 | G12: =IF(D12>0,"charge/import","discharge/export") -> discharge/export
A13: ='4_All_periods'!C80 -> 180 | B13: ='4_All_periods'!D80 -> 0.1958 | C13: ='4_All_periods'!E80 -> -0.2016 | D13: =B13-$B$4 -> -0.1135 | E13: =C13-$D$4 -> -0.2648 | F13: =B13*COS(RADIANS(A13))+C13*SIN(RADIANS(A13)) -> -0.1958 | G13: =IF(D13>0,"charge/import","discharge/export") -> discharge/export
A14: ='4_All_periods'!C81 -> 210 | B14: ='4_All_periods'!D81 -> 0.2031 | C14: ='4_All_periods'!E81 -> -0.231 | D14: =B14-$B$4 -> -0.1062 | E14: =C14-$D$4 -> -0.2942 | F14: =B14*COS(RADIANS(A14))+C14*SIN(RADIANS(A14)) -> -0.06038976 | G14: =IF(D14>0,"charge/import","discharge/export") -> discharge/export
A15: ='4_All_periods'!C82 -> 240 | B15: ='4_All_periods'!D82 -> 0.211 | C15: ='4_All_periods'!E82 -> -0.2363 | D15: =B15-$B$4 -> -0.0983 | E15: =C15-$D$4 -> -0.2995 | F15: =B15*COS(RADIANS(A15))+C15*SIN(RADIANS(A15)) -> 0.099141803 | G15: =IF(D15>0,"charge/import","discharge/export") -> discharge/export
A16: ='4_All_periods'!C83 -> 270 | B16: ='4_All_periods'!D83 -> 0.3094 | C16: ='4_All_periods'!E83 -> -0.258 | D16: =B16-$B$4 -> 0.0001 | E16: =C16-$D$4 -> -0.3212 | F16: =B16*COS(RADIANS(A16))+C16*SIN(RADIANS(A16)) -> 0.258 | G16: =IF(D16>0,"charge/import","discharge/export") -> charge/import
A17: ='4_All_periods'!C84 -> 300 | B17: ='4_All_periods'!D84 -> 0.4733 | C17: ='4_All_periods'!E84 -> -0.214 | D17: =B17-$B$4 -> 0.164 | E17: =C17-$D$4 -> -0.2772 | F17: =B17*COS(RADIANS(A17))+C17*SIN(RADIANS(A17)) -> 0.42197944 | G17: =IF(D17>0,"charge/import","discharge/export") -> charge/import
A18: ='4_All_periods'!C85 -> 330 | B18: ='4_All_periods'!D85 -> 0.5934 | C18: ='4_All_periods'!E85 -> -0.0941 | D18: =B18-$B$4 -> 0.2841 | E18: =C18-$D$4 -> -0.1573 | F18: =B18*COS(RADIANS(A18))+C18*SIN(RADIANS(A18)) -> 0.56094947 | G18: =IF(D18>0,"charge/import","discharge/export") -> charge/import
A19: (close) | B19: =B7 -> 0.636 | C19: =C7 -> 0.0577 | D19: =D7 -> 0.3267 | E19: =E7 -> -0.0055
A21: Interpretation (all computed live):
A22: P width (MW) | C22: =MAX(B7:B18)-MIN(B7:B18) -> 0.4402
A23: import-reach (charge) | C23: =MAX(0,MAX(D7:D18)) -> 0.3267
A24: export-reach (dischg) | C24: =MAX(0,-MIN(D7:D18)) -> 0.1135
A25: verdict | C25: =IF(AND(C23>0.02,C24>0.02),"two-sided → can charge (import) or discharge (export)",IF(C23<=0.02,"one-sided → discharge/export only (no import headroom)","one-sided → charge/import only (no export headroom)")) -> two-sided → can charge (import) or discharge (export)
A26: what stops it | C26: =IF(AND(C23>0.02,C24>0.02),"both directions have headroom",IF(C23<=0.02,"blocked at 0°: Vmax there = "&TEXT('4_All_periods'!H74,"0.00000")&" pu"&IF('4_All_periods'!H74>=1.0999," → over-voltage limit is active"," → clear of the limit, so the battery bounds it"),"blocked at 180°: Vmax there = "&TEXT('4_All_periods'!H80,"0.00000")&" pu"&IF('4_All_periods'!H80>=1.0999," → over-voltage limit is active"," → clear of the limit, so the battery bounds it"))) -> both directions have headroom
A27: Tip: change any light-blue P/Q or the pink baseline and the amber cells + both charts update automatically.

Sheet P08_03h30
A1: TR9 rolling FOR — period 8 = 03:30
A3: BASELINE B ≈ load − PV, batteries OFF — the all-idle PCC point (also carries losses). This is the UNCONTROLLABLE PV commitment; the battery deviates around it:
A4: B_P (MW) = | B4: ='4_All_periods'!I86 -> 0.3123 | C4: B_Q (MVAr) = | D4: ='4_All_periods'!J86 -> 0.0645
A6: angle_deg | B6: P_abs (MW) | C6: Q_abs (MVAr) | D6: dP = P − B_P | E6: dQ = Q − B_Q | F6: proj check | G6: battery side
A7: ='4_All_periods'!C86 -> 0 | B7: ='4_All_periods'!D86 -> 0.5677 | C7: ='4_All_periods'!E86 -> 0.0512 | D7: =B7-$B$4 -> 0.2554 | E7: =C7-$D$4 -> -0.0133 | F7: =B7*COS(RADIANS(A7))+C7*SIN(RADIANS(A7)) -> 0.5677 | G7: =IF(D7>0,"charge/import","discharge/export") -> charge/import
A8: ='4_All_periods'!C87 -> 30 | B8: ='4_All_periods'!D87 -> 0.5191 | C8: ='4_All_periods'!E87 -> 0.2241 | D8: =B8-$B$4 -> 0.2068 | E8: =C8-$D$4 -> 0.1596 | F8: =B8*COS(RADIANS(A8))+C8*SIN(RADIANS(A8)) -> 0.56160379 | G8: =IF(D8>0,"charge/import","discharge/export") -> charge/import
A9: ='4_All_periods'!C88 -> 60 | B9: ='4_All_periods'!D88 -> 0.4039 | C9: ='4_All_periods'!E88 -> 0.3407 | D9: =B9-$B$4 -> 0.0916 | E9: =C9-$D$4 -> 0.2762 | F9: =B9*COS(RADIANS(A9))+C9*SIN(RADIANS(A9)) -> 0.49700486 | G9: =IF(D9>0,"charge/import","discharge/export") -> charge/import
A10: ='4_All_periods'!C89 -> 90 | B10: ='4_All_periods'!D89 -> 0.2468 | C10: ='4_All_periods'!E89 -> 0.382 | D10: =B10-$B$4 -> -0.0655 | E10: =C10-$D$4 -> 0.3175 | F10: =B10*COS(RADIANS(A10))+C10*SIN(RADIANS(A10)) -> 0.382 | G10: =IF(D10>0,"charge/import","discharge/export") -> discharge/export
A11: ='4_All_periods'!C90 -> 120 | B11: ='4_All_periods'!D90 -> 0.1424 | C11: ='4_All_periods'!E90 -> 0.361 | D11: =B11-$B$4 -> -0.1699 | E11: =C11-$D$4 -> 0.2965 | F11: =B11*COS(RADIANS(A11))+C11*SIN(RADIANS(A11)) -> 0.24143517 | G11: =IF(D11>0,"charge/import","discharge/export") -> discharge/export
A12: ='4_All_periods'!C91 -> 150 | B12: ='4_All_periods'!D91 -> 0.1414 | C12: ='4_All_periods'!E91 -> 0.3604 | D12: =B12-$B$4 -> -0.1709 | E12: =C12-$D$4 -> 0.2959 | F12: =B12*COS(RADIANS(A12))+C12*SIN(RADIANS(A12)) -> 0.057744008 | G12: =IF(D12>0,"charge/import","discharge/export") -> discharge/export
A13: ='4_All_periods'!C92 -> 180 | B13: ='4_All_periods'!D92 -> 0.1394 | C13: ='4_All_periods'!E92 -> -0.2162 | D13: =B13-$B$4 -> -0.1729 | E13: =C13-$D$4 -> -0.2807 | F13: =B13*COS(RADIANS(A13))+C13*SIN(RADIANS(A13)) -> -0.1394 | G13: =IF(D13>0,"charge/import","discharge/export") -> discharge/export
A14: ='4_All_periods'!C93 -> 210 | B14: ='4_All_periods'!D93 -> 0.1458 | C14: ='4_All_periods'!E93 -> -0.2395 | D14: =B14-$B$4 -> -0.1665 | E14: =C14-$D$4 -> -0.304 | F14: =B14*COS(RADIANS(A14))+C14*SIN(RADIANS(A14)) -> -0.0065165039 | G14: =IF(D14>0,"charge/import","discharge/export") -> discharge/export
A15: ='4_All_periods'!C94 -> 240 | B15: ='4_All_periods'!D94 -> 0.1533 | C15: ='4_All_periods'!E94 -> -0.2446 | D15: =B15-$B$4 -> -0.159 | E15: =C15-$D$4 -> -0.3091 | F15: =B15*COS(RADIANS(A15))+C15*SIN(RADIANS(A15)) -> 0.13517981 | G15: =IF(D15>0,"charge/import","discharge/export") -> discharge/export
A16: ='4_All_periods'!C95 -> 270 | B16: ='4_All_periods'!D95 -> 0.242 | C16: ='4_All_periods'!E95 -> -0.2634 | D16: =B16-$B$4 -> -0.0703 | E16: =C16-$D$4 -> -0.3279 | F16: =B16*COS(RADIANS(A16))+C16*SIN(RADIANS(A16)) -> 0.2634 | G16: =IF(D16>0,"charge/import","discharge/export") -> discharge/export
A17: ='4_All_periods'!C96 -> 300 | B17: ='4_All_periods'!D96 -> 0.4055 | C17: ='4_All_periods'!E96 -> -0.2195 | D17: =B17-$B$4 -> 0.0932 | E17: =C17-$D$4 -> -0.284 | F17: =B17*COS(RADIANS(A17))+C17*SIN(RADIANS(A17)) -> 0.39284258 | G17: =IF(D17>0,"charge/import","discharge/export") -> charge/import
A18: ='4_All_periods'!C97 -> 330 | B18: ='4_All_periods'!D97 -> 0.5252 | C18: ='4_All_periods'!E97 -> -0.0998 | D18: =B18-$B$4 -> 0.2129 | E18: =C18-$D$4 -> -0.1643 | F18: =B18*COS(RADIANS(A18))+C18*SIN(RADIANS(A18)) -> 0.50473654 | G18: =IF(D18>0,"charge/import","discharge/export") -> charge/import
A19: (close) | B19: =B7 -> 0.5677 | C19: =C7 -> 0.0512 | D19: =D7 -> 0.2554 | E19: =E7 -> -0.0133
A21: Interpretation (all computed live):
A22: P width (MW) | C22: =MAX(B7:B18)-MIN(B7:B18) -> 0.4283
A23: import-reach (charge) | C23: =MAX(0,MAX(D7:D18)) -> 0.2554
A24: export-reach (dischg) | C24: =MAX(0,-MIN(D7:D18)) -> 0.1729
A25: verdict | C25: =IF(AND(C23>0.02,C24>0.02),"two-sided → can charge (import) or discharge (export)",IF(C23<=0.02,"one-sided → discharge/export only (no import headroom)","one-sided → charge/import only (no export headroom)")) -> two-sided → can charge (import) or discharge (export)
A26: what stops it | C26: =IF(AND(C23>0.02,C24>0.02),"both directions have headroom",IF(C23<=0.02,"blocked at 0°: Vmax there = "&TEXT('4_All_periods'!H86,"0.00000")&" pu"&IF('4_All_periods'!H86>=1.0999," → over-voltage limit is active"," → clear of the limit, so the battery bounds it"),"blocked at 180°: Vmax there = "&TEXT('4_All_periods'!H92,"0.00000")&" pu"&IF('4_All_periods'!H92>=1.0999," → over-voltage limit is active"," → clear of the limit, so the battery bounds it"))) -> both directions have headroom
A27: Tip: change any light-blue P/Q or the pink baseline and the amber cells + both charts update automatically.

Sheet P09_04h00
A1: TR9 rolling FOR — period 9 = 04:00
A3: BASELINE B ≈ load − PV, batteries OFF — the all-idle PCC point (also carries losses). This is the UNCONTROLLABLE PV commitment; the battery deviates around it:
A4: B_P (MW) = | B4: ='4_All_periods'!I98 -> 0.2443 | C4: B_Q (MVAr) = | D4: ='4_All_periods'!J98 -> 0.0593
A6: angle_deg | B6: P_abs (MW) | C6: Q_abs (MVAr) | D6: dP = P − B_P | E6: dQ = Q − B_Q | F6: proj check | G6: battery side
A7: ='4_All_periods'!C98 -> 0 | B7: ='4_All_periods'!D98 -> 0.4081 | C7: ='4_All_periods'!E98 -> 0.0588 | D7: =B7-$B$4 -> 0.1638 | E7: =C7-$D$4 -> -0.0005 | F7: =B7*COS(RADIANS(A7))+C7*SIN(RADIANS(A7)) -> 0.4081 | G7: =IF(D7>0,"charge/import","discharge/export") -> charge/import
A8: ='4_All_periods'!C99 -> 30 | B8: ='4_All_periods'!D99 -> 0.3607 | C8: ='4_All_periods'!E99 -> 0.2255 | D8: =B8-$B$4 -> 0.1164 | E8: =C8-$D$4 -> 0.1662 | F8: =B8*COS(RADIANS(A8))+C8*SIN(RADIANS(A8)) -> 0.42512536 | G8: =IF(D8>0,"charge/import","discharge/export") -> charge/import
A9: ='4_All_periods'!C100 -> 60 | B9: ='4_All_periods'!D100 -> 0.2456 | C9: ='4_All_periods'!E100 -> 0.3421 | D9: =B9-$B$4 -> 0.0013 | E9: =C9-$D$4 -> 0.2828 | F9: =B9*COS(RADIANS(A9))+C9*SIN(RADIANS(A9)) -> 0.41906729 | G9: =IF(D9>0,"charge/import","discharge/export") -> charge/import
A10: ='4_All_periods'!C101 -> 90 | B10: ='4_All_periods'!D101 -> 0.0862 | C10: ='4_All_periods'!E101 -> 0.3843 | D10: =B10-$B$4 -> -0.1581 | E10: =C10-$D$4 -> 0.325 | F10: =B10*COS(RADIANS(A10))+C10*SIN(RADIANS(A10)) -> 0.3843 | G10: =IF(D10>0,"charge/import","discharge/export") -> discharge/export
A11: ='4_All_periods'!C102 -> 120 | B11: ='4_All_periods'!D102 -> -0.0107 | C11: ='4_All_periods'!E102 -> 0.3656 | D11: =B11-$B$4 -> -0.255 | E11: =C11-$D$4 -> 0.3063 | F11: =B11*COS(RADIANS(A11))+C11*SIN(RADIANS(A11)) -> 0.32196889 | G11: =IF(D11>0,"charge/import","discharge/export") -> discharge/export
A12: ='4_All_periods'!C103 -> 150 | B12: ='4_All_periods'!D103 -> -0.0116 | C12: ='4_All_periods'!E103 -> 0.3651 | D12: =B12-$B$4 -> -0.2559 | E12: =C12-$D$4 -> 0.3058 | F12: =B12*COS(RADIANS(A12))+C12*SIN(RADIANS(A12)) -> 0.19259589 | G12: =IF(D12>0,"charge/import","discharge/export") -> discharge/export
A13: ='4_All_periods'!C104 -> 180 | B13: ='4_All_periods'!D104 -> -0.0131 | C13: ='4_All_periods'!E104 -> -0.2082 | D13: =B13-$B$4 -> -0.2574 | E13: =C13-$D$4 -> -0.2675 | F13: =B13*COS(RADIANS(A13))+C13*SIN(RADIANS(A13)) -> 0.0131 | G13: =IF(D13>0,"charge/import","discharge/export") -> discharge/export
A14: ='4_All_periods'!C105 -> 210 | B14: ='4_All_periods'!D105 -> -0.0059 | C14: ='4_All_periods'!E105 -> -0.2385 | D14: =B14-$B$4 -> -0.2502 | E14: =C14-$D$4 -> -0.2978 | F14: =B14*COS(RADIANS(A14))+C14*SIN(RADIANS(A14)) -> 0.12435955 | G14: =IF(D14>0,"charge/import","discharge/export") -> discharge/export
A15: ='4_All_periods'!C106 -> 240 | B15: ='4_All_periods'!D106 -> 0.0026 | C15: ='4_All_periods'!E106 -> -0.2441 | D15: =B15-$B$4 -> -0.2417 | E15: =C15-$D$4 -> -0.3034 | F15: =B15*COS(RADIANS(A15))+C15*SIN(RADIANS(A15)) -> 0.2100968 | G15: =IF(D15>0,"charge/import","discharge/export") -> discharge/export
A16: ='4_All_periods'!C107 -> 270 | B16: ='4_All_periods'!D107 -> 0.0839 | C16: ='4_All_periods'!E107 -> -0.262 | D16: =B16-$B$4 -> -0.1604 | E16: =C16-$D$4 -> -0.3213 | F16: =B16*COS(RADIANS(A16))+C16*SIN(RADIANS(A16)) -> 0.262 | G16: =IF(D16>0,"charge/import","discharge/export") -> discharge/export
A17: ='4_All_periods'!C108 -> 300 | B17: ='4_All_periods'!D108 -> 0.2455 | C17: ='4_All_periods'!E108 -> -0.2184 | D17: =B17-$B$4 -> 0.0012 | E17: =C17-$D$4 -> -0.2777 | F17: =B17*COS(RADIANS(A17))+C17*SIN(RADIANS(A17)) -> 0.31188995 | G17: =IF(D17>0,"charge/import","discharge/export") -> charge/import
A18: ='4_All_periods'!C109 -> 330 | B18: ='4_All_periods'!D109 -> 0.3649 | C18: ='4_All_periods'!E109 -> -0.099 | D18: =B18-$B$4 -> 0.1206 | E18: =C18-$D$4 -> -0.1583 | F18: =B18*COS(RADIANS(A18))+C18*SIN(RADIANS(A18)) -> 0.36551267 | G18: =IF(D18>0,"charge/import","discharge/export") -> charge/import
A19: (close) | B19: =B7 -> 0.4081 | C19: =C7 -> 0.0588 | D19: =D7 -> 0.1638 | E19: =E7 -> -0.0005
A21: Interpretation (all computed live):
A22: P width (MW) | C22: =MAX(B7:B18)-MIN(B7:B18) -> 0.4212
A23: import-reach (charge) | C23: =MAX(0,MAX(D7:D18)) -> 0.1638
A24: export-reach (dischg) | C24: =MAX(0,-MIN(D7:D18)) -> 0.2574
A25: verdict | C25: =IF(AND(C23>0.02,C24>0.02),"two-sided → can charge (import) or discharge (export)",IF(C23<=0.02,"one-sided → discharge/export only (no import headroom)","one-sided → charge/import only (no export headroom)")) -> two-sided → can charge (import) or discharge (export)
A26: what stops it | C26: =IF(AND(C23>0.02,C24>0.02),"both directions have headroom",IF(C23<=0.02,"blocked at 0°: Vmax there = "&TEXT('4_All_periods'!H98,"0.00000")&" pu"&IF('4_All_periods'!H98>=1.0999," → over-voltage limit is active"," → clear of the limit, so the battery bounds it"),"blocked at 180°: Vmax there = "&TEXT('4_All_periods'!H104,"0.00000")&" pu"&IF('4_All_periods'!H104>=1.0999," → over-voltage limit is active"," → clear of the limit, so the battery bounds it"))) -> both directions have headroom
A27: Tip: change any light-blue P/Q or the pink baseline and the amber cells + both charts update automatically.

Sheet P10_04h30
A1: TR9 rolling FOR — period 10 = 04:30
A3: BASELINE B ≈ load − PV, batteries OFF — the all-idle PCC point (also carries losses). This is the UNCONTROLLABLE PV commitment; the battery deviates around it:
A4: B_P (MW) = | B4: ='4_All_periods'!I110 -> 0.0846 | C4: B_Q (MVAr) = | D4: ='4_All_periods'!J110 -> 0.0612
A6: angle_deg | B6: P_abs (MW) | C6: Q_abs (MVAr) | D6: dP = P − B_P | E6: dQ = Q − B_Q | F6: proj check | G6: battery side
A7: ='4_All_periods'!C110 -> 0 | B7: ='4_All_periods'!D110 -> 0.1815 | C7: ='4_All_periods'!E110 -> 0.059 | D7: =B7-$B$4 -> 0.0969 | E7: =C7-$D$4 -> -0.0022 | F7: =B7*COS(RADIANS(A7))+C7*SIN(RADIANS(A7)) -> 0.1815 | G7: =IF(D7>0,"charge/import","discharge/export") -> charge/import
A8: ='4_All_periods'!C111 -> 30 | B8: ='4_All_periods'!D111 -> 0.1359 | C8: ='4_All_periods'!E111 -> 0.2219 | D8: =B8-$B$4 -> 0.0513 | E8: =C8-$D$4 -> 0.1607 | F8: =B8*COS(RADIANS(A8))+C8*SIN(RADIANS(A8)) -> 0.22864285 | G8: =IF(D8>0,"charge/import","discharge/export") -> charge/import
A9: ='4_All_periods'!C112 -> 60 | B9: ='4_All_periods'!D112 -> 0.0191 | C9: ='4_All_periods'!E112 -> 0.3395 | D9: =B9-$B$4 -> -0.0655 | E9: =C9-$D$4 -> 0.2783 | F9: =B9*COS(RADIANS(A9))+C9*SIN(RADIANS(A9)) -> 0.30356562 | G9: =IF(D9>0,"charge/import","discharge/export") -> discharge/export
A10: ='4_All_periods'!C113 -> 90 | B10: ='4_All_periods'!D113 -> -0.1408 | C10: ='4_All_periods'!E113 -> 0.3822 | D10: =B10-$B$4 -> -0.2254 | E10: =C10-$D$4 -> 0.321 | F10: =B10*COS(RADIANS(A10))+C10*SIN(RADIANS(A10)) -> 0.3822 | G10: =IF(D10>0,"charge/import","discharge/export") -> discharge/export
A11: ='4_All_periods'!C114 -> 120 | B11: ='4_All_periods'!D114 -> -0.2406 | C11: ='4_All_periods'!E114 -> 0.3623 | D11: =B11-$B$4 -> -0.3252 | E11: =C11-$D$4 -> 0.3011 | F11: =B11*COS(RADIANS(A11))+C11*SIN(RADIANS(A11)) -> 0.434061 | G11: =IF(D11>0,"charge/import","discharge/export") -> discharge/export
A12: ='4_All_periods'!C115 -> 150 | B12: ='4_All_periods'!D115 -> -0.2423 | C12: ='4_All_periods'!E115 -> 0.3613 | D12: =B12-$B$4 -> -0.3269 | E12: =C12-$D$4 -> 0.3001 | F12: =B12*COS(RADIANS(A12))+C12*SIN(RADIANS(A12)) -> 0.39048796 | G12: =IF(D12>0,"charge/import","discharge/export") -> discharge/export
A13: ='4_All_periods'!C116 -> 180 | B13: ='4_All_periods'!D116 -> -0.2438 | C13: ='4_All_periods'!E116 -> 0.1505 | D13: =B13-$B$4 -> -0.3284 | E13: =C13-$D$4 -> 0.0893 | F13: =B13*COS(RADIANS(A13))+C13*SIN(RADIANS(A13)) -> 0.2438 | G13: =IF(D13>0,"charge/import","discharge/export") -> discharge/export
A14: ='4_All_periods'!C117 -> 210 | B14: ='4_All_periods'!D117 -> -0.2325 | C14: ='4_All_periods'!E117 -> -0.2319 | D14: =B14-$B$4 -> -0.3171 | E14: =C14-$D$4 -> -0.2931 | F14: =B14*COS(RADIANS(A14))+C14*SIN(RADIANS(A14)) -> 0.31730091 | G14: =IF(D14>0,"charge/import","discharge/export") -> discharge/export
A15: ='4_All_periods'!C118 -> 240 | B15: ='4_All_periods'!D118 -> -0.2198 | C15: ='4_All_periods'!E118 -> -0.2428 | D15: =B15-$B$4 -> -0.3044 | E15: =C15-$D$4 -> -0.304 | F15: =B15*COS(RADIANS(A15))+C15*SIN(RADIANS(A15)) -> 0.32017097 | G15: =IF(D15>0,"charge/import","discharge/export") -> discharge/export
A16: ='4_All_periods'!C119 -> 270 | B16: ='4_All_periods'!D119 -> -0.1347 | C16: ='4_All_periods'!E119 -> -0.2648 | D16: =B16-$B$4 -> -0.2193 | E16: =C16-$D$4 -> -0.326 | F16: =B16*COS(RADIANS(A16))+C16*SIN(RADIANS(A16)) -> 0.2648 | G16: =IF(D16>0,"charge/import","discharge/export") -> discharge/export
A17: ='4_All_periods'!C120 -> 300 | B17: ='4_All_periods'!D120 -> 0.0195 | C17: ='4_All_periods'!E120 -> -0.222 | D17: =B17-$B$4 -> -0.0651 | E17: =C17-$D$4 -> -0.2832 | F17: =B17*COS(RADIANS(A17))+C17*SIN(RADIANS(A17)) -> 0.20200764 | G17: =IF(D17>0,"charge/import","discharge/export") -> discharge/export
A18: ='4_All_periods'!C121 -> 330 | B18: ='4_All_periods'!D121 -> 0.138 | C18: ='4_All_periods'!E121 -> -0.1034 | D18: =B18-$B$4 -> 0.0534 | E18: =C18-$D$4 -> -0.1646 | F18: =B18*COS(RADIANS(A18))+C18*SIN(RADIANS(A18)) -> 0.17121151 | G18: =IF(D18>0,"charge/import","discharge/export") -> charge/import
A19: (close) | B19: =B7 -> 0.1815 | C19: =C7 -> 0.059 | D19: =D7 -> 0.0969 | E19: =E7 -> -0.0022
A21: Interpretation (all computed live):
A22: P width (MW) | C22: =MAX(B7:B18)-MIN(B7:B18) -> 0.4253
A23: import-reach (charge) | C23: =MAX(0,MAX(D7:D18)) -> 0.0969
A24: export-reach (dischg) | C24: =MAX(0,-MIN(D7:D18)) -> 0.3284
A25: verdict | C25: =IF(AND(C23>0.02,C24>0.02),"two-sided → can charge (import) or discharge (export)",IF(C23<=0.02,"one-sided → discharge/export only (no import headroom)","one-sided → charge/import only (no export headroom)")) -> two-sided → can charge (import) or discharge (export)
A26: what stops it | C26: =IF(AND(C23>0.02,C24>0.02),"both directions have headroom",IF(C23<=0.02,"blocked at 0°: Vmax there = "&TEXT('4_All_periods'!H110,"0.00000")&" pu"&IF('4_All_periods'!H110>=1.0999," → over-voltage limit is active"," → clear of the limit, so the battery bounds it"),"blocked at 180°: Vmax there = "&TEXT('4_All_periods'!H116,"0.00000")&" pu"&IF('4_All_periods'!H116>=1.0999," → over-voltage limit is active"," → clear of the limit, so the battery bounds it"))) -> both directions have headroom
A27: Tip: change any light-blue P/Q or the pink baseline and the amber cells + both charts update automatically.

Sheet P11_05h00
A1: TR9 rolling FOR — period 11 = 05:00
A3: BASELINE B ≈ load − PV, batteries OFF — the all-idle PCC point (also carries losses). This is the UNCONTROLLABLE PV commitment; the battery deviates around it:
A4: B_P (MW) = | B4: ='4_All_periods'!I122 -> -0.1413 | C4: B_Q (MVAr) = | D4: ='4_All_periods'!J122 -> 0.0585
A6: angle_deg | B6: P_abs (MW) | C6: Q_abs (MVAr) | D6: dP = P − B_P | E6: dQ = Q − B_Q | F6: proj check | G6: battery side
A7: ='4_All_periods'!C122 -> 0 | B7: ='4_All_periods'!D122 -> -0.0594 | C7: ='4_All_periods'!E122 -> 0.0621 | D7: =B7-$B$4 -> 0.0819 | E7: =C7-$D$4 -> 0.0036 | F7: =B7*COS(RADIANS(A7))+C7*SIN(RADIANS(A7)) -> -0.0594 | G7: =IF(D7>0,"charge/import","discharge/export") -> charge/import
A8: ='4_All_periods'!C123 -> 30 | B8: ='4_All_periods'!D123 -> -0.1039 | C8: ='4_All_periods'!E123 -> 0.226 | D8: =B8-$B$4 -> 0.0374 | E8: =C8-$D$4 -> 0.1675 | F8: =B8*COS(RADIANS(A8))+C8*SIN(RADIANS(A8)) -> 0.023019961 | G8: =IF(D8>0,"charge/import","discharge/export") -> charge/import
A9: ='4_All_periods'!C124 -> 60 | B9: ='4_All_periods'!D124 -> -0.2218 | C9: ='4_All_periods'!E124 -> 0.3444 | D9: =B9-$B$4 -> -0.0805 | E9: =C9-$D$4 -> 0.2859 | F9: =B9*COS(RADIANS(A9))+C9*SIN(RADIANS(A9)) -> 0.18735915 | G9: =IF(D9>0,"charge/import","discharge/export") -> discharge/export
A10: ='4_All_periods'!C125 -> 90 | B10: ='4_All_periods'!D125 -> -0.3821 | C10: ='4_All_periods'!E125 -> 0.3874 | D10: =B10-$B$4 -> -0.2408 | E10: =C10-$D$4 -> 0.3289 | F10: =B10*COS(RADIANS(A10))+C10*SIN(RADIANS(A10)) -> 0.3874 | G10: =IF(D10>0,"charge/import","discharge/export") -> discharge/export
A11: ='4_All_periods'!C126 -> 120 | B11: ='4_All_periods'!D126 -> -0.4952 | C11: ='4_All_periods'!E126 -> 0.3629 | D11: =B11-$B$4 -> -0.3539 | E11: =C11-$D$4 -> 0.3044 | F11: =B11*COS(RADIANS(A11))+C11*SIN(RADIANS(A11)) -> 0.56188062 | G11: =IF(D11>0,"charge/import","discharge/export") -> discharge/export
A12: ='4_All_periods'!C127 -> 150 | B12: ='4_All_periods'!D127 -> -0.501 | C12: ='4_All_periods'!E127 -> 0.359 | D12: =B12-$B$4 -> -0.3597 | E12: =C12-$D$4 -> 0.3005 | F12: =B12*COS(RADIANS(A12))+C12*SIN(RADIANS(A12)) -> 0.61337873 | G12: =IF(D12>0,"charge/import","discharge/export") -> discharge/export
A13: ='4_All_periods'!C128 -> 180 | B13: ='4_All_periods'!D128 -> -0.5033 | C13: ='4_All_periods'!E128 -> 0.1755 | D13: =B13-$B$4 -> -0.362 | E13: =C13-$D$4 -> 0.117 | F13: =B13*COS(RADIANS(A13))+C13*SIN(RADIANS(A13)) -> 0.5033 | G13: =IF(D13>0,"charge/import","discharge/export") -> discharge/export
A14: ='4_All_periods'!C129 -> 210 | B14: ='4_All_periods'!D129 -> -0.4825 | C14: ='4_All_periods'!E129 -> -0.2058 | D14: =B14-$B$4 -> -0.3412 | E14: =C14-$D$4 -> -0.2643 | F14: =B14*COS(RADIANS(A14))+C14*SIN(RADIANS(A14)) -> 0.52075726 | G14: =IF(D14>0,"charge/import","discharge/export") -> discharge/export
A15: ='4_All_periods'!C130 -> 240 | B15: ='4_All_periods'!D130 -> -0.4456 | C15: ='4_All_periods'!E130 -> -0.2401 | D15: =B15-$B$4 -> -0.3043 | E15: =C15-$D$4 -> -0.2986 | F15: =B15*COS(RADIANS(A15))+C15*SIN(RADIANS(A15)) -> 0.4307327 | G15: =IF(D15>0,"charge/import","discharge/export") -> discharge/export
A16: ='4_All_periods'!C131 -> 270 | B16: ='4_All_periods'!D131 -> -0.3692 | C16: ='4_All_periods'!E131 -> -0.2604 | D16: =B16-$B$4 -> -0.2279 | E16: =C16-$D$4 -> -0.3189 | F16: =B16*COS(RADIANS(A16))+C16*SIN(RADIANS(A16)) -> 0.2604 | G16: =IF(D16>0,"charge/import","discharge/export") -> discharge/export
A17: ='4_All_periods'!C132 -> 300 | B17: ='4_All_periods'!D132 -> -0.2208 | C17: ='4_All_periods'!E132 -> -0.2185 | D17: =B17-$B$4 -> -0.0795 | E17: =C17-$D$4 -> -0.277 | F17: =B17*COS(RADIANS(A17))+C17*SIN(RADIANS(A17)) -> 0.078826551 | G17: =IF(D17>0,"charge/import","discharge/export") -> discharge/export
A18: ='4_All_periods'!C133 -> 330 | B18: ='4_All_periods'!D133 -> -0.1029 | C18: ='4_All_periods'!E133 -> -0.1005 | D18: =B18-$B$4 -> 0.0384 | E18: =C18-$D$4 -> -0.159 | F18: =B18*COS(RADIANS(A18))+C18*SIN(RADIANS(A18)) -> -0.038864014 | G18: =IF(D18>0,"charge/import","discharge/export") -> charge/import
A19: (close) | B19: =B7 -> -0.0594 | C19: =C7 -> 0.0621 | D19: =D7 -> 0.0819 | E19: =E7 -> 0.0036
A21: Interpretation (all computed live):
A22: P width (MW) | C22: =MAX(B7:B18)-MIN(B7:B18) -> 0.4439
A23: import-reach (charge) | C23: =MAX(0,MAX(D7:D18)) -> 0.0819
A24: export-reach (dischg) | C24: =MAX(0,-MIN(D7:D18)) -> 0.362
A25: verdict | C25: =IF(AND(C23>0.02,C24>0.02),"two-sided → can charge (import) or discharge (export)",IF(C23<=0.02,"one-sided → discharge/export only (no import headroom)","one-sided → charge/import only (no export headroom)")) -> two-sided → can charge (import) or discharge (export)
A26: what stops it | C26: =IF(AND(C23>0.02,C24>0.02),"both directions have headroom",IF(C23<=0.02,"blocked at 0°: Vmax there = "&TEXT('4_All_periods'!H122,"0.00000")&" pu"&IF('4_All_periods'!H122>=1.0999," → over-voltage limit is active"," → clear of the limit, so the battery bounds it"),"blocked at 180°: Vmax there = "&TEXT('4_All_periods'!H128,"0.00000")&" pu"&IF('4_All_periods'!H128>=1.0999," → over-voltage limit is active"," → clear of the limit, so the battery bounds it"))) -> both directions have headroom
A27: Tip: change any light-blue P/Q or the pink baseline and the amber cells + both charts update automatically.

Sheet P12_05h30
A1: TR9 rolling FOR — period 12 = 05:30
A3: BASELINE B ≈ load − PV, batteries OFF — the all-idle PCC point (also carries losses). This is the UNCONTROLLABLE PV commitment; the battery deviates around it:
A4: B_P (MW) = | B4: ='4_All_periods'!I134 -> -0.3813 | C4: B_Q (MVAr) = | D4: ='4_All_periods'!J134 -> 0.0631
A6: angle_deg | B6: P_abs (MW) | C6: Q_abs (MVAr) | D6: dP = P − B_P | E6: dQ = Q − B_Q | F6: proj check | G6: battery side
A7: ='4_All_periods'!C134 -> 0 | B7: ='4_All_periods'!D134 -> -0.3256 | C7: ='4_All_periods'!E134 -> 0.0657 | D7: =B7-$B$4 -> 0.0557 | E7: =C7-$D$4 -> 0.0026 | F7: =B7*COS(RADIANS(A7))+C7*SIN(RADIANS(A7)) -> -0.3256 | G7: =IF(D7>0,"charge/import","discharge/export") -> charge/import
A8: ='4_All_periods'!C135 -> 30 | B8: ='4_All_periods'!D135 -> -0.3697 | C8: ='4_All_periods'!E135 -> 0.2308 | D8: =B8-$B$4 -> 0.0116 | E8: =C8-$D$4 -> 0.1677 | F8: =B8*COS(RADIANS(A8))+C8*SIN(RADIANS(A8)) -> -0.20476959 | G8: =IF(D8>0,"charge/import","discharge/export") -> charge/import
A9: ='4_All_periods'!C136 -> 60 | B9: ='4_All_periods'!D136 -> -0.489 | C9: ='4_All_periods'!E136 -> 0.3502 | D9: =B9-$B$4 -> -0.1077 | E9: =C9-$D$4 -> 0.2871 | F9: =B9*COS(RADIANS(A9))+C9*SIN(RADIANS(A9)) -> 0.058782096 | G9: =IF(D9>0,"charge/import","discharge/export") -> discharge/export
A10: ='4_All_periods'!C137 -> 90 | B10: ='4_All_periods'!D137 -> -0.6487 | C10: ='4_All_periods'!E137 -> 0.3932 | D10: =B10-$B$4 -> -0.2674 | E10: =C10-$D$4 -> 0.3301 | F10: =B10*COS(RADIANS(A10))+C10*SIN(RADIANS(A10)) -> 0.3932 | G10: =IF(D10>0,"charge/import","discharge/export") -> discharge/export
A11: ='4_All_periods'!C138 -> 120 | B11: ='4_All_periods'!D138 -> -0.779 | C11: ='4_All_periods'!E138 -> 0.362 | D11: =B11-$B$4 -> -0.3977 | E11: =C11-$D$4 -> 0.2989 | F11: =B11*COS(RADIANS(A11))+C11*SIN(RADIANS(A11)) -> 0.7030012 | G11: =IF(D11>0,"charge/import","discharge/export") -> discharge/export
A12: ='4_All_periods'!C139 -> 150 | B12: ='4_All_periods'!D139 -> -0.7999 | C12: ='4_All_periods'!E139 -> 0.3461 | D12: =B12-$B$4 -> -0.4186 | E12: =C12-$D$4 -> 0.283 | F12: =B12*COS(RADIANS(A12))+C12*SIN(RADIANS(A12)) -> 0.86578372 | G12: =IF(D12>0,"charge/import","discharge/export") -> discharge/export
A13: ='4_All_periods'!C140 -> 180 | B13: ='4_All_periods'!D140 -> -0.8027 | C13: ='4_All_periods'!E140 -> 0.184 | D13: =B13-$B$4 -> -0.4214 | E13: =C13-$D$4 -> 0.1209 | F13: =B13*COS(RADIANS(A13))+C13*SIN(RADIANS(A13)) -> 0.8027 | G13: =IF(D13>0,"charge/import","discharge/export") -> discharge/export
A14: ='4_All_periods'!C141 -> 210 | B14: ='4_All_periods'!D141 -> -0.7765 | C14: ='4_All_periods'!E141 -> -0.153 | D14: =B14-$B$4 -> -0.3952 | E14: =C14-$D$4 -> -0.2161 | F14: =B14*COS(RADIANS(A14))+C14*SIN(RADIANS(A14)) -> 0.74896873 | G14: =IF(D14>0,"charge/import","discharge/export") -> discharge/export
A15: ='4_All_periods'!C142 -> 240 | B15: ='4_All_periods'!D142 -> -0.7012 | C15: ='4_All_periods'!E142 -> -0.2307 | D15: =B15-$B$4 -> -0.3199 | E15: =C15-$D$4 -> -0.2938 | F15: =B15*COS(RADIANS(A15))+C15*SIN(RADIANS(A15)) -> 0.55039206 | G15: =IF(D15>0,"charge/import","discharge/export") -> discharge/export
A16: ='4_All_periods'!C143 -> 270 | B16: ='4_All_periods'!D143 -> -0.6183 | C16: ='4_All_periods'!E143 -> -0.2546 | D16: =B16-$B$4 -> -0.237 | E16: =C16-$D$4 -> -0.3177 | F16: =B16*COS(RADIANS(A16))+C16*SIN(RADIANS(A16)) -> 0.2546 | G16: =IF(D16>0,"charge/import","discharge/export") -> discharge/export
A17: ='4_All_periods'!C144 -> 300 | B17: ='4_All_periods'!D144 -> -0.4862 | C17: ='4_All_periods'!E144 -> -0.2146 | D17: =B17-$B$4 -> -0.1049 | E17: =C17-$D$4 -> -0.2777 | F17: =B17*COS(RADIANS(A17))+C17*SIN(RADIANS(A17)) -> -0.057250948 | G17: =IF(D17>0,"charge/import","discharge/export") -> discharge/export
A18: ='4_All_periods'!C145 -> 330 | B18: ='4_All_periods'!D145 -> -0.3692 | C18: ='4_All_periods'!E145 -> -0.0974 | D18: =B18-$B$4 -> 0.0121 | E18: =C18-$D$4 -> -0.1605 | F18: =B18*COS(RADIANS(A18))+C18*SIN(RADIANS(A18)) -> -0.27103658 | G18: =IF(D18>0,"charge/import","discharge/export") -> charge/import
A19: (close) | B19: =B7 -> -0.3256 | C19: =C7 -> 0.0657 | D19: =D7 -> 0.0557 | E19: =E7 -> 0.0026
A21: Interpretation (all computed live):
A22: P width (MW) | C22: =MAX(B7:B18)-MIN(B7:B18) -> 0.4771
A23: import-reach (charge) | C23: =MAX(0,MAX(D7:D18)) -> 0.0557
A24: export-reach (dischg) | C24: =MAX(0,-MIN(D7:D18)) -> 0.4214
A25: verdict | C25: =IF(AND(C23>0.02,C24>0.02),"two-sided → can charge (import) or discharge (export)",IF(C23<=0.02,"one-sided → discharge/export only (no import headroom)","one-sided → charge/import only (no export headroom)")) -> two-sided → can charge (import) or discharge (export)
A26: what stops it | C26: =IF(AND(C23>0.02,C24>0.02),"both directions have headroom",IF(C23<=0.02,"blocked at 0°: Vmax there = "&TEXT('4_All_periods'!H134,"0.00000")&" pu"&IF('4_All_periods'!H134>=1.0999," → over-voltage limit is active"," → clear of the limit, so the battery bounds it"),"blocked at 180°: Vmax there = "&TEXT('4_All_periods'!H140,"0.00000")&" pu"&IF('4_All_periods'!H140>=1.0999," → over-voltage limit is active"," → clear of the limit, so the battery bounds it"))) -> both directions have headroom
A27: Tip: change any light-blue P/Q or the pink baseline and the amber cells + both charts update automatically.

Sheet P13_06h00
A1: TR9 rolling FOR — period 13 = 06:00
A3: BASELINE B ≈ load − PV, batteries OFF — the all-idle PCC point (also carries losses). This is the UNCONTROLLABLE PV commitment; the battery deviates around it:
A4: B_P (MW) = | B4: ='4_All_periods'!I146 -> -0.6465 | C4: B_Q (MVAr) = | D4: ='4_All_periods'!J146 -> 0.0681
A6: angle_deg | B6: P_abs (MW) | C6: Q_abs (MVAr) | D6: dP = P − B_P | E6: dQ = Q − B_Q | F6: proj check | G6: battery side
A7: ='4_All_periods'!C146 -> 0 | B7: ='4_All_periods'!D146 -> -0.5701 | C7: ='4_All_periods'!E146 -> 0.0741 | D7: =B7-$B$4 -> 0.0764 | E7: =C7-$D$4 -> 0.006 | F7: =B7*COS(RADIANS(A7))+C7*SIN(RADIANS(A7)) -> -0.5701 | G7: =IF(D7>0,"charge/import","discharge/export") -> charge/import
A8: ='4_All_periods'!C147 -> 30 | B8: ='4_All_periods'!D147 -> -0.6145 | C8: ='4_All_periods'!E147 -> 0.2415 | D8: =B8-$B$4 -> 0.032 | E8: =C8-$D$4 -> 0.1734 | F8: =B8*COS(RADIANS(A8))+C8*SIN(RADIANS(A8)) -> -0.41142261 | G8: =IF(D8>0,"charge/import","discharge/export") -> charge/import
A9: ='4_All_periods'!C148 -> 60 | B9: ='4_All_periods'!D148 -> -0.7343 | C9: ='4_All_periods'!E148 -> 0.3616 | D9: =B9-$B$4 -> -0.0878 | E9: =C9-$D$4 -> 0.2935 | F9: =B9*COS(RADIANS(A9))+C9*SIN(RADIANS(A9)) -> -0.053995214 | G9: =IF(D9>0,"charge/import","discharge/export") -> discharge/export
A10: ='4_All_periods'!C149 -> 90 | B10: ='4_All_periods'!D149 -> -0.8932 | C10: ='4_All_periods'!E149 -> 0.4044 | D10: =B10-$B$4 -> -0.2467 | E10: =C10-$D$4 -> 0.3363 | F10: =B10*COS(RADIANS(A10))+C10*SIN(RADIANS(A10)) -> 0.4044 | G10: =IF(D10>0,"charge/import","discharge/export") -> discharge/export
A11: ='4_All_periods'!C150 -> 120 | B11: ='4_All_periods'!D150 -> -1.0382 | C11: ='4_All_periods'!E150 -> 0.3672 | D11: =B11-$B$4 -> -0.3917 | E11: =C11-$D$4 -> 0.2991 | F11: =B11*COS(RADIANS(A11))+C11*SIN(RADIANS(A11)) -> 0.83710453 | G11: =IF(D11>0,"charge/import","discharge/export") -> discharge/export
A12: ='4_All_periods'!C151 -> 150 | B12: ='4_All_periods'!D151 -> -1.0914 | C12: ='4_All_periods'!E151 -> 0.3195 | D12: =B12-$B$4 -> -0.4449 | E12: =C12-$D$4 -> 0.2514 | F12: =B12*COS(RADIANS(A12))+C12*SIN(RADIANS(A12)) -> 1.1049301 | G12: =IF(D12>0,"charge/import","discharge/export") -> discharge/export
A13: ='4_All_periods'!C152 -> 180 | B13: ='4_All_periods'!D152 -> -1.0983 | C13: ='4_All_periods'!E152 -> 0.1921 | D13: =B13-$B$4 -> -0.4518 | E13: =C13-$D$4 -> 0.124 | F13: =B13*COS(RADIANS(A13))+C13*SIN(RADIANS(A13)) -> 1.0983 | G13: =IF(D13>0,"charge/import","discharge/export") -> discharge/export
A14: ='4_All_periods'!C153 -> 210 | B14: ='4_All_periods'!D153 -> -1.0577 | C14: ='4_All_periods'!E153 -> -0.0854 | D14: =B14-$B$4 -> -0.4112 | E14: =C14-$D$4 -> -0.1535 | F14: =B14*COS(RADIANS(A14))+C14*SIN(RADIANS(A14)) -> 0.95869507 | G14: =IF(D14>0,"charge/import","discharge/export") -> discharge/export
A15: ='4_All_periods'!C154 -> 240 | B15: ='4_All_periods'!D154 -> -0.9335 | C15: ='4_All_periods'!E154 -> -0.2141 | D15: =B15-$B$4 -> -0.287 | E15: =C15-$D$4 -> -0.2822 | F15: =B15*COS(RADIANS(A15))+C15*SIN(RADIANS(A15)) -> 0.65216604 | G15: =IF(D15>0,"charge/import","discharge/export") -> discharge/export
A16: ='4_All_periods'!C155 -> 270 | B16: ='4_All_periods'!D155 -> -0.8429 | C16: ='4_All_periods'!E155 -> -0.2411 | D16: =B16-$B$4 -> -0.1964 | E16: =C16-$D$4 -> -0.3092 | F16: =B16*COS(RADIANS(A16))+C16*SIN(RADIANS(A16)) -> 0.2411 | G16: =IF(D16>0,"charge/import","discharge/export") -> discharge/export
A17: ='4_All_periods'!C156 -> 300 | B17: ='4_All_periods'!D156 -> -0.7298 | C17: ='4_All_periods'!E156 -> -0.2051 | D17: =B17-$B$4 -> -0.0833 | E17: =C17-$D$4 -> -0.2732 | F17: =B17*COS(RADIANS(A17))+C17*SIN(RADIANS(A17)) -> -0.18727819 | G17: =IF(D17>0,"charge/import","discharge/export") -> discharge/export
A18: ='4_All_periods'!C157 -> 330 | B18: ='4_All_periods'!D157 -> -0.6136 | C18: ='4_All_periods'!E157 -> -0.0886 | D18: =B18-$B$4 -> 0.0329 | E18: =C18-$D$4 -> -0.1567 | F18: =B18*COS(RADIANS(A18))+C18*SIN(RADIANS(A18)) -> -0.48709319 | G18: =IF(D18>0,"charge/import","discharge/export") -> charge/import
A19: (close) | B19: =B7 -> -0.5701 | C19: =C7 -> 0.0741 | D19: =D7 -> 0.0764 | E19: =E7 -> 0.006
A21: Interpretation (all computed live):
A22: P width (MW) | C22: =MAX(B7:B18)-MIN(B7:B18) -> 0.5282
A23: import-reach (charge) | C23: =MAX(0,MAX(D7:D18)) -> 0.0764
A24: export-reach (dischg) | C24: =MAX(0,-MIN(D7:D18)) -> 0.4518
A25: verdict | C25: =IF(AND(C23>0.02,C24>0.02),"two-sided → can charge (import) or discharge (export)",IF(C23<=0.02,"one-sided → discharge/export only (no import headroom)","one-sided → charge/import only (no export headroom)")) -> two-sided → can charge (import) or discharge (export)
A26: what stops it | C26: =IF(AND(C23>0.02,C24>0.02),"both directions have headroom",IF(C23<=0.02,"blocked at 0°: Vmax there = "&TEXT('4_All_periods'!H146,"0.00000")&" pu"&IF('4_All_periods'!H146>=1.0999," → over-voltage limit is active"," → clear of the limit, so the battery bounds it"),"blocked at 180°: Vmax there = "&TEXT('4_All_periods'!H152,"0.00000")&" pu"&IF('4_All_periods'!H152>=1.0999," → over-voltage limit is active"," → clear of the limit, so the battery bounds it"))) -> both directions have headroom
A27: Tip: change any light-blue P/Q or the pink baseline and the amber cells + both charts update automatically.

Sheet P14_06h30
A1: TR9 rolling FOR — period 14 = 06:30
A3: BASELINE B ≈ load − PV, batteries OFF — the all-idle PCC point (also carries losses). This is the UNCONTROLLABLE PV commitment; the battery deviates around it:
A4: B_P (MW) = | B4: ='4_All_periods'!I158 -> -0.8899 | C4: B_Q (MVAr) = | D4: ='4_All_periods'!J158 -> 0.0787
A6: angle_deg | B6: P_abs (MW) | C6: Q_abs (MVAr) | D6: dP = P − B_P | E6: dQ = Q − B_Q | F6: proj check | G6: battery side
A7: ='4_All_periods'!C158 -> 0 | B7: ='4_All_periods'!D158 -> -0.7611 | C7: ='4_All_periods'!E158 -> 0.0789 | D7: =B7-$B$4 -> 0.1288 | E7: =C7-$D$4 -> 0.0002 | F7: =B7*COS(RADIANS(A7))+C7*SIN(RADIANS(A7)) -> -0.7611 | G7: =IF(D7>0,"charge/import","discharge/export") -> charge/import
A8: ='4_All_periods'!C159 -> 30 | B8: ='4_All_periods'!D159 -> -0.7996 | C8: ='4_All_periods'!E159 -> 0.2679 | D8: =B8-$B$4 -> 0.0903 | E8: =C8-$D$4 -> 0.1892 | F8: =B8*COS(RADIANS(A8))+C8*SIN(RADIANS(A8)) -> -0.55852391 | G8: =IF(D8>0,"charge/import","discharge/export") -> charge/import
A9: ='4_All_periods'!C160 -> 60 | B9: ='4_All_periods'!D160 -> -0.917 | C9: ='4_All_periods'!E160 -> 0.3848 | D9: =B9-$B$4 -> -0.0271 | E9: =C9-$D$4 -> 0.3061 | F9: =B9*COS(RADIANS(A9))+C9*SIN(RADIANS(A9)) -> -0.12525342 | G9: =IF(D9>0,"charge/import","discharge/export") -> discharge/export
A10: ='4_All_periods'!C161 -> 90 | B10: ='4_All_periods'!D161 -> -1.0754 | C10: ='4_All_periods'!E161 -> 0.4275 | D10: =B10-$B$4 -> -0.1855 | E10: =C10-$D$4 -> 0.3488 | F10: =B10*COS(RADIANS(A10))+C10*SIN(RADIANS(A10)) -> 0.4275 | G10: =IF(D10>0,"charge/import","discharge/export") -> discharge/export
A11: ='4_All_periods'!C162 -> 120 | B11: ='4_All_periods'!D162 -> -1.2249 | C11: ='4_All_periods'!E162 -> 0.3883 | D11: =B11-$B$4 -> -0.335 | E11: =C11-$D$4 -> 0.3096 | F11: =B11*COS(RADIANS(A11))+C11*SIN(RADIANS(A11)) -> 0.94872766 | G11: =IF(D11>0,"charge/import","discharge/export") -> discharge/export
A12: ='4_All_periods'!C163 -> 150 | B12: ='4_All_periods'!D163 -> -1.3063 | C12: ='4_All_periods'!E163 -> 0.3117 | D12: =B12-$B$4 -> -0.4164 | E12: =C12-$D$4 -> 0.233 | F12: =B12*COS(RADIANS(A12))+C12*SIN(RADIANS(A12)) -> 1.287139 | G12: =IF(D12>0,"charge/import","discharge/export") -> discharge/export
A13: ='4_All_periods'!C164 -> 180 | B13: ='4_All_periods'!D164 -> -1.3249 | C13: ='4_All_periods'!E164 -> 0.2045 | D13: =B13-$B$4 -> -0.435 | E13: =C13-$D$4 -> 0.1258 | F13: =B13*COS(RADIANS(A13))+C13*SIN(RADIANS(A13)) -> 1.3249 | G13: =IF(D13>0,"charge/import","discharge/export") -> discharge/export
A14: ='4_All_periods'!C165 -> 210 | B14: ='4_All_periods'!D165 -> -1.2779 | C14: ='4_All_periods'!E165 -> -0.0035 | D14: =B14-$B$4 -> -0.388 | E14: =C14-$D$4 -> -0.0822 | F14: =B14*COS(RADIANS(A14))+C14*SIN(RADIANS(A14)) -> 1.1084439 | G14: =IF(D14>0,"charge/import","discharge/export") -> discharge/export
A15: ='4_All_periods'!C166 -> 240 | B15: ='4_All_periods'!D166 -> -1.1045 | C15: ='4_All_periods'!E166 -> -0.1886 | D15: =B15-$B$4 -> -0.2146 | E15: =C15-$D$4 -> -0.2673 | F15: =B15*COS(RADIANS(A15))+C15*SIN(RADIANS(A15)) -> 0.71558239 | G15: =IF(D15>0,"charge/import","discharge/export") -> discharge/export
A16: ='4_All_periods'!C167 -> 270 | B16: ='4_All_periods'!D167 -> -1.0124 | C16: ='4_All_periods'!E167 -> -0.2164 | D16: =B16-$B$4 -> -0.1225 | E16: =C16-$D$4 -> -0.2951 | F16: =B16*COS(RADIANS(A16))+C16*SIN(RADIANS(A16)) -> 0.2164 | G16: =IF(D16>0,"charge/import","discharge/export") -> discharge/export
A17: ='4_All_periods'!C168 -> 300 | B17: ='4_All_periods'!D168 -> -0.9117 | C17: ='4_All_periods'!E168 -> -0.1834 | D17: =B17-$B$4 -> -0.0218 | E17: =C17-$D$4 -> -0.2621 | F17: =B17*COS(RADIANS(A17))+C17*SIN(RADIANS(A17)) -> -0.29702094 | G17: =IF(D17>0,"charge/import","discharge/export") -> discharge/export
A18: ='4_All_periods'!C169 -> 330 | B18: ='4_All_periods'!D169 -> -0.7981 | C18: ='4_All_periods'!E169 -> -0.0702 | D18: =B18-$B$4 -> 0.0918 | E18: =C18-$D$4 -> -0.1489 | F18: =B18*COS(RADIANS(A18))+C18*SIN(RADIANS(A18)) -> -0.65607487 | G18: =IF(D18>0,"charge/import","discharge/export") -> charge/import
A19: (close) | B19: =B7 -> -0.7611 | C19: =C7 -> 0.0789 | D19: =D7 -> 0.1288 | E19: =E7 -> 0.0002
A21: Interpretation (all computed live):
A22: P width (MW) | C22: =MAX(B7:B18)-MIN(B7:B18) -> 0.5638
A23: import-reach (charge) | C23: =MAX(0,MAX(D7:D18)) -> 0.1288
A24: export-reach (dischg) | C24: =MAX(0,-MIN(D7:D18)) -> 0.435
A25: verdict | C25: =IF(AND(C23>0.02,C24>0.02),"two-sided → can charge (import) or discharge (export)",IF(C23<=0.02,"one-sided → discharge/export only (no import headroom)","one-sided → charge/import only (no export headroom)")) -> two-sided → can charge (import) or discharge (export)
A26: what stops it | C26: =IF(AND(C23>0.02,C24>0.02),"both directions have headroom",IF(C23<=0.02,"blocked at 0°: Vmax there = "&TEXT('4_All_periods'!H158,"0.00000")&" pu"&IF('4_All_periods'!H158>=1.0999," → over-voltage limit is active"," → clear of the limit, so the battery bounds it"),"blocked at 180°: Vmax there = "&TEXT('4_All_periods'!H164,"0.00000")&" pu"&IF('4_All_periods'!H164>=1.0999," → over-voltage limit is active"," → clear of the limit, so the battery bounds it"))) -> both directions have headroom
A27: Tip: change any light-blue P/Q or the pink baseline and the amber cells + both charts update automatically.

Sheet P15_07h00
A1: TR9 rolling FOR — period 15 = 07:00
A3: BASELINE B ≈ load − PV, batteries OFF — the all-idle PCC point (also carries losses). This is the UNCONTROLLABLE PV commitment; the battery deviates around it:
A4: B_P (MW) = | B4: ='4_All_periods'!I170 -> -1.0713 | C4: B_Q (MVAr) = | D4: ='4_All_periods'!J170 -> 0.1012
A6: angle_deg | B6: P_abs (MW) | C6: Q_abs (MVAr) | D6: dP = P − B_P | E6: dQ = Q − B_Q | F6: proj check | G6: battery side
A7: ='4_All_periods'!C170 -> 0 | B7: ='4_All_periods'!D170 -> -1.0116 | C7: ='4_All_periods'!E170 -> 0.0774 | D7: =B7-$B$4 -> 0.0597 | E7: =C7-$D$4 -> -0.0238 | F7: =B7*COS(RADIANS(A7))+C7*SIN(RADIANS(A7)) -> -1.0116 | G7: =IF(D7>0,"charge/import","discharge/export") -> charge/import
A8: ='4_All_periods'!C171 -> 30 | B8: ='4_All_periods'!D171 -> -1.0374 | C8: ='4_All_periods'!E171 -> 0.3156 | D8: =B8-$B$4 -> 0.0339 | E8: =C8-$D$4 -> 0.2144 | F8: =B8*COS(RADIANS(A8))+C8*SIN(RADIANS(A8)) -> -0.74061475 | G8: =IF(D8>0,"charge/import","discharge/export") -> charge/import
A9: ='4_All_periods'!C172 -> 60 | B9: ='4_All_periods'!D172 -> -1.1291 | C9: ='4_All_periods'!E172 -> 0.4042 | D9: =B9-$B$4 -> -0.0578 | E9: =C9-$D$4 -> 0.303 | F9: =B9*COS(RADIANS(A9))+C9*SIN(RADIANS(A9)) -> -0.21450253 | G9: =IF(D9>0,"charge/import","discharge/export") -> discharge/export
A10: ='4_All_periods'!C173 -> 90 | B10: ='4_All_periods'!D173 -> -1.2838 | C10: ='4_All_periods'!E173 -> 0.4453 | D10: =B10-$B$4 -> -0.2125 | E10: =C10-$D$4 -> 0.3441 | F10: =B10*COS(RADIANS(A10))+C10*SIN(RADIANS(A10)) -> 0.4453 | G10: =IF(D10>0,"charge/import","discharge/export") -> discharge/export
A11: ='4_All_periods'!C174 -> 120 | B11: ='4_All_periods'!D174 -> -1.4362 | C11: ='4_All_periods'!E174 -> 0.405 | D11: =B11-$B$4 -> -0.3649 | E11: =C11-$D$4 -> 0.3038 | F11: =B11*COS(RADIANS(A11))+C11*SIN(RADIANS(A11)) -> 1.0688403 | G11: =IF(D11>0,"charge/import","discharge/export") -> discharge/export
A12: ='4_All_periods'!C175 -> 150 | B12: ='4_All_periods'!D175 -> -1.5229 | C12: ='4_All_periods'!E175 -> 0.323 | D12: =B12-$B$4 -> -0.4516 | E12: =C12-$D$4 -> 0.2218 | F12: =B12*COS(RADIANS(A12))+C12*SIN(RADIANS(A12)) -> 1.4803701 | G12: =IF(D12>0,"charge/import","discharge/export") -> discharge/export
A13: ='4_All_periods'!C176 -> 180 | B13: ='4_All_periods'!D176 -> -1.5503 | C13: ='4_All_periods'!E176 -> 0.2124 | D13: =B13-$B$4 -> -0.479 | E13: =C13-$D$4 -> 0.1112 | F13: =B13*COS(RADIANS(A13))+C13*SIN(RADIANS(A13)) -> 1.5503 | G13: =IF(D13>0,"charge/import","discharge/export") -> discharge/export
A14: ='4_All_periods'!C177 -> 210 | B14: ='4_All_periods'!D177 -> -1.5025 | C14: ='4_All_periods'!E177 -> 0.0486 | D14: =B14-$B$4 -> -0.4312 | E14: =C14-$D$4 -> -0.0526 | F14: =B14*COS(RADIANS(A14))+C14*SIN(RADIANS(A14)) -> 1.2769032 | G14: =IF(D14>0,"charge/import","discharge/export") -> discharge/export
A15: ='4_All_periods'!C178 -> 240 | B15: ='4_All_periods'!D178 -> -1.3016 | C15: ='4_All_periods'!E178 -> -0.1693 | D15: =B15-$B$4 -> -0.2303 | E15: =C15-$D$4 -> -0.2705 | F15: =B15*COS(RADIANS(A15))+C15*SIN(RADIANS(A15)) -> 0.7974181 | G15: =IF(D15>0,"charge/import","discharge/export") -> discharge/export
A16: ='4_All_periods'!C179 -> 270 | B16: ='4_All_periods'!D179 -> -1.2104 | C16: ='4_All_periods'!E179 -> -0.1967 | D16: =B16-$B$4 -> -0.1391 | E16: =C16-$D$4 -> -0.2979 | F16: =B16*COS(RADIANS(A16))+C16*SIN(RADIANS(A16)) -> 0.1967 | G16: =IF(D16>0,"charge/import","discharge/export") -> discharge/export
A17: ='4_All_periods'!C180 -> 300 | B17: ='4_All_periods'!D180 -> -1.123 | C17: ='4_All_periods'!E180 -> -0.1683 | D17: =B17-$B$4 -> -0.0517 | E17: =C17-$D$4 -> -0.2695 | F17: =B17*COS(RADIANS(A17))+C17*SIN(RADIANS(A17)) -> -0.41574792 | G17: =IF(D17>0,"charge/import","discharge/export") -> discharge/export
A18: ='4_All_periods'!C181 -> 330 | B18: ='4_All_periods'!D181 -> -1.0357 | C18: ='4_All_periods'!E181 -> -0.084 | D18: =B18-$B$4 -> 0.0356 | E18: =C18-$D$4 -> -0.1852 | F18: =B18*COS(RADIANS(A18))+C18*SIN(RADIANS(A18)) -> -0.85494251 | G18: =IF(D18>0,"charge/import","discharge/export") -> charge/import
A19: (close) | B19: =B7 -> -1.0116 | C19: =C7 -> 0.0774 | D19: =D7 -> 0.0597 | E19: =E7 -> -0.0238
A21: Interpretation (all computed live):
A22: P width (MW) | C22: =MAX(B7:B18)-MIN(B7:B18) -> 0.5387
A23: import-reach (charge) | C23: =MAX(0,MAX(D7:D18)) -> 0.0597
A24: export-reach (dischg) | C24: =MAX(0,-MIN(D7:D18)) -> 0.479
A25: verdict | C25: =IF(AND(C23>0.02,C24>0.02),"two-sided → can charge (import) or discharge (export)",IF(C23<=0.02,"one-sided → discharge/export only (no import headroom)","one-sided → charge/import only (no export headroom)")) -> two-sided → can charge (import) or discharge (export)
A26: what stops it | C26: =IF(AND(C23>0.02,C24>0.02),"both directions have headroom",IF(C23<=0.02,"blocked at 0°: Vmax there = "&TEXT('4_All_periods'!H170,"0.00000")&" pu"&IF('4_All_periods'!H170>=1.0999," → over-voltage limit is active"," → clear of the limit, so the battery bounds it"),"blocked at 180°: Vmax there = "&TEXT('4_All_periods'!H176,"0.00000")&" pu"&IF('4_All_periods'!H176>=1.0999," → over-voltage limit is active"," → clear of the limit, so the battery bounds it"))) -> both directions have headroom
A27: Tip: change any light-blue P/Q or the pink baseline and the amber cells + both charts update automatically.

Sheet P16_07h30
A1: TR9 rolling FOR — period 16 = 07:30
A3: BASELINE B ≈ load − PV, batteries OFF — the all-idle PCC point (also carries losses). This is the UNCONTROLLABLE PV commitment; the battery deviates around it:
A4: B_P (MW) = | B4: ='4_All_periods'!I182 -> -1.2792 | C4: B_Q (MVAr) = | D4: ='4_All_periods'!J182 -> 0.1185
A6: angle_deg | B6: P_abs (MW) | C6: Q_abs (MVAr) | D6: dP = P − B_P | E6: dQ = Q − B_Q | F6: proj check | G6: battery side
A7: ='4_All_periods'!C182 -> 0 | B7: ='4_All_periods'!D182 -> -1.2052 | C7: ='4_All_periods'!E182 -> 0.08 | D7: =B7-$B$4 -> 0.074 | E7: =C7-$D$4 -> -0.0385 | F7: =B7*COS(RADIANS(A7))+C7*SIN(RADIANS(A7)) -> -1.2052 | G7: =IF(D7>0,"charge/import","discharge/export") -> charge/import
A8: ='4_All_periods'!C183 -> 30 | B8: ='4_All_periods'!D183 -> -1.2235 | C8: ='4_All_periods'!E183 -> 0.3954 | D8: =B8-$B$4 -> 0.0557 | E8: =C8-$D$4 -> 0.2769 | F8: =B8*COS(RADIANS(A8))+C8*SIN(RADIANS(A8)) -> -0.86188208 | G8: =IF(D8>0,"charge/import","discharge/export") -> charge/import
A9: ='4_All_periods'!C184 -> 60 | B9: ='4_All_periods'!D184 -> -1.277 | C9: ='4_All_periods'!E184 -> 0.4457 | D9: =B9-$B$4 -> 0.0022 | E9: =C9-$D$4 -> 0.3272 | F9: =B9*COS(RADIANS(A9))+C9*SIN(RADIANS(A9)) -> -0.25251248 | G9: =IF(D9>0,"charge/import","discharge/export") -> charge/import
A10: ='4_All_periods'!C185 -> 90 | B10: ='4_All_periods'!D185 -> -1.4036 | C10: ='4_All_periods'!E185 -> 0.4766 | D10: =B10-$B$4 -> -0.1244 | E10: =C10-$D$4 -> 0.3581 | F10: =B10*COS(RADIANS(A10))+C10*SIN(RADIANS(A10)) -> 0.4766 | G10: =IF(D10>0,"charge/import","discharge/export") -> discharge/export
A11: ='4_All_periods'!C186 -> 120 | B11: ='4_All_periods'!D186 -> -1.5561 | C11: ='4_All_periods'!E186 -> 0.4362 | D11: =B11-$B$4 -> -0.2769 | E11: =C11-$D$4 -> 0.3177 | F11: =B11*COS(RADIANS(A11))+C11*SIN(RADIANS(A11)) -> 1.1558103 | G11: =IF(D11>0,"charge/import","discharge/export") -> discharge/export
A12: ='4_All_periods'!C187 -> 150 | B12: ='4_All_periods'!D187 -> -1.6376 | C12: ='4_All_periods'!E187 -> 0.3511 | D12: =B12-$B$4 -> -0.3584 | E12: =C12-$D$4 -> 0.2326 | F12: =B12*COS(RADIANS(A12))+C12*SIN(RADIANS(A12)) -> 1.5937532 | G12: =IF(D12>0,"charge/import","discharge/export") -> discharge/export
A13: ='4_All_periods'!C188 -> 180 | B13: ='4_All_periods'!D188 -> -1.6686 | C13: ='4_All_periods'!E188 -> 0.2446 | D13: =B13-$B$4 -> -0.3894 | E13: =C13-$D$4 -> 0.1261 | F13: =B13*COS(RADIANS(A13))+C13*SIN(RADIANS(A13)) -> 1.6686 | G13: =IF(D13>0,"charge/import","discharge/export") -> discharge/export
A14: ='4_All_periods'!C189 -> 210 | B14: ='4_All_periods'!D189 -> -1.6226 | C14: ='4_All_periods'!E189 -> 0.0932 | D14: =B14-$B$4 -> -0.3434 | E14: =C14-$D$4 -> -0.0253 | F14: =B14*COS(RADIANS(A14))+C14*SIN(RADIANS(A14)) -> 1.3586128 | G14: =IF(D14>0,"charge/import","discharge/export") -> discharge/export
A15: ='4_All_periods'!C190 -> 240 | B15: ='4_All_periods'!D190 -> -1.4062 | C15: ='4_All_periods'!E190 -> -0.1378 | D15: =B15-$B$4 -> -0.127 | E15: =C15-$D$4 -> -0.2563 | F15: =B15*COS(RADIANS(A15))+C15*SIN(RADIANS(A15)) -> 0.8224383 | G15: =IF(D15>0,"charge/import","discharge/export") -> discharge/export
A16: ='4_All_periods'!C191 -> 270 | B16: ='4_All_periods'!D191 -> -1.3223 | C16: ='4_All_periods'!E191 -> -0.1625 | D16: =B16-$B$4 -> -0.0431 | E16: =C16-$D$4 -> -0.281 | F16: =B16*COS(RADIANS(A16))+C16*SIN(RADIANS(A16)) -> 0.1625 | G16: =IF(D16>0,"charge/import","discharge/export") -> discharge/export
A17: ='4_All_periods'!C192 -> 300 | B17: ='4_All_periods'!D192 -> -1.2709 | C17: ='4_All_periods'!E192 -> -0.1475 | D17: =B17-$B$4 -> 0.0083 | E17: =C17-$D$4 -> -0.266 | F17: =B17*COS(RADIANS(A17))+C17*SIN(RADIANS(A17)) -> -0.50771125 | G17: =IF(D17>0,"charge/import","discharge/export") -> charge/import
A18: ='4_All_periods'!C193 -> 330 | B18: ='4_All_periods'!D193 -> -1.2211 | C18: ='4_All_periods'!E193 -> -0.1 | D18: =B18-$B$4 -> 0.0581 | E18: =C18-$D$4 -> -0.2185 | F18: =B18*COS(RADIANS(A18))+C18*SIN(RADIANS(A18)) -> -1.0075036 | G18: =IF(D18>0,"charge/import","discharge/export") -> charge/import
A19: (close) | B19: =B7 -> -1.2052 | C19: =C7 -> 0.08 | D19: =D7 -> 0.074 | E19: =E7 -> -0.0385
A21: Interpretation (all computed live):
A22: P width (MW) | C22: =MAX(B7:B18)-MIN(B7:B18) -> 0.4634
A23: import-reach (charge) | C23: =MAX(0,MAX(D7:D18)) -> 0.074
A24: export-reach (dischg) | C24: =MAX(0,-MIN(D7:D18)) -> 0.3894
A25: verdict | C25: =IF(AND(C23>0.02,C24>0.02),"two-sided → can charge (import) or discharge (export)",IF(C23<=0.02,"one-sided → discharge/export only (no import headroom)","one-sided → charge/import only (no export headroom)")) -> two-sided → can charge (import) or discharge (export)
A26: what stops it | C26: =IF(AND(C23>0.02,C24>0.02),"both directions have headroom",IF(C23<=0.02,"blocked at 0°: Vmax there = "&TEXT('4_All_periods'!H182,"0.00000")&" pu"&IF('4_All_periods'!H182>=1.0999," → over-voltage limit is active"," → clear of the limit, so the battery bounds it"),"blocked at 180°: Vmax there = "&TEXT('4_All_periods'!H188,"0.00000")&" pu"&IF('4_All_periods'!H188>=1.0999," → over-voltage limit is active"," → clear of the limit, so the battery bounds it"))) -> both directions have headroom
A27: Tip: change any light-blue P/Q or the pink baseline and the amber cells + both charts update automatically.

Sheet P17_08h00
A1: TR9 rolling FOR — period 17 = 08:00
A3: BASELINE B ≈ load − PV, batteries OFF — the all-idle PCC point (also carries losses). This is the UNCONTROLLABLE PV commitment; the battery deviates around it:
A4: B_P (MW) = | B4: ='4_All_periods'!I194 -> -1.399 | C4: B_Q (MVAr) = | D4: ='4_All_periods'!J194 -> 0.1494
A6: angle_deg | B6: P_abs (MW) | C6: Q_abs (MVAr) | D6: dP = P − B_P | E6: dQ = Q − B_Q | F6: proj check | G6: battery side
A7: ='4_All_periods'!C194 -> 0 | B7: ='4_All_periods'!D194 -> -1.3987 | C7: ='4_All_periods'!E194 -> 0.1209 | D7: =B7-$B$4 -> 0.0003 | E7: =C7-$D$4 -> -0.0285 | F7: =B7*COS(RADIANS(A7))+C7*SIN(RADIANS(A7)) -> -1.3987 | G7: =IF(D7>0,"charge/import","discharge/export") -> charge/import
A8: ='4_All_periods'!C195 -> 30 | B8: ='4_All_periods'!D195 -> -1.4173 | C8: ='4_All_periods'!E195 -> 0.4488 | D8: =B8-$B$4 -> -0.0183 | E8: =C8-$D$4 -> 0.2994 | F8: =B8*COS(RADIANS(A8))+C8*SIN(RADIANS(A8)) -> -1.0030178 | G8: =IF(D8>0,"charge/import","discharge/export") -> discharge/export
A9: ='4_All_periods'!C196 -> 60 | B9: ='4_All_periods'!D196 -> -1.4506 | C9: ='4_All_periods'!E196 -> 0.4805 | D9: =B9-$B$4 -> -0.0516 | E9: =C9-$D$4 -> 0.3311 | F9: =B9*COS(RADIANS(A9))+C9*SIN(RADIANS(A9)) -> -0.30917479 | G9: =IF(D9>0,"charge/import","discharge/export") -> discharge/export
A10: ='4_All_periods'!C197 -> 90 | B10: ='4_All_periods'!D197 -> -1.545 | C10: ='4_All_periods'!E197 -> 0.5011 | D10: =B10-$B$4 -> -0.146 | E10: =C10-$D$4 -> 0.3517 | F10: =B10*COS(RADIANS(A10))+C10*SIN(RADIANS(A10)) -> 0.5011 | G10: =IF(D10>0,"charge/import","discharge/export") -> discharge/export
A11: ='4_All_periods'!C198 -> 120 | B11: ='4_All_periods'!D198 -> -1.6891 | C11: ='4_All_periods'!E198 -> 0.4647 | D11: =B11-$B$4 -> -0.2901 | E11: =C11-$D$4 -> 0.3153 | F11: =B11*COS(RADIANS(A11))+C11*SIN(RADIANS(A11)) -> 1.246992 | G11: =IF(D11>0,"charge/import","discharge/export") -> discharge/export
A12: ='4_All_periods'!C199 -> 150 | B12: ='4_All_periods'!D199 -> -1.7717 | C12: ='4_All_periods'!E199 -> 0.3742 | D12: =B12-$B$4 -> -0.3727 | E12: =C12-$D$4 -> 0.2248 | F12: =B12*COS(RADIANS(A12))+C12*SIN(RADIANS(A12)) -> 1.7214372 | G12: =IF(D12>0,"charge/import","discharge/export") -> discharge/export
A13: ='4_All_periods'!C200 -> 180 | B13: ='4_All_periods'!D200 -> -1.8061 | C13: ='4_All_periods'!E200 -> 0.2599 | D13: =B13-$B$4 -> -0.4071 | E13: =C13-$D$4 -> 0.1105 | F13: =B13*COS(RADIANS(A13))+C13*SIN(RADIANS(A13)) -> 1.8061 | G13: =IF(D13>0,"charge/import","discharge/export") -> discharge/export
A14: ='4_All_periods'!C201 -> 210 | B14: ='4_All_periods'!D201 -> -1.7656 | C14: ='4_All_periods'!E201 -> 0.1399 | D14: =B14-$B$4 -> -0.3666 | E14: =C14-$D$4 -> -0.0095 | F14: =B14*COS(RADIANS(A14))+C14*SIN(RADIANS(A14)) -> 1.4591045 | G14: =IF(D14>0,"charge/import","discharge/export") -> discharge/export
A15: ='4_All_periods'!C202 -> 240 | B15: ='4_All_periods'!D202 -> -1.5289 | C15: ='4_All_periods'!E202 -> -0.1046 | D15: =B15-$B$4 -> -0.1299 | E15: =C15-$D$4 -> -0.254 | F15: =B15*COS(RADIANS(A15))+C15*SIN(RADIANS(A15)) -> 0.85503626 | G15: =IF(D15>0,"charge/import","discharge/export") -> discharge/export
A16: ='4_All_periods'!C203 -> 270 | B16: ='4_All_periods'!D203 -> -1.4644 | C16: ='4_All_periods'!E203 -> -0.1261 | D16: =B16-$B$4 -> -0.0654 | E16: =C16-$D$4 -> -0.2755 | F16: =B16*COS(RADIANS(A16))+C16*SIN(RADIANS(A16)) -> 0.1261 | G16: =IF(D16>0,"charge/import","discharge/export") -> discharge/export
A17: ='4_All_periods'!C204 -> 300 | B17: ='4_All_periods'!D204 -> -1.4323 | C17: ='4_All_periods'!E204 -> -0.1192 | D17: =B17-$B$4 -> -0.0333 | E17: =C17-$D$4 -> -0.2686 | F17: =B17*COS(RADIANS(A17))+C17*SIN(RADIANS(A17)) -> -0.61291977 | G17: =IF(D17>0,"charge/import","discharge/export") -> discharge/export
A18: ='4_All_periods'!C205 -> 330 | B18: ='4_All_periods'!D205 -> -1.413 | C18: ='4_All_periods'!E205 -> -0.0995 | D18: =B18-$B$4 -> -0.014 | E18: =C18-$D$4 -> -0.2489 | F18: =B18*COS(RADIANS(A18))+C18*SIN(RADIANS(A18)) -> -1.1739439 | G18: =IF(D18>0,"charge/import","discharge/export") -> discharge/export
A19: (close) | B19: =B7 -> -1.3987 | C19: =C7 -> 0.1209 | D19: =D7 -> 0.0003 | E19: =E7 -> -0.0285
A21: Interpretation (all computed live):
A22: P width (MW) | C22: =MAX(B7:B18)-MIN(B7:B18) -> 0.4074
A23: import-reach (charge) | C23: =MAX(0,MAX(D7:D18)) -> 0.0003
A24: export-reach (dischg) | C24: =MAX(0,-MIN(D7:D18)) -> 0.4071
A25: verdict | C25: =IF(AND(C23>0.02,C24>0.02),"two-sided → can charge (import) or discharge (export)",IF(C23<=0.02,"one-sided → discharge/export only (no import headroom)","one-sided → charge/import only (no export headroom)")) -> one-sided → discharge/export only (no import headroom)
A26: what stops it | C26: =IF(AND(C23>0.02,C24>0.02),"both directions have headroom",IF(C23<=0.02,"blocked at 0°: Vmax there = "&TEXT('4_All_periods'!H194,"0.00000")&" pu"&IF('4_All_periods'!H194>=1.0999," → over-voltage limit is active"," → clear of the limit, so the battery bounds it"),"blocked at 180°: Vmax there = "&TEXT('4_All_periods'!H200,"0.00000")&" pu"&IF('4_All_periods'!H200>=1.0999," → over-voltage limit is active"," → clear of the limit, so the battery bounds it"))) -> blocked at 0°: Vmax there = 1.09998 pu → over-voltage limit is active
A27: Tip: change any light-blue P/Q or the pink baseline and the amber cells + both charts update automatically.

Sheet P18_08h30
A1: TR9 rolling FOR — period 18 = 08:30
A3: BASELINE B ≈ load − PV, batteries OFF — the all-idle PCC point (also carries losses). This is the UNCONTROLLABLE PV commitment; the battery deviates around it:
A4: B_P (MW) = | B4: ='4_All_periods'!I206 -> -1.5392 | C4: B_Q (MVAr) = | D4: ='4_All_periods'!J206 -> 0.1733
A6: angle_deg | B6: P_abs (MW) | C6: Q_abs (MVAr) | D6: dP = P − B_P | E6: dQ = Q − B_Q | F6: proj check | G6: battery side
A7: ='4_All_periods'!C206 -> 0 | B7: ='4_All_periods'!D206 -> -1.6019 | C7: ='4_All_periods'!E206 -> 0.1667 | D7: =B7-$B$4 -> -0.0627 | E7: =C7-$D$4 -> -0.0066 | F7: =B7*COS(RADIANS(A7))+C7*SIN(RADIANS(A7)) -> -1.6019 | G7: =IF(D7>0,"charge/import","discharge/export") -> discharge/export
A8: ='4_All_periods'!C207 -> 30 | B8: ='4_All_periods'!D207 -> -1.617 | C8: ='4_All_periods'!E207 -> 0.4768 | D8: =B8-$B$4 -> -0.0778 | E8: =C8-$D$4 -> 0.3035 | F8: =B8*COS(RADIANS(A8))+C8*SIN(RADIANS(A8)) -> -1.1619631 | G8: =IF(D8>0,"charge/import","discharge/export") -> discharge/export
A9: ='4_All_periods'!C208 -> 60 | B9: ='4_All_periods'!D208 -> -1.639 | C9: ='4_All_periods'!E208 -> 0.4979 | D9: =B9-$B$4 -> -0.0998 | E9: =C9-$D$4 -> 0.3246 | F9: =B9*COS(RADIANS(A9))+C9*SIN(RADIANS(A9)) -> -0.38830595 | G9: =IF(D9>0,"charge/import","discharge/export") -> discharge/export
A10: ='4_All_periods'!C209 -> 90 | B10: ='4_All_periods'!D209 -> -1.7135 | C10: ='4_All_periods'!E209 -> 0.5122 | D10: =B10-$B$4 -> -0.1743 | E10: =C10-$D$4 -> 0.3389 | F10: =B10*COS(RADIANS(A10))+C10*SIN(RADIANS(A10)) -> 0.5122 | G10: =IF(D10>0,"charge/import","discharge/export") -> discharge/export
A11: ='4_All_periods'!C210 -> 120 | B11: ='4_All_periods'!D210 -> -1.8528 | C11: ='4_All_periods'!E210 -> 0.4776 | D11: =B11-$B$4 -> -0.3136 | E11: =C11-$D$4 -> 0.3043 | F11: =B11*COS(RADIANS(A11))+C11*SIN(RADIANS(A11)) -> 1.3400137 | G11: =IF(D11>0,"charge/import","discharge/export") -> discharge/export
A12: ='4_All_periods'!C211 -> 150 | B12: ='4_All_periods'!D211 -> -1.9365 | C12: ='4_All_periods'!E211 -> 0.3859 | D12: =B12-$B$4 -> -0.3973 | E12: =C12-$D$4 -> 0.2126 | F12: =B12*COS(RADIANS(A12))+C12*SIN(RADIANS(A12)) -> 1.8700082 | G12: =IF(D12>0,"charge/import","discharge/export") -> discharge/export
A13: ='4_All_periods'!C212 -> 180 | B13: ='4_All_periods'!D212 -> -1.9716 | C13: ='4_All_periods'!E212 -> 0.2697 | D13: =B13-$B$4 -> -0.4324 | E13: =C13-$D$4 -> 0.0964 | F13: =B13*COS(RADIANS(A13))+C13*SIN(RADIANS(A13)) -> 1.9716 | G13: =IF(D13>0,"charge/import","discharge/export") -> discharge/export
A14: ='4_All_periods'!C213 -> 210 | B14: ='4_All_periods'!D213 -> -1.9374 | C14: ='4_All_periods'!E213 -> 0.1698 | D14: =B14-$B$4 -> -0.3982 | E14: =C14-$D$4 -> -0.0035 | F14: =B14*COS(RADIANS(A14))+C14*SIN(RADIANS(A14)) -> 1.5929376 | G14: =IF(D14>0,"charge/import","discharge/export") -> discharge/export
A15: ='4_All_periods'!C214 -> 240 | B15: ='4_All_periods'!D214 -> -1.7004 | C15: ='4_All_periods'!E214 -> -0.0779 | D15: =B15-$B$4 -> -0.1612 | E15: =C15-$D$4 -> -0.2512 | F15: =B15*COS(RADIANS(A15))+C15*SIN(RADIANS(A15)) -> 0.91766338 | G15: =IF(D15>0,"charge/import","discharge/export") -> discharge/export
A16: ='4_All_periods'!C215 -> 270 | B16: ='4_All_periods'!D215 -> -1.6485 | C16: ='4_All_periods'!E215 -> -0.0947 | D16: =B16-$B$4 -> -0.1093 | E16: =C16-$D$4 -> -0.268 | F16: =B16*COS(RADIANS(A16))+C16*SIN(RADIANS(A16)) -> 0.0947 | G16: =IF(D16>0,"charge/import","discharge/export") -> discharge/export
A17: ='4_All_periods'!C216 -> 300 | B17: ='4_All_periods'!D216 -> -1.6178 | C17: ='4_All_periods'!E216 -> -0.0892 | D17: =B17-$B$4 -> -0.0786 | E17: =C17-$D$4 -> -0.2625 | F17: =B17*COS(RADIANS(A17))+C17*SIN(RADIANS(A17)) -> -0.73165053 | G17: =IF(D17>0,"charge/import","discharge/export") -> discharge/export
A18: ='4_All_periods'!C217 -> 330 | B18: ='4_All_periods'!D217 -> -1.6107 | C18: ='4_All_periods'!E217 -> -0.0826 | D18: =B18-$B$4 -> -0.0715 | E18: =C18-$D$4 -> -0.2559 | F18: =B18*COS(RADIANS(A18))+C18*SIN(RADIANS(A18)) -> -1.3536071 | G18: =IF(D18>0,"charge/import","discharge/export") -> discharge/export
A19: (close) | B19: =B7 -> -1.6019 | C19: =C7 -> 0.1667 | D19: =D7 -> -0.0627 | E19: =E7 -> -0.0066
A21: Interpretation (all computed live):
A22: P width (MW) | C22: =MAX(B7:B18)-MIN(B7:B18) -> 0.3697
A23: import-reach (charge) | C23: =MAX(0,MAX(D7:D18)) -> 0
A24: export-reach (dischg) | C24: =MAX(0,-MIN(D7:D18)) -> 0.4324
A25: verdict | C25: =IF(AND(C23>0.02,C24>0.02),"two-sided → can charge (import) or discharge (export)",IF(C23<=0.02,"one-sided → discharge/export only (no import headroom)","one-sided → charge/import only (no export headroom)")) -> one-sided → discharge/export only (no import headroom)
A26: what stops it | C26: =IF(AND(C23>0.02,C24>0.02),"both directions have headroom",IF(C23<=0.02,"blocked at 0°: Vmax there = "&TEXT('4_All_periods'!H206,"0.00000")&" pu"&IF('4_All_periods'!H206>=1.0999," → over-voltage limit is active"," → clear of the limit, so the battery bounds it"),"blocked at 180°: Vmax there = "&TEXT('4_All_periods'!H212,"0.00000")&" pu"&IF('4_All_periods'!H212>=1.0999," → over-voltage limit is active"," → clear of the limit, so the battery bounds it"))) -> blocked at 0°: Vmax there = 1.09997 pu → over-voltage limit is active
A27: Tip: change any light-blue P/Q or the pink baseline and the amber cells + both charts update automatically.

Sheet P19_09h00
A1: TR9 rolling FOR — period 19 = 09:00
A3: BASELINE B ≈ load − PV, batteries OFF — the all-idle PCC point (also carries losses). This is the UNCONTROLLABLE PV commitment; the battery deviates around it:
A4: B_P (MW) = | B4: ='4_All_periods'!I218 -> -1.7076 | C4: B_Q (MVAr) = | D4: ='4_All_periods'!J218 -> 0.1842
A6: angle_deg | B6: P_abs (MW) | C6: Q_abs (MVAr) | D6: dP = P − B_P | E6: dQ = Q − B_Q | F6: proj check | G6: battery side
A7: ='4_All_periods'!C218 -> 0 | B7: ='4_All_periods'!D218 -> -1.7447 | C7: ='4_All_periods'!E218 -> 0.1942 | D7: =B7-$B$4 -> -0.0371 | E7: =C7-$D$4 -> 0.01 | F7: =B7*COS(RADIANS(A7))+C7*SIN(RADIANS(A7)) -> -1.7447 | G7: =IF(D7>0,"charge/import","discharge/export") -> discharge/export
A8: ='4_All_periods'!C219 -> 30 | B8: ='4_All_periods'!D219 -> -1.7591 | C8: ='4_All_periods'!E219 -> 0.5038 | D8: =B8-$B$4 -> -0.0515 | E8: =C8-$D$4 -> 0.3196 | F8: =B8*COS(RADIANS(A8))+C8*SIN(RADIANS(A8)) -> -1.2715253 | G8: =IF(D8>0,"charge/import","discharge/export") -> discharge/export
A9: ='4_All_periods'!C220 -> 60 | B9: ='4_All_periods'!D220 -> -1.7727 | C9: ='4_All_periods'!E220 -> 0.5159 | D9: =B9-$B$4 -> -0.0651 | E9: =C9-$D$4 -> 0.3317 | F9: =B9*COS(RADIANS(A9))+C9*SIN(RADIANS(A9)) -> -0.43956749 | G9: =IF(D9>0,"charge/import","discharge/export") -> discharge/export
A10: ='4_All_periods'!C221 -> 90 | B10: ='4_All_periods'!D221 -> -1.8356 | C10: ='4_All_periods'!E221 -> 0.5267 | D10: =B10-$B$4 -> -0.128 | E10: =C10-$D$4 -> 0.3425 | F10: =B10*COS(RADIANS(A10))+C10*SIN(RADIANS(A10)) -> 0.5267 | G10: =IF(D10>0,"charge/import","discharge/export") -> discharge/export
A11: ='4_All_periods'!C222 -> 120 | B11: ='4_All_periods'!D222 -> -1.9667 | C11: ='4_All_periods'!E222 -> 0.4951 | D11: =B11-$B$4 -> -0.2591 | E11: =C11-$D$4 -> 0.3109 | F11: =B11*COS(RADIANS(A11))+C11*SIN(RADIANS(A11)) -> 1.4121192 | G11: =IF(D11>0,"charge/import","discharge/export") -> discharge/export
A12: ='4_All_periods'!C223 -> 150 | B12: ='4_All_periods'!D223 -> -2.052 | C12: ='4_All_periods'!E223 -> 0.4044 | D12: =B12-$B$4 -> -0.3444 | E12: =C12-$D$4 -> 0.2202 | F12: =B12*COS(RADIANS(A12))+C12*SIN(RADIANS(A12)) -> 1.9792841 | G12: =IF(D12>0,"charge/import","discharge/export") -> discharge/export
A13: ='4_All_periods'!C224 -> 180 | B13: ='4_All_periods'!D224 -> -2.0897 | C13: ='4_All_periods'!E224 -> 0.2824 | D13: =B13-$B$4 -> -0.3821 | E13: =C13-$D$4 -> 0.0982 | F13: =B13*COS(RADIANS(A13))+C13*SIN(RADIANS(A13)) -> 2.0897 | G13: =IF(D13>0,"charge/import","discharge/export") -> discharge/export
A14: ='4_All_periods'!C225 -> 210 | B14: ='4_All_periods'!D225 -> -2.0581 | C14: ='4_All_periods'!E225 -> 0.1871 | D14: =B14-$B$4 -> -0.3505 | E14: =C14-$D$4 -> 0.0029 | F14: =B14*COS(RADIANS(A14))+C14*SIN(RADIANS(A14)) -> 1.6888169 | G14: =IF(D14>0,"charge/import","discharge/export") -> discharge/export
A15: ='4_All_periods'!C226 -> 240 | B15: ='4_All_periods'!D226 -> -1.8299 | C15: ='4_All_periods'!E226 -> -0.0492 | D15: =B15-$B$4 -> -0.1223 | E15: =C15-$D$4 -> -0.2334 | F15: =B15*COS(RADIANS(A15))+C15*SIN(RADIANS(A15)) -> 0.95755845 | G15: =IF(D15>0,"charge/import","discharge/export") -> discharge/export
A16: ='4_All_periods'!C227 -> 270 | B16: ='4_All_periods'!D227 -> -1.7843 | C16: ='4_All_periods'!E227 -> -0.0641 | D16: =B16-$B$4 -> -0.0767 | E16: =C16-$D$4 -> -0.2483 | F16: =B16*COS(RADIANS(A16))+C16*SIN(RADIANS(A16)) -> 0.0641 | G16: =IF(D16>0,"charge/import","discharge/export") -> discharge/export
A17: ='4_All_periods'!C228 -> 300 | B17: ='4_All_periods'!D228 -> -1.7551 | C17: ='4_All_periods'!E228 -> -0.06 | D17: =B17-$B$4 -> -0.0475 | E17: =C17-$D$4 -> -0.2442 | F17: =B17*COS(RADIANS(A17))+C17*SIN(RADIANS(A17)) -> -0.82558848 | G17: =IF(D17>0,"charge/import","discharge/export") -> discharge/export
A18: ='4_All_periods'!C229 -> 330 | B18: ='4_All_periods'!D229 -> -1.7529 | C18: ='4_All_periods'!E229 -> -0.0579 | D18: =B18-$B$4 -> -0.0453 | E18: =C18-$D$4 -> -0.2421 | F18: =B18*COS(RADIANS(A18))+C18*SIN(RADIANS(A18)) -> -1.4891059 | G18: =IF(D18>0,"charge/import","discharge/export") -> discharge/export
A19: (close) | B19: =B7 -> -1.7447 | C19: =C7 -> 0.1942 | D19: =D7 -> -0.0371 | E19: =E7 -> 0.01
A21: Interpretation (all computed live):
A22: P width (MW) | C22: =MAX(B7:B18)-MIN(B7:B18) -> 0.345
A23: import-reach (charge) | C23: =MAX(0,MAX(D7:D18)) -> 0
A24: export-reach (dischg) | C24: =MAX(0,-MIN(D7:D18)) -> 0.3821
A25: verdict | C25: =IF(AND(C23>0.02,C24>0.02),"two-sided → can charge (import) or discharge (export)",IF(C23<=0.02,"one-sided → discharge/export only (no import headroom)","one-sided → charge/import only (no export headroom)")) -> one-sided → discharge/export only (no import headroom)
A26: what stops it | C26: =IF(AND(C23>0.02,C24>0.02),"both directions have headroom",IF(C23<=0.02,"blocked at 0°: Vmax there = "&TEXT('4_All_periods'!H218,"0.00000")&" pu"&IF('4_All_periods'!H218>=1.0999," → over-voltage limit is active"," → clear of the limit, so the battery bounds it"),"blocked at 180°: Vmax there = "&TEXT('4_All_periods'!H224,"0.00000")&" pu"&IF('4_All_periods'!H224>=1.0999," → over-voltage limit is active"," → clear of the limit, so the battery bounds it"))) -> blocked at 0°: Vmax there = 1.09999 pu → over-voltage limit is active
A27: Tip: change any light-blue P/Q or the pink baseline and the amber cells + both charts update automatically.

Sheet P20_09h30
A1: TR9 rolling FOR — period 20 = 09:30
A3: BASELINE B ≈ load − PV, batteries OFF — the all-idle PCC point (also carries losses). This is the UNCONTROLLABLE PV commitment; the battery deviates around it:
A4: B_P (MW) = | B4: ='4_All_periods'!I230 -> -1.8297 | C4: B_Q (MVAr) = | D4: ='4_All_periods'!J230 -> 0.1985
A6: angle_deg | B6: P_abs (MW) | C6: Q_abs (MVAr) | D6: dP = P − B_P | E6: dQ = Q − B_Q | F6: proj check | G6: battery side
A7: ='4_All_periods'!C230 -> 0 | B7: ='4_All_periods'!D230 -> -1.9368 | C7: ='4_All_periods'!E230 -> 0.2171 | D7: =B7-$B$4 -> -0.1071 | E7: =C7-$D$4 -> 0.0186 | F7: =B7*COS(RADIANS(A7))+C7*SIN(RADIANS(A7)) -> -1.9368 | G7: =IF(D7>0,"charge/import","discharge/export") -> discharge/export
A8: ='4_All_periods'!C231 -> 30 | B8: ='4_All_periods'!D231 -> -1.9515 | C8: ='4_All_periods'!E231 -> 0.5111 | D8: =B8-$B$4 -> -0.1218 | E8: =C8-$D$4 -> 0.3126 | F8: =B8*COS(RADIANS(A8))+C8*SIN(RADIANS(A8)) -> -1.4344986 | G8: =IF(D8>0,"charge/import","discharge/export") -> discharge/export
A9: ='4_All_periods'!C232 -> 60 | B9: ='4_All_periods'!D232 -> -1.9592 | C9: ='4_All_periods'!E232 -> 0.5183 | D9: =B9-$B$4 -> -0.1295 | E9: =C9-$D$4 -> 0.3198 | F9: =B9*COS(RADIANS(A9))+C9*SIN(RADIANS(A9)) -> -0.53073903 | G9: =IF(D9>0,"charge/import","discharge/export") -> discharge/export
A10: ='4_All_periods'!C233 -> 90 | B10: ='4_All_periods'!D233 -> -2.0155 | C10: ='4_All_periods'!E233 -> 0.5266 | D10: =B10-$B$4 -> -0.1858 | E10: =C10-$D$4 -> 0.3281 | F10: =B10*COS(RADIANS(A10))+C10*SIN(RADIANS(A10)) -> 0.5266 | G10: =IF(D10>0,"charge/import","discharge/export") -> discharge/export
A11: ='4_All_periods'!C234 -> 120 | B11: ='4_All_periods'!D234 -> -2.1263 | C11: ='4_All_periods'!E234 -> 0.5025 | D11: =B11-$B$4 -> -0.2966 | E11: =C11-$D$4 -> 0.304 | F11: =B11*COS(RADIANS(A11))+C11*SIN(RADIANS(A11)) -> 1.4983278 | G11: =IF(D11>0,"charge/import","discharge/export") -> discharge/export
A12: ='4_All_periods'!C235 -> 150 | B12: ='4_All_periods'!D235 -> -2.2239 | C12: ='4_All_periods'!E235 -> 0.3984 | D12: =B12-$B$4 -> -0.3942 | E12: =C12-$D$4 -> 0.1999 | F12: =B12*COS(RADIANS(A12))+C12*SIN(RADIANS(A12)) -> 2.1251539 | G12: =IF(D12>0,"charge/import","discharge/export") -> discharge/export
A13: ='4_All_periods'!C236 -> 180 | B13: ='4_All_periods'!D236 -> -2.2601 | C13: ='4_All_periods'!E236 -> 0.2789 | D13: =B13-$B$4 -> -0.4304 | E13: =C13-$D$4 -> 0.0804 | F13: =B13*COS(RADIANS(A13))+C13*SIN(RADIANS(A13)) -> 2.2601 | G13: =IF(D13>0,"charge/import","discharge/export") -> discharge/export
A14: ='4_All_periods'!C237 -> 210 | B14: ='4_All_periods'!D237 -> -2.2297 | C14: ='4_All_periods'!E237 -> 0.1958 | D14: =B14-$B$4 -> -0.4 | E14: =C14-$D$4 -> -0.0027 | F14: =B14*COS(RADIANS(A14))+C14*SIN(RADIANS(A14)) -> 1.8330768 | G14: =IF(D14>0,"charge/import","discharge/export") -> discharge/export
A15: ='4_All_periods'!C238 -> 240 | B15: ='4_All_periods'!D238 -> -2.0115 | C15: ='4_All_periods'!E238 -> -0.0287 | D15: =B15-$B$4 -> -0.1818 | E15: =C15-$D$4 -> -0.2272 | F15: =B15*COS(RADIANS(A15))+C15*SIN(RADIANS(A15)) -> 1.0306049 | G15: =IF(D15>0,"charge/import","discharge/export") -> discharge/export
A16: ='4_All_periods'!C239 -> 270 | B16: ='4_All_periods'!D239 -> -1.9615 | C16: ='4_All_periods'!E239 -> -0.0428 | D16: =B16-$B$4 -> -0.1318 | E16: =C16-$D$4 -> -0.2413 | F16: =B16*COS(RADIANS(A16))+C16*SIN(RADIANS(A16)) -> 0.0428 | G16: =IF(D16>0,"charge/import","discharge/export") -> discharge/export
A17: ='4_All_periods'!C240 -> 300 | B17: ='4_All_periods'!D240 -> -1.9459 | C17: ='4_All_periods'!E240 -> -0.0404 | D17: =B17-$B$4 -> -0.1162 | E17: =C17-$D$4 -> -0.2389 | F17: =B17*COS(RADIANS(A17))+C17*SIN(RADIANS(A17)) -> -0.93796257 | G17: =IF(D17>0,"charge/import","discharge/export") -> discharge/export
A18: ='4_All_periods'!C241 -> 330 | B18: ='4_All_periods'!D241 -> -1.9454 | C18: ='4_All_periods'!E241 -> -0.0399 | D18: =B18-$B$4 -> -0.1157 | E18: =C18-$D$4 -> -0.2384 | F18: =B18*COS(RADIANS(A18))+C18*SIN(RADIANS(A18)) -> -1.6648158 | G18: =IF(D18>0,"charge/import","discharge/export") -> discharge/export
A19: (close) | B19: =B7 -> -1.9368 | C19: =C7 -> 0.2171 | D19: =D7 -> -0.1071 | E19: =E7 -> 0.0186
A21: Interpretation (all computed live):
A22: P width (MW) | C22: =MAX(B7:B18)-MIN(B7:B18) -> 0.3233
A23: import-reach (charge) | C23: =MAX(0,MAX(D7:D18)) -> 0
A24: export-reach (dischg) | C24: =MAX(0,-MIN(D7:D18)) -> 0.4304
A25: verdict | C25: =IF(AND(C23>0.02,C24>0.02),"two-sided → can charge (import) or discharge (export)",IF(C23<=0.02,"one-sided → discharge/export only (no import headroom)","one-sided → charge/import only (no export headroom)")) -> one-sided → discharge/export only (no import headroom)
A26: what stops it | C26: =IF(AND(C23>0.02,C24>0.02),"both directions have headroom",IF(C23<=0.02,"blocked at 0°: Vmax there = "&TEXT('4_All_periods'!H230,"0.00000")&" pu"&IF('4_All_periods'!H230>=1.0999," → over-voltage limit is active"," → clear of the limit, so the battery bounds it"),"blocked at 180°: Vmax there = "&TEXT('4_All_periods'!H236,"0.00000")&" pu"&IF('4_All_periods'!H236>=1.0999," → over-voltage limit is active"," → clear of the limit, so the battery bounds it"))) -> blocked at 0°: Vmax there = 1.10000 pu → over-voltage limit is active
A27: Tip: change any light-blue P/Q or the pink baseline and the amber cells + both charts update automatically.

Sheet P21_10h00
A1: TR9 rolling FOR — period 21 = 10:00
A3: BASELINE B ≈ load − PV, batteries OFF — the all-idle PCC point (also carries losses). This is the UNCONTROLLABLE PV commitment; the battery deviates around it:
A4: B_P (MW) = | B4: ='4_All_periods'!I242 -> -2.0084 | C4: B_Q (MVAr) = | D4: ='4_All_periods'!J242 -> 0.1978
A6: angle_deg | B6: P_abs (MW) | C6: Q_abs (MVAr) | D6: dP = P − B_P | E6: dQ = Q − B_Q | F6: proj check | G6: battery side
A7: ='4_All_periods'!C242 -> 0 | B7: ='4_All_periods'!D242 -> -2.0919 | C7: ='4_All_periods'!E242 -> 0.2454 | D7: =B7-$B$4 -> -0.0835 | E7: =C7-$D$4 -> 0.0476 | F7: =B7*COS(RADIANS(A7))+C7*SIN(RADIANS(A7)) -> -2.0919 | G7: =IF(D7>0,"charge/import","discharge/export") -> discharge/export
A8: ='4_All_periods'!C243 -> 30 | B8: ='4_All_periods'!D243 -> -2.1075 | C8: ='4_All_periods'!E243 -> 0.516 | D8: =B8-$B$4 -> -0.0991 | E8: =C8-$D$4 -> 0.3182 | F8: =B8*COS(RADIANS(A8))+C8*SIN(RADIANS(A8)) -> -1.5671485 | G8: =IF(D8>0,"charge/import","discharge/export") -> discharge/export
A9: ='4_All_periods'!C244 -> 60 | B9: ='4_All_periods'!D244 -> -2.1131 | C9: ='4_All_periods'!E244 -> 0.5211 | D9: =B9-$B$4 -> -0.1047 | E9: =C9-$D$4 -> 0.3233 | F9: =B9*COS(RADIANS(A9))+C9*SIN(RADIANS(A9)) -> -0.60526416 | G9: =IF(D9>0,"charge/import","discharge/export") -> discharge/export
A10: ='4_All_periods'!C245 -> 90 | B10: ='4_All_periods'!D245 -> -2.1619 | C10: ='4_All_periods'!E245 -> 0.5272 | D10: =B10-$B$4 -> -0.1535 | E10: =C10-$D$4 -> 0.3294 | F10: =B10*COS(RADIANS(A10))+C10*SIN(RADIANS(A10)) -> 0.5272 | G10: =IF(D10>0,"charge/import","discharge/export") -> discharge/export
A11: ='4_All_periods'!C246 -> 120 | B11: ='4_All_periods'!D246 -> -2.2578 | C11: ='4_All_periods'!E246 -> 0.5069 | D11: =B11-$B$4 -> -0.2494 | E11: =C11-$D$4 -> 0.3091 | F11: =B11*COS(RADIANS(A11))+C11*SIN(RADIANS(A11)) -> 1.5678883 | G11: =IF(D11>0,"charge/import","discharge/export") -> discharge/export
A12: ='4_All_periods'!C247 -> 150 | B12: ='4_All_periods'!D247 -> -2.3591 | C12: ='4_All_periods'!E247 -> 0.3995 | D12: =B12-$B$4 -> -0.3507 | E12: =C12-$D$4 -> 0.2017 | F12: =B12*COS(RADIANS(A12))+C12*SIN(RADIANS(A12)) -> 2.2427905 | G12: =IF(D12>0,"charge/import","discharge/export") -> discharge/export
A13: ='4_All_periods'!C248 -> 180 | B13: ='4_All_periods'!D248 -> -2.3956 | C13: ='4_All_periods'!E248 -> 0.2806 | D13: =B13-$B$4 -> -0.3872 | E13: =C13-$D$4 -> 0.0828 | F13: =B13*COS(RADIANS(A13))+C13*SIN(RADIANS(A13)) -> 2.3956 | G13: =IF(D13>0,"charge/import","discharge/export") -> discharge/export
A14: ='4_All_periods'!C249 -> 210 | B14: ='4_All_periods'!D249 -> -2.3739 | C14: ='4_All_periods'!E249 -> 0.2154 | D14: =B14-$B$4 -> -0.3655 | E14: =C14-$D$4 -> 0.0176 | F14: =B14*COS(RADIANS(A14))+C14*SIN(RADIANS(A14)) -> 1.9481577 | G14: =IF(D14>0,"charge/import","discharge/export") -> discharge/export
A15: ='4_All_periods'!C250 -> 240 | B15: ='4_All_periods'!D250 -> -2.1623 | C15: ='4_All_periods'!E250 -> -0.0034 | D15: =B15-$B$4 -> -0.1539 | E15: =C15-$D$4 -> -0.2012 | F15: =B15*COS(RADIANS(A15))+C15*SIN(RADIANS(A15)) -> 1.0840945 | G15: =IF(D15>0,"charge/import","discharge/export") -> discharge/export
A16: ='4_All_periods'!C251 -> 270 | B16: ='4_All_periods'!D251 -> -2.1143 | C16: ='4_All_periods'!E251 -> -0.0163 | D16: =B16-$B$4 -> -0.1059 | E16: =C16-$D$4 -> -0.2141 | F16: =B16*COS(RADIANS(A16))+C16*SIN(RADIANS(A16)) -> 0.0163 | G16: =IF(D16>0,"charge/import","discharge/export") -> discharge/export
A17: ='4_All_periods'!C252 -> 300 | B17: ='4_All_periods'!D252 -> -2.1012 | C17: ='4_All_periods'!E252 -> -0.0147 | D17: =B17-$B$4 -> -0.0928 | E17: =C17-$D$4 -> -0.2125 | F17: =B17*COS(RADIANS(A17))+C17*SIN(RADIANS(A17)) -> -1.0378694 | G17: =IF(D17>0,"charge/import","discharge/export") -> discharge/export
A18: ='4_All_periods'!C253 -> 330 | B18: ='4_All_periods'!D253 -> -2.1008 | C18: ='4_All_periods'!E253 -> -0.0144 | D18: =B18-$B$4 -> -0.0924 | E18: =C18-$D$4 -> -0.2122 | F18: =B18*COS(RADIANS(A18))+C18*SIN(RADIANS(A18)) -> -1.8121462 | G18: =IF(D18>0,"charge/import","discharge/export") -> discharge/export
A19: (close) | B19: =B7 -> -2.0919 | C19: =C7 -> 0.2454 | D19: =D7 -> -0.0835 | E19: =E7 -> 0.0476
A21: Interpretation (all computed live):
A22: P width (MW) | C22: =MAX(B7:B18)-MIN(B7:B18) -> 0.3037
A23: import-reach (charge) | C23: =MAX(0,MAX(D7:D18)) -> 0
A24: export-reach (dischg) | C24: =MAX(0,-MIN(D7:D18)) -> 0.3872
A25: verdict | C25: =IF(AND(C23>0.02,C24>0.02),"two-sided → can charge (import) or discharge (export)",IF(C23<=0.02,"one-sided → discharge/export only (no import headroom)","one-sided → charge/import only (no export headroom)")) -> one-sided → discharge/export only (no import headroom)
A26: what stops it | C26: =IF(AND(C23>0.02,C24>0.02),"both directions have headroom",IF(C23<=0.02,"blocked at 0°: Vmax there = "&TEXT('4_All_periods'!H242,"0.00000")&" pu"&IF('4_All_periods'!H242>=1.0999," → over-voltage limit is active"," → clear of the limit, so the battery bounds it"),"blocked at 180°: Vmax there = "&TEXT('4_All_periods'!H248,"0.00000")&" pu"&IF('4_All_periods'!H248>=1.0999," → over-voltage limit is active"," → clear of the limit, so the battery bounds it"))) -> blocked at 0°: Vmax there = 1.10000 pu → over-voltage limit is active
A27: Tip: change any light-blue P/Q or the pink baseline and the amber cells + both charts update automatically.

Sheet P22_10h30
A1: TR9 rolling FOR — period 22 = 10:30
A3: BASELINE B ≈ load − PV, batteries OFF — the all-idle PCC point (also carries losses). This is the UNCONTROLLABLE PV commitment; the battery deviates around it:
A4: B_P (MW) = | B4: ='4_All_periods'!I254 -> -2.1535 | C4: B_Q (MVAr) = | D4: ='4_All_periods'!J254 -> 0.1977
A6: angle_deg | B6: P_abs (MW) | C6: Q_abs (MVAr) | D6: dP = P − B_P | E6: dQ = Q − B_Q | F6: proj check | G6: battery side
A7: ='4_All_periods'!C254 -> 0 | B7: ='4_All_periods'!D254 -> -2.182 | C7: ='4_All_periods'!E254 -> 0.2528 | D7: =B7-$B$4 -> -0.0285 | E7: =C7-$D$4 -> 0.0551 | F7: =B7*COS(RADIANS(A7))+C7*SIN(RADIANS(A7)) -> -2.182 | G7: =IF(D7>0,"charge/import","discharge/export") -> discharge/export
A8: ='4_All_periods'!C255 -> 30 | B8: ='4_All_periods'!D255 -> -2.1974 | C8: ='4_All_periods'!E255 -> 0.5193 | D8: =B8-$B$4 -> -0.0439 | E8: =C8-$D$4 -> 0.3216 | F8: =B8*COS(RADIANS(A8))+C8*SIN(RADIANS(A8)) -> -1.6433542 | G8: =IF(D8>0,"charge/import","discharge/export") -> discharge/export
A9: ='4_All_periods'!C256 -> 60 | B9: ='4_All_periods'!D256 -> -2.202 | C9: ='4_All_periods'!E256 -> 0.5236 | D9: =B9-$B$4 -> -0.0485 | E9: =C9-$D$4 -> 0.3259 | F9: =B9*COS(RADIANS(A9))+C9*SIN(RADIANS(A9)) -> -0.6475491 | G9: =IF(D9>0,"charge/import","discharge/export") -> discharge/export
A10: ='4_All_periods'!C257 -> 90 | B10: ='4_All_periods'!D257 -> -2.2462 | C10: ='4_All_periods'!E257 -> 0.5282 | D10: =B10-$B$4 -> -0.0927 | E10: =C10-$D$4 -> 0.3305 | F10: =B10*COS(RADIANS(A10))+C10*SIN(RADIANS(A10)) -> 0.5282 | G10: =IF(D10>0,"charge/import","discharge/export") -> discharge/export
A11: ='4_All_periods'!C258 -> 120 | B11: ='4_All_periods'!D258 -> -2.3434 | C11: ='4_All_periods'!E258 -> 0.5073 | D11: =B11-$B$4 -> -0.1899 | E11: =C11-$D$4 -> 0.3096 | F11: =B11*COS(RADIANS(A11))+C11*SIN(RADIANS(A11)) -> 1.6110347 | G11: =IF(D11>0,"charge/import","discharge/export") -> discharge/export
A12: ='4_All_periods'!C259 -> 150 | B12: ='4_All_periods'!D259 -> -2.4451 | C12: ='4_All_periods'!E259 -> 0.3995 | D12: =B12-$B$4 -> -0.2916 | E12: =C12-$D$4 -> 0.2018 | F12: =B12*COS(RADIANS(A12))+C12*SIN(RADIANS(A12)) -> 2.3172687 | G12: =IF(D12>0,"charge/import","discharge/export") -> discharge/export
A13: ='4_All_periods'!C260 -> 180 | B13: ='4_All_periods'!D260 -> -2.4799 | C13: ='4_All_periods'!E260 -> 0.2818 | D13: =B13-$B$4 -> -0.3264 | E13: =C13-$D$4 -> 0.0841 | F13: =B13*COS(RADIANS(A13))+C13*SIN(RADIANS(A13)) -> 2.4799 | G13: =IF(D13>0,"charge/import","discharge/export") -> discharge/export
A14: ='4_All_periods'!C261 -> 210 | B14: ='4_All_periods'!D261 -> -2.4623 | C14: ='4_All_periods'!E261 -> 0.227 | D14: =B14-$B$4 -> -0.3088 | E14: =C14-$D$4 -> 0.0293 | F14: =B14*COS(RADIANS(A14))+C14*SIN(RADIANS(A14)) -> 2.0189144 | G14: =IF(D14>0,"charge/import","discharge/export") -> discharge/export
A15: ='4_All_periods'!C262 -> 240 | B15: ='4_All_periods'!D262 -> -2.2563 | C15: ='4_All_periods'!E262 -> 0.0086 | D15: =B15-$B$4 -> -0.1028 | E15: =C15-$D$4 -> -0.1891 | F15: =B15*COS(RADIANS(A15))+C15*SIN(RADIANS(A15)) -> 1.1207022 | G15: =IF(D15>0,"charge/import","discharge/export") -> discharge/export
A16: ='4_All_periods'!C263 -> 270 | B16: ='4_All_periods'!D263 -> -2.2 | C16: ='4_All_periods'!E263 -> -0.0067 | D16: =B16-$B$4 -> -0.0465 | E16: =C16-$D$4 -> -0.2044 | F16: =B16*COS(RADIANS(A16))+C16*SIN(RADIANS(A16)) -> 0.0067 | G16: =IF(D16>0,"charge/import","discharge/export") -> discharge/export
A17: ='4_All_periods'!C264 -> 300 | B17: ='4_All_periods'!D264 -> -2.1916 | C17: ='4_All_periods'!E264 -> -0.0057 | D17: =B17-$B$4 -> -0.0381 | E17: =C17-$D$4 -> -0.2034 | F17: =B17*COS(RADIANS(A17))+C17*SIN(RADIANS(A17)) -> -1.0908637 | G17: =IF(D17>0,"charge/import","discharge/export") -> discharge/export
A18: ='4_All_periods'!C265 -> 330 | B18: ='4_All_periods'!D265 -> -2.1913 | C18: ='4_All_periods'!E265 -> -0.0055 | D18: =B18-$B$4 -> -0.0378 | E18: =C18-$D$4 -> -0.2032 | F18: =B18*COS(RADIANS(A18))+C18*SIN(RADIANS(A18)) -> -1.8949715 | G18: =IF(D18>0,"charge/import","discharge/export") -> discharge/export
A19: (close) | B19: =B7 -> -2.182 | C19: =C7 -> 0.2528 | D19: =D7 -> -0.0285 | E19: =E7 -> 0.0551
A21: Interpretation (all computed live):
A22: P width (MW) | C22: =MAX(B7:B18)-MIN(B7:B18) -> 0.2979
A23: import-reach (charge) | C23: =MAX(0,MAX(D7:D18)) -> 0
A24: export-reach (dischg) | C24: =MAX(0,-MIN(D7:D18)) -> 0.3264
A25: verdict | C25: =IF(AND(C23>0.02,C24>0.02),"two-sided → can charge (import) or discharge (export)",IF(C23<=0.02,"one-sided → discharge/export only (no import headroom)","one-sided → charge/import only (no export headroom)")) -> one-sided → discharge/export only (no import headroom)
A26: what stops it | C26: =IF(AND(C23>0.02,C24>0.02),"both directions have headroom",IF(C23<=0.02,"blocked at 0°: Vmax there = "&TEXT('4_All_periods'!H254,"0.00000")&" pu"&IF('4_All_periods'!H254>=1.0999," → over-voltage limit is active"," → clear of the limit, so the battery bounds it"),"blocked at 180°: Vmax there = "&TEXT('4_All_periods'!H260,"0.00000")&" pu"&IF('4_All_periods'!H260>=1.0999," → over-voltage limit is active"," → clear of the limit, so the battery bounds it"))) -> blocked at 0°: Vmax there = 1.10000 pu → over-voltage limit is active
A27: Tip: change any light-blue P/Q or the pink baseline and the amber cells + both charts update automatically.

Sheet P23_11h00
A1: TR9 rolling FOR — period 23 = 11:00
A3: BASELINE B ≈ load − PV, batteries OFF — the all-idle PCC point (also carries losses). This is the UNCONTROLLABLE PV commitment; the battery deviates around it:
A4: B_P (MW) = | B4: ='4_All_periods'!I266 -> -2.2382 | C4: B_Q (MVAr) = | D4: ='4_All_periods'!J266 -> 0.1988
A6: angle_deg | B6: P_abs (MW) | C6: Q_abs (MVAr) | D6: dP = P − B_P | E6: dQ = Q − B_Q | F6: proj check | G6: battery side
A7: ='4_All_periods'!C266 -> 0 | B7: ='4_All_periods'!D266 -> -2.1943 | C7: ='4_All_periods'!E266 -> 0.2633 | D7: =B7-$B$4 -> 0.0439 | E7: =C7-$D$4 -> 0.0645 | F7: =B7*COS(RADIANS(A7))+C7*SIN(RADIANS(A7)) -> -2.1943 | G7: =IF(D7>0,"charge/import","discharge/export") -> charge/import
A8: ='4_All_periods'!C267 -> 30 | B8: ='4_All_periods'!D267 -> -2.2089 | C8: ='4_All_periods'!E267 -> 0.5277 | D8: =B8-$B$4 -> 0.0293 | E8: =C8-$D$4 -> 0.3289 | F8: =B8*COS(RADIANS(A8))+C8*SIN(RADIANS(A8)) -> -1.6491135 | G8: =IF(D8>0,"charge/import","discharge/export") -> charge/import
A9: ='4_All_periods'!C268 -> 60 | B9: ='4_All_periods'!D268 -> -2.2122 | C9: ='4_All_periods'!E268 -> 0.5306 | D9: =B9-$B$4 -> 0.026 | E9: =C9-$D$4 -> 0.3318 | F9: =B9*COS(RADIANS(A9))+C9*SIN(RADIANS(A9)) -> -0.64658692 | G9: =IF(D9>0,"charge/import","discharge/export") -> charge/import
A10: ='4_All_periods'!C269 -> 90 | B10: ='4_All_periods'!D269 -> -2.2554 | C10: ='4_All_periods'!E269 -> 0.535 | D10: =B10-$B$4 -> -0.0172 | E10: =C10-$D$4 -> 0.3362 | F10: =B10*COS(RADIANS(A10))+C10*SIN(RADIANS(A10)) -> 0.535 | G10: =IF(D10>0,"charge/import","discharge/export") -> discharge/export
A11: ='4_All_periods'!C270 -> 120 | B11: ='4_All_periods'!D270 -> -2.3519 | C11: ='4_All_periods'!E270 -> 0.5147 | D11: =B11-$B$4 -> -0.1137 | E11: =C11-$D$4 -> 0.3159 | F11: =B11*COS(RADIANS(A11))+C11*SIN(RADIANS(A11)) -> 1.6216933 | G11: =IF(D11>0,"charge/import","discharge/export") -> discharge/export
A12: ='4_All_periods'!C271 -> 150 | B12: ='4_All_periods'!D271 -> -2.455 | C12: ='4_All_periods'!E271 -> 0.4074 | D12: =B12-$B$4 -> -0.2168 | E12: =C12-$D$4 -> 0.2086 | F12: =B12*COS(RADIANS(A12))+C12*SIN(RADIANS(A12)) -> 2.3297924 | G12: =IF(D12>0,"charge/import","discharge/export") -> discharge/export
A13: ='4_All_periods'!C272 -> 180 | B13: ='4_All_periods'!D272 -> -2.4908 | C13: ='4_All_periods'!E272 -> 0.2878 | D13: =B13-$B$4 -> -0.2526 | E13: =C13-$D$4 -> 0.089 | F13: =B13*COS(RADIANS(A13))+C13*SIN(RADIANS(A13)) -> 2.4908 | G13: =IF(D13>0,"charge/import","discharge/export") -> discharge/export
A14: ='4_All_periods'!C273 -> 210 | B14: ='4_All_periods'!D273 -> -2.4703 | C14: ='4_All_periods'!E273 -> 0.2276 | D14: =B14-$B$4 -> -0.2321 | E14: =C14-$D$4 -> 0.0288 | F14: =B14*COS(RADIANS(A14))+C14*SIN(RADIANS(A14)) -> 2.0255426 | G14: =IF(D14>0,"charge/import","discharge/export") -> discharge/export
A15: ='4_All_periods'!C274 -> 240 | B15: ='4_All_periods'!D274 -> -2.2595 | C15: ='4_All_periods'!E274 -> 0.0087 | D15: =B15-$B$4 -> -0.0213 | E15: =C15-$D$4 -> -0.1901 | F15: =B15*COS(RADIANS(A15))+C15*SIN(RADIANS(A15)) -> 1.1222156 | G15: =IF(D15>0,"charge/import","discharge/export") -> discharge/export
A16: ='4_All_periods'!C275 -> 270 | B16: ='4_All_periods'!D275 -> -2.2095 | C16: ='4_All_periods'!E275 -> -0.0063 | D16: =B16-$B$4 -> 0.0287 | E16: =C16-$D$4 -> -0.2051 | F16: =B16*COS(RADIANS(A16))+C16*SIN(RADIANS(A16)) -> 0.0063 | G16: =IF(D16>0,"charge/import","discharge/export") -> charge/import
A17: ='4_All_periods'!C276 -> 300 | B17: ='4_All_periods'!D276 -> -2.2034 | C17: ='4_All_periods'!E276 -> -0.0055 | D17: =B17-$B$4 -> 0.0348 | E17: =C17-$D$4 -> -0.2043 | F17: =B17*COS(RADIANS(A17))+C17*SIN(RADIANS(A17)) -> -1.0969369 | G17: =IF(D17>0,"charge/import","discharge/export") -> charge/import
A18: ='4_All_periods'!C277 -> 330 | B18: ='4_All_periods'!D277 -> -2.2034 | C18: ='4_All_periods'!E277 -> -0.0055 | D18: =B18-$B$4 -> 0.0348 | E18: =C18-$D$4 -> -0.2043 | F18: =B18*COS(RADIANS(A18))+C18*SIN(RADIANS(A18)) -> -1.9054504 | G18: =IF(D18>0,"charge/import","discharge/export") -> charge/import
A19: (close) | B19: =B7 -> -2.1943 | C19: =C7 -> 0.2633 | D19: =D7 -> 0.0439 | E19: =E7 -> 0.0645
A21: Interpretation (all computed live):
A22: P width (MW) | C22: =MAX(B7:B18)-MIN(B7:B18) -> 0.2965
A23: import-reach (charge) | C23: =MAX(0,MAX(D7:D18)) -> 0.0439
A24: export-reach (dischg) | C24: =MAX(0,-MIN(D7:D18)) -> 0.2526
A25: verdict | C25: =IF(AND(C23>0.02,C24>0.02),"two-sided → can charge (import) or discharge (export)",IF(C23<=0.02,"one-sided → discharge/export only (no import headroom)","one-sided → charge/import only (no export headroom)")) -> two-sided → can charge (import) or discharge (export)
A26: what stops it | C26: =IF(AND(C23>0.02,C24>0.02),"both directions have headroom",IF(C23<=0.02,"blocked at 0°: Vmax there = "&TEXT('4_All_periods'!H266,"0.00000")&" pu"&IF('4_All_periods'!H266>=1.0999," → over-voltage limit is active"," → clear of the limit, so the battery bounds it"),"blocked at 180°: Vmax there = "&TEXT('4_All_periods'!H272,"0.00000")&" pu"&IF('4_All_periods'!H272>=1.0999," → over-voltage limit is active"," → clear of the limit, so the battery bounds it"))) -> both directions have headroom
A27: Tip: change any light-blue P/Q or the pink baseline and the amber cells + both charts update automatically.

Sheet P24_11h30
A1: TR9 rolling FOR — period 24 = 11:30
A3: BASELINE B ≈ load − PV, batteries OFF — the all-idle PCC point (also carries losses). This is the UNCONTROLLABLE PV commitment; the battery deviates around it:
A4: B_P (MW) = | B4: ='4_All_periods'!I278 -> -2.2476 | C4: B_Q (MVAr) = | D4: ='4_All_periods'!J278 -> 0.2056
A6: angle_deg | B6: P_abs (MW) | C6: Q_abs (MVAr) | D6: dP = P − B_P | E6: dQ = Q − B_Q | F6: proj check | G6: battery side
A7: ='4_All_periods'!C278 -> 0 | B7: ='4_All_periods'!D278 -> -2.2023 | C7: ='4_All_periods'!E278 -> 0.2622 | D7: =B7-$B$4 -> 0.0453 | E7: =C7-$D$4 -> 0.0566 | F7: =B7*COS(RADIANS(A7))+C7*SIN(RADIANS(A7)) -> -2.2023 | G7: =IF(D7>0,"charge/import","discharge/export") -> charge/import
A8: ='4_All_periods'!C279 -> 30 | B8: ='4_All_periods'!D279 -> -2.2181 | C8: ='4_All_periods'!E279 -> 0.5283 | D8: =B8-$B$4 -> 0.0295 | E8: =C8-$D$4 -> 0.3227 | F8: =B8*COS(RADIANS(A8))+C8*SIN(RADIANS(A8)) -> -1.6567809 | G8: =IF(D8>0,"charge/import","discharge/export") -> charge/import
A9: ='4_All_periods'!C280 -> 60 | B9: ='4_All_periods'!D280 -> -2.2227 | C9: ='4_All_periods'!E280 -> 0.5326 | D9: =B9-$B$4 -> 0.0249 | E9: =C9-$D$4 -> 0.327 | F9: =B9*COS(RADIANS(A9))+C9*SIN(RADIANS(A9)) -> -0.65010487 | G9: =IF(D9>0,"charge/import","discharge/export") -> charge/import
A10: ='4_All_periods'!C281 -> 90 | B10: ='4_All_periods'!D281 -> -2.2673 | C10: ='4_All_periods'!E281 -> 0.5374 | D10: =B10-$B$4 -> -0.0197 | E10: =C10-$D$4 -> 0.3318 | F10: =B10*COS(RADIANS(A10))+C10*SIN(RADIANS(A10)) -> 0.5374 | G10: =IF(D10>0,"charge/import","discharge/export") -> discharge/export
A11: ='4_All_periods'!C282 -> 120 | B11: ='4_All_periods'!D282 -> -2.3534 | C11: ='4_All_periods'!E282 -> 0.5184 | D11: =B11-$B$4 -> -0.1058 | E11: =C11-$D$4 -> 0.3128 | F11: =B11*COS(RADIANS(A11))+C11*SIN(RADIANS(A11)) -> 1.6256476 | G11: =IF(D11>0,"charge/import","discharge/export") -> discharge/export
A12: ='4_All_periods'!C283 -> 150 | B12: ='4_All_periods'!D283 -> -2.4545 | C12: ='4_All_periods'!E283 -> 0.4106 | D12: =B12-$B$4 -> -0.2069 | E12: =C12-$D$4 -> 0.205 | F12: =B12*COS(RADIANS(A12))+C12*SIN(RADIANS(A12)) -> 2.3309594 | G12: =IF(D12>0,"charge/import","discharge/export") -> discharge/export
A13: ='4_All_periods'!C284 -> 180 | B13: ='4_All_periods'!D284 -> -2.492 | C13: ='4_All_periods'!E284 -> 0.2903 | D13: =B13-$B$4 -> -0.2444 | E13: =C13-$D$4 -> 0.0847 | F13: =B13*COS(RADIANS(A13))+C13*SIN(RADIANS(A13)) -> 2.492 | G13: =IF(D13>0,"charge/import","discharge/export") -> discharge/export
A14: ='4_All_periods'!C285 -> 210 | B14: ='4_All_periods'!D285 -> -2.4748 | C14: ='4_All_periods'!E285 -> 0.2379 | D14: =B14-$B$4 -> -0.2272 | E14: =C14-$D$4 -> 0.0323 | F14: =B14*COS(RADIANS(A14))+C14*SIN(RADIANS(A14)) -> 2.0242897 | G14: =IF(D14>0,"charge/import","discharge/export") -> discharge/export
A15: ='4_All_periods'!C286 -> 240 | B15: ='4_All_periods'!D286 -> -2.269 | C15: ='4_All_periods'!E286 -> 0.0201 | D15: =B15-$B$4 -> -0.0214 | E15: =C15-$D$4 -> -0.1855 | F15: =B15*COS(RADIANS(A15))+C15*SIN(RADIANS(A15)) -> 1.1170929 | G15: =IF(D15>0,"charge/import","discharge/export") -> discharge/export
A16: ='4_All_periods'!C287 -> 270 | B16: ='4_All_periods'!D287 -> -2.2187 | C16: ='4_All_periods'!E287 -> 0.0051 | D16: =B16-$B$4 -> 0.0289 | E16: =C16-$D$4 -> -0.2005 | F16: =B16*COS(RADIANS(A16))+C16*SIN(RADIANS(A16)) -> -0.0051 | G16: =IF(D16>0,"charge/import","discharge/export") -> charge/import
A17: ='4_All_periods'!C288 -> 300 | B17: ='4_All_periods'!D288 -> -2.2114 | C17: ='4_All_periods'!E288 -> 0.0055 | D17: =B17-$B$4 -> 0.0362 | E17: =C17-$D$4 -> -0.2001 | F17: =B17*COS(RADIANS(A17))+C17*SIN(RADIANS(A17)) -> -1.1104631 | G17: =IF(D17>0,"charge/import","discharge/export") -> charge/import
A18: ='4_All_periods'!C289 -> 330 | B18: ='4_All_periods'!D289 -> -2.2113 | C18: ='4_All_periods'!E289 -> 0.0055 | D18: =B18-$B$4 -> 0.0363 | E18: =C18-$D$4 -> -0.2001 | F18: =B18*COS(RADIANS(A18))+C18*SIN(RADIANS(A18)) -> -1.917792 | G18: =IF(D18>0,"charge/import","discharge/export") -> charge/import
A19: (close) | B19: =B7 -> -2.2023 | C19: =C7 -> 0.2622 | D19: =D7 -> 0.0453 | E19: =E7 -> 0.0566
A21: Interpretation (all computed live):
A22: P width (MW) | C22: =MAX(B7:B18)-MIN(B7:B18) -> 0.2897
A23: import-reach (charge) | C23: =MAX(0,MAX(D7:D18)) -> 0.0453
A24: export-reach (dischg) | C24: =MAX(0,-MIN(D7:D18)) -> 0.2444
A25: verdict | C25: =IF(AND(C23>0.02,C24>0.02),"two-sided → can charge (import) or discharge (export)",IF(C23<=0.02,"one-sided → discharge/export only (no import headroom)","one-sided → charge/import only (no export headroom)")) -> two-sided → can charge (import) or discharge (export)
A26: what stops it | C26: =IF(AND(C23>0.02,C24>0.02),"both directions have headroom",IF(C23<=0.02,"blocked at 0°: Vmax there = "&TEXT('4_All_periods'!H278,"0.00000")&" pu"&IF('4_All_periods'!H278>=1.0999," → over-voltage limit is active"," → clear of the limit, so the battery bounds it"),"blocked at 180°: Vmax there = "&TEXT('4_All_periods'!H284,"0.00000")&" pu"&IF('4_All_periods'!H284>=1.0999," → over-voltage limit is active"," → clear of the limit, so the battery bounds it"))) -> both directions have headroom
A27: Tip: change any light-blue P/Q or the pink baseline and the amber cells + both charts update automatically.

Sheet P25_12h00
A1: TR9 rolling FOR — period 25 = 12:00
A3: BASELINE B ≈ load − PV, batteries OFF — the all-idle PCC point (also carries losses). This is the UNCONTROLLABLE PV commitment; the battery deviates around it:
A4: B_P (MW) = | B4: ='4_All_periods'!I290 -> -2.2582 | C4: B_Q (MVAr) = | D4: ='4_All_periods'!J290 -> 0.2073
A6: angle_deg | B6: P_abs (MW) | C6: Q_abs (MVAr) | D6: dP = P − B_P | E6: dQ = Q − B_Q | F6: proj check | G6: battery side
A7: ='4_All_periods'!C290 -> 0 | B7: ='4_All_periods'!D290 -> -2.259 | C7: ='4_All_periods'!E290 -> 0.2471 | D7: =B7-$B$4 -> -0.0008 | E7: =C7-$D$4 -> 0.0398 | F7: =B7*COS(RADIANS(A7))+C7*SIN(RADIANS(A7)) -> -2.259 | G7: =IF(D7>0,"charge/import","discharge/export") -> discharge/export
A8: ='4_All_periods'!C291 -> 30 | B8: ='4_All_periods'!D291 -> -2.274 | C8: ='4_All_periods'!E291 -> 0.515 | D8: =B8-$B$4 -> -0.0158 | E8: =C8-$D$4 -> 0.3077 | F8: =B8*COS(RADIANS(A8))+C8*SIN(RADIANS(A8)) -> -1.7118418 | G8: =IF(D8>0,"charge/import","discharge/export") -> discharge/export
A9: ='4_All_periods'!C292 -> 60 | B9: ='4_All_periods'!D292 -> -2.2778 | C9: ='4_All_periods'!E292 -> 0.5183 | D9: =B9-$B$4 -> -0.0196 | E9: =C9-$D$4 -> 0.311 | F9: =B9*COS(RADIANS(A9))+C9*SIN(RADIANS(A9)) -> -0.69003903 | G9: =IF(D9>0,"charge/import","discharge/export") -> discharge/export
A10: ='4_All_periods'!C293 -> 90 | B10: ='4_All_periods'!D293 -> -2.3207 | C10: ='4_All_periods'!E293 -> 0.5227 | D10: =B10-$B$4 -> -0.0625 | E10: =C10-$D$4 -> 0.3154 | F10: =B10*COS(RADIANS(A10))+C10*SIN(RADIANS(A10)) -> 0.5227 | G10: =IF(D10>0,"charge/import","discharge/export") -> discharge/export
A11: ='4_All_periods'!C294 -> 120 | B11: ='4_All_periods'!D294 -> -2.4081 | C11: ='4_All_periods'!E294 -> 0.5033 | D11: =B11-$B$4 -> -0.1499 | E11: =C11-$D$4 -> 0.296 | F11: =B11*COS(RADIANS(A11))+C11*SIN(RADIANS(A11)) -> 1.6399206 | G11: =IF(D11>0,"charge/import","discharge/export") -> discharge/export
A12: ='4_All_periods'!C295 -> 150 | B12: ='4_All_periods'!D295 -> -2.5088 | C12: ='4_All_periods'!E295 -> 0.396 | D12: =B12-$B$4 -> -0.2506 | E12: =C12-$D$4 -> 0.1887 | F12: =B12*COS(RADIANS(A12))+C12*SIN(RADIANS(A12)) -> 2.3706845 | G12: =IF(D12>0,"charge/import","discharge/export") -> discharge/export
A13: ='4_All_periods'!C296 -> 180 | B13: ='4_All_periods'!D296 -> -2.5456 | C13: ='4_All_periods'!E296 -> 0.2774 | D13: =B13-$B$4 -> -0.2874 | E13: =C13-$D$4 -> 0.0701 | F13: =B13*COS(RADIANS(A13))+C13*SIN(RADIANS(A13)) -> 2.5456 | G13: =IF(D13>0,"charge/import","discharge/export") -> discharge/export
A14: ='4_All_periods'!C297 -> 210 | B14: ='4_All_periods'!D297 -> -2.5269 | C14: ='4_All_periods'!E297 -> 0.2235 | D14: =B14-$B$4 -> -0.2687 | E14: =C14-$D$4 -> 0.0162 | F14: =B14*COS(RADIANS(A14))+C14*SIN(RADIANS(A14)) -> 2.0766096 | G14: =IF(D14>0,"charge/import","discharge/export") -> discharge/export
A15: ='4_All_periods'!C298 -> 240 | B15: ='4_All_periods'!D298 -> -2.3268 | C15: ='4_All_periods'!E298 -> 0.0122 | D15: =B15-$B$4 -> -0.0686 | E15: =C15-$D$4 -> -0.1951 | F15: =B15*COS(RADIANS(A15))+C15*SIN(RADIANS(A15)) -> 1.1528345 | G15: =IF(D15>0,"charge/import","discharge/export") -> discharge/export
A16: ='4_All_periods'!C299 -> 270 | B16: ='4_All_periods'!D299 -> -2.2763 | C16: ='4_All_periods'!E299 -> -0.0009 | D16: =B16-$B$4 -> -0.0181 | E16: =C16-$D$4 -> -0.2082 | F16: =B16*COS(RADIANS(A16))+C16*SIN(RADIANS(A16)) -> 0.0009 | G16: =IF(D16>0,"charge/import","discharge/export") -> discharge/export
A17: ='4_All_periods'!C300 -> 300 | B17: ='4_All_periods'!D300 -> -2.2673 | C17: ='4_All_periods'!E300 -> -0.0003 | D17: =B17-$B$4 -> -0.0091 | E17: =C17-$D$4 -> -0.2076 | F17: =B17*COS(RADIANS(A17))+C17*SIN(RADIANS(A17)) -> -1.1333902 | G17: =IF(D17>0,"charge/import","discharge/export") -> discharge/export
A18: ='4_All_periods'!C301 -> 330 | B18: ='4_All_periods'!D301 -> -2.2673 | C18: ='4_All_periods'!E301 -> -0.0003 | D18: =B18-$B$4 -> -0.0091 | E18: =C18-$D$4 -> -0.2076 | F18: =B18*COS(RADIANS(A18))+C18*SIN(RADIANS(A18)) -> -1.9633894 | G18: =IF(D18>0,"charge/import","discharge/export") -> discharge/export
A19: (close) | B19: =B7 -> -2.259 | C19: =C7 -> 0.2471 | D19: =D7 -> -0.0008 | E19: =E7 -> 0.0398
A21: Interpretation (all computed live):
A22: P width (MW) | C22: =MAX(B7:B18)-MIN(B7:B18) -> 0.2866
A23: import-reach (charge) | C23: =MAX(0,MAX(D7:D18)) -> 0
A24: export-reach (dischg) | C24: =MAX(0,-MIN(D7:D18)) -> 0.2874
A25: verdict | C25: =IF(AND(C23>0.02,C24>0.02),"two-sided → can charge (import) or discharge (export)",IF(C23<=0.02,"one-sided → discharge/export only (no import headroom)","one-sided → charge/import only (no export headroom)")) -> one-sided → discharge/export only (no import headroom)
A26: what stops it | C26: =IF(AND(C23>0.02,C24>0.02),"both directions have headroom",IF(C23<=0.02,"blocked at 0°: Vmax there = "&TEXT('4_All_periods'!H290,"0.00000")&" pu"&IF('4_All_periods'!H290>=1.0999," → over-voltage limit is active"," → clear of the limit, so the battery bounds it"),"blocked at 180°: Vmax there = "&TEXT('4_All_periods'!H296,"0.00000")&" pu"&IF('4_All_periods'!H296>=1.0999," → over-voltage limit is active"," → clear of the limit, so the battery bounds it"))) -> blocked at 0°: Vmax there = 1.10000 pu → over-voltage limit is active
A27: Tip: change any light-blue P/Q or the pink baseline and the amber cells + both charts update automatically.

Sheet P26_12h30
A1: TR9 rolling FOR — period 26 = 12:30
A3: BASELINE B ≈ load − PV, batteries OFF — the all-idle PCC point (also carries losses). This is the UNCONTROLLABLE PV commitment; the battery deviates around it:
A4: B_P (MW) = | B4: ='4_All_periods'!I302 -> -2.3117 | C4: B_Q (MVAr) = | D4: ='4_All_periods'!J302 -> 0.1926
A6: angle_deg | B6: P_abs (MW) | C6: Q_abs (MVAr) | D6: dP = P − B_P | E6: dQ = Q − B_Q | F6: proj check | G6: battery side
A7: ='4_All_periods'!C302 -> 0 | B7: ='4_All_periods'!D302 -> -2.1733 | C7: ='4_All_periods'!E302 -> 0.2449 | D7: =B7-$B$4 -> 0.1384 | E7: =C7-$D$4 -> 0.0523 | F7: =B7*COS(RADIANS(A7))+C7*SIN(RADIANS(A7)) -> -2.1733 | G7: =IF(D7>0,"charge/import","discharge/export") -> charge/import
A8: ='4_All_periods'!C303 -> 30 | B8: ='4_All_periods'!D303 -> -2.1883 | C8: ='4_All_periods'!E303 -> 0.515 | D8: =B8-$B$4 -> 0.1234 | E8: =C8-$D$4 -> 0.3224 | F8: =B8*COS(RADIANS(A8))+C8*SIN(RADIANS(A8)) -> -1.6376234 | G8: =IF(D8>0,"charge/import","discharge/export") -> charge/import
A9: ='4_All_periods'!C304 -> 60 | B9: ='4_All_periods'!D304 -> -2.1907 | C9: ='4_All_periods'!E304 -> 0.5172 | D9: =B9-$B$4 -> 0.121 | E9: =C9-$D$4 -> 0.3246 | F9: =B9*COS(RADIANS(A9))+C9*SIN(RADIANS(A9)) -> -0.64744166 | G9: =IF(D9>0,"charge/import","discharge/export") -> charge/import
A10: ='4_All_periods'!C305 -> 90 | B10: ='4_All_periods'!D305 -> -2.2332 | C10: ='4_All_periods'!E305 -> 0.5215 | D10: =B10-$B$4 -> 0.0785 | E10: =C10-$D$4 -> 0.3289 | F10: =B10*COS(RADIANS(A10))+C10*SIN(RADIANS(A10)) -> 0.5215 | G10: =IF(D10>0,"charge/import","discharge/export") -> charge/import
A11: ='4_All_periods'!C306 -> 120 | B11: ='4_All_periods'!D306 -> -2.3327 | C11: ='4_All_periods'!E306 -> 0.5003 | D11: =B11-$B$4 -> -0.021 | E11: =C11-$D$4 -> 0.3077 | F11: =B11*COS(RADIANS(A11))+C11*SIN(RADIANS(A11)) -> 1.5996225 | G11: =IF(D11>0,"charge/import","discharge/export") -> discharge/export
A12: ='4_All_periods'!C307 -> 150 | B12: ='4_All_periods'!D307 -> -2.4318 | C12: ='4_All_periods'!E307 -> 0.3941 | D12: =B12-$B$4 -> -0.1201 | E12: =C12-$D$4 -> 0.2015 | F12: =B12*COS(RADIANS(A12))+C12*SIN(RADIANS(A12)) -> 2.3030506 | G12: =IF(D12>0,"charge/import","discharge/export") -> discharge/export
A13: ='4_All_periods'!C308 -> 180 | B13: ='4_All_periods'!D308 -> -2.4667 | C13: ='4_All_periods'!E308 -> 0.2775 | D13: =B13-$B$4 -> -0.155 | E13: =C13-$D$4 -> 0.0849 | F13: =B13*COS(RADIANS(A13))+C13*SIN(RADIANS(A13)) -> 2.4667 | G13: =IF(D13>0,"charge/import","discharge/export") -> discharge/export
A14: ='4_All_periods'!C309 -> 210 | B14: ='4_All_periods'!D309 -> -2.444 | C14: ='4_All_periods'!E309 -> 0.2162 | D14: =B14-$B$4 -> -0.1323 | E14: =C14-$D$4 -> 0.0236 | F14: =B14*COS(RADIANS(A14))+C14*SIN(RADIANS(A14)) -> 2.0084661 | G14: =IF(D14>0,"charge/import","discharge/export") -> discharge/export
A15: ='4_All_periods'!C310 -> 240 | B15: ='4_All_periods'!D310 -> -2.2511 | C15: ='4_All_periods'!E310 -> 0.0095 | D15: =B15-$B$4 -> 0.0606 | E15: =C15-$D$4 -> -0.1831 | F15: =B15*COS(RADIANS(A15))+C15*SIN(RADIANS(A15)) -> 1.1173228 | G15: =IF(D15>0,"charge/import","discharge/export") -> charge/import
A16: ='4_All_periods'!C311 -> 270 | B16: ='4_All_periods'!D311 -> -2.1928 | C16: ='4_All_periods'!E311 -> -0.0052 | D16: =B16-$B$4 -> 0.1189 | E16: =C16-$D$4 -> -0.1978 | F16: =B16*COS(RADIANS(A16))+C16*SIN(RADIANS(A16)) -> 0.0052 | G16: =IF(D16>0,"charge/import","discharge/export") -> charge/import
A17: ='4_All_periods'!C312 -> 300 | B17: ='4_All_periods'!D312 -> -2.1821 | C17: ='4_All_periods'!E312 -> -0.0042 | D17: =B17-$B$4 -> 0.1296 | E17: =C17-$D$4 -> -0.1968 | F17: =B17*COS(RADIANS(A17))+C17*SIN(RADIANS(A17)) -> -1.0874127 | G17: =IF(D17>0,"charge/import","discharge/export") -> charge/import
A18: ='4_All_periods'!C313 -> 330 | B18: ='4_All_periods'!D313 -> -2.182 | C18: ='4_All_periods'!E313 -> -0.0042 | D18: =B18-$B$4 -> 0.1297 | E18: =C18-$D$4 -> -0.1968 | F18: =B18*COS(RADIANS(A18))+C18*SIN(RADIANS(A18)) -> -1.8875674 | G18: =IF(D18>0,"charge/import","discharge/export") -> charge/import
A19: (close) | B19: =B7 -> -2.1733 | C19: =C7 -> 0.2449 | D19: =D7 -> 0.1384 | E19: =E7 -> 0.0523
A21: Interpretation (all computed live):
A22: P width (MW) | C22: =MAX(B7:B18)-MIN(B7:B18) -> 0.2934
A23: import-reach (charge) | C23: =MAX(0,MAX(D7:D18)) -> 0.1384
A24: export-reach (dischg) | C24: =MAX(0,-MIN(D7:D18)) -> 0.155
A25: verdict | C25: =IF(AND(C23>0.02,C24>0.02),"two-sided → can charge (import) or discharge (export)",IF(C23<=0.02,"one-sided → discharge/export only (no import headroom)","one-sided → charge/import only (no export headroom)")) -> two-sided → can charge (import) or discharge (export)
A26: what stops it | C26: =IF(AND(C23>0.02,C24>0.02),"both directions have headroom",IF(C23<=0.02,"blocked at 0°: Vmax there = "&TEXT('4_All_periods'!H302,"0.00000")&" pu"&IF('4_All_periods'!H302>=1.0999," → over-voltage limit is active"," → clear of the limit, so the battery bounds it"),"blocked at 180°: Vmax there = "&TEXT('4_All_periods'!H308,"0.00000")&" pu"&IF('4_All_periods'!H308>=1.0999," → over-voltage limit is active"," → clear of the limit, so the battery bounds it"))) -> both directions have headroom
A27: Tip: change any light-blue P/Q or the pink baseline and the amber cells + both charts update automatically.

Sheet P27_13h00
A1: TR9 rolling FOR — period 27 = 13:00
A3: BASELINE B ≈ load − PV, batteries OFF — the all-idle PCC point (also carries losses). This is the UNCONTROLLABLE PV commitment; the battery deviates around it:
A4: B_P (MW) = | B4: ='4_All_periods'!I314 -> -2.2251 | C4: B_Q (MVAr) = | D4: ='4_All_periods'!J314 -> 0.1918
A6: angle_deg | B6: P_abs (MW) | C6: Q_abs (MVAr) | D6: dP = P − B_P | E6: dQ = Q − B_Q | F6: proj check | G6: battery side
A7: ='4_All_periods'!C314 -> 0 | B7: ='4_All_periods'!D314 -> -2.1207 | C7: ='4_All_periods'!E314 -> 0.2264 | D7: =B7-$B$4 -> 0.1044 | E7: =C7-$D$4 -> 0.0346 | F7: =B7*COS(RADIANS(A7))+C7*SIN(RADIANS(A7)) -> -2.1207 | G7: =IF(D7>0,"charge/import","discharge/export") -> charge/import
A8: ='4_All_periods'!C315 -> 30 | B8: ='4_All_periods'!D315 -> -2.1353 | C8: ='4_All_periods'!E315 -> 0.5012 | D8: =B8-$B$4 -> 0.0898 | E8: =C8-$D$4 -> 0.3094 | F8: =B8*COS(RADIANS(A8))+C8*SIN(RADIANS(A8)) -> -1.598624 | G8: =IF(D8>0,"charge/import","discharge/export") -> charge/import
A9: ='4_All_periods'!C316 -> 60 | B9: ='4_All_periods'!D316 -> -2.1383 | C9: ='4_All_periods'!E316 -> 0.5038 | D9: =B9-$B$4 -> 0.0868 | E9: =C9-$D$4 -> 0.312 | F9: =B9*COS(RADIANS(A9))+C9*SIN(RADIANS(A9)) -> -0.6328464 | G9: =IF(D9>0,"charge/import","discharge/export") -> charge/import
A10: ='4_All_periods'!C317 -> 90 | B10: ='4_All_periods'!D317 -> -2.1803 | C10: ='4_All_periods'!E317 -> 0.5079 | D10: =B10-$B$4 -> 0.0448 | E10: =C10-$D$4 -> 0.3161 | F10: =B10*COS(RADIANS(A10))+C10*SIN(RADIANS(A10)) -> 0.5079 | G10: =IF(D10>0,"charge/import","discharge/export") -> charge/import
A11: ='4_All_periods'!C318 -> 120 | B11: ='4_All_periods'!D318 -> -2.2892 | C11: ='4_All_periods'!E318 -> 0.4848 | D11: =B11-$B$4 -> -0.0641 | E11: =C11-$D$4 -> 0.293 | F11: =B11*COS(RADIANS(A11))+C11*SIN(RADIANS(A11)) -> 1.5644491 | G11: =IF(D11>0,"charge/import","discharge/export") -> discharge/export
A12: ='4_All_periods'!C319 -> 150 | B12: ='4_All_periods'!D319 -> -2.3816 | C12: ='4_All_periods'!E319 -> 0.3865 | D12: =B12-$B$4 -> -0.1565 | E12: =C12-$D$4 -> 0.1947 | F12: =B12*COS(RADIANS(A12))+C12*SIN(RADIANS(A12)) -> 2.2557761 | G12: =IF(D12>0,"charge/import","discharge/export") -> discharge/export
A13: ='4_All_periods'!C320 -> 180 | B13: ='4_All_periods'!D320 -> -2.4185 | C13: ='4_All_periods'!E320 -> 0.2631 | D13: =B13-$B$4 -> -0.1934 | E13: =C13-$D$4 -> 0.0713 | F13: =B13*COS(RADIANS(A13))+C13*SIN(RADIANS(A13)) -> 2.4185 | G13: =IF(D13>0,"charge/import","discharge/export") -> discharge/export
A14: ='4_All_periods'!C321 -> 210 | B14: ='4_All_periods'!D321 -> -2.3969 | C14: ='4_All_periods'!E321 -> 0.2048 | D14: =B14-$B$4 -> -0.1718 | E14: =C14-$D$4 -> 0.013 | F14: =B14*COS(RADIANS(A14))+C14*SIN(RADIANS(A14)) -> 1.9733763 | G14: =IF(D14>0,"charge/import","discharge/export") -> discharge/export
A15: ='4_All_periods'!C322 -> 240 | B15: ='4_All_periods'!D322 -> -2.1877 | C15: ='4_All_periods'!E322 -> -0.0142 | D15: =B15-$B$4 -> 0.0374 | E15: =C15-$D$4 -> -0.206 | F15: =B15*COS(RADIANS(A15))+C15*SIN(RADIANS(A15)) -> 1.1061476 | G15: =IF(D15>0,"charge/import","discharge/export") -> charge/import
A16: ='4_All_periods'!C323 -> 270 | B16: ='4_All_periods'!D323 -> -2.1373 | C16: ='4_All_periods'!E323 -> -0.0279 | D16: =B16-$B$4 -> 0.0878 | E16: =C16-$D$4 -> -0.2197 | F16: =B16*COS(RADIANS(A16))+C16*SIN(RADIANS(A16)) -> 0.0279 | G16: =IF(D16>0,"charge/import","discharge/export") -> charge/import
A17: ='4_All_periods'!C324 -> 300 | B17: ='4_All_periods'!D324 -> -2.1287 | C17: ='4_All_periods'!E324 -> -0.027 | D17: =B17-$B$4 -> 0.0964 | E17: =C17-$D$4 -> -0.2188 | F17: =B17*COS(RADIANS(A17))+C17*SIN(RADIANS(A17)) -> -1.0409673 | G17: =IF(D17>0,"charge/import","discharge/export") -> charge/import
A18: ='4_All_periods'!C325 -> 330 | B18: ='4_All_periods'!D325 -> -2.1287 | C18: ='4_All_periods'!E325 -> -0.027 | D18: =B18-$B$4 -> 0.0964 | E18: =C18-$D$4 -> -0.2188 | F18: =B18*COS(RADIANS(A18))+C18*SIN(RADIANS(A18)) -> -1.8300083 | G18: =IF(D18>0,"charge/import","discharge/export") -> charge/import
A19: (close) | B19: =B7 -> -2.1207 | C19: =C7 -> 0.2264 | D19: =D7 -> 0.1044 | E19: =E7 -> 0.0346
A21: Interpretation (all computed live):
A22: P width (MW) | C22: =MAX(B7:B18)-MIN(B7:B18) -> 0.2978
A23: import-reach (charge) | C23: =MAX(0,MAX(D7:D18)) -> 0.1044
A24: export-reach (dischg) | C24: =MAX(0,-MIN(D7:D18)) -> 0.1934
A25: verdict | C25: =IF(AND(C23>0.02,C24>0.02),"two-sided → can charge (import) or discharge (export)",IF(C23<=0.02,"one-sided → discharge/export only (no import headroom)","one-sided → charge/import only (no export headroom)")) -> two-sided → can charge (import) or discharge (export)
A26: what stops it | C26: =IF(AND(C23>0.02,C24>0.02),"both directions have headroom",IF(C23<=0.02,"blocked at 0°: Vmax there = "&TEXT('4_All_periods'!H314,"0.00000")&" pu"&IF('4_All_periods'!H314>=1.0999," → over-voltage limit is active"," → clear of the limit, so the battery bounds it"),"blocked at 180°: Vmax there = "&TEXT('4_All_periods'!H320,"0.00000")&" pu"&IF('4_All_periods'!H320>=1.0999," → over-voltage limit is active"," → clear of the limit, so the battery bounds it"))) -> both directions have headroom
A27: Tip: change any light-blue P/Q or the pink baseline and the amber cells + both charts update automatically.

Sheet P28_13h30
A1: TR9 rolling FOR — period 28 = 13:30
A3: BASELINE B ≈ load − PV, batteries OFF — the all-idle PCC point (also carries losses). This is the UNCONTROLLABLE PV commitment; the battery deviates around it:
A4: B_P (MW) = | B4: ='4_All_periods'!I326 -> -2.172 | C4: B_Q (MVAr) = | D4: ='4_All_periods'!J326 -> 0.1783
A6: angle_deg | B6: P_abs (MW) | C6: Q_abs (MVAr) | D6: dP = P − B_P | E6: dQ = Q − B_Q | F6: proj check | G6: battery side
A7: ='4_All_periods'!C326 -> 0 | B7: ='4_All_periods'!D326 -> -1.996 | C7: ='4_All_periods'!E326 -> 0.2162 | D7: =B7-$B$4 -> 0.176 | E7: =C7-$D$4 -> 0.0379 | F7: =B7*COS(RADIANS(A7))+C7*SIN(RADIANS(A7)) -> -1.996 | G7: =IF(D7>0,"charge/import","discharge/export") -> charge/import
A8: ='4_All_periods'!C327 -> 30 | B8: ='4_All_periods'!D327 -> -2.0099 | C8: ='4_All_periods'!E327 -> 0.4984 | D8: =B8-$B$4 -> 0.1621 | E8: =C8-$D$4 -> 0.3201 | F8: =B8*COS(RADIANS(A8))+C8*SIN(RADIANS(A8)) -> -1.4914245 | G8: =IF(D8>0,"charge/import","discharge/export") -> charge/import
A9: ='4_All_periods'!C328 -> 60 | B9: ='4_All_periods'!D328 -> -2.0122 | C9: ='4_All_periods'!E328 -> 0.5005 | D9: =B9-$B$4 -> 0.1598 | E9: =C9-$D$4 -> 0.3222 | F9: =B9*COS(RADIANS(A9))+C9*SIN(RADIANS(A9)) -> -0.57265429 | G9: =IF(D9>0,"charge/import","discharge/export") -> charge/import
A10: ='4_All_periods'!C329 -> 90 | B10: ='4_All_periods'!D329 -> -2.053 | C10: ='4_All_periods'!E329 -> 0.5043 | D10: =B10-$B$4 -> 0.119 | E10: =C10-$D$4 -> 0.326 | F10: =B10*COS(RADIANS(A10))+C10*SIN(RADIANS(A10)) -> 0.5043 | G10: =IF(D10>0,"charge/import","discharge/export") -> charge/import
A11: ='4_All_periods'!C330 -> 120 | B11: ='4_All_periods'!D330 -> -2.1648 | C11: ='4_All_periods'!E330 -> 0.4801 | D11: =B11-$B$4 -> 0.0072 | E11: =C11-$D$4 -> 0.3018 | F11: =B11*COS(RADIANS(A11))+C11*SIN(RADIANS(A11)) -> 1.4981788 | G11: =IF(D11>0,"charge/import","discharge/export") -> charge/import
A12: ='4_All_periods'!C331 -> 150 | B12: ='4_All_periods'!D331 -> -2.2626 | C12: ='4_All_periods'!E331 -> 0.376 | D12: =B12-$B$4 -> -0.0906 | E12: =C12-$D$4 -> 0.1977 | F12: =B12*COS(RADIANS(A12))+C12*SIN(RADIANS(A12)) -> 2.1474691 | G12: =IF(D12>0,"charge/import","discharge/export") -> discharge/export
A13: ='4_All_periods'!C332 -> 180 | B13: ='4_All_periods'!D332 -> -2.2979 | C13: ='4_All_periods'!E332 -> 0.2581 | D13: =B13-$B$4 -> -0.1259 | E13: =C13-$D$4 -> 0.0798 | F13: =B13*COS(RADIANS(A13))+C13*SIN(RADIANS(A13)) -> 2.2979 | G13: =IF(D13>0,"charge/import","discharge/export") -> discharge/export
A14: ='4_All_periods'!C333 -> 210 | B14: ='4_All_periods'!D333 -> -2.2698 | C14: ='4_All_periods'!E333 -> 0.1839 | D14: =B14-$B$4 -> -0.0978 | E14: =C14-$D$4 -> 0.0056 | F14: =B14*COS(RADIANS(A14))+C14*SIN(RADIANS(A14)) -> 1.8737545 | G14: =IF(D14>0,"charge/import","discharge/export") -> discharge/export
A15: ='4_All_periods'!C334 -> 240 | B15: ='4_All_periods'!D334 -> -2.0626 | C15: ='4_All_periods'!E334 -> -0.03 | D15: =B15-$B$4 -> 0.1094 | E15: =C15-$D$4 -> -0.2083 | F15: =B15*COS(RADIANS(A15))+C15*SIN(RADIANS(A15)) -> 1.0572808 | G15: =IF(D15>0,"charge/import","discharge/export") -> charge/import
A16: ='4_All_periods'!C335 -> 270 | B16: ='4_All_periods'!D335 -> -2.012 | C16: ='4_All_periods'!E335 -> -0.0437 | D16: =B16-$B$4 -> 0.16 | E16: =C16-$D$4 -> -0.222 | F16: =B16*COS(RADIANS(A16))+C16*SIN(RADIANS(A16)) -> 0.0437 | G16: =IF(D16>0,"charge/import","discharge/export") -> charge/import
A17: ='4_All_periods'!C336 -> 300 | B17: ='4_All_periods'!D336 -> -2.0039 | C17: ='4_All_periods'!E336 -> -0.0431 | D17: =B17-$B$4 -> 0.1681 | E17: =C17-$D$4 -> -0.2214 | F17: =B17*COS(RADIANS(A17))+C17*SIN(RADIANS(A17)) -> -0.96462431 | G17: =IF(D17>0,"charge/import","discharge/export") -> charge/import
A18: ='4_All_periods'!C337 -> 330 | B18: ='4_All_periods'!D337 -> -2.0039 | C18: ='4_All_periods'!E337 -> -0.0431 | D18: =B18-$B$4 -> 0.1681 | E18: =C18-$D$4 -> -0.2214 | F18: =B18*COS(RADIANS(A18))+C18*SIN(RADIANS(A18)) -> -1.7138783 | G18: =IF(D18>0,"charge/import","discharge/export") -> charge/import
A19: (close) | B19: =B7 -> -1.996 | C19: =C7 -> 0.2162 | D19: =D7 -> 0.176 | E19: =E7 -> 0.0379
A21: Interpretation (all computed live):
A22: P width (MW) | C22: =MAX(B7:B18)-MIN(B7:B18) -> 0.3019
A23: import-reach (charge) | C23: =MAX(0,MAX(D7:D18)) -> 0.176
A24: export-reach (dischg) | C24: =MAX(0,-MIN(D7:D18)) -> 0.1259
A25: verdict | C25: =IF(AND(C23>0.02,C24>0.02),"two-sided → can charge (import) or discharge (export)",IF(C23<=0.02,"one-sided → discharge/export only (no import headroom)","one-sided → charge/import only (no export headroom)")) -> two-sided → can charge (import) or discharge (export)
A26: what stops it | C26: =IF(AND(C23>0.02,C24>0.02),"both directions have headroom",IF(C23<=0.02,"blocked at 0°: Vmax there = "&TEXT('4_All_periods'!H326,"0.00000")&" pu"&IF('4_All_periods'!H326>=1.0999," → over-voltage limit is active"," → clear of the limit, so the battery bounds it"),"blocked at 180°: Vmax there = "&TEXT('4_All_periods'!H332,"0.00000")&" pu"&IF('4_All_periods'!H332>=1.0999," → over-voltage limit is active"," → clear of the limit, so the battery bounds it"))) -> both directions have headroom
A27: Tip: change any light-blue P/Q or the pink baseline and the amber cells + both charts update automatically.

Sheet P29_14h00
A1: TR9 rolling FOR — period 29 = 14:00
A3: BASELINE B ≈ load − PV, batteries OFF — the all-idle PCC point (also carries losses). This is the UNCONTROLLABLE PV commitment; the battery deviates around it:
A4: B_P (MW) = | B4: ='4_All_periods'!I338 -> -2.0454 | C4: B_Q (MVAr) = | D4: ='4_All_periods'!J338 -> 0.1752
A6: angle_deg | B6: P_abs (MW) | C6: Q_abs (MVAr) | D6: dP = P − B_P | E6: dQ = Q − B_Q | F6: proj check | G6: battery side
A7: ='4_All_periods'!C338 -> 0 | B7: ='4_All_periods'!D338 -> -1.844 | C7: ='4_All_periods'!E338 -> 0.2122 | D7: =B7-$B$4 -> 0.2014 | E7: =C7-$D$4 -> 0.037 | F7: =B7*COS(RADIANS(A7))+C7*SIN(RADIANS(A7)) -> -1.844 | G7: =IF(D7>0,"charge/import","discharge/export") -> charge/import
A8: ='4_All_periods'!C339 -> 30 | B8: ='4_All_periods'!D339 -> -1.8575 | C8: ='4_All_periods'!E339 -> 0.4926 | D8: =B8-$B$4 -> 0.1879 | E8: =C8-$D$4 -> 0.3174 | F8: =B8*COS(RADIANS(A8))+C8*SIN(RADIANS(A8)) -> -1.3623422 | G8: =IF(D8>0,"charge/import","discharge/export") -> charge/import
A9: ='4_All_periods'!C340 -> 60 | B9: ='4_All_periods'!D340 -> -1.8588 | C9: ='4_All_periods'!E340 -> 0.4935 | D9: =B9-$B$4 -> 0.1866 | E9: =C9-$D$4 -> 0.3183 | F9: =B9*COS(RADIANS(A9))+C9*SIN(RADIANS(A9)) -> -0.50201646 | G9: =IF(D9>0,"charge/import","discharge/export") -> charge/import
A10: ='4_All_periods'!C341 -> 90 | B10: ='4_All_periods'!D341 -> -1.8987 | C10: ='4_All_periods'!E341 -> 0.4971 | D10: =B10-$B$4 -> 0.1467 | E10: =C10-$D$4 -> 0.3219 | F10: =B10*COS(RADIANS(A10))+C10*SIN(RADIANS(A10)) -> 0.4971 | G10: =IF(D10>0,"charge/import","discharge/export") -> charge/import
A11: ='4_All_periods'!C342 -> 120 | B11: ='4_All_periods'!D342 -> -2.0199 | C11: ='4_All_periods'!E342 -> 0.47 | D11: =B11-$B$4 -> 0.0255 | E11: =C11-$D$4 -> 0.2948 | F11: =B11*COS(RADIANS(A11))+C11*SIN(RADIANS(A11)) -> 1.4169819 | G11: =IF(D11>0,"charge/import","discharge/export") -> charge/import
A12: ='4_All_periods'!C343 -> 150 | B12: ='4_All_periods'!D343 -> -2.1153 | C12: ='4_All_periods'!E343 -> 0.3678 | D12: =B12-$B$4 -> -0.0699 | E12: =C12-$D$4 -> 0.1926 | F12: =B12*COS(RADIANS(A12))+C12*SIN(RADIANS(A12)) -> 2.0158035 | G12: =IF(D12>0,"charge/import","discharge/export") -> discharge/export
A13: ='4_All_periods'!C344 -> 180 | B13: ='4_All_periods'!D344 -> -2.15 | C13: ='4_All_periods'!E344 -> 0.2543 | D13: =B13-$B$4 -> -0.1046 | E13: =C13-$D$4 -> 0.0791 | F13: =B13*COS(RADIANS(A13))+C13*SIN(RADIANS(A13)) -> 2.15 | G13: =IF(D13>0,"charge/import","discharge/export") -> discharge/export
A14: ='4_All_periods'!C345 -> 210 | B14: ='4_All_periods'!D345 -> -2.1227 | C14: ='4_All_periods'!E345 -> 0.1726 | D14: =B14-$B$4 -> -0.0773 | E14: =C14-$D$4 -> -0.0026 | F14: =B14*COS(RADIANS(A14))+C14*SIN(RADIANS(A14)) -> 1.7520121 | G14: =IF(D14>0,"charge/import","discharge/export") -> discharge/export
A15: ='4_All_periods'!C346 -> 240 | B15: ='4_All_periods'!D346 -> -1.9133 | C15: ='4_All_periods'!E346 -> -0.0475 | D15: =B15-$B$4 -> 0.1321 | E15: =C15-$D$4 -> -0.2227 | F15: =B15*COS(RADIANS(A15))+C15*SIN(RADIANS(A15)) -> 0.99778621 | G15: =IF(D15>0,"charge/import","discharge/export") -> charge/import
A16: ='4_All_periods'!C347 -> 270 | B16: ='4_All_periods'!D347 -> -1.8614 | C16: ='4_All_periods'!E347 -> -0.0625 | D16: =B16-$B$4 -> 0.184 | E16: =C16-$D$4 -> -0.2377 | F16: =B16*COS(RADIANS(A16))+C16*SIN(RADIANS(A16)) -> 0.0625 | G16: =IF(D16>0,"charge/import","discharge/export") -> charge/import
A17: ='4_All_periods'!C348 -> 300 | B17: ='4_All_periods'!D348 -> -1.8522 | C17: ='4_All_periods'!E348 -> -0.0618 | D17: =B17-$B$4 -> 0.1932 | E17: =C17-$D$4 -> -0.237 | F17: =B17*COS(RADIANS(A17))+C17*SIN(RADIANS(A17)) -> -0.87257963 | G17: =IF(D17>0,"charge/import","discharge/export") -> charge/import
A18: ='4_All_periods'!C349 -> 330 | B18: ='4_All_periods'!D349 -> -1.8522 | C18: ='4_All_periods'!E349 -> -0.0618 | D18: =B18-$B$4 -> 0.1932 | E18: =C18-$D$4 -> -0.237 | F18: =B18*COS(RADIANS(A18))+C18*SIN(RADIANS(A18)) -> -1.5731523 | G18: =IF(D18>0,"charge/import","discharge/export") -> charge/import
A19: (close) | B19: =B7 -> -1.844 | C19: =C7 -> 0.2122 | D19: =D7 -> 0.2014 | E19: =E7 -> 0.037
A21: Interpretation (all computed live):
A22: P width (MW) | C22: =MAX(B7:B18)-MIN(B7:B18) -> 0.306
A23: import-reach (charge) | C23: =MAX(0,MAX(D7:D18)) -> 0.2014
A24: export-reach (dischg) | C24: =MAX(0,-MIN(D7:D18)) -> 0.1046
A25: verdict | C25: =IF(AND(C23>0.02,C24>0.02),"two-sided → can charge (import) or discharge (export)",IF(C23<=0.02,"one-sided → discharge/export only (no import headroom)","one-sided → charge/import only (no export headroom)")) -> two-sided → can charge (import) or discharge (export)
A26: what stops it | C26: =IF(AND(C23>0.02,C24>0.02),"both directions have headroom",IF(C23<=0.02,"blocked at 0°: Vmax there = "&TEXT('4_All_periods'!H338,"0.00000")&" pu"&IF('4_All_periods'!H338>=1.0999," → over-voltage limit is active"," → clear of the limit, so the battery bounds it"),"blocked at 180°: Vmax there = "&TEXT('4_All_periods'!H344,"0.00000")&" pu"&IF('4_All_periods'!H344>=1.0999," → over-voltage limit is active"," → clear of the limit, so the battery bounds it"))) -> both directions have headroom
A27: Tip: change any light-blue P/Q or the pink baseline and the amber cells + both charts update automatically.

Sheet P30_14h30
A1: TR9 rolling FOR — period 30 = 14:30
A3: BASELINE B ≈ load − PV, batteries OFF — the all-idle PCC point (also carries losses). This is the UNCONTROLLABLE PV commitment; the battery deviates around it:
A4: B_P (MW) = | B4: ='4_All_periods'!I350 -> -1.8919 | C4: B_Q (MVAr) = | D4: ='4_All_periods'!J350 -> 0.1684
A6: angle_deg | B6: P_abs (MW) | C6: Q_abs (MVAr) | D6: dP = P − B_P | E6: dQ = Q − B_Q | F6: proj check | G6: battery side
A7: ='4_All_periods'!C350 -> 0 | B7: ='4_All_periods'!D350 -> -1.6777 | C7: ='4_All_periods'!E350 -> 0.1838 | D7: =B7-$B$4 -> 0.2142 | E7: =C7-$D$4 -> 0.0154 | F7: =B7*COS(RADIANS(A7))+C7*SIN(RADIANS(A7)) -> -1.6777 | G7: =IF(D7>0,"charge/import","discharge/export") -> charge/import
A8: ='4_All_periods'!C351 -> 30 | B8: ='4_All_periods'!D351 -> -1.6899 | C8: ='4_All_periods'!E351 -> 0.4896 | D8: =B8-$B$4 -> 0.202 | E8: =C8-$D$4 -> 0.3212 | F8: =B8*COS(RADIANS(A8))+C8*SIN(RADIANS(A8)) -> -1.2186963 | G8: =IF(D8>0,"charge/import","discharge/export") -> charge/import
A9: ='4_All_periods'!C352 -> 60 | B9: ='4_All_periods'!D352 -> -1.6899 | C9: ='4_All_periods'!E352 -> 0.4896 | D9: =B9-$B$4 -> 0.202 | E9: =C9-$D$4 -> 0.3212 | F9: =B9*COS(RADIANS(A9))+C9*SIN(RADIANS(A9)) -> -0.42094396 | G9: =IF(D9>0,"charge/import","discharge/export") -> charge/import
A10: ='4_All_periods'!C353 -> 90 | B10: ='4_All_periods'!D353 -> -1.7287 | C10: ='4_All_periods'!E353 -> 0.4928 | D10: =B10-$B$4 -> 0.1632 | E10: =C10-$D$4 -> 0.3244 | F10: =B10*COS(RADIANS(A10))+C10*SIN(RADIANS(A10)) -> 0.4928 | G10: =IF(D10>0,"charge/import","discharge/export") -> charge/import
A11: ='4_All_periods'!C354 -> 120 | B11: ='4_All_periods'!D354 -> -1.864 | C11: ='4_All_periods'!E354 -> 0.46 | D11: =B11-$B$4 -> 0.0279 | E11: =C11-$D$4 -> 0.2916 | F11: =B11*COS(RADIANS(A11))+C11*SIN(RADIANS(A11)) -> 1.3303717 | G11: =IF(D11>0,"charge/import","discharge/export") -> charge/import
A12: ='4_All_periods'!C355 -> 150 | B12: ='4_All_periods'!D355 -> -1.953 | C12: ='4_All_periods'!E355 -> 0.3694 | D12: =B12-$B$4 -> -0.0611 | E12: =C12-$D$4 -> 0.201 | F12: =B12*COS(RADIANS(A12))+C12*SIN(RADIANS(A12)) -> 1.8760476 | G12: =IF(D12>0,"charge/import","discharge/export") -> discharge/export
A13: ='4_All_periods'!C356 -> 180 | B13: ='4_All_periods'!D356 -> -1.9896 | C13: ='4_All_periods'!E356 -> 0.2548 | D13: =B13-$B$4 -> -0.0977 | E13: =C13-$D$4 -> 0.0864 | F13: =B13*COS(RADIANS(A13))+C13*SIN(RADIANS(A13)) -> 1.9896 | G13: =IF(D13>0,"charge/import","discharge/export") -> discharge/export
A14: ='4_All_periods'!C357 -> 210 | B14: ='4_All_periods'!D357 -> -1.9571 | C14: ='4_All_periods'!E357 -> 0.1479 | D14: =B14-$B$4 -> -0.0652 | E14: =C14-$D$4 -> -0.0205 | F14: =B14*COS(RADIANS(A14))+C14*SIN(RADIANS(A14)) -> 1.6209483 | G14: =IF(D14>0,"charge/import","discharge/export") -> discharge/export
A15: ='4_All_periods'!C358 -> 240 | B15: ='4_All_periods'!D358 -> -1.7497 | C15: ='4_All_periods'!E358 -> -0.0681 | D15: =B15-$B$4 -> 0.1422 | E15: =C15-$D$4 -> -0.2365 | F15: =B15*COS(RADIANS(A15))+C15*SIN(RADIANS(A15)) -> 0.93382633 | G15: =IF(D15>0,"charge/import","discharge/export") -> charge/import
A16: ='4_All_periods'!C359 -> 270 | B16: ='4_All_periods'!D359 -> -1.6934 | C16: ='4_All_periods'!E359 -> -0.0848 | D16: =B16-$B$4 -> 0.1985 | E16: =C16-$D$4 -> -0.2532 | F16: =B16*COS(RADIANS(A16))+C16*SIN(RADIANS(A16)) -> 0.0848 | G16: =IF(D16>0,"charge/import","discharge/export") -> charge/import
A17: ='4_All_periods'!C360 -> 300 | B17: ='4_All_periods'!D360 -> -1.6852 | C17: ='4_All_periods'!E360 -> -0.0842 | D17: =B17-$B$4 -> 0.2067 | E17: =C17-$D$4 -> -0.2526 | F17: =B17*COS(RADIANS(A17))+C17*SIN(RADIANS(A17)) -> -0.76968066 | G17: =IF(D17>0,"charge/import","discharge/export") -> charge/import
A18: ='4_All_periods'!C361 -> 330 | B18: ='4_All_periods'!D361 -> -1.6852 | C18: ='4_All_periods'!E361 -> -0.0842 | D18: =B18-$B$4 -> 0.2067 | E18: =C18-$D$4 -> -0.2526 | F18: =B18*COS(RADIANS(A18))+C18*SIN(RADIANS(A18)) -> -1.417326 | G18: =IF(D18>0,"charge/import","discharge/export") -> charge/import
A19: (close) | B19: =B7 -> -1.6777 | C19: =C7 -> 0.1838 | D19: =D7 -> 0.2142 | E19: =E7 -> 0.0154
A21: Interpretation (all computed live):
A22: P width (MW) | C22: =MAX(B7:B18)-MIN(B7:B18) -> 0.3119
A23: import-reach (charge) | C23: =MAX(0,MAX(D7:D18)) -> 0.2142
A24: export-reach (dischg) | C24: =MAX(0,-MIN(D7:D18)) -> 0.0977
A25: verdict | C25: =IF(AND(C23>0.02,C24>0.02),"two-sided → can charge (import) or discharge (export)",IF(C23<=0.02,"one-sided → discharge/export only (no import headroom)","one-sided → charge/import only (no export headroom)")) -> two-sided → can charge (import) or discharge (export)
A26: what stops it | C26: =IF(AND(C23>0.02,C24>0.02),"both directions have headroom",IF(C23<=0.02,"blocked at 0°: Vmax there = "&TEXT('4_All_periods'!H350,"0.00000")&" pu"&IF('4_All_periods'!H350>=1.0999," → over-voltage limit is active"," → clear of the limit, so the battery bounds it"),"blocked at 180°: Vmax there = "&TEXT('4_All_periods'!H356,"0.00000")&" pu"&IF('4_All_periods'!H356>=1.0999," → over-voltage limit is active"," → clear of the limit, so the battery bounds it"))) -> both directions have headroom
A27: Tip: change any light-blue P/Q or the pink baseline and the amber cells + both charts update automatically.

Sheet P31_15h00
A1: TR9 rolling FOR — period 31 = 15:00
A3: BASELINE B ≈ load − PV, batteries OFF — the all-idle PCC point (also carries losses). This is the UNCONTROLLABLE PV commitment; the battery deviates around it:
A4: B_P (MW) = | B4: ='4_All_periods'!I362 -> -1.723 | C4: B_Q (MVAr) = | D4: ='4_All_periods'!J362 -> 0.1648
A6: angle_deg | B6: P_abs (MW) | C6: Q_abs (MVAr) | D6: dP = P − B_P | E6: dQ = Q − B_Q | F6: proj check | G6: battery side
A7: ='4_All_periods'!C362 -> 0 | B7: ='4_All_periods'!D362 -> -1.4844 | C7: ='4_All_periods'!E362 -> 0.1808 | D7: =B7-$B$4 -> 0.2386 | E7: =C7-$D$4 -> 0.016 | F7: =B7*COS(RADIANS(A7))+C7*SIN(RADIANS(A7)) -> -1.4844 | G7: =IF(D7>0,"charge/import","discharge/export") -> charge/import
A8: ='4_All_periods'!C363 -> 30 | B8: ='4_All_periods'!D363 -> -1.4959 | C8: ='4_All_periods'!E363 -> 0.4814 | D8: =B8-$B$4 -> 0.2271 | E8: =C8-$D$4 -> 0.3166 | F8: =B8*COS(RADIANS(A8))+C8*SIN(RADIANS(A8)) -> -1.0547874 | G8: =IF(D8>0,"charge/import","discharge/export") -> charge/import
A9: ='4_All_periods'!C364 -> 60 | B9: ='4_All_periods'!D364 -> -1.4963 | C9: ='4_All_periods'!E364 -> 0.4817 | D9: =B9-$B$4 -> 0.2267 | E9: =C9-$D$4 -> 0.3169 | F9: =B9*COS(RADIANS(A9))+C9*SIN(RADIANS(A9)) -> -0.33098556 | G9: =IF(D9>0,"charge/import","discharge/export") -> charge/import
A10: ='4_All_periods'!C365 -> 90 | B10: ='4_All_periods'!D365 -> -1.5354 | C10: ='4_All_periods'!E365 -> 0.4848 | D10: =B10-$B$4 -> 0.1876 | E10: =C10-$D$4 -> 0.32 | F10: =B10*COS(RADIANS(A10))+C10*SIN(RADIANS(A10)) -> 0.4848 | G10: =IF(D10>0,"charge/import","discharge/export") -> charge/import
A11: ='4_All_periods'!C366 -> 120 | B11: ='4_All_periods'!D366 -> -1.6804 | C11: ='4_All_periods'!E366 -> 0.448 | D11: =B11-$B$4 -> 0.0426 | E11: =C11-$D$4 -> 0.2832 | F11: =B11*COS(RADIANS(A11))+C11*SIN(RADIANS(A11)) -> 1.2281794 | G11: =IF(D11>0,"charge/import","discharge/export") -> charge/import
A12: ='4_All_periods'!C367 -> 150 | B12: ='4_All_periods'!D367 -> -1.765 | C12: ='4_All_periods'!E367 -> 0.3612 | D12: =B12-$B$4 -> -0.042 | E12: =C12-$D$4 -> 0.1964 | F12: =B12*COS(RADIANS(A12))+C12*SIN(RADIANS(A12)) -> 1.7091348 | G12: =IF(D12>0,"charge/import","discharge/export") -> discharge/export
A13: ='4_All_periods'!C368 -> 180 | B13: ='4_All_periods'!D368 -> -1.8031 | C13: ='4_All_periods'!E368 -> 0.2416 | D13: =B13-$B$4 -> -0.0801 | E13: =C13-$D$4 -> 0.0768 | F13: =B13*COS(RADIANS(A13))+C13*SIN(RADIANS(A13)) -> 1.8031 | G13: =IF(D13>0,"charge/import","discharge/export") -> discharge/export
A14: ='4_All_periods'!C369 -> 210 | B14: ='4_All_periods'!D369 -> -1.7685 | C14: ='4_All_periods'!E369 -> 0.1351 | D14: =B14-$B$4 -> -0.0455 | E14: =C14-$D$4 -> -0.0297 | F14: =B14*COS(RADIANS(A14))+C14*SIN(RADIANS(A14)) -> 1.4640159 | G14: =IF(D14>0,"charge/import","discharge/export") -> discharge/export
A15: ='4_All_periods'!C370 -> 240 | B15: ='4_All_periods'!D370 -> -1.5546 | C15: ='4_All_periods'!E370 -> -0.0878 | D15: =B15-$B$4 -> 0.1684 | E15: =C15-$D$4 -> -0.2526 | F15: =B15*COS(RADIANS(A15))+C15*SIN(RADIANS(A15)) -> 0.85333703 | G15: =IF(D15>0,"charge/import","discharge/export") -> charge/import
A16: ='4_All_periods'!C371 -> 270 | B16: ='4_All_periods'!D371 -> -1.5025 | C16: ='4_All_periods'!E371 -> -0.1055 | D16: =B16-$B$4 -> 0.2205 | E16: =C16-$D$4 -> -0.2703 | F16: =B16*COS(RADIANS(A16))+C16*SIN(RADIANS(A16)) -> 0.1055 | G16: =IF(D16>0,"charge/import","discharge/export") -> charge/import
A17: ='4_All_periods'!C372 -> 300 | B17: ='4_All_periods'!D372 -> -1.4915 | C17: ='4_All_periods'!E372 -> -0.1046 | D17: =B17-$B$4 -> 0.2315 | E17: =C17-$D$4 -> -0.2694 | F17: =B17*COS(RADIANS(A17))+C17*SIN(RADIANS(A17)) -> -0.65516374 | G17: =IF(D17>0,"charge/import","discharge/export") -> charge/import
A18: ='4_All_periods'!C373 -> 330 | B18: ='4_All_periods'!D373 -> -1.4915 | C18: ='4_All_periods'!E373 -> -0.1046 | D18: =B18-$B$4 -> 0.2315 | E18: =C18-$D$4 -> -0.2694 | F18: =B18*COS(RADIANS(A18))+C18*SIN(RADIANS(A18)) -> -1.2393769 | G18: =IF(D18>0,"charge/import","discharge/export") -> charge/import
A19: (close) | B19: =B7 -> -1.4844 | C19: =C7 -> 0.1808 | D19: =D7 -> 0.2386 | E19: =E7 -> 0.016
A21: Interpretation (all computed live):
A22: P width (MW) | C22: =MAX(B7:B18)-MIN(B7:B18) -> 0.3187
A23: import-reach (charge) | C23: =MAX(0,MAX(D7:D18)) -> 0.2386
A24: export-reach (dischg) | C24: =MAX(0,-MIN(D7:D18)) -> 0.0801
A25: verdict | C25: =IF(AND(C23>0.02,C24>0.02),"two-sided → can charge (import) or discharge (export)",IF(C23<=0.02,"one-sided → discharge/export only (no import headroom)","one-sided → charge/import only (no export headroom)")) -> two-sided → can charge (import) or discharge (export)
A26: what stops it | C26: =IF(AND(C23>0.02,C24>0.02),"both directions have headroom",IF(C23<=0.02,"blocked at 0°: Vmax there = "&TEXT('4_All_periods'!H362,"0.00000")&" pu"&IF('4_All_periods'!H362>=1.0999," → over-voltage limit is active"," → clear of the limit, so the battery bounds it"),"blocked at 180°: Vmax there = "&TEXT('4_All_periods'!H368,"0.00000")&" pu"&IF('4_All_periods'!H368>=1.0999," → over-voltage limit is active"," → clear of the limit, so the battery bounds it"))) -> both directions have headroom
A27: Tip: change any light-blue P/Q or the pink baseline and the amber cells + both charts update automatically.

Sheet P32_15h30
A1: TR9 rolling FOR — period 32 = 15:30
A3: BASELINE B ≈ load − PV, batteries OFF — the all-idle PCC point (also carries losses). This is the UNCONTROLLABLE PV commitment; the battery deviates around it:
A4: B_P (MW) = | B4: ='4_All_periods'!I374 -> -1.5298 | C4: B_Q (MVAr) = | D4: ='4_All_periods'!J374 -> 0.1571
A6: angle_deg | B6: P_abs (MW) | C6: Q_abs (MVAr) | D6: dP = P − B_P | E6: dQ = Q − B_Q | F6: proj check | G6: battery side
A7: ='4_All_periods'!C374 -> 0 | B7: ='4_All_periods'!D374 -> -1.1769 | C7: ='4_All_periods'!E374 -> 0.1653 | D7: =B7-$B$4 -> 0.3529 | E7: =C7-$D$4 -> 0.0082 | F7: =B7*COS(RADIANS(A7))+C7*SIN(RADIANS(A7)) -> -1.1769 | G7: =IF(D7>0,"charge/import","discharge/export") -> charge/import
A8: ='4_All_periods'!C375 -> 30 | B8: ='4_All_periods'!D375 -> -1.1865 | C8: ='4_All_periods'!E375 -> 0.4888 | D8: =B8-$B$4 -> 0.3433 | E8: =C8-$D$4 -> 0.3317 | F8: =B8*COS(RADIANS(A8))+C8*SIN(RADIANS(A8)) -> -0.78313914 | G8: =IF(D8>0,"charge/import","discharge/export") -> charge/import
A9: ='4_All_periods'!C376 -> 60 | B9: ='4_All_periods'!D376 -> -1.1879 | C9: ='4_All_periods'!E376 -> 0.4902 | D9: =B9-$B$4 -> 0.3419 | E9: =C9-$D$4 -> 0.3331 | F9: =B9*COS(RADIANS(A9))+C9*SIN(RADIANS(A9)) -> -0.16942435 | G9: =IF(D9>0,"charge/import","discharge/export") -> charge/import
A10: ='4_All_periods'!C377 -> 90 | B10: ='4_All_periods'!D377 -> -1.2237 | C10: ='4_All_periods'!E377 -> 0.4926 | D10: =B10-$B$4 -> 0.3061 | E10: =C10-$D$4 -> 0.3355 | F10: =B10*COS(RADIANS(A10))+C10*SIN(RADIANS(A10)) -> 0.4926 | G10: =IF(D10>0,"charge/import","discharge/export") -> charge/import
A11: ='4_All_periods'!C378 -> 120 | B11: ='4_All_periods'!D378 -> -1.3791 | C11: ='4_All_periods'!E378 -> 0.4509 | D11: =B11-$B$4 -> 0.1507 | E11: =C11-$D$4 -> 0.2938 | F11: =B11*COS(RADIANS(A11))+C11*SIN(RADIANS(A11)) -> 1.0800409 | G11: =IF(D11>0,"charge/import","discharge/export") -> charge/import
A12: ='4_All_periods'!C379 -> 150 | B12: ='4_All_periods'!D379 -> -1.4749 | C12: ='4_All_periods'!E379 -> 0.3564 | D12: =B12-$B$4 -> 0.0549 | E12: =C12-$D$4 -> 0.1993 | F12: =B12*COS(RADIANS(A12))+C12*SIN(RADIANS(A12)) -> 1.4555009 | G12: =IF(D12>0,"charge/import","discharge/export") -> charge/import
A13: ='4_All_periods'!C380 -> 180 | B13: ='4_All_periods'!D380 -> -1.5085 | C13: ='4_All_periods'!E380 -> 0.2518 | D13: =B13-$B$4 -> 0.0213 | E13: =C13-$D$4 -> 0.0947 | F13: =B13*COS(RADIANS(A13))+C13*SIN(RADIANS(A13)) -> 1.5085 | G13: =IF(D13>0,"charge/import","discharge/export") -> charge/import
A14: ='4_All_periods'!C381 -> 210 | B14: ='4_All_periods'!D381 -> -1.4708 | C14: ='4_All_periods'!E381 -> 0.1257 | D14: =B14-$B$4 -> 0.059 | E14: =C14-$D$4 -> -0.0314 | F14: =B14*COS(RADIANS(A14))+C14*SIN(RADIANS(A14)) -> 1.2109002 | G14: =IF(D14>0,"charge/import","discharge/export") -> charge/import
A15: ='4_All_periods'!C382 -> 240 | B15: ='4_All_periods'!D382 -> -1.258 | C15: ='4_All_periods'!E382 -> -0.0976 | D15: =B15-$B$4 -> 0.2718 | E15: =C15-$D$4 -> -0.2547 | F15: =B15*COS(RADIANS(A15))+C15*SIN(RADIANS(A15)) -> 0.71352408 | G15: =IF(D15>0,"charge/import","discharge/export") -> charge/import
A16: ='4_All_periods'!C383 -> 270 | B16: ='4_All_periods'!D383 -> -1.1985 | C16: ='4_All_periods'!E383 -> -0.1173 | D16: =B16-$B$4 -> 0.3313 | E16: =C16-$D$4 -> -0.2744 | F16: =B16*COS(RADIANS(A16))+C16*SIN(RADIANS(A16)) -> 0.1173 | G16: =IF(D16>0,"charge/import","discharge/export") -> charge/import
A17: ='4_All_periods'!C384 -> 300 | B17: ='4_All_periods'!D384 -> -1.1847 | C17: ='4_All_periods'!E384 -> -0.1157 | D17: =B17-$B$4 -> 0.3451 | E17: =C17-$D$4 -> -0.2728 | F17: =B17*COS(RADIANS(A17))+C17*SIN(RADIANS(A17)) -> -0.49215086 | G17: =IF(D17>0,"charge/import","discharge/export") -> charge/import
A18: ='4_All_periods'!C385 -> 330 | B18: ='4_All_periods'!D385 -> -1.1839 | C18: ='4_All_periods'!E385 -> -0.1149 | D18: =B18-$B$4 -> 0.3459 | E18: =C18-$D$4 -> -0.272 | F18: =B18*COS(RADIANS(A18))+C18*SIN(RADIANS(A18)) -> -0.96783748 | G18: =IF(D18>0,"charge/import","discharge/export") -> charge/import
A19: (close) | B19: =B7 -> -1.1769 | C19: =C7 -> 0.1653 | D19: =D7 -> 0.3529 | E19: =E7 -> 0.0082
A21: Interpretation (all computed live):
A22: P width (MW) | C22: =MAX(B7:B18)-MIN(B7:B18) -> 0.3316
A23: import-reach (charge) | C23: =MAX(0,MAX(D7:D18)) -> 0.3529
A24: export-reach (dischg) | C24: =MAX(0,-MIN(D7:D18)) -> 0
A25: verdict | C25: =IF(AND(C23>0.02,C24>0.02),"two-sided → can charge (import) or discharge (export)",IF(C23<=0.02,"one-sided → discharge/export only (no import headroom)","one-sided → charge/import only (no export headroom)")) -> one-sided → charge/import only (no export headroom)
A26: what stops it | C26: =IF(AND(C23>0.02,C24>0.02),"both directions have headroom",IF(C23<=0.02,"blocked at 0°: Vmax there = "&TEXT('4_All_periods'!H374,"0.00000")&" pu"&IF('4_All_periods'!H374>=1.0999," → over-voltage limit is active"," → clear of the limit, so the battery bounds it"),"blocked at 180°: Vmax there = "&TEXT('4_All_periods'!H380,"0.00000")&" pu"&IF('4_All_periods'!H380>=1.0999," → over-voltage limit is active"," → clear of the limit, so the battery bounds it"))) -> blocked at 180°: Vmax there = 1.10000 pu → over-voltage limit is active
A27: Tip: change any light-blue P/Q or the pink baseline and the amber cells + both charts update automatically.

Sheet P33_16h00
A1: TR9 rolling FOR — period 33 = 16:00
A3: BASELINE B ≈ load − PV, batteries OFF — the all-idle PCC point (also carries losses). This is the UNCONTROLLABLE PV commitment; the battery deviates around it:
A4: B_P (MW) = | B4: ='4_All_periods'!I386 -> -1.2201 | C4: B_Q (MVAr) = | D4: ='4_All_periods'!J386 -> 0.1659
A6: angle_deg | B6: P_abs (MW) | C6: Q_abs (MVAr) | D6: dP = P − B_P | E6: dQ = Q − B_Q | F6: proj check | G6: battery side
A7: ='4_All_periods'!C386 -> 0 | B7: ='4_All_periods'!D386 -> -0.8247 | C7: ='4_All_periods'!E386 -> 0.1535 | D7: =B7-$B$4 -> 0.3954 | E7: =C7-$D$4 -> -0.0124 | F7: =B7*COS(RADIANS(A7))+C7*SIN(RADIANS(A7)) -> -0.8247 | G7: =IF(D7>0,"charge/import","discharge/export") -> charge/import
A8: ='4_All_periods'!C387 -> 30 | B8: ='4_All_periods'!D387 -> -0.8315 | C8: ='4_All_periods'!E387 -> 0.4966 | D8: =B8-$B$4 -> 0.3886 | E8: =C8-$D$4 -> 0.3307 | F8: =B8*COS(RADIANS(A8))+C8*SIN(RADIANS(A8)) -> -0.47180012 | G8: =IF(D8>0,"charge/import","discharge/export") -> charge/import
A9: ='4_All_periods'!C388 -> 60 | B9: ='4_All_periods'!D388 -> -0.8321 | C9: ='4_All_periods'!E388 -> 0.497 | D9: =B9-$B$4 -> 0.388 | E9: =C9-$D$4 -> 0.3311 | F9: =B9*COS(RADIANS(A9))+C9*SIN(RADIANS(A9)) -> 0.014364626 | G9: =IF(D9>0,"charge/import","discharge/export") -> charge/import
A10: ='4_All_periods'!C389 -> 90 | B10: ='4_All_periods'!D389 -> -0.8674 | C10: ='4_All_periods'!E389 -> 0.4994 | D10: =B10-$B$4 -> 0.3527 | E10: =C10-$D$4 -> 0.3335 | F10: =B10*COS(RADIANS(A10))+C10*SIN(RADIANS(A10)) -> 0.4994 | G10: =IF(D10>0,"charge/import","discharge/export") -> charge/import
A11: ='4_All_periods'!C390 -> 120 | B11: ='4_All_periods'!D390 -> -1.025 | C11: ='4_All_periods'!E390 -> 0.4571 | D11: =B11-$B$4 -> 0.1951 | E11: =C11-$D$4 -> 0.2912 | F11: =B11*COS(RADIANS(A11))+C11*SIN(RADIANS(A11)) -> 0.90836021 | G11: =IF(D11>0,"charge/import","discharge/export") -> charge/import
A12: ='4_All_periods'!C391 -> 150 | B12: ='4_All_periods'!D391 -> -1.1364 | C12: ='4_All_periods'!E391 -> 0.3487 | D12: =B12-$B$4 -> 0.0837 | E12: =C12-$D$4 -> 0.1828 | F12: =B12*COS(RADIANS(A12))+C12*SIN(RADIANS(A12)) -> 1.1585013 | G12: =IF(D12>0,"charge/import","discharge/export") -> charge/import
A13: ='4_All_periods'!C392 -> 180 | B13: ='4_All_periods'!D392 -> -1.1669 | C13: ='4_All_periods'!E392 -> 0.248 | D13: =B13-$B$4 -> 0.0532 | E13: =C13-$D$4 -> 0.0821 | F13: =B13*COS(RADIANS(A13))+C13*SIN(RADIANS(A13)) -> 1.1669 | G13: =IF(D13>0,"charge/import","discharge/export") -> charge/import
A14: ='4_All_periods'!C393 -> 210 | B14: ='4_All_periods'!D393 -> -1.1232 | C14: ='4_All_periods'!E393 -> 0.1016 | D14: =B14-$B$4 -> 0.0969 | E14: =C14-$D$4 -> -0.0643 | F14: =B14*COS(RADIANS(A14))+C14*SIN(RADIANS(A14)) -> 0.92191973 | G14: =IF(D14>0,"charge/import","discharge/export") -> charge/import
A15: ='4_All_periods'!C394 -> 240 | B15: ='4_All_periods'!D394 -> -0.9214 | C15: ='4_All_periods'!E394 -> -0.1091 | D15: =B15-$B$4 -> 0.2987 | E15: =C15-$D$4 -> -0.275 | F15: =B15*COS(RADIANS(A15))+C15*SIN(RADIANS(A15)) -> 0.55518337 | G15: =IF(D15>0,"charge/import","discharge/export") -> charge/import
A16: ='4_All_periods'!C395 -> 270 | B16: ='4_All_periods'!D395 -> -0.8388 | C16: ='4_All_periods'!E395 -> -0.1355 | D16: =B16-$B$4 -> 0.3813 | E16: =C16-$D$4 -> -0.3014 | F16: =B16*COS(RADIANS(A16))+C16*SIN(RADIANS(A16)) -> 0.1355 | G16: =IF(D16>0,"charge/import","discharge/export") -> charge/import
A17: ='4_All_periods'!C396 -> 300 | B17: ='4_All_periods'!D396 -> -0.8312 | C17: ='4_All_periods'!E396 -> -0.1344 | D17: =B17-$B$4 -> 0.3889 | E17: =C17-$D$4 -> -0.3003 | F17: =B17*COS(RADIANS(A17))+C17*SIN(RADIANS(A17)) -> -0.29920619 | G17: =IF(D17>0,"charge/import","discharge/export") -> charge/import
A18: ='4_All_periods'!C397 -> 330 | B18: ='4_All_periods'!D397 -> -0.831 | C18: ='4_All_periods'!E397 -> -0.1342 | D18: =B18-$B$4 -> 0.3891 | E18: =C18-$D$4 -> -0.3001 | F18: =B18*COS(RADIANS(A18))+C18*SIN(RADIANS(A18)) -> -0.65256711 | G18: =IF(D18>0,"charge/import","discharge/export") -> charge/import
A19: (close) | B19: =B7 -> -0.8247 | C19: =C7 -> 0.1535 | D19: =D7 -> 0.3954 | E19: =E7 -> -0.0124
A21: Interpretation (all computed live):
A22: P width (MW) | C22: =MAX(B7:B18)-MIN(B7:B18) -> 0.3422
A23: import-reach (charge) | C23: =MAX(0,MAX(D7:D18)) -> 0.3954
A24: export-reach (dischg) | C24: =MAX(0,-MIN(D7:D18)) -> 0
A25: verdict | C25: =IF(AND(C23>0.02,C24>0.02),"two-sided → can charge (import) or discharge (export)",IF(C23<=0.02,"one-sided → discharge/export only (no import headroom)","one-sided → charge/import only (no export headroom)")) -> one-sided → charge/import only (no export headroom)
A26: what stops it | C26: =IF(AND(C23>0.02,C24>0.02),"both directions have headroom",IF(C23<=0.02,"blocked at 0°: Vmax there = "&TEXT('4_All_periods'!H386,"0.00000")&" pu"&IF('4_All_periods'!H386>=1.0999," → over-voltage limit is active"," → clear of the limit, so the battery bounds it"),"blocked at 180°: Vmax there = "&TEXT('4_All_periods'!H392,"0.00000")&" pu"&IF('4_All_periods'!H392>=1.0999," → over-voltage limit is active"," → clear of the limit, so the battery bounds it"))) -> blocked at 180°: Vmax there = 1.10000 pu → over-voltage limit is active
A27: Tip: change any light-blue P/Q or the pink baseline and the amber cells + both charts update automatically.

Sheet P34_16h30
A1: TR9 rolling FOR — period 34 = 16:30
A3: BASELINE B ≈ load − PV, batteries OFF — the all-idle PCC point (also carries losses). This is the UNCONTROLLABLE PV commitment; the battery deviates around it:
A4: B_P (MW) = | B4: ='4_All_periods'!I398 -> -0.8661 | C4: B_Q (MVAr) = | D4: ='4_All_periods'!J398 -> 0.1739
A6: angle_deg | B6: P_abs (MW) | C6: Q_abs (MVAr) | D6: dP = P − B_P | E6: dQ = Q − B_Q | F6: proj check | G6: battery side
A7: ='4_All_periods'!C398 -> 0 | B7: ='4_All_periods'!D398 -> -0.5049 | C7: ='4_All_periods'!E398 -> 0.1584 | D7: =B7-$B$4 -> 0.3612 | E7: =C7-$D$4 -> -0.0155 | F7: =B7*COS(RADIANS(A7))+C7*SIN(RADIANS(A7)) -> -0.5049 | G7: =IF(D7>0,"charge/import","discharge/export") -> charge/import
A8: ='4_All_periods'!C399 -> 30 | B8: ='4_All_periods'!D399 -> -0.5099 | C8: ='4_All_periods'!E399 -> 0.5014 | D8: =B8-$B$4 -> 0.3562 | E8: =C8-$D$4 -> 0.3275 | F8: =B8*COS(RADIANS(A8))+C8*SIN(RADIANS(A8)) -> -0.19088635 | G8: =IF(D8>0,"charge/import","discharge/export") -> charge/import
A9: ='4_All_periods'!C400 -> 60 | B9: ='4_All_periods'!D400 -> -0.5105 | C9: ='4_All_periods'!E400 -> 0.5017 | D9: =B9-$B$4 -> 0.3556 | E9: =C9-$D$4 -> 0.3278 | F9: =B9*COS(RADIANS(A9))+C9*SIN(RADIANS(A9)) -> 0.17923495 | G9: =IF(D9>0,"charge/import","discharge/export") -> charge/import
A10: ='4_All_periods'!C401 -> 90 | B10: ='4_All_periods'!D401 -> -0.5472 | C10: ='4_All_periods'!E401 -> 0.5047 | D10: =B10-$B$4 -> 0.3189 | E10: =C10-$D$4 -> 0.3308 | F10: =B10*COS(RADIANS(A10))+C10*SIN(RADIANS(A10)) -> 0.5047 | G10: =IF(D10>0,"charge/import","discharge/export") -> charge/import
A11: ='4_All_periods'!C402 -> 120 | B11: ='4_All_periods'!D402 -> -0.7064 | C11: ='4_All_periods'!E402 -> 0.462 | D11: =B11-$B$4 -> 0.1597 | E11: =C11-$D$4 -> 0.2881 | F11: =B11*COS(RADIANS(A11))+C11*SIN(RADIANS(A11)) -> 0.75330374 | G11: =IF(D11>0,"charge/import","discharge/export") -> charge/import
A12: ='4_All_periods'!C403 -> 150 | B12: ='4_All_periods'!D403 -> -0.8217 | C12: ='4_All_periods'!E403 -> 0.3481 | D12: =B12-$B$4 -> 0.0444 | E12: =C12-$D$4 -> 0.1742 | F12: =B12*COS(RADIANS(A12))+C12*SIN(RADIANS(A12)) -> 0.88566307 | G12: =IF(D12>0,"charge/import","discharge/export") -> charge/import
A13: ='4_All_periods'!C404 -> 180 | B13: ='4_All_periods'!D404 -> -0.8542 | C13: ='4_All_periods'!E404 -> 0.2351 | D13: =B13-$B$4 -> 0.0119 | E13: =C13-$D$4 -> 0.0612 | F13: =B13*COS(RADIANS(A13))+C13*SIN(RADIANS(A13)) -> 0.8542 | G13: =IF(D13>0,"charge/import","discharge/export") -> charge/import
A14: ='4_All_periods'!C405 -> 210 | B14: ='4_All_periods'!D405 -> -0.8116 | C14: ='4_All_periods'!E405 -> 0.0893 | D14: =B14-$B$4 -> 0.0545 | E14: =C14-$D$4 -> -0.0846 | F14: =B14*COS(RADIANS(A14))+C14*SIN(RADIANS(A14)) -> 0.65821622 | G14: =IF(D14>0,"charge/import","discharge/export") -> charge/import
A15: ='4_All_periods'!C406 -> 240 | B15: ='4_All_periods'!D406 -> -0.62 | C15: ='4_All_periods'!E406 -> -0.1129 | D15: =B15-$B$4 -> 0.2461 | E15: =C15-$D$4 -> -0.2868 | F15: =B15*COS(RADIANS(A15))+C15*SIN(RADIANS(A15)) -> 0.40777427 | G15: =IF(D15>0,"charge/import","discharge/export") -> charge/import
A16: ='4_All_periods'!C407 -> 270 | B16: ='4_All_periods'!D407 -> -0.5312 | C16: ='4_All_periods'!E407 -> -0.1404 | D16: =B16-$B$4 -> 0.3349 | E16: =C16-$D$4 -> -0.3143 | F16: =B16*COS(RADIANS(A16))+C16*SIN(RADIANS(A16)) -> 0.1404 | G16: =IF(D16>0,"charge/import","discharge/export") -> charge/import
A17: ='4_All_periods'!C408 -> 300 | B17: ='4_All_periods'!D408 -> -0.5142 | C17: ='4_All_periods'!E408 -> -0.1376 | D17: =B17-$B$4 -> 0.3519 | E17: =C17-$D$4 -> -0.3115 | F17: =B17*COS(RADIANS(A17))+C17*SIN(RADIANS(A17)) -> -0.1379349 | G17: =IF(D17>0,"charge/import","discharge/export") -> charge/import
A18: ='4_All_periods'!C409 -> 330 | B18: ='4_All_periods'!D409 -> -0.5106 | C18: ='4_All_periods'!E409 -> -0.1352 | D18: =B18-$B$4 -> 0.3555 | E18: =C18-$D$4 -> -0.3091 | F18: =B18*COS(RADIANS(A18))+C18*SIN(RADIANS(A18)) -> -0.37459257 | G18: =IF(D18>0,"charge/import","discharge/export") -> charge/import
A19: (close) | B19: =B7 -> -0.5049 | C19: =C7 -> 0.1584 | D19: =D7 -> 0.3612 | E19: =E7 -> -0.0155
A21: Interpretation (all computed live):
A22: P width (MW) | C22: =MAX(B7:B18)-MIN(B7:B18) -> 0.3493
A23: import-reach (charge) | C23: =MAX(0,MAX(D7:D18)) -> 0.3612
A24: export-reach (dischg) | C24: =MAX(0,-MIN(D7:D18)) -> 0
A25: verdict | C25: =IF(AND(C23>0.02,C24>0.02),"two-sided → can charge (import) or discharge (export)",IF(C23<=0.02,"one-sided → discharge/export only (no import headroom)","one-sided → charge/import only (no export headroom)")) -> one-sided → charge/import only (no export headroom)
A26: what stops it | C26: =IF(AND(C23>0.02,C24>0.02),"both directions have headroom",IF(C23<=0.02,"blocked at 0°: Vmax there = "&TEXT('4_All_periods'!H398,"0.00000")&" pu"&IF('4_All_periods'!H398>=1.0999," → over-voltage limit is active"," → clear of the limit, so the battery bounds it"),"blocked at 180°: Vmax there = "&TEXT('4_All_periods'!H404,"0.00000")&" pu"&IF('4_All_periods'!H404>=1.0999," → over-voltage limit is active"," → clear of the limit, so the battery bounds it"))) -> blocked at 180°: Vmax there = 1.10000 pu → over-voltage limit is active
A27: Tip: change any light-blue P/Q or the pink baseline and the amber cells + both charts update automatically.

Sheet P35_17h00
A1: TR9 rolling FOR — period 35 = 17:00
A3: BASELINE B ≈ load − PV, batteries OFF — the all-idle PCC point (also carries losses). This is the UNCONTROLLABLE PV commitment; the battery deviates around it:
A4: B_P (MW) = | B4: ='4_All_periods'!I410 -> -0.5473 | C4: B_Q (MVAr) = | D4: ='4_All_periods'!J410 -> 0.1799
A6: angle_deg | B6: P_abs (MW) | C6: Q_abs (MVAr) | D6: dP = P − B_P | E6: dQ = Q − B_Q | F6: proj check | G6: battery side
A7: ='4_All_periods'!C410 -> 0 | B7: ='4_All_periods'!D410 -> -0.0567 | C7: ='4_All_periods'!E410 -> 0.3397 | D7: =B7-$B$4 -> 0.4906 | E7: =C7-$D$4 -> 0.1598 | F7: =B7*COS(RADIANS(A7))+C7*SIN(RADIANS(A7)) -> -0.0567 | G7: =IF(D7>0,"charge/import","discharge/export") -> charge/import
A8: ='4_All_periods'!C411 -> 30 | B8: ='4_All_periods'!D411 -> -0.0586 | C8: ='4_All_periods'!E411 -> 0.5311 | D8: =B8-$B$4 -> 0.4887 | E8: =C8-$D$4 -> 0.3512 | F8: =B8*COS(RADIANS(A8))+C8*SIN(RADIANS(A8)) -> 0.21480091 | G8: =IF(D8>0,"charge/import","discharge/export") -> charge/import
A9: ='4_All_periods'!C412 -> 60 | B9: ='4_All_periods'!D412 -> -0.0594 | C9: ='4_All_periods'!E412 -> 0.5316 | D9: =B9-$B$4 -> 0.4879 | E9: =C9-$D$4 -> 0.3517 | F9: =B9*COS(RADIANS(A9))+C9*SIN(RADIANS(A9)) -> 0.4306791 | G9: =IF(D9>0,"charge/import","discharge/export") -> charge/import
A10: ='4_All_periods'!C413 -> 90 | B10: ='4_All_periods'!D413 -> -0.0971 | C10: ='4_All_periods'!E413 -> 0.5349 | D10: =B10-$B$4 -> 0.4502 | E10: =C10-$D$4 -> 0.355 | F10: =B10*COS(RADIANS(A10))+C10*SIN(RADIANS(A10)) -> 0.5349 | G10: =IF(D10>0,"charge/import","discharge/export") -> charge/import
A11: ='4_All_periods'!C414 -> 120 | B11: ='4_All_periods'!D414 -> -0.2589 | C11: ='4_All_periods'!E414 -> 0.4914 | D11: =B11-$B$4 -> 0.2884 | E11: =C11-$D$4 -> 0.3115 | F11: =B11*COS(RADIANS(A11))+C11*SIN(RADIANS(A11)) -> 0.55501488 | G11: =IF(D11>0,"charge/import","discharge/export") -> charge/import
A12: ='4_All_periods'!C415 -> 150 | B12: ='4_All_periods'!D415 -> -0.3779 | C12: ='4_All_periods'!E415 -> 0.3727 | D12: =B12-$B$4 -> 0.1694 | E12: =C12-$D$4 -> 0.1928 | F12: =B12*COS(RADIANS(A12))+C12*SIN(RADIANS(A12)) -> 0.513621 | G12: =IF(D12>0,"charge/import","discharge/export") -> charge/import
A13: ='4_All_periods'!C416 -> 180 | B13: ='4_All_periods'!D416 -> -0.4133 | C13: ='4_All_periods'!E416 -> 0.2432 | D13: =B13-$B$4 -> 0.134 | E13: =C13-$D$4 -> 0.0633 | F13: =B13*COS(RADIANS(A13))+C13*SIN(RADIANS(A13)) -> 0.4133 | G13: =IF(D13>0,"charge/import","discharge/export") -> charge/import
A14: ='4_All_periods'!C417 -> 210 | B14: ='4_All_periods'!D417 -> -0.371 | C14: ='4_All_periods'!E417 -> 0.0904 | D14: =B14-$B$4 -> 0.1763 | E14: =C14-$D$4 -> -0.0895 | F14: =B14*COS(RADIANS(A14))+C14*SIN(RADIANS(A14)) -> 0.27609542 | G14: =IF(D14>0,"charge/import","discharge/export") -> charge/import
A15: ='4_All_periods'!C418 -> 240 | B15: ='4_All_periods'!D418 -> -0.2098 | C15: ='4_All_periods'!E418 -> -0.079 | D15: =B15-$B$4 -> 0.3375 | E15: =C15-$D$4 -> -0.2589 | F15: =B15*COS(RADIANS(A15))+C15*SIN(RADIANS(A15)) -> 0.17331601 | G15: =IF(D15>0,"charge/import","discharge/export") -> charge/import
A16: ='4_All_periods'!C419 -> 270 | B16: ='4_All_periods'!D419 -> -0.0972 | C16: ='4_All_periods'!E419 -> -0.112 | D16: =B16-$B$4 -> 0.4501 | E16: =C16-$D$4 -> -0.2919 | F16: =B16*COS(RADIANS(A16))+C16*SIN(RADIANS(A16)) -> 0.112 | G16: =IF(D16>0,"charge/import","discharge/export") -> charge/import
A17: ='4_All_periods'!C420 -> 300 | B17: ='4_All_periods'!D420 -> -0.0636 | C17: ='4_All_periods'!E420 -> -0.109 | D17: =B17-$B$4 -> 0.4837 | E17: =C17-$D$4 -> -0.2889 | F17: =B17*COS(RADIANS(A17))+C17*SIN(RADIANS(A17)) -> 0.062596769 | G17: =IF(D17>0,"charge/import","discharge/export") -> charge/import
A18: ='4_All_periods'!C421 -> 330 | B18: ='4_All_periods'!D421 -> -0.0618 | C18: ='4_All_periods'!E421 -> -0.1076 | D18: =B18-$B$4 -> 0.4855 | E18: =C18-$D$4 -> -0.2875 | F18: =B18*COS(RADIANS(A18))+C18*SIN(RADIANS(A18)) -> 0.00027963005 | G18: =IF(D18>0,"charge/import","discharge/export") -> charge/import
A19: (close) | B19: =B7 -> -0.0567 | C19: =C7 -> 0.3397 | D19: =D7 -> 0.4906 | E19: =E7 -> 0.1598
A21: Interpretation (all computed live):
A22: P width (MW) | C22: =MAX(B7:B18)-MIN(B7:B18) -> 0.3566
A23: import-reach (charge) | C23: =MAX(0,MAX(D7:D18)) -> 0.4906
A24: export-reach (dischg) | C24: =MAX(0,-MIN(D7:D18)) -> 0
A25: verdict | C25: =IF(AND(C23>0.02,C24>0.02),"two-sided → can charge (import) or discharge (export)",IF(C23<=0.02,"one-sided → discharge/export only (no import headroom)","one-sided → charge/import only (no export headroom)")) -> one-sided → charge/import only (no export headroom)
A26: what stops it | C26: =IF(AND(C23>0.02,C24>0.02),"both directions have headroom",IF(C23<=0.02,"blocked at 0°: Vmax there = "&TEXT('4_All_periods'!H410,"0.00000")&" pu"&IF('4_All_periods'!H410>=1.0999," → over-voltage limit is active"," → clear of the limit, so the battery bounds it"),"blocked at 180°: Vmax there = "&TEXT('4_All_periods'!H416,"0.00000")&" pu"&IF('4_All_periods'!H416>=1.0999," → over-voltage limit is active"," → clear of the limit, so the battery bounds it"))) -> blocked at 180°: Vmax there = 1.10000 pu → over-voltage limit is active
A27: Tip: change any light-blue P/Q or the pink baseline and the amber cells + both charts update automatically.

Sheet P36_17h30
A1: TR9 rolling FOR — period 36 = 17:30
A3: BASELINE B ≈ load − PV, batteries OFF — the all-idle PCC point (also carries losses). This is the UNCONTROLLABLE PV commitment; the battery deviates around it:
A4: B_P (MW) = | B4: ='4_All_periods'!I422 -> -0.0998 | C4: B_Q (MVAr) = | D4: ='4_All_periods'!J422 -> 0.2113
A6: angle_deg | B6: P_abs (MW) | C6: Q_abs (MVAr) | D6: dP = P − B_P | E6: dQ = Q − B_Q | F6: proj check | G6: battery side
A7: ='4_All_periods'!C422 -> 0 | B7: ='4_All_periods'!D422 -> 0.1821 | C7: ='4_All_periods'!E422 -> 0.3378 | D7: =B7-$B$4 -> 0.2819 | E7: =C7-$D$4 -> 0.1265 | F7: =B7*COS(RADIANS(A7))+C7*SIN(RADIANS(A7)) -> 0.1821 | G7: =IF(D7>0,"charge/import","discharge/export") -> charge/import
A8: ='4_All_periods'!C423 -> 30 | B8: ='4_All_periods'!D423 -> 0.1815 | C8: ='4_All_periods'!E423 -> 0.5167 | D8: =B8-$B$4 -> 0.2813 | E8: =C8-$D$4 -> 0.3054 | F8: =B8*COS(RADIANS(A8))+C8*SIN(RADIANS(A8)) -> 0.41553361 | G8: =IF(D8>0,"charge/import","discharge/export") -> charge/import
